$MeshFormat
4.1 0 8
$EndMeshFormat
$PhysicalNames
7
2 109 "left"
2 110 "right"
2 111 "bottom"
2 112 "top"
2 113 "fracture"
3 114 "Rocka"
3 115 "Rockb"
$EndPhysicalNames
$Entities
64 108 54 9
1 300 0 160 0
2 383.3333333333333 0 226.6666666666667 0
3 366.6666666666667 0 173.3333333333333 0
4 450 0 240 0
5 300 1000 160 0
6 383.3333333333333 1000 226.6666666666667 0
7 366.6666666666667 1000 173.3333333333333 0
8 450 1000 240 0
9 1000 475 300 0
10 1000 537.5 350 0
11 1000 525 300 0
12 1000 587.5 350 0
13 0 225 100 0
14 0 287.5 150 0
15 0 275 100 0
16 0 337.5 150 0
17 600 600 400 0
18 650 600 400 0
19 650 650 400 0
20 600 650 400 0
21 100 100 0 0
22 150 100 0 0
23 150 150 0 0
24 100 150 0 0
25 450 400 240 0
26 366.6666666666667 316.6666666666666 173.3333333333333 0
27 450 450 240 0
28 366.6666666666667 366.6666666666666 173.3333333333333 0
29 383.3333333333333 433.3333333333333 226.6666666666667 0
30 300 350 160 0
31 383.3333333333333 383.3333333333333 226.6666666666667 0
32 300 300 160 0
33 0 0 0 0
34 100 0 0 0
35 150 0 0 0
36 1000 0 0 0
37 1000 100 0 0
38 1000 150 0 0
39 1000 1000 0 0
40 150 1000 0 0
41 100 1000 0 0
42 0 1000 0 0
43 0 150 0 0
44 0 100 0 0
45 0 0 100 0
46 1000 0 300 0
47 1000 1000 300 0
48 0 1000 100 0
49 0 0 150 0
50 1000 0 350 0
51 1000 1000 350 0
52 0 1000 150 0
53 0 0 400 0
54 600 0 400 0
55 650 0 400 0
56 1000 0 400 0
57 1000 600 400 0
58 1000 650 400 0
59 1000 1000 400 0
60 650 1000 400 0
61 600 1000 400 0
62 0 1000 400 0
63 0 650 400 0
64 0 600 400 0
1 -1.000000011686097e-07 -1e-07 -1e-07 100.0000001 1e-07 1e-07 0 2 33 -34
2 99.99999990000001 -1e-07 -1e-07 150.0000001 1e-07 1e-07 0 2 34 -35
3 149.9999999 -1e-07 -1e-07 1000.0000001 1e-07 1e-07 0 2 35 -36
4 999.9999999 -1.000000011686097e-07 -1e-07 1000.0000001 100.0000001 1e-07 0 2 36 -37
5 999.9999999 99.99999990000001 -1e-07 1000.0000001 150.0000001 1e-07 0 2 37 -38
6 999.9999999 149.9999999 -1e-07 1000.0000001 1000.0000001 1e-07 0 2 38 -39
7 149.9999999 999.9999999 -1e-07 1000.0000001 1000.0000001 1e-07 0 2 39 -40
8 99.99999990000001 999.9999999 -1e-07 150.0000001 1000.0000001 1e-07 0 2 40 -41
9 -1.000000011686097e-07 999.9999999 -1e-07 100.0000001 1000.0000001 1e-07 0 2 41 -42
10 -1e-07 149.9999999 -1e-07 1e-07 1000.0000001 1e-07 0 2 42 -43
11 -1e-07 99.99999990000001 -1e-07 1e-07 150.0000001 1e-07 0 2 43 -44
12 -1e-07 -1.000000011686097e-07 -1e-07 1e-07 100.0000001 1e-07 0 2 44 -33
13 -1e-07 -1e-07 -1.000000011686097e-07 1e-07 1e-07 100.0000001 0 2 33 -45
14 -1e-07 -1e-07 99.99999990000001 1e-07 1e-07 150.0000001 0 2 45 -49
15 -1e-07 -1e-07 149.9999999 1e-07 1e-07 400.0000001 0 2 49 -53
16 -1e-07 -1.000000224848918e-07 399.9999999 1e-07 600.0000001 400.0000001 0 2 53 -64
17 -1e-07 599.9999999 399.9999999 1e-07 650.0000001 400.0000001 0 2 64 -63
18 -1e-07 649.9999999 399.9999999 1e-07 1000.0000001 400.0000001 0 2 63 -62
19 -1.000000224848918e-07 999.9999999 399.9999999 600.0000001 1000.0000001 400.0000001 0 2 62 -61
20 599.9999999 999.9999999 399.9999999 650.0000001 1000.0000001 400.0000001 0 2 61 -60
21 649.9999999 999.9999999 399.9999999 1000.0000001 1000.0000001 400.0000001 0 2 60 -59
22 999.9999999 649.9999999 399.9999999 1000.0000001 1000.0000001 400.0000001 0 2 59 -58
23 999.9999999 599.9999999 399.9999999 1000.0000001 650.0000001 400.0000001 0 2 58 -57
24 999.9999999 -1.000000224848918e-07 399.9999999 1000.0000001 600.0000001 400.0000001 0 2 57 -56
25 649.9999999 -1e-07 399.9999999 1000.0000001 1e-07 400.0000001 0 2 56 -55
26 599.9999999 -1e-07 399.9999999 650.0000001 1e-07 400.0000001 0 2 55 -54
27 -1.000000224848918e-07 -1e-07 399.9999999 600.0000001 1e-07 400.0000001 0 2 54 -53
28 999.9999999 -1e-07 -9.999999406318238e-08 1000.0000001 1e-07 300.0000001 0 2 36 -46
29 999.9999999 -1e-07 299.9999999 1000.0000001 1e-07 350.0000001 0 2 46 -50
30 999.9999999 -1e-07 349.9999999 1000.0000001 1e-07 400.0000001 0 2 50 -56
31 999.9999999 999.9999999 -9.999999406318238e-08 1000.0000001 1000.0000001 300.0000001 0 2 39 -47
32 999.9999999 999.9999999 299.9999999 1000.0000001 1000.0000001 350.0000001 0 2 47 -51
33 999.9999999 999.9999999 349.9999999 1000.0000001 1000.0000001 400.0000001 0 2 51 -59
34 -1e-07 999.9999999 -1.000000011686097e-07 1e-07 1000.0000001 100.0000001 0 2 42 -48
35 -1e-07 999.9999999 99.99999990000001 1e-07 1000.0000001 150.0000001 0 2 48 -52
36 -1e-07 999.9999999 149.9999999 1e-07 1000.0000001 400.0000001 0 2 52 -62
37 -9.999999406318238e-08 -1e-07 99.99999990000001 300.0000001 1e-07 160.0000001 0 2 45 -1
38 99.99999990000001 -1e-07 -9.999999406318238e-08 300.0000001 1e-07 160.0000001 0 2 1 -34
39 149.9999999 -1e-07 -9.999999406318238e-08 366.6666667666667 1e-07 173.3333334333333 0 2 35 -3
40 366.6666665666667 -1e-07 173.3333332333333 1000.0000001 1e-07 300.0000001 0 2 3 -46
41 -9.999999406318238e-08 -1e-07 149.9999999 383.3333334333333 1e-07 226.6666667666667 0 2 49 -2
42 383.3333332333333 -1e-07 226.6666665666667 600.0000001 1e-07 400.0000001 0 2 2 -54
43 449.9999999 -1e-07 239.9999999 650.0000001 1e-07 400.0000001 0 2 55 -4
44 449.9999999 -1e-07 239.9999999 1000.0000001 1e-07 350.0000001 0 2 4 -50
45 999.9999999 -9.999999406318238e-08 299.9999999 1000.0000001 475.0000001 300.0000001 0 2 46 -9
46 999.9999999 99.99999990000001 -9.999999406318238e-08 1000.0000001 475.0000001 300.0000001 0 2 9 -37
47 999.9999999 149.9999999 -9.999999406318238e-08 1000.0000001 525.0000001 300.0000001 0 2 38 -11
48 999.9999999 524.9999999 299.9999999 1000.0000001 1000.0000001 300.0000001 0 2 11 -47
49 999.9999999 -1.000000224848918e-07 349.9999999 1000.0000001 537.5000001 350.0000001 0 2 50 -10
50 999.9999999 537.4999999 349.9999999 1000.0000001 600.0000001 400.0000001 0 2 10 -57
51 999.9999999 587.4999999 349.9999999 1000.0000001 650.0000001 400.0000001 0 2 58 -12
52 999.9999999 587.4999999 349.9999999 1000.0000001 1000.0000001 350.0000001 0 2 12 -51
53 449.9999999 999.9999999 239.9999999 1000.0000001 1000.0000001 350.0000001 0 2 51 -8
54 449.9999999 999.9999999 239.9999999 650.0000001 1000.0000001 400.0000001 0 2 8 -60
55 383.3333332333333 999.9999999 226.6666665666667 600.0000001 1000.0000001 400.0000001 0 2 61 -6
56 -9.999999406318238e-08 999.9999999 149.9999999 383.3333334333333 1000.0000001 226.6666667666667 0 2 6 -52
57 149.9999999 999.9999999 -9.999999406318238e-08 366.6666667666667 1000.0000001 173.3333334333333 0 2 40 -7
58 366.6666665666667 999.9999999 173.3333332333333 1000.0000001 1000.0000001 300.0000001 0 2 7 -47
59 99.99999990000001 999.9999999 -9.999999406318238e-08 300.0000001 1000.0000001 160.0000001 0 2 41 -5
60 -9.999999406318238e-08 999.9999999 99.99999990000001 300.0000001 1000.0000001 160.0000001 0 2 5 -48
61 -1e-07 274.9999999 99.99999990000001 1e-07 1000.0000001 100.0000001 0 2 48 -15
62 -1e-07 149.9999999 -1.000000011686097e-07 1e-07 275.0000001 100.0000001 0 2 15 -43
63 -1e-07 99.99999990000001 -1.000000011686097e-07 1e-07 225.0000001 100.0000001 0 2 44 -13
64 -1e-07 -9.999999406318238e-08 99.99999990000001 1e-07 225.0000001 100.0000001 0 2 13 -45
65 -1e-07 337.4999999 149.9999999 1e-07 1000.0000001 150.0000001 0 2 52 -16
66 -1e-07 337.4999999 149.9999999 1e-07 650.0000001 400.0000001 0 2 16 -63
67 -1e-07 287.4999999 149.9999999 1e-07 600.0000001 400.0000001 0 2 64 -14
68 -1e-07 -9.999999406318238e-08 149.9999999 1e-07 287.5000001 150.0000001 0 2 14 -49
69 599.9999999 -1.000000224848918e-07 399.9999999 600.0000001 600.0000001 400.0000001 0 2 54 -17
70 -1.000000224848918e-07 599.9999999 399.9999999 600.0000001 600.0000001 400.0000001 0 2 17 -64
71 -1.000000224848918e-07 649.9999999 399.9999999 600.0000001 650.0000001 400.0000001 0 2 63 -20
72 599.9999999 649.9999999 399.9999999 600.0000001 1000.0000001 400.0000001 0 2 20 -61
73 649.9999999 649.9999999 399.9999999 650.0000001 1000.0000001 400.0000001 0 2 60 -19
74 649.9999999 649.9999999 399.9999999 1000.0000001 650.0000001 400.0000001 0 2 19 -58
75 649.9999999 599.9999999 399.9999999 1000.0000001 600.0000001 400.0000001 0 2 57 -18
76 649.9999999 -1.000000224848918e-07 399.9999999 650.0000001 600.0000001 400.0000001 0 2 18 -55
77 383.3333332333333 383.3333332333333 226.6666665666667 600.0000001 600.0000001 400.0000001 0 2 31 -17
78 383.3333332333333 -9.999999406318238e-08 226.6666665666667 383.3333334333333 383.3333334333333 226.6666667666667 0 2 31 -2
79 -9.999999406318238e-08 287.4999999 149.9999999 383.3333334333333 383.3333334333333 226.6666667666667 0 2 31 -14
80 449.9999999 399.9999999 239.9999999 650.0000001 600.0000001 400.0000001 0 2 25 -18
81 449.9999999 -9.999999406318238e-08 239.9999999 450.0000001 400.0000001 240.0000001 0 2 25 -4
82 449.9999999 399.9999999 239.9999999 1000.0000001 537.5000001 350.0000001 0 2 25 -10
83 449.9999999 449.9999999 239.9999999 650.0000001 650.0000001 400.0000001 0 2 27 -19
84 449.9999999 449.9999999 239.9999999 1000.0000001 587.5000001 350.0000001 0 2 27 -12
85 449.9999999 449.9999999 239.9999999 450.0000001 1000.0000001 240.0000001 0 2 27 -8
86 383.3333332333333 433.3333332333333 226.6666665666667 600.0000001 650.0000001 400.0000001 0 2 29 -20
87 383.3333332333333 433.3333332333333 226.6666665666667 383.3333334333333 1000.0000001 226.6666667666667 0 2 29 -6
88 -9.999999406318238e-08 337.4999999 149.9999999 383.3333334333333 433.3333334333333 226.6666667666667 0 2 29 -16
89 -9.999999406318238e-08 224.9999999 99.99999990000001 300.0000001 300.0000001 160.0000001 0 2 32 -13
90 299.9999999 -9.999999406318238e-08 159.9999999 300.0000001 300.0000001 160.0000001 0 2 32 -1
91 99.99999990000001 99.99999990000001 -9.999999406318238e-08 300.0000001 300.0000001 160.0000001 0 2 32 -21
92 366.6666665666667 316.6666665666666 173.3333332333333 1000.0000001 475.0000001 300.0000001 0 2 26 -9
93 366.6666665666667 -9.999999406318238e-08 173.3333332333333 366.6666667666667 316.6666667666667 173.3333334333333 0 2 26 -3
94 149.9999999 99.99999990000001 -9.999999406318238e-08 366.6666667666667 316.6666667666667 173.3333334333333 0 2 26 -22
95 366.6666665666667 366.6666665666666 173.3333332333333 1000.0000001 525.0000001 300.0000001 0 2 28 -11
96 366.6666665666667 366.6666665666666 173.3333332333333 366.6666667666667 1000.0000001 173.3333334333333 0 2 28 -7
97 149.9999999 149.9999999 -9.999999406318238e-08 366.6666667666667 366.6666667666667 173.3333334333333 0 2 28 -23
98 299.9999999 349.9999999 159.9999999 300.0000001 1000.0000001 160.0000001 0 2 30 -5
99 -9.999999406318238e-08 274.9999999 99.99999990000001 300.0000001 350.0000001 160.0000001 0 2 30 -15
100 99.99999990000001 149.9999999 -9.999999406318238e-08 300.0000001 350.0000001 160.0000001 0 2 30 -24
101 149.9999999 99.99999990000001 -1e-07 1000.0000001 100.0000001 1e-07 0 2 37 -22
102 149.9999999 -1.000000011686097e-07 -1e-07 150.0000001 100.0000001 1e-07 0 2 22 -35
103 99.99999990000001 -1.000000011686097e-07 -1e-07 100.0000001 100.0000001 1e-07 0 2 34 -21
104 -1.000000011686097e-07 99.99999990000001 -1e-07 100.0000001 100.0000001 1e-07 0 2 21 -44
105 -1.000000011686097e-07 149.9999999 -1e-07 100.0000001 150.0000001 1e-07 0 2 43 -24
106 99.99999990000001 149.9999999 -1e-07 100.0000001 1000.0000001 1e-07 0 2 24 -41
107 149.9999999 149.9999999 -1e-07 150.0000001 1000.0000001 1e-07 0 2 40 -23
108 149.9999999 149.9999999 -1e-07 1000.0000001 150.0000001 1e-07 0 2 23 -38
1 -9.999999406318238e-08 -1e-07 -9.999999406318238e-08 300.0000001 1e-07 160.0000001 0 4 1 -38 -37 -13
2 149.9999999 -1e-07 -9.999999406318238e-08 1000.0000001 1e-07 300.0000001 0 4 3 28 -40 -39
3 -1.000000224848918e-07 -1e-07 149.9999999 600.0000001 1e-07 400.0000001 0 4 15 -27 -42 -41
4 449.9999999 -1e-07 239.9999999 1000.0000001 1e-07 400.0000001 0 4 43 44 30 25
5 -1.000000224848918e-07 -1e-07 -9.999999406318238e-08 1000.0000001 1e-07 400.0000001 0 12 2 39 40 29 -44 -43 26 -42 -41 -14 37 38
6 999.9999999 -9.999999406318238e-08 -9.999999406318238e-08 1000.0000001 475.0000001 300.0000001 1 110 4 4 -46 -45 -28
7 999.9999999 149.9999999 -9.999999406318238e-08 1000.0000001 1000.0000001 300.0000001 1 110 4 6 31 -48 -47
8 999.9999999 587.4999999 349.9999999 1000.0000001 1000.0000001 400.0000001 1 110 4 52 33 22 51
9 999.9999999 -1.000000224848918e-07 349.9999999 1000.0000001 600.0000001 400.0000001 1 110 4 49 50 24 -30
10 999.9999999 -1.000000224848918e-07 -9.999999406318238e-08 1000.0000001 1000.0000001 400.0000001 1 110 12 5 47 48 32 -52 -51 23 -50 -49 -29 45 46
11 149.9999999 999.9999999 -9.999999406318238e-08 1000.0000001 1000.0000001 300.0000001 0 4 7 57 58 -31
12 -9.999999406318238e-08 999.9999999 -9.999999406318238e-08 300.0000001 1000.0000001 160.0000001 0 4 9 34 -60 -59
13 -1.000000224848918e-07 999.9999999 149.9999999 600.0000001 1000.0000001 400.0000001 0 4 56 36 19 55
14 449.9999999 999.9999999 239.9999999 1000.0000001 1000.0000001 400.0000001 0 4 53 54 21 -33
15 -1.000000224848918e-07 999.9999999 -9.999999406318238e-08 1000.0000001 1000.0000001 400.0000001 0 12 8 59 60 35 -56 -55 20 -54 -53 -32 -58 -57
16 -1e-07 149.9999999 -1.000000011686097e-07 1e-07 1000.0000001 100.0000001 1 109 4 10 -62 -61 -34
17 -1e-07 -9.999999406318238e-08 -1.000000011686097e-07 1e-07 225.0000001 100.0000001 1 109 4 12 13 -64 -63
18 -1e-07 -1.000000224848918e-07 149.9999999 1e-07 600.0000001 400.0000001 1 109 4 68 15 16 67
19 -1e-07 337.4999999 149.9999999 1e-07 1000.0000001 400.0000001 1 109 4 65 66 18 -36
20 -1e-07 -1.000000224848918e-07 -9.999999406318238e-08 1e-07 1000.0000001 400.0000001 1 109 12 11 63 64 14 -68 -67 17 -66 -65 -35 61 62
21 -1.000000224848918e-07 -1.000000224848918e-07 399.9999999 600.0000001 600.0000001 400.0000001 1 112 4 27 16 -70 -69
22 649.9999999 -1.000000224848918e-07 399.9999999 1000.0000001 600.0000001 400.0000001 1 112 4 25 -76 -75 24
23 649.9999999 649.9999999 399.9999999 1000.0000001 1000.0000001 400.0000001 1 112 4 22 -74 -73 21
24 -1.000000224848918e-07 649.9999999 399.9999999 600.0000001 1000.0000001 400.0000001 1 112 4 19 -72 -71 18
25 -1.000000224848918e-07 -1.000000224848918e-07 399.9999999 1000.0000001 1000.0000001 400.0000001 1 112 12 26 69 70 17 71 72 20 73 74 23 75 76
26 -1.000000224848918e-07 287.4999999 149.9999999 600.0000001 600.0000001 400.0000001 1 113 4 70 67 -79 77
27 449.9999999 399.9999999 239.9999999 1000.0000001 600.0000001 400.0000001 1 113 4 82 50 75 -80
28 449.9999999 449.9999999 239.9999999 1000.0000001 650.0000001 400.0000001 1 113 4 51 -84 83 74
29 -1.000000224848918e-07 337.4999999 149.9999999 600.0000001 650.0000001 400.0000001 1 113 4 86 -71 -66 -88
30 449.9999999 449.9999999 239.9999999 650.0000001 1000.0000001 400.0000001 1 113 4 54 73 -83 85
31 383.3333332333333 433.3333332333333 226.6666665666667 600.0000001 1000.0000001 400.0000001 1 113 4 72 55 -87 86
32 383.3333332333333 -1.000000224848918e-07 226.6666665666667 600.0000001 600.0000001 400.0000001 1 113 4 77 -69 -42 -78
33 449.9999999 -1.000000224848918e-07 239.9999999 650.0000001 600.0000001 400.0000001 1 113 4 76 43 -81 80
34 -9.999999406318238e-08 337.4999999 149.9999999 383.3333334333333 1000.0000001 226.6666667666667 1 113 4 56 65 -88 87
35 -9.999999406318238e-08 -9.999999406318238e-08 149.9999999 383.3333334333333 383.3333334333333 226.6666667666667 1 113 4 68 41 -78 79
36 449.9999999 -1.000000224848918e-07 239.9999999 1000.0000001 537.5000001 350.0000001 1 113 4 44 49 -82 81
37 449.9999999 449.9999999 239.9999999 1000.0000001 1000.0000001 350.0000001 1 113 4 52 53 -85 84
38 -9.999999406318238e-08 -9.999999406318238e-08 99.99999990000001 300.0000001 300.0000001 160.0000001 1 113 4 37 -90 89 64
39 366.6666665666667 -9.999999406318238e-08 173.3333332333333 1000.0000001 475.0000001 300.0000001 1 113 4 40 45 -92 93
40 366.6666665666667 366.6666665666666 173.3333332333333 1000.0000001 1000.0000001 300.0000001 1 113 4 48 -58 -96 95
41 -9.999999406318238e-08 274.9999999 99.99999990000001 300.0000001 1000.0000001 160.0000001 1 113 4 60 61 -99 98
42 99.99999990000001 -9.999999406318238e-08 -9.999999406318238e-08 300.0000001 300.0000001 160.0000001 1 113 4 90 38 103 -91
43 149.9999999 -9.999999406318238e-08 -9.999999406318238e-08 366.6666667666667 316.6666667666667 173.3333334333333 1 113 4 39 -93 94 102
44 149.9999999 99.99999990000001 -9.999999406318238e-08 1000.0000001 475.0000001 300.0000001 1 113 4 101 -94 92 46
45 149.9999999 149.9999999 -9.999999406318238e-08 1000.0000001 525.0000001 300.0000001 1 113 4 108 47 -95 97
46 149.9999999 149.9999999 -9.999999406318238e-08 366.6666667666667 1000.0000001 173.3333334333333 1 113 4 57 -96 97 -107
47 99.99999990000001 149.9999999 -9.999999406318238e-08 300.0000001 1000.0000001 160.0000001 1 113 4 106 59 -98 100
48 -9.999999406318238e-08 149.9999999 -9.999999406318238e-08 300.0000001 350.0000001 160.0000001 1 113 4 105 -100 99 62
49 -9.999999406318238e-08 99.99999990000001 -9.999999406318238e-08 300.0000001 300.0000001 160.0000001 1 113 4 91 104 63 -89
50 -1.000000011686097e-07 -1.000000011686097e-07 -1e-07 100.0000001 100.0000001 1e-07 1 111 4 1 103 104 12
51 149.9999999 -1.000000011686097e-07 -1e-07 1000.0000001 100.0000001 1e-07 1 111 4 3 4 101 102
52 149.9999999 149.9999999 -1e-07 1000.0000001 1000.0000001 1e-07 1 111 4 6 7 107 108
53 -1.000000011686097e-07 149.9999999 -1e-07 100.0000001 1000.0000001 1e-07 1 111 4 9 10 105 106
54 -1.000000224848918e-07 -1.000000224848918e-07 -1e-07 1000.0000001 1000.0000001 1e-07 1 111 12 2 -102 -101 5 -108 -107 8 -106 -105 11 -104 -103
1 -9.999999406318238e-08 -9.999999406318238e-08 -9.999999406318238e-08 300.0000001 300.0000001 160.0000001 1 114 6 -50 1 17 38 42 49
2 149.9999999 -9.999999406318238e-08 -9.999999406318238e-08 1000.0000001 475.0000001 300.0000001 1 114 6 -51 2 6 39 44 43
3 149.9999999 149.9999999 -9.999999406318238e-08 1000.0000001 1000.0000001 300.0000001 1 114 6 -52 7 11 40 -46 45
4 -9.999999406318238e-08 149.9999999 -9.999999406318238e-08 300.0000001 1000.0000001 160.0000001 1 114 6 -53 12 16 41 48 47
5 -1.000000224848918e-07 -1.000000224848918e-07 149.9999999 600.0000001 600.0000001 400.0000001 1 114 6 -26 -35 32 -21 -3 18
6 449.9999999 -1.000000224848918e-07 239.9999999 1000.0000001 600.0000001 400.0000001 1 114 6 -22 4 9 -36 -27 -33
7 449.9999999 449.9999999 239.9999999 1000.0000001 1000.0000001 400.0000001 1 114 6 -23 8 14 -37 -30 -28
8 -1.000000224848918e-07 337.4999999 149.9999999 600.0000001 1000.0000001 400.0000001 1 114 6 -24 13 19 -34 29 -31
9 -1.000000224848918e-07 -1.000000224848918e-07 -9.999999406318238e-08 1000.0000001 1000.0000001 400.0000001 1 115 30 5 -54 10 15 20 -25 30 28 37 31 34 -29 -41 -48 -47 -38 -42 -49 -39 -44 -43 -40 46 -45 26 35 -32 33 36 27
$EndEntities
$Nodes
221 4591 1 4591
0 1 0 1
1
300 0 160
0 2 0 1
2
383.3333333333333 0 226.6666666666667
0 3 0 1
3
366.6666666666667 0 173.3333333333333
0 4 0 1
4
450 0 240
0 5 0 1
5
300 1000 160
0 6 0 1
6
383.3333333333333 1000 226.6666666666667
0 7 0 1
7
366.6666666666667 1000 173.3333333333333
0 8 0 1
8
450 1000 240
0 9 0 1
9
1000 475 300
0 10 0 1
10
1000 537.5 350
0 11 0 1
11
1000 525 300
0 12 0 1
12
1000 587.5 350
0 13 0 1
13
0 225 100
0 14 0 1
14
0 287.5 150
0 15 0 1
15
0 275 100
0 16 0 1
16
0 337.5 150
0 17 0 1
17
600 600 400
0 18 0 1
18
650 600 400
0 19 0 1
19
650 650 400
0 20 0 1
20
600 650 400
0 21 0 1
21
100 100 0
0 22 0 1
22
150 100 0
0 23 0 1
23
150 150 0
0 24 0 1
24
100 150 0
0 25 0 1
25
450 400 240
0 26 0 1
26
366.6666666666667 316.6666666666666 173.3333333333333
0 27 0 1
27
450 450 240
0 28 0 1
28
366.6666666666667 366.6666666666666 173.3333333333333
0 29 0 1
29
383.3333333333333 433.3333333333333 226.6666666666667
0 30 0 1
30
300 350 160
0 31 0 1
31
383.3333333333333 383.3333333333333 226.6666666666667
0 32 0 1
32
300 300 160
0 33 0 1
33
0 0 0
0 34 0 1
34
100 0 0
0 35 0 1
35
150 0 0
0 36 0 1
36
1000 0 0
0 37 0 1
37
1000 100 0
0 38 0 1
38
1000 150 0
0 39 0 1
39
1000 1000 0
0 40 0 1
40
150 1000 0
0 41 0 1
41
100 1000 0
0 42 0 1
42
0 1000 0
0 43 0 1
43
0 150 0
0 44 0 1
44
0 100 0
0 45 0 1
45
0 0 100
0 46 0 1
46
1000 0 300
0 47 0 1
47
1000 1000 300
0 48 0 1
48
0 1000 100
0 49 0 1
49
0 0 150
0 50 0 1
50
1000 0 350
0 51 0 1
51
1000 1000 350
0 52 0 1
52
0 1000 150
0 53 0 1
53
0 0 400
0 54 0 1
54
600 0 400
0 55 0 1
55
650 0 400
0 56 0 1
56
1000 0 400
0 57 0 1
57
1000 600 400
0 58 0 1
58
1000 650 400
0 59 0 1
59
1000 1000 400
0 60 0 1
60
650 1000 400
0 61 0 1
61
600 1000 400
0 62 0 1
62
0 1000 400
0 63 0 1
63
0 650 400
0 64 0 1
64
0 600 400
1 1 0 1
65
50 0 0
1 3 0 16
66
67
68
69
70
71
72
73
74
75
76
77
78
79
80
81
200 0 0
250 0 0
300 0 0
350 0 0
400 0 0
450 0 0
500 0 0
550 0 0
600 0 0
650 0 0
700 0 0
750 0 0
800 0 0
850 0 0
900 0 0
950 0 0
1 4 0 1
82
1000 50 0
1 6 0 16
83
84
85
86
87
88
89
90
91
92
93
94
95
96
97
98
1000 200 0
1000 250 0
1000 300 0
1000 350 0
1000 400 0
1000 450 0
1000 500 0
1000 550 0
1000 600 0
1000 650 0
1000 700 0
1000 750 0
1000 800 0
1000 850 0
1000 900 0
1000 950 0
1 7 0 16
99
100
101
102
103
104
105
106
107
108
109
110
111
112
113
114
950 1000 0
900 1000 0
850 1000 0
800 1000 0
750 1000 0
700 1000 0
650 1000 0
600 1000 0
550 1000 0
500 1000 0
450 1000 0
400 1000 0
350 1000 0
300 1000 0
250 1000 0
200 1000 0
1 9 0 1
115
50 1000 0
1 10 0 16
116
117
118
119
120
121
122
123
124
125
126
127
128
129
130
131
0 950 0
0 900 0
0 850 0
0 800 0
0 750 0
0 700 0
0 650 0
0 600 0
0 550 0
0 500 0
0 450 0
0 400 0
0 350 0
0 300 0
0 250 0
0 200 0
1 12 0 1
132
0 50 0
1 13 0 1
133
0 0 50
1 15 0 4
134
135
136
137
0 0 200
0 0 250
0 0 300
0 0 350
1 16 0 11
138
139
140
141
142
143
144
145
146
147
148
0 50 400
0 100 400
0 150 400
0 200 400
0 250 400
0 300 400
0 350 400
0 400 400
0 450 400
0 500 400
0 550 400
1 18 0 6
149
150
151
152
153
154
0 700 400
0 750 400
0 800 400
0 850 400
0 900 400
0 950 400
1 19 0 11
155
156
157
158
159
160
161
162
163
164
165
50 1000 400
100 1000 400
150 1000 400
200 1000 400
250 1000 400
300 1000 400
350 1000 400
400 1000 400
450 1000 400
500 1000 400
550 1000 400
1 21 0 6
166
167
168
169
170
171
700 1000 400
750 1000 400
800 1000 400
850 1000 400
900 1000 400
950 1000 400
1 22 0 6
172
173
174
175
176
177
1000 950 400
1000 900 400
1000 850 400
1000 800 400
1000 750 400
1000 700 400
1 24 0 11
178
179
180
181
182
183
184
185
186
187
188
1000 550 400
1000 500 400
1000 450 400
1000 400 400
1000 350 400
1000 300 400
1000 250 400
1000 200 400
1000 150 400
1000 100 400
1000 50 400
1 25 0 6
189
190
191
192
193
194
950 0 400
900 0 400
850 0 400
800 0 400
750 0 400
700 0 400
1 27 0 11
195
196
197
198
199
200
201
202
203
204
205
550 0 400
500 0 400
450 0 400
400 0 400
350 0 400
300 0 400
250 0 400
200 0 400
150 0 400
100 0 400
50 0 400
1 28 0 5
206
207
208
209
210
1000 0 50
1000 0 100
1000 0 150
1000 0 200
1000 0 250
1 31 0 5
211
212
213
214
215
1000 1000 50
1000 1000 100
1000 1000 150
1000 1000 200
1000 1000 250
1 34 0 1
216
0 1000 50
1 36 0 4
217
218
219
220
0 1000 200
0 1000 250
0 1000 300
0 1000 350
1 37 0 6
221
222
223
224
225
226
42.85714285714278 0 108.5714285714286
85.71428571428555 0 117.1428571428571
128.5714285714284 0 125.7142857142857
171.4285714285713 0 134.2857142857143
214.2857142857142 0 142.8571428571428
257.142857142857 0 151.4285714285714
1 38 0 5
227
228
229
230
231
266.6666666666666 0 133.3333333333333
233.3333333333333 0 106.6666666666666
199.9999999999998 0 79.99999999999984
166.6666666666664 0 53.33333333333314
133.3333333333332 0 26.66666666666654
1 39 0 5
232
233
234
235
236
186.1111111111111 0 28.88888888888886
222.2222222222221 0 57.77777777777766
258.3333333333332 0 86.66666666666656
294.4444444444443 0 115.5555555555555
330.5555555555555 0 144.4444444444444
1 40 0 12
237
238
239
240
241
242
243
244
245
246
247
248
415.3846153846154 0 183.0769230769231
464.1025641025641 0 192.8205128205128
512.8205128205128 0 202.5641025641026
561.5384615384614 0 212.3076923076923
610.2564102564102 0 222.051282051282
658.9743589743589 0 231.7948717948718
707.6923076923075 0 241.5384615384615
756.4102564102561 0 251.2820512820512
805.1282051282051 0 261.025641025641
853.8461538461538 0 270.7692307692308
902.5641025641025 0 280.5128205128206
951.2820512820513 0 290.2564102564103
1 41 0 7
249
250
251
252
253
254
255
47.91666666666671 0 159.5833333333333
95.83333333333341 0 169.1666666666667
143.7500000000001 0 178.75
191.6666666666666 0 188.3333333333333
239.5833333333335 0 197.9166666666667
287.5000000000001 0 207.5
335.4166666666667 0 217.0833333333333
1 42 0 5
256
257
258
259
260
419.4444444444444 0 255.5555555555555
455.5555555555554 0 284.4444444444443
491.6666666666665 0 313.3333333333332
527.7777777777777 0 342.2222222222222
563.8888888888888 0 371.1111111111111
1 43 0 5
261
262
263
264
265
616.6666666666666 0 373.3333333333333
583.3333333333333 0 346.6666666666666
549.9999999999998 0 319.9999999999998
516.6666666666664 0 293.3333333333331
483.3333333333331 0 266.6666666666665
1 44 0 11
266
267
268
269
270
271
272
273
274
275
276
495.8333333333334 0 249.1666666666667
541.6666666666667 0 258.3333333333334
587.5000000000001 0 267.5
633.3333333333336 0 276.6666666666667
679.166666666667 0 285.8333333333334
725.0000000000003 0 295.0000000000001
770.8333333333337 0 304.1666666666667
816.6666666666672 0 313.3333333333334
862.5000000000005 0 322.5000000000001
908.3333333333335 0 331.6666666666667
954.1666666666665 0 340.8333333333333
1 45 0 9
277
278
279
280
281
282
283
284
285
1000 47.5 300
1000 95 300
1000 142.5 300
1000 190 300
1000 237.5 300
1000 284.9999999999999 300
1000 332.5 300
1000 380 300
1000 427.4999999999999 300
1 46 0 9
286
287
288
289
290
291
292
293
294
1000 437.5 270
1000 400.0000000000001 240
1000 362.5000000000001 210.0000000000001
1000 325.0000000000001 180.0000000000001
1000 287.5000000000002 150.0000000000001
1000 250.0000000000001 120.0000000000001
1000 212.4999999999999 89.99999999999997
1000 174.9999999999998 59.99999999999986
1000 137.4999999999998 29.99999999999983
1 47 0 9
295
296
297
298
299
300
301
302
303
1000 187.5 29.99999999999998
1000 224.9999999999999 59.99999999999996
1000 262.4999999999999 89.99999999999993
1000 299.9999999999999 119.9999999999999
1000 337.4999999999998 149.9999999999999
1000 374.9999999999999 179.9999999999999
1000 412.5000000000001 210
1000 450.0000000000002 240.0000000000001
1000 487.5000000000002 270.0000000000002
1 48 0 9
304
305
306
307
308
309
310
311
312
1000 572.5 300
1000 620 300
1000 667.5 300
1000 715 300
1000 762.5 300
1000 810 300
1000 857.5 300
1000 905 300
1000 952.5 300
1 49 0 10
313
314
315
316
317
318
319
320
321
322
1000 48.86363636363637 350
1000 97.72727272727273 350
1000 146.5909090909091 350
1000 195.4545454545455 350
1000 244.3181818181818 350
1000 293.1818181818182 350
1000 342.0454545454546 350
1000 390.9090909090909 350
1000 439.7727272727273 350
1000 488.6363636363637 350
1 50 0 1
323
1000 568.75 375
1 51 0 1
324
1000 618.75 375
1 52 0 8
325
326
327
328
329
330
331
332
1000 633.3333333333334 350
1000 679.1666666666666 350
1000 725 350
1000 770.8333333333333 350
1000 816.6666666666666 350
1000 862.5 350
1000 908.3333333333333 350
1000 954.1666666666666 350
1 53 0 11
333
334
335
336
337
338
339
340
341
342
343
954.1666666666666 1000 340.8333333333333
908.3333333333333 1000 331.6666666666666
862.4999999999999 1000 322.5
816.6666666666664 1000 313.3333333333333
770.833333333333 1000 304.1666666666666
724.9999999999997 1000 294.9999999999999
679.1666666666663 1000 285.8333333333333
633.3333333333328 1000 276.6666666666666
587.4999999999995 1000 267.4999999999999
541.6666666666665 1000 258.3333333333333
495.8333333333334 1000 249.1666666666667
1 54 0 5
344
345
346
347
348
483.3333333333334 1000 266.6666666666667
516.6666666666667 1000 293.3333333333334
550.0000000000002 1000 320.0000000000002
583.3333333333336 1000 346.6666666666669
616.6666666666669 1000 373.3333333333335
1 55 0 5
349
350
351
352
353
563.8888888888889 1000 371.1111111111111
527.7777777777779 1000 342.2222222222223
491.6666666666668 1000 313.3333333333334
455.5555555555557 1000 284.4444444444445
419.4444444444445 1000 255.5555555555556
1 56 0 7
354
355
356
357
358
359
360
335.4166666666666 1000 217.0833333333333
287.4999999999999 1000 207.5
239.5833333333333 1000 197.9166666666667
191.6666666666667 1000 188.3333333333333
143.7499999999998 1000 178.75
95.8333333333332 1000 169.1666666666666
47.91666666666657 1000 159.5833333333333
1 57 0 5
361
362
363
364
365
186.1111111111111 1000 28.88888888888886
222.2222222222221 1000 57.77777777777766
258.3333333333332 1000 86.66666666666656
294.4444444444443 1000 115.5555555555555
330.5555555555555 1000 144.4444444444444
1 58 0 12
366
367
368
369
370
371
372
373
374
375
376
377
415.3846153846154 1000 183.0769230769231
464.1025641025641 1000 192.8205128205128
512.8205128205128 1000 202.5641025641026
561.5384615384614 1000 212.3076923076923
610.2564102564102 1000 222.051282051282
658.9743589743589 1000 231.7948717948718
707.6923076923075 1000 241.5384615384615
756.4102564102561 1000 251.2820512820512
805.1282051282051 1000 261.025641025641
853.8461538461538 1000 270.7692307692308
902.5641025641025 1000 280.5128205128206
951.2820512820513 1000 290.2564102564103
1 59 0 5
378
379
380
381
382
133.3333333333334 1000 26.6666666666667
166.6666666666667 1000 53.33333333333339
200.0000000000002 1000 80.00000000000016
233.3333333333336 1000 106.6666666666669
266.6666666666669 1000 133.3333333333335
1 60 0 6
383
384
385
386
387
388
257.1428571428572 1000 151.4285714285714
214.2857142857144 1000 142.8571428571429
171.4285714285716 1000 134.2857142857143
128.5714285714287 1000 125.7142857142857
85.71428571428581 1000 117.1428571428572
42.857142857143 1000 108.5714285714286
1 61 0 14
389
390
391
392
393
394
395
396
397
398
399
400
401
402
0 951.6666666666666 100
0 903.3333333333334 100
0 855 100
0 806.6666666666666 100
0 758.3333333333334 100
0 710 100
0 661.6666666666667 100
0 613.3333333333333 100
0 565 100
0 516.6666666666667 100
0 468.3333333333334 100
0 420 100
0 371.6666666666666 100
0 323.3333333333334 100
1 62 0 3
403
404
405
0 243.75 75.00000000000003
0 212.5000000000001 50.00000000000004
0 181.25 25.00000000000003
1 63 0 3
406
407
408
0 131.25 24.99999999999998
0 162.4999999999999 49.99999999999996
0 193.75 74.99999999999997
1 64 0 4
409
410
411
412
0 180 100
0 135 100
0 90 100
0 45 100
1 65 0 13
413
414
415
416
417
418
419
420
421
422
423
424
425
0 952.6785714285714 150
0 905.3571428571429 150
0 858.0357142857142 150
0 810.7142857142858 150
0 763.3928571428571 150
0 716.0714285714286 150
0 668.75 150
0 621.4285714285714 150
0 574.1071428571429 150
0 526.7857142857143 150
0 479.4642857142858 150
0 432.1428571428571 150
0 384.8214285714286 150
1 66 0 7
426
427
428
429
430
431
432
0 376.5624999999999 181.2499999999999
0 415.6249999999998 212.4999999999998
0 454.6874999999997 243.7499999999997
0 493.7499999999995 274.9999999999996
0 532.8124999999997 306.2499999999997
0 571.8749999999998 337.4999999999998
0 610.9374999999999 368.7499999999999
1 67 0 7
433
434
435
436
437
438
439
0 560.9375000000001 368.7500000000001
0 521.8750000000002 337.5000000000002
0 482.8125000000003 306.2500000000003
0 443.7500000000005 275.0000000000004
0 404.6875000000003 243.7500000000003
0 365.6250000000002 212.5000000000002
0 326.5625000000001 181.2500000000001
1 68 0 5
440
441
442
443
444
0 239.5833333333333 150
0 191.6666666666667 150
0 143.75 150
0 95.83333333333331 150
0 47.91666666666666 150
1 69 0 11
445
446
447
448
449
450
451
452
453
454
455
600 50 400
600 100 400
600 150 400
600 200 400
600 250 400
600 300 400
600 350 400
600 400 400
600 450 400
600 500 400
600 550 400
1 70 0 11
456
457
458
459
460
461
462
463
464
465
466
550 600 400
500 600 400
450 600 400
400 600 400
350 600 400
300 600 400
250 600 400
200 600 400
150 600 400
100 600 400
50 600 400
1 71 0 11
467
468
469
470
471
472
473
474
475
476
477
50 650 400
100 650 400
150 650 400
200 650 400
250 650 400
300 650 400
350 650 400
400 650 400
450 650 400
500 650 400
550 650 400
1 72 0 6
478
479
480
481
482
483
600 700 400
600 750 400
600 800 400
600 850 400
600 900 400
600 950 400
1 73 0 6
484
485
486
487
488
489
650 950 400
650 900 400
650 850 400
650 800 400
650 750 400
650 700 400
1 74 0 6
490
491
492
493
494
495
700 650 400
750 650 400
800 650 400
850 650 400
900 650 400
950 650 400
1 75 0 6
496
497
498
499
500
501
950 600 400
900 600 400
850 600 400
800 600 400
750 600 400
700 600 400
1 76 0 11
502
503
504
505
506
507
508
509
510
511
512
650 550 400
650 500 400
650 450 400
650 400 400
650 350 400
650 300 400
650 250 400
650 200 400
650 150 400
650 100 400
650 50 400
1 77 0 7
513
514
515
516
517
518
519
410.4166666666666 410.4166666666666 248.3333333333333
437.4999999999999 437.4999999999999 269.9999999999999
464.5833333333332 464.5833333333332 291.6666666666666
491.6666666666665 491.6666666666665 313.3333333333332
518.7499999999998 518.7499999999998 334.9999999999999
545.8333333333331 545.8333333333331 356.6666666666665
572.9166666666665 572.9166666666665 378.3333333333333
1 78 0 7
520
521
522
523
524
525
526
383.3333333333333 335.4166666666666 226.6666666666667
383.3333333333333 287.5 226.6666666666667
383.3333333333333 239.5833333333333 226.6666666666667
383.3333333333333 191.6666666666667 226.6666666666667
383.3333333333333 143.75 226.6666666666667
383.3333333333333 95.83333333333331 226.6666666666667
383.3333333333333 47.91666666666663 226.6666666666667
1 79 0 8
527
528
529
530
531
532
533
534
340.7407407407408 372.6851851851852 218.1481481481482
298.1481481481484 362.0370370370371 209.6296296296297
255.5555555555559 351.388888888889 201.1111111111112
212.9629629629635 340.7407407407409 192.5925925925927
170.3703703703709 330.0925925925927 184.0740740740742
127.7777777777782 319.4444444444445 175.5555555555556
85.18518518518545 308.7962962962964 167.0370370370371
42.59259259259272 298.1481481481482 158.5185185185185
1 80 0 6
535
536
537
538
539
540
478.5714285714285 428.5714285714285 262.8571428571428
507.1428571428571 457.1428571428571 285.7142857142856
535.7142857142856 485.7142857142856 308.5714285714284
564.285714285714 514.285714285714 331.4285714285712
592.8571428571427 542.8571428571427 354.2857142857141
621.4285714285713 571.4285714285713 377.1428571428571
1 81 0 7
541
542
543
544
545
546
547
450 350 240
450 300 240
450 250 240
450 200 240
450 150 240
450 100 240
450 50 240
1 82 0 11
548
549
550
551
552
553
554
555
556
557
558
495.8333333333333 411.4583333333333 249.1666666666667
541.6666666666664 422.9166666666666 258.3333333333333
587.4999999999995 434.3749999999999 267.4999999999999
633.3333333333328 445.8333333333332 276.6666666666666
679.1666666666662 457.2916666666665 285.8333333333333
724.9999999999995 468.7499999999999 294.9999999999999
770.8333333333329 480.2083333333333 304.1666666666666
816.6666666666664 491.6666666666666 313.3333333333333
862.4999999999998 503.1249999999999 322.4999999999999
908.3333333333331 514.5833333333333 331.6666666666666
954.1666666666665 526.0416666666666 340.8333333333333
1 83 0 6
559
560
561
562
563
564
478.5714285714285 478.5714285714285 262.8571428571428
507.1428571428571 507.1428571428571 285.7142857142856
535.7142857142856 535.7142857142856 308.5714285714284
564.285714285714 564.285714285714 331.4285714285712
592.8571428571427 592.8571428571427 354.2857142857141
621.4285714285713 621.4285714285713 377.1428571428571
1 84 0 11
565
566
567
568
569
570
571
572
573
574
575
495.8333333333333 461.4583333333333 249.1666666666667
541.6666666666664 472.9166666666666 258.3333333333333
587.4999999999995 484.3749999999999 267.4999999999999
633.3333333333328 495.8333333333332 276.6666666666666
679.1666666666662 507.2916666666665 285.8333333333333
724.9999999999995 518.7499999999999 294.9999999999999
770.8333333333329 530.2083333333333 304.1666666666666
816.6666666666664 541.6666666666666 313.3333333333333
862.4999999999998 553.1249999999999 322.4999999999999
908.3333333333331 564.5833333333333 331.6666666666666
954.1666666666665 576.0416666666666 340.8333333333333
1 85 0 10
576
577
578
579
580
581
582
583
584
585
450 500 240
450 550 240
450 600 240
450 650 240
450 700 240
450 750 240
450 800 240
450 850 240
450 900 240
450 950 240
1 86 0 7
586
587
588
589
590
591
592
410.4166666666666 460.4166666666666 248.3333333333333
437.4999999999999 487.4999999999999 269.9999999999999
464.5833333333332 514.5833333333333 291.6666666666666
491.6666666666665 541.6666666666665 313.3333333333332
518.7499999999998 568.7499999999998 334.9999999999999
545.8333333333331 595.8333333333331 356.6666666666665
572.9166666666665 622.9166666666665 378.3333333333333
1 87 0 11
593
594
595
596
597
598
599
600
601
602
603
383.3333333333333 480.5555555555555 226.6666666666667
383.3333333333333 527.7777777777778 226.6666666666667
383.3333333333333 575 226.6666666666667
383.3333333333333 622.2222222222222 226.6666666666667
383.3333333333333 669.4444444444445 226.6666666666667
383.3333333333333 716.6666666666667 226.6666666666667
383.3333333333333 763.8888888888889 226.6666666666667
383.3333333333333 811.1111111111111 226.6666666666667
383.3333333333333 858.3333333333334 226.6666666666667
383.3333333333333 905.5555555555557 226.6666666666667
383.3333333333333 952.7777777777778 226.6666666666667
1 88 0 8
604
605
606
607
608
609
610
611
340.7407407407408 422.6851851851852 218.1481481481482
298.1481481481484 412.0370370370371 209.6296296296297
255.5555555555559 401.388888888889 201.1111111111112
212.9629629629635 390.7407407407409 192.5925925925927
170.3703703703709 380.0925925925927 184.0740740740742
127.7777777777782 369.4444444444445 175.5555555555556
85.18518518518545 358.7962962962964 167.0370370370371
42.59259259259272 348.1481481481482 158.5185185185185
1 89 0 6
612
613
614
615
616
617
257.1428571428572 289.2857142857143 151.4285714285714
214.2857142857145 278.5714285714286 142.8571428571429
171.4285714285718 267.8571428571429 134.2857142857144
128.5714285714291 257.1428571428573 125.7142857142858
85.71428571428615 246.4285714285715 117.1428571428572
42.85714285714306 235.7142857142858 108.5714285714286
1 90 0 5
618
619
620
621
622
300 250 160
300 200 160
300 150 160
300 100 160
300 50 160
1 91 0 6
623
624
625
626
627
628
271.4285714285715 271.4285714285715 137.1428571428572
242.857142857143 242.857142857143 114.2857142857144
214.2857142857144 214.2857142857144 91.42857142857156
185.7142857142859 185.7142857142859 68.57142857142877
157.1428571428573 157.1428571428573 45.71428571428586
128.5714285714287 128.5714285714287 22.85714285714295
1 92 0 13
629
630
631
632
633
634
635
636
637
638
639
640
641
411.9047619047618 327.9761904761904 182.3809523809524
457.1428571428569 339.2857142857142 191.4285714285714
502.3809523809521 350.595238095238 200.4761904761904
547.6190476190471 361.9047619047618 209.5238095238094
592.8571428571423 373.2142857142856 218.5714285714285
638.0952380952376 384.5238095238094 227.6190476190475
683.3333333333329 395.8333333333332 236.6666666666666
728.5714285714282 407.1428571428571 245.7142857142856
773.8095238095234 418.4523809523808 254.7619047619047
819.0476190476188 429.7619047619047 263.8095238095237
864.285714285714 441.0714285714285 272.8571428571428
909.5238095238094 452.3809523809524 281.9047619047619
954.7619047619048 463.6904761904761 290.952380952381
1 93 0 6
642
643
644
645
646
647
366.6666666666667 271.4285714285714 173.3333333333333
366.6666666666667 226.1904761904761 173.3333333333333
366.6666666666667 180.9523809523809 173.3333333333333
366.6666666666667 135.7142857142857 173.3333333333333
366.6666666666667 90.47619047619048 173.3333333333333
366.6666666666667 45.23809523809524 173.3333333333333
1 94 0 7
648
649
650
651
652
653
654
339.5833333333334 289.5833333333333 151.6666666666667
312.5000000000001 262.5000000000001 130.0000000000001
285.4166666666668 235.4166666666667 108.3333333333334
258.3333333333335 208.3333333333335 86.6666666666668
231.2500000000002 181.2500000000002 65.00000000000017
204.1666666666669 154.1666666666668 43.33333333333348
177.0833333333334 127.0833333333334 21.66666666666674
1 95 0 13
655
656
657
658
659
660
661
662
663
664
665
666
667
411.9047619047618 377.9761904761904 182.3809523809524
457.1428571428569 389.2857142857142 191.4285714285714
502.3809523809521 400.595238095238 200.4761904761904
547.6190476190471 411.9047619047618 209.5238095238094
592.8571428571423 423.2142857142856 218.5714285714285
638.0952380952376 434.5238095238094 227.6190476190475
683.3333333333329 445.8333333333332 236.6666666666666
728.5714285714282 457.1428571428571 245.7142857142856
773.8095238095234 468.4523809523808 254.7619047619047
819.0476190476188 479.7619047619047 263.8095238095237
864.285714285714 491.0714285714285 272.8571428571428
909.5238095238094 502.3809523809524 281.9047619047619
954.7619047619048 513.6904761904761 290.952380952381
1 96 0 12
668
669
670
671
672
673
674
675
676
677
678
679
366.6666666666667 415.3846153846154 173.3333333333333
366.6666666666667 464.1025641025641 173.3333333333333
366.6666666666667 512.8205128205128 173.3333333333333
366.6666666666667 561.5384615384615 173.3333333333333
366.6666666666667 610.2564102564102 173.3333333333333
366.6666666666667 658.9743589743589 173.3333333333333
366.6666666666667 707.6923076923076 173.3333333333333
366.6666666666667 756.4102564102564 173.3333333333333
366.6666666666667 805.1282051282051 173.3333333333333
366.6666666666667 853.8461538461538 173.3333333333333
366.6666666666667 902.5641025641025 173.3333333333333
366.6666666666667 951.2820512820513 173.3333333333333
1 97 0 7
680
681
682
683
684
685
686
339.5833333333334 339.5833333333333 151.6666666666667
312.5000000000001 312.5000000000001 130.0000000000001
285.4166666666668 285.4166666666667 108.3333333333334
258.3333333333335 258.3333333333335 86.6666666666668
231.2500000000002 231.2500000000002 65.00000000000017
204.1666666666669 204.1666666666668 43.33333333333348
177.0833333333334 177.0833333333334 21.66666666666674
1 98 0 12
687
688
689
690
691
692
693
694
695
696
697
698
300 400 160
300 450 160
300 500 160
300 550 160
300 600 160
300 650 160
300 700 160
300 750 160
300 800 160
300 850 160
300 900 160
300 950 160
1 99 0 6
699
700
701
702
703
704
257.1428571428572 339.2857142857143 151.4285714285714
214.2857142857145 328.5714285714286 142.8571428571429
171.4285714285718 317.8571428571429 134.2857142857144
128.5714285714291 307.1428571428573 125.7142857142858
85.71428571428615 296.4285714285716 117.1428571428572
42.85714285714306 285.7142857142858 108.5714285714286
1 100 0 6
705
706
707
708
709
710
271.4285714285715 321.4285714285715 137.1428571428572
242.857142857143 292.8571428571429 114.2857142857144
214.2857142857144 264.2857142857144 91.42857142857156
185.7142857142859 235.7142857142859 68.57142857142877
157.1428571428573 207.1428571428573 45.71428571428586
128.5714285714287 178.5714285714287 22.85714285714295
1 101 0 16
711
712
713
714
715
716
717
718
719
720
721
722
723
724
725
726
950 100 0
900 100 0
850 100 0
800 100 0
750 100 0
700 100 0
650 100 0
600 100 0
550 100 0
500 100 0
450 100 0
400 100 0
350 100 0
300 100 0
250 100 0
200 100 0
1 102 0 1
727
150 50 0
1 103 0 1
728
100 50 0
1 104 0 1
729
50 100 0
1 105 0 1
730
50 150 0
1 106 0 16
731
732
733
734
735
736
737
738
739
740
741
742
743
744
745
746
100 200 0
100 250 0
100 300 0
100 350 0
100 400 0
100 450 0
100 500 0
100 550 0
100 600 0
100 650 0
100 700 0
100 750 0
100 800 0
100 850 0
100 900 0
100 950 0
1 107 0 16
747
748
749
750
751
752
753
754
755
756
757
758
759
760
761
762
150 950 0
150 900 0
150 850 0
150 800 0
150 750 0
150 700 0
150 650 0
150 600 0
150 550 0
150 500 0
150 450 0
150 400 0
150 350 0
150 300 0
150 250 0
150 200 0
1 108 0 16
763
764
765
766
767
768
769
770
771
772
773
774
775
776
777
778
200 150 0
250 150 0
300 150 0
350 150 0
400 150 0
450 150 0
500 150 0
550 150 0
600 150 0
650 150 0
700 150 0
750 150 0
800 150 0
850 150 0
900 150 0
950 150 0
2 1 0 9
779
780
781
782
783
784
785
786
787
78.61092971258027 0 77.81633413773419
124.1218100168791 0 65.16890396804665
98.12344604306026 0 41.86587931054331
157.2185537667402 0 95.68503412617071
240.9276895943562 0 131.3403880070547
54.55115715250875 0 39.67749178026919
34.83318617659097 0 74.18438562400391
197.8639455782312 0 113.5374149659863
113.3927334171285 0 97.01573784133403
2 2 0 64
788
789
790
791
792
793
794
795
796
797
798
799
800
801
802
803
804
805
806
807
808
809
810
811
812
813
814
815
816
817
818
819
820
821
822
823
824
825
826
827
828
829
830
831
832
833
834
835
836
837
838
839
840
841
842
843
844
845
846
847
848
849
850
851
837.5967708858611 0 225.7563822499098
740.489478293284 0 204.2192752002453
643.1421253518818 0 181.0559745232265
879.3719021408673 0 44.82923211283274
545.6176834214893 0 165.2449162258864
773.2953808305151 0 42.46689317467037
474.9161715083619 0 43.30311206023206
674.8770739295763 0 43.5550346714625
373.1017215931989 0 124.0150257514695
956.7087046202705 0 125.0155575855163
574.8467202602766 0 43.58180348838677
446.5162208933003 0 145.4656829088316
377.6532897583791 0 41.61022166530248
957.594776627433 0 227.0994577287993
297.2844441980477 0 76.51995174546859
425.3672644949497 0 42.83286245746922
448.4111508292838 0 92.63506019789793
500.7377895272364 0 85.45070124560662
399.9985772457071 0 85.84552639889441
524.9771184489739 0 43.26678059530226
550.5602387786787 0 85.42104485968937
599.9859148651514 0 86.59489606030336
624.9218156382134 0 43.87004344981873
649.9162360493768 0 87.11399110558105
699.6395555176075 0 87.05402309667419
674.9733235613476 0 130.5039248742913
723.5776451054994 0 129.4676128655433
623.0301784598771 0 130.6774680263906
697.2605037113917 0 181.0326305186603
747.7457385050145 0 85.58618976580421
778.4026363706231 0 127.2088488279886
593.1009692502987 0 173.1965433919859
956.8716212687731 0 175.3506886812277
913.4860890168065 0 150.0668990377868
909.1747222147851 0 92.23231949895488
870.2031552288374 0 125.0406614099659
867.2340703036062 0 182.3394875038151
827.0284836639139 0 150.0090255127064
826.3072501323477 0 101.3231551764286
785.4327425398401 0 179.7860742375181
916.372163603196 0 202.3144936508632
826.3591191917926 0 50.5503220667829
957.6731964416115 0 74.66291400773707
724.7629109464085 0 43.22596069258488
496.2469714775061 0 157.7389665063582
332.173682760396 0 96.2004682121179
573.4269874253404 0 127.744472724698
925.4427325915792 0 41.53451919414388
264.1574074074074 0 42.37268518518528
883.6188401417154 0 234.8424199998027
329.2846000712195 0 43.58901359604912
524.1968244563985 0 123.6628423924783
224.4981481481481 0 25.80787037037035
788.5308674325515 0 221.2683016654698
412.763667768702 0 120.4682574360657
864.4606726279085 0 83.49270464623382
790.3123550867745 0 81.49478561813935
747.7264733270242 0 163.9795629923428
478.5912761081404 0 120.3769527926312
922.2863868436996 0 247.0051204297392
963.368735971216 0 36.63126402878382
822.4916717685198 0 189.1935594252764
365.6874066309592 0 77.38984087472903
400.8591755529318 0 150.7313151932991
2 3 0 37
852
853
854
855
856
857
858
859
860
861
862
863
864
865
866
867
868
869
870
871
872
873
874
875
876
877
878
879
880
881
882
883
884
885
886
887
888
127.8559075907254 0 358.4466309506667
225.0381238005824 0 356.5645201680577
110.4454309089822 0 216.1383168696428
380.8978079925125 0 274.7596961048635
207.4839223736754 0 233.8303881316236
304.2838600182907 0 254.2516928612476
325.6397193003744 0 356.7941757767132
43.30127018922192 0 275
424.7447229537934 0 359.0514250626702
53.50605721664033 0 215.9180603399874
375.5276862123442 0 357.0033895875226
353.3495547317208 0 315.6733960053657
302.581740838371 0 307.5028891979675
275.4631106630217 0 355.6724670420605
249.6366721487863 0 313.6564055259981
199.7398274244962 0 314.7015900005396
401.0647698531855 0 320.06193822951
255.9511573742609 0 241.675489731924
42.32554777393503 0 324.7881315359562
81.26804885940112 0 298.8276119883225
175.4389803353274 0 357.2294779912643
153.3562794845679 0 314.2838749246318
159.2545425603365 0 225.0520879896326
125.258308376809 0 271.2514751816654
482.316482923978 0 358.9824756095878
178.1712455895521 0 272.5466304957151
78.55501076953078 0 354.1066368837368
82.49436951638458 0 251.0655126497674
227.3173433522682 0 276.1340546452681
524.7966299181289 0 374.4631617885842
448.8707875659964 0 323.6245974781828
339.1453290342294 0 279.573853243637
272.9212352028385 0 280.3938239858085
36.60254037844385 0 363.3974596215561
114.4888296614597 0 321.3669625493137
351.5533335385961 0 248.123151433031
422.0710292208626 0 289.2862134739216
2 4 0 14
889
890
891
892
893
894
895
896
897
898
899
900
901
902
664.3955173490472 0 355.7739139639166
706.556294581974 0 349.6356297234195
775 0 356.698729810778
623.094010767585 0 331.1324865405186
830.4107142857146 0 359.2017724287805
878.2976190476195 0 362.6785714285714
587.5757575757574 0 307.1969696969697
659.1889212486579 0 315.00534661788
736.8818333495248 0 331.3668822576338
927.1005291005292 0 367.8306878306879
559.7083333333335 0 287.2916666666666
971.8055555555555 0 371.8055555555555
694.5703782302352 0 317.0008704795642
737.9480408586137 0 366.4766799429439
2 5 0 10
903
904
905
906
907
908
909
910
911
912
556.2499999999999 0 344.9999999999999
193.7499999999998 0 54.99999999999989
159.0277777777777 0 27.22222222222214
590.9722222222222 0 372.7777777777777
329.1888091662145 0 180.7860308625615
420.8594088487189 0 219.3351614731595
524.938271604938 0 317.1604938271604
225.0617283950614 0 82.83950617283941
274.0035714285713 0 178.5535714285715
477.3384615384616 0 222.474358974359
2 6 0 34
913
914
915
916
917
918
919
920
921
922
923
924
925
926
927
928
929
930
931
932
933
934
935
936
937
938
939
940
941
942
943
944
945
946
1000 42.88540205747822 174.4517602510547
1000 210.0975762561598 135.0380705350319
1000 167.259924712647 256.4534215152105
1000 130.5017363596468 78.88822767574385
1000 285.4910106113271 192.6304960653813
1000 72.05554527176422 264.1762121899135
1000 42.079861022351 77.26398591376861
1000 307.1945432143603 261.8396422692795
1000 42.87122692363596 125.3868238499021
1000 85.85205955982774 150.0904718137118
1000 87.1180524611058 196.3135732238553
1000 127.4345160466547 174.1465329044657
1000 127.6813893241663 220.6226919506765
1000 169.7813802937341 200.3394409956854
1000 210.2072487502298 231.3587260910994
1000 86.06462362676193 101.2318209526587
1000 83.24982305531478 46.28379641723072
1000 213.9041233636748 183.521723563105
1000 127.5786051168224 126.4991841641586
1000 256.5213397969942 258.4338638232211
1000 358.4445432143604 258.283533546892
1000 47.35607804701212 226.1684952617513
1000 169.3833965431866 105.4582543210165
1000 400.6889086428721 273.6567067093784
1000 169.6965996033721 154.1672010805772
1000 117.6543851036219 263.5274774721631
1000 322.2334972188075 221.3944218599038
1000 248.521466335847 160.2856670801916
1000 248.1741428771858 210.4834784898158
1000 213.75 269.8659923907203
1000 36.60254037844385 36.60254037844385
1000 33.97500016102182 266.0951601680572
1000 284.2306476740964 229.9922263819149
1000 91.72898131824311 233.9082118268285
2 7 0 80
947
948
949
950
951
952
953
954
955
956
957
958
959
960
961
962
963
964
965
966
967
968
969
970
971
972
973
974
975
976
977
978
979
980
981
982
983
984
985
986
987
988
989
990
991
992
993
994
995
996
997
998
999
1000
1001
1002
1003
1004
1005
1006
1007
1008
1009
1010
1011
1012
1013
1014
1015
1016
1017
1018
1019
1020
1021
1022
1023
1024
1025
1026
1000 834.9860015948143 258.8523099041831
1000 691.7103623157592 258.4225754761753
1000 575 43.30127018922192
1000 774.3669310270656 43.54611033946203
1000 674.5881610588118 43.44942411080359
1000 598.5708520882478 259.4011663406914
1000 873.1963647557744 43.76934617110504
1000 455.1954214765418 193.9102225032376
1000 949.7275168698961 174.9818733481326
1000 474.7662668819511 43.1527266018492
1000 383.732063036573 133.6257162419678
1000 931.7924181228097 261.3342003204144
1000 376.5017054809312 39.41637046553659
1000 962.2248380388597 75.26745892438828
1000 310.1715292520237 77.12649953380644
1000 529.0170226340529 247.0322353718402
1000 425.2392364514335 42.4882199987958
1000 449.8453631187061 84.60749463682463
1000 499.2431003907835 85.9628664617853
1000 475.2983798799776 124.764922833565
1000 523.8016769972571 128.2592691805398
1000 548.3389136408896 86.85839829150675
1000 572.4476468503811 129.4111370899391
1000 549.3714817130922 170.4936129205115
1000 596.4977320093188 172.1347440667366
1000 621.2560403630725 130.0952564828298
1000 645.2838505720725 172.9609140382957
1000 670.0296884719157 130.7446935878384
1000 694.0123168025109 173.2352366031585
1000 718.7444748467324 131.2922761478134
1000 742.6950252377219 173.7269841592096
1000 767.4910647560168 131.8152637263534
1000 791.1466473919404 174.1571117792854
1000 816.2284454514023 132.3935500771645
1000 839.9028959033589 174.7541142640457
1000 865.0812026131076 132.899052901139
1000 766.1560567941563 216.1269806520247
1000 892.6827227160554 173.9954606367318
1000 914.1669645086176 133.0566441729152
1000 842.0302160726768 89.61535377775925
1000 743.595293875067 89.20440828025446
1000 646.1338200162496 88.09167866655164
1000 569.8693576287704 220.1596719316089
1000 864.299306238266 215.7341402541036
1000 620.5955285626344 216.4464484098065
1000 393.7293215538456 84.51021978443177
1000 717.6233798427605 215.6934763804742
1000 669.0498509382727 215.7145959589514
1000 724.0781429351359 43.52645407314409
1000 624.4178007683836 43.35798124002656
1000 524.7051797811913 43.13105565653017
1000 823.7378536404315 43.63564341416625
1000 492.2696412387054 221.6902204464201
1000 738.9924555022781 258.443848071719
1000 913.5261215889291 219.5023891055172
1000 644.5710989841523 258.3307976976041
1000 417.6478858669504 165.9516513358834
1000 346.0197477427305 105.6060921327401
1000 597.2377127937172 87.36830805645195
1000 694.8644038514715 88.81173894594696
1000 890.4035868726666 90.14239915496749
1000 792.9052319682289 89.52767819718969
1000 787.0101847837662 258.6763852796819
1000 497.4908102899168 172.1780675533812
1000 813.8052591658429 215.9757049992413
1000 269.9544552172377 43.09660344205031
1000 884.5173079241365 259.2371732640364
1000 923.7605862754572 49.12832796903098
1000 959.2791738418259 122.7883961428272
1000 226.4908910434476 26.61932068841004
1000 961.404765586547 230.5562043563187
1000 429.10704934714 125.1830669248647
1000 326.2688770940223 38.00226511293801
1000 530.4676141188677 207.6957077815788
1000 963.397459621556 36.60254037844381
1000 929.9670299074854 94.07664527282583
1000 969.1394367418714 268.3780809353466
1000 454.3892826267873 157.6383967165158
1000 561.5893624313762 266.4740952170773
1000 350.9855726139413 68.3741172362347
2 8 0 3
1027
1028
1029
999.9999999999999 651.25 371.4103353024833
999.9999999999999 676.5835415798973 380.0291834230997
999.9999999999999 977.0833333333333 375
2 9 0 2
1030
1031
1000 525 379.6874999999999
1000 24.43181818181813 374.9999999999999
2 10 0 10
1032
1033
1034
1035
1036
1037
1038
1039
1040
1041
1000 562.5 330.25
1000 593.75 375
1000 500 320.0413223140496
1000 595.9679994446758 321.6673261141191
1000 974.6104053866443 325.0383231523902
1000 464.7192457688085 328.2951146388729
1000 930.0045120088851 325.2424983031761
1000 23.75 325
1000 71.24999999999989 324.3708677685948
1000 887.3041360548842 326.0605215693032
2 11 0 66
1042
1043
1044
1045
1046
1047
1048
1049
1050
1051
1052
1053
1054
1055
1056
1057
1058
1059
1060
1061
1062
1063
1064
1065
1066
1067
1068
1069
1070
1071
1072
1073
1074
1075
1076
1077
1078
1079
1080
1081
1082
1083
1084
1085
1086
1087
1088
1089
1090
1091
1092
1093
1094
1095
1096
1097
1098
1099
1100
1101
1102
1103
1104
1105
1106
1107
837.2870049045721 999.9999999999999 225.3632112082218
737.5578346251375 999.9999999999999 203.2642467226147
648.9281307721438 999.9999999999999 186.0066238797077
879.3734083871514 999.9999999999999 44.82980212057531
545.347612779622 999.9999999999999 166.5952694352235
771.5091433858662 999.9999999999999 45.00598059206802
474.9161715083619 999.9999999999999 43.30311206023207
675.0262259986903 999.9999999999999 42.20568316040095
373.1017215931989 999.9999999999999 124.0150257514695
956.7088255709491 999.9999999999999 125.0162173333149
575.1175046028852 999.9999999999999 43.35377774211165
446.5162208933003 999.9999999999999 145.4656829088316
377.6532897583791 999.9999999999999 41.61022166530249
957.594776627433 999.9999999999999 227.0994577287993
298.5272577892295 999.9999999999999 69.75109369566492
425.3672644949497 999.9999999999999 42.83286245746922
448.4111508292838 999.9999999999999 92.63506019789793
500.9213720680997 999.9999999999999 85.28731168253721
399.998577245707 999.9999999999999 85.84552639889441
525.2196735682078 999.9999999999999 43.12193132504913
551.338580028172 999.9999999999999 85.38660474712422
600.2815944540608 999.9999999999999 86.34661844527375
956.8716414272195 999.9999999999999 175.3507986391942
913.4874470403167 999.9999999999999 150.0669045959812
909.1767661174334 999.9999999999999 92.23280520746529
870.2077269083065 999.9999999999999 125.0406601213486
866.8480386847139 999.9999999999999 182.3331528687656
827.0323167761105 999.9999999999999 150.0050681845979
826.622793397887 999.9999999999999 101.7330063473646
784.5458565599939 999.9999999999999 126.7018337376548
783.4646747624978 999.9999999999999 173.9755557675996
740.2133427644125 999.9999999999999 150.7319157531941
743.8810255085557 999.9999999999999 93.51762932069326
699.5495267749641 999.9999999999999 122.6959492337573
696.7440106923688 999.9999999999999 170.5451874145479
916.3263715273703 999.9999999999999 202.3137532795669
723.8524577559842 999.9999999999999 43.46342419055939
825.8800487406482 999.9999999999999 51.21924161505205
957.6729425302356 999.9999999999999 74.66375374406597
496.2267882360039 999.9999999999999 157.8398827138695
594.3356321394381 999.9999999999999 174.9885059694761
622.8836079116683 999.9999999999999 135.5257113337697
625.1812703902342 999.9999999999999 43.19661368062406
655.5075452724251 999.9999999999999 94.37093620071893
332.3808183589263 999.9999999999999 95.07232520381729
573.7590830837928 999.9999999999999 128.9453367747595
925.4430774611267 999.9999999999999 41.53487441006681
263.5262001990415 999.9999999999999 39.46014218259482
883.4952418623809 999.9999999999999 234.7757123251304
788.085385633205 999.9999999999999 219.5730718339744
699.6876569187322 999.9999999999999 79.59957172495461
331.9052352823481 999.9999999999999 40.93562766609574
524.3641187173051 999.9999999999999 124.0718930243575
224.3719067064749 999.9999999999999 25.22536176985227
790.4877735185902 999.9999999999999 83.63553832256653
412.7636677687019 999.9999999999999 120.4682574360657
864.147507144346 999.9999999999999 83.47366601123531
665.3006891828518 999.9999999999999 147.120247496074
479.8138536905691 999.9999999999999 120.5547467620365
922.2525087726676 999.9999999999999 246.9916308205455
820.5530925427227 999.9999999999999 189.0427426013577
963.3678998117284 999.9999999999999 36.63210018827129
689.0918955807755 999.9999999999999 209.0375535683127
365.6874066309592 999.9999999999999 77.38984087472906
400.8591755529318 999.9999999999999 150.7313151932991
298.4896733176548 999.9999999999999 37.53671588608887
2 12 0 9
1108
1109
1110
1111
1112
1113
1114
1115
1116
78.61092971258043 999.9999999999999 77.81633413773427
124.1218100168793 999.9999999999999 65.16890396804679
98.1234460430604 999.9999999999999 41.86587931054338
157.2185537667405 999.9999999999999 95.68503412617088
240.9276895943566 999.9999999999999 131.3403880070547
54.55115715250886 999.9999999999999 39.67749178026918
34.8331861765911 999.9999999999999 74.18438562400392
197.8639455782315 999.9999999999999 113.5374149659865
113.3927334171288 999.9999999999999 97.0157378413342
2 13 0 37
1117
1118
1119
1120
1121
1122
1123
1124
1125
1126
1127
1128
1129
1130
1131
1132
1133
1134
1135
1136
1137
1138
1139
1140
1141
1142
1143
1144
1145
1146
1147
1148
1149
1150
1151
1152
1153
127.8559075907254 999.9999999999999 358.4466309506667
225.0381238005824 999.9999999999999 356.5645201680577
110.445430908982 999.9999999999999 216.1383168696427
380.8978079925125 999.9999999999999 274.7596961048635
207.5273582842417 999.9999999999999 233.8243840064575
304.2918383376053 999.9999999999999 254.2498523455644
325.6397193003743 999.9999999999999 356.7941757767133
43.30127018922192 999.9999999999999 275
424.7447229537934 999.9999999999999 359.0514250626703
53.50605721664024 999.9999999999999 215.9180603399874
375.5276862123442 999.9999999999999 357.0033895875226
353.3495547317208 999.9999999999999 315.6733960053657
302.5847779021432 999.9999999999999 307.5043400322343
275.4636168403171 999.9999999999999 355.6727088477716
249.6920589321171 999.9999999999999 313.8512001603638
199.7691667272331 999.9999999999999 314.7359431445665
401.0647698531856 999.9999999999999 320.06193822951
42.32554777393503 999.9999999999999 324.7881315359562
81.26804885940101 999.9999999999999 298.8276119883225
255.9820481059379 999.9999999999999 241.6780690560069
175.4438702191169 999.9999999999999 357.2352035152688
153.3619843489889 999.9999999999999 314.2905547026371
159.261781878764 999.9999999999999 225.0510873021049
125.2601575457873 999.9999999999999 271.252286480305
482.3164829239781 999.9999999999999 358.9824756095879
178.2059485225888 999.9999999999999 272.5543244353441
78.55501076953078 999.9999999999999 354.1066368837368
82.49436951638438 999.9999999999999 251.0655126497672
227.3518494836747 999.9999999999999 276.1749568573497
524.7966299181289 999.9999999999999 374.4631617885843
448.8707875659965 999.9999999999999 323.6245974781829
339.1475321108467 999.9999999999999 279.5737753073537
271.6449490200498 999.9999999999999 279.9596165067448
36.60254037844385 999.9999999999999 363.3974596215561
114.4892229368345 999.9999999999999 321.3673525470565
351.5543724565483 999.9999999999999 248.1229556726263
422.0710292208627 999.9999999999999 289.2862134739217
2 14 0 14
1154
1155
1156
1157
1158
1159
1160
1161
1162
1163
1164
1165
1166
1167
664.3955173490472 1000 355.7739139639166
706.5562945819738 1000 349.6356297234196
775 1000 356.698729810778
623.0940107675851 1000 331.132486540519
830.4107142857142 1000 359.2017724287805
878.2976190476189 1000 362.6785714285714
587.575757575758 1000 307.1969696969697
659.1889212486578 1000 315.00534661788
736.8818333495244 1000 331.3668822576336
927.100529100529 1000 367.8306878306878
559.7083333333329 1000 287.2916666666667
971.8055555555554 1000 371.8055555555555
694.5703782302355 1000 317.0008704795638
737.9480408586138 1000 366.4766799429437
2 15 0 10
1168
1169
1170
1171
1172
1173
1174
1175
1176
1177
193.7500000000001 999.9999999999997 55
556.2500000000001 999.9999999999997 345.0000000000001
590.9722222222224 999.9999999999997 372.7777777777778
159.0277777777779 999.9999999999997 27.22222222222226
329.1888091662145 999.9999999999997 180.7860308625615
420.8594088487188 999.9999999999997 219.3351614731595
225.0617283950621 999.9999999999997 82.83950617283946
524.9382716049384 999.9999999999997 317.1604938271606
274.0035714285715 999.9999999999997 178.5535714285714
477.3384615384614 999.9999999999997 222.4743589743591
2 16 0 24
1178
1179
1180
1181
1182
1183
1184
1185
1186
1187
1188
1189
1190
1191
1192
1193
1194
1195
1196
1197
1198
1199
1200
1201
0 282.6027655091022 63.76545607919513
0 927.5 58.1421054837522
0 829.8412698412698 53.30389968227222
0 731.984126984127 51.60749568872622
0 326.9977229714635 48.48826464594809
0 637.5 58.1421054837522
0 540.8333333333334 58.1421054837522
0 450.4668527861427 62.78539575452724
0 381.511969493347 48.77561357867053
0 878.6002552948617 47.78955133989173
0 780.3363567649282 49.5924289224789
0 685.8333333333333 47.43482413353483
0 589.1666666666666 58.14210548375215
0 492.8826643658574 60.26689875659507
0 248.5059108076772 39.4377325930291
0 967.6737330447845 36.54849512019031
0 222.313373539166 20.98415661520844
0 422.2054132610624 37.23181159670711
0 472.0369328466215 31.99813206756455
0 281.6212798576486 30.33829066363446
0 520.125488424302 30.42761523780951
0 568.9098036262726 29.87941241337287
0 611.7961470087176 31.35039040365954
0 971.240903218685 70.62911483431321
2 17 0 6
1202
1203
1204
1205
1206
1207
0 93.97436490538904 39.56329386826367
0 45.42652908241621 45.07774106173527
0 126.6145833333333 62.82552083333333
0 159.5729166666666 77.56510416666666
0 74.77833289751767 68.64997957315533
0 30.02926599713342 73.38967437641294
2 18 0 42
1208
1209
1210
1211
1212
1213
1214
1215
1216
1217
1218
1219
1220
1221
1222
1223
1224
1225
1226
1227
1228
1229
1230
1231
1232
1233
1234
1235
1236
1237
1238
1239
1240
1241
1242
1243
1244
1245
1246
1247
1248
1249
0 169.125718896809 189.3392428450458
0 320.5443299956321 237.4138425181324
0 224.931135256888 356.7240849171545
0 125.1526780522229 356.4557870188496
0 33.61432713256551 274.6092432395848
0 324.9536009306415 356.6964105522542
0 399.4563599236103 290.5554917424994
0 71.87499999999997 191.4970505980043
0 267.1383051176497 187.2496988708734
0 423.6666971584099 359.9567794880422
0 477.8717503036534 356.4227443970127
0 175.0182294994699 356.7092546172042
0 200.0145839689416 313.6313657945469
0 249.8461048528653 313.5982385617112
0 224.9303826868333 271.7256636591849
0 174.1506639050655 271.1646733114178
0 277.8608840458643 266.6083749995473
0 150.0568468101775 313.6166676583024
0 126.0198620734453 270.4245677389457
0 100.4757913777609 315.221402851717
0 75.47157989502779 357.5920415062759
0 196.208431401463 230.3709929291377
0 274.9550192912509 356.7490479763879
0 298.9503535176634 313.6433913219319
0 353.0137710730062 312.2808161428163
0 375.2716579792859 359.7908661733891
0 357.8181255193982 263.0992549590113
0 120.0278975939126 190.541563442435
0 98.00503287679274 230.4290452414899
0 43.30066654613586 228.3355398154991
0 45.70259160999865 319.9864687107816
0 522.1368500607307 372.5345488794026
0 147.2562677912481 230.3783475847453
0 218.898546389332 190.1101299794432
0 248.4069262525884 232.2009314994552
0 440.7530206193376 318.0945291469093
0 321.6374928303129 278.6091359882878
0 77.42148202948098 273.1168320514806
0 36.8480375153388 363.1519624846612
0 34.70081347110479 185.2948767986976
0 286.0393655901744 221.2498249963776
0 399.1981351611435 328.9563468171758
2 19 0 51
1250
1251
1252
1253
1254
1255
1256
1257
1258
1259
1260
1261
1262
1263
1264
1265
1266
1267
1268
1269
1270
1271
1272
1273
1274
1275
1276
1277
1278
1279
1280
1281
1282
1283
1284
1285
1286
1287
1288
1289
1290
1291
1292
1293
1294
1295
1296
1297
1298
1299
1300
0 835.3107251525685 190.442124189704
0 739.360137172386 194.9116361593303
0 615.4059675352828 318.9323944623616
0 874.9440621374214 357.7746563463852
0 774.0715568856107 359.3475657152879
0 652.9888159716165 196.8901181598238
0 967.0254888755369 276.1131105807177
0 541.1186461665704 258.5180258758282
0 929.0178571428571 190.9815592862279
0 511.0064587714188 184.3673368994527
0 681.8594125155448 355.4709396378053
0 579.4775253259579 288.2262842360258
0 623.1591935013779 271.4263657748451
0 663.1481120274931 305.4630882923013
0 712.1185574635326 319.4763735721299
0 705.2594903539897 271.9865160569208
0 748.8618999123411 288.1204856272512
0 742.5402582540783 243.9214985778339
0 785.3736351906792 261.9495409863185
0 699.6502781658651 223.8335438029226
0 795.1144231978517 313.069910055198
0 831.7093134673277 272.9824402496153
0 586.320634157606 241.034654713822
0 548.5188284538758 213.8331039009469
0 823.9947322271895 358.2746386249722
0 924.7847339495507 357.7447796294529
0 901.253804227885 318.2288537104249
0 881.8523827635233 190.9941640802779
0 905.3571428571429 232.5737006909267
0 790.130048556356 189.9326348361129
0 594.446456790568 193.5467926200927
0 858.6249033058631 231.2382440183956
0 455.8035714285714 189.685905612245
0 958.3629852045188 227.8825748987296
0 954.8807912472715 321.301403268991
0 877.5722726978684 275.7689702651694
0 850.3110128005885 317.7010458450362
0 661.9201110190128 249.7057093404497
0 727.0651490542232 361.2166534379293
0 412.9910714285713 176.6871811224489
0 504.4529459133739 233.6619990201789
0 813.81083370362 228.69022258323
0 623.7670422880362 230.5207281218067
0 692.4107142857142 183.0500668494117
0 963.3974596215561 363.397459621556
0 750.0807398088351 328.2453975540689
0 920.9300634846438 278.879300271321
0 965.8511762457592 184.9262464612839
0 775.6736495263415 225.520022416684
0 643.1017505595194 349.2032599666549
0 550.8224940430824 177.2310469486908
2 20 0 12
1301
1302
1303
1304
1305
1306
1307
1308
1309
1310
1311
1312
0 250 119.8350694444444
0 187.5 50
0 218.7500000000001 75.00000000000001
0 156.25 25
0 312.5 130.0763888888889
0 216.0480008329862 128.3268292436022
0 24.99462029709849 124.9360979510852
0 347.100240971024 121.6839713776667
0 973.8229730667776 125.0243965158603
0 928.0925193206534 125.1568556740342
0 65.74263954066532 124.0887528434897
0 881.6964285714286 125.9167375283447
2 21 0 149
1313
1314
1315
1316
1317
1318
1319
1320
1321
1322
1323
1324
1325
1326
1327
1328
1329
1330
1331
1332
1333
1334
1335
1336
1337
1338
1339
1340
1341
1342
1343
1344
1345
1346
1347
1348
1349
1350
1351
1352
1353
1354
1355
1356
1357
1358
1359
1360
1361
1362
1363
1364
1365
1366
1367
1368
1369
1370
1371
1372
1373
1374
1375
1376
1377
1378
1379
1380
1381
1382
1383
1384
1385
1386
1387
1388
1389
1390
1391
1392
1393
1394
1395
1396
1397
1398
1399
1400
1401
1402
1403
1404
1405
1406
1407
1408
1409
1410
1411
1412
1413
1414
1415
1416
1417
1418
1419
1420
1421
1422
1423
1424
1425
1426
1427
1428
1429
1430
1431
1432
1433
1434
1435
1436
1437
1438
1439
1440
1441
1442
1443
1444
1445
1446
1447
1448
1449
1450
1451
1452
1453
1454
1455
1456
1457
1458
1459
1460
1461
43.30127018922195 325 400
558.0012435357271 275.3085866626991 400
325 556.6987298107781 400
268.5179796061339 46.77317395513259 400
427.1544364204518 49.59969847420339 400
556.6987298107781 425 400
43.30127018922212 175 400
173.9305016310755 555.615046098264 400
556.6987298107781 175 400
429.0187136245548 552.3235419178097 400
42.8924750570277 425.3755770230074 400
174.5399000491717 44.42715103590501 400
42.18481522075922 76.93375672974065 400
42.25708827079563 523.9763507119152 400
524.7881315359562 42.16589711570219 400
558.5409694931307 524.882650818719 400
43.23313766718957 375.0625961705013 400
86.59118495810515 350.0104326950836 400
86.60064780838749 300.001738782514 400
129.9016025692666 325.0020285795998 400
129.90312713959 275.0006278936858 400
173.2050807568878 300.0000000000003 400
173.2049668522086 250.0001046489479 400
216.5063319619966 275.0000174414918 400
216.5063477820908 325.0000029069157 400
259.8076174439763 300.0000033914017 400
259.807617356087 250.0000034721493 400
303.1088910004439 275.0000002977737 400
303.1088906553094 325.000000614863 400
303.1088906406613 225.000000628321 400
346.4101615137755 300.0000000000007 400
346.4101614022347 350.0000001024778 400
303.1088911944227 375.0000001195572 400
129.901549997876 375.002076879114 400
389.7114316844073 325.0000000170803 400
389.7114316998991 275.0000000028474 400
389.7114316813089 375.0000000199269 400
259.8076203914757 200.0000006834121 400
433.0127018922193 350.0000000000009 400
303.0831654595013 174.9554421254385 400
433.0127018886045 400.0000000033218 400
389.7114316987801 425.0000000038753 400
259.807621135332 150.0000000000006 400
433.0127018909139 450.0000000012001 400
129.9036776788735 225.000122090439 400
173.2050396246428 200.0000377898981 400
129.90378156416 175.0000266467229 400
346.4058737556182 199.9925737922938 400
346.3794336161464 149.9467778931051 400
389.7055957603666 174.9898919475671 400
173.3908003617911 149.6783147013363 400
129.9347590012326 124.9463902246766 400
390.3935799846146 473.8184845171951 400
346.5238528933421 449.8030807535122 400
475.7954708982984 375.0000000005544 400
475.9781275876956 325.4320213278716 400
390.3874860121588 126.1709604570972 400
433.124404953308 150.1934754007781 400
433.0303464119624 200.0305612247249 400
347.8524706632898 92.88074995108087 400
517.4002571081462 350.9360462102948 400
476.3139720814415 175.0000000000011 400
476.3139720814415 225.0000000000011 400
477.7021067615176 121.5699025863932 400
347.6900922286762 507.0778820372887 400
303.1088913245534 475.0000000000007 400
433.1428768435316 499.0088222557166 400
476.3139720814411 475.0000000000009 400
476.3139720814411 525.0000000000009 400
173.7953563080779 98.35707042261191 400
129.9038105676667 75.00000000000014 400
219.2849162718268 73.6123785736828 400
217.6207387112786 123.0698237713959 400
260.8022120310987 97.83884634243336 400
302.9545375619873 124.7326514408956 400
86.42162262262829 100.3133578257362 400
81.44468411278558 46.04904342683028 400
86.60251339639439 200.000024789527 400
43.30095476087928 275.0002897970857 400
346.4291100324403 399.9671801665584 400
86.60203182889117 250.0004672255419 400
476.0216286304546 425.000000000221 400
86.57753616047657 150.0432999144438 400
43.08087403218104 125.3817357449868 400
477.5344332681876 42.33849577172998 400
373.9685380803276 44.64513525273568 400
173.2050807568876 350.0000000000003 400
173.2047039952559 400.0003461465192 400
129.618544283976 425.526211669816 400
173.1574735826672 450.087759636056 400
216.4983536234674 425.0146842970962 400
216.4970835299656 475.017073988859 400
129.9038105676653 475.0000000000002 400
259.8065724995936 450.001928953229 400
259.2877532392587 499.1057075354589 400
217.4511947345814 524.2097832512686 400
265.4264709456874 551.5459525258367 400
173.2050807568872 500.0000000000003 400
129.5671717920752 525.8567781563136 400
86.58127004415786 501.5166342636227 400
86.19583196346292 450.4030704927411 400
259.80761985954 350.0000011721231 400
325 43.3012701892219 400
557.188284131202 474.9928723772303 400
43.30127018922218 225 400
303.1308231799472 424.9620316654763 400
432.9567278063137 300.072003557967 400
558.8354507580233 127.6637281578884 400
557.3382107949665 225.0262403624746 400
374.4658484823161 555.9628586202186 400
216.5063211887535 225.0000273393166 400
216.5049545254288 375.0025057537758 400
389.7126851723069 225.0021711612391 400
346.4096556304509 249.999124313746 400
216.7230235688789 174.6247007142266 400
430.9061311997298 101.3548976432417 400
433.0065225422275 250.0174559911301 400
259.8095358137333 399.9968586602096 400
86.40545398793958 400.2299941550439 400
475.4800629091866 275.5189348072737 400
81.42972435506749 554.8303144204415 400
42.98777755590743 475.2119387485477 400
552.673475388623 79.10310747384779 400
502.9425774019714 79.53568710837337 400
517.1959631654809 300.3659315013567 400
558.4021598333943 375.1560077017159 400
518.310591455554 501.6405766753068 400
516.8395735474751 450.2722415087933 400
516.8059672388187 250.2032822223011 400
516.5063509461095 200.0000000000011 400
517.9583160271159 152.1273490679633 400
516.5042351754209 400.0000000000009 400
558.4999372737914 325.2944286793444 400
521.614037734936 556.0959840794446 400
300.0733153911678 518.3798223500987 400
301.2292323392007 80.86920198899207 400
393.9825293103438 82.68994679745353 400
394.9422222327387 517.6383178696458 400
125.5668676972947 33.38993961997164 400
475.1418894636248 566.6656334413257 400
225 32.62813176579903 400
221.8183891903815 565.7169580184225 400
126.4181996826026 567.7760135791976 400
36.60254037844385 563.3974596215562 400
36.60254037844385 36.60254037844385 400
563.3974596215562 36.60254037844385 400
563.6520367722471 563.6520367722471 400
463.2581662582771 78.64236401199986 400
521.6932858048259 113.5304636634962 400
2 22 0 84
1462
1463
1464
1465
1466
1467
1468
1469
1470
1471
1472
1473
1474
1475
1476
1477
1478
1479
1480
1481
1482
1483
1484
1485
1486
1487
1488
1489
1490
1491
1492
1493
1494
1495
1496
1497
1498
1499
1500
1501
1502
1503
1504
1505
1506
1507
1508
1509
1510
1511
1512
1513
1514
1515
1516
1517
1518
1519
1520
1521
1522
1523
1524
1525
1526
1527
1528
1529
1530
1531
1532
1533
1534
1535
1536
1537
1538
1539
1540
1541
1542
1543
1544
1545
952.3235419178092 429.0187136245549 400
952.4999559409194 268.0448531544916 400
694.2899756703123 174.3620547575084 400
694.7819388800585 373.3690804853332 400
825 43.30127018922195 400
825.3085866626989 558.0012435357271 400
954.6702957787293 174.2307488958091 400
697.5000440590803 268.0448531544916 400
691.2420229634245 476.8019201944161 400
955.4647013095978 522.7590363843244 400
954.7151376279603 79.59128095287016 400
695.0385706942084 81.55909919571749 400
728.6825277457478 552.0481634650345 400
775.4086508806388 43.0653354932806 400
800.0681084801064 86.5632179291203 400
850.011351413351 86.59598663689002 400
825.0132433155761 129.8961645358529 400
875.0040991214878 129.9014439387715 400
850.0028904061772 173.2034119801032 400
800.0026889536255 173.2035282887882 400
824.9999999999999 216.5063509461096 400
875.0004817343627 216.5060728166457 400
850.0000802890603 259.807574780421 400
800.0000133815098 259.8076134095131 400
825.0000156117615 303.1088823110987 400
874.1025563619139 302.5907335424004 400
849.850428662279 346.3238003811741 400
799.9750740456732 346.3957664894327 400
824.9709171179917 389.6946390101734 400
907.1252277163577 347.4900410035423 400
776.1725140109285 390.3883820326739 400
800.1905718548197 433.122728165028 400
850.0269148288016 433.0282408222168 400
825.4682691083817 475.5673234312615 400
875.5145519839754 475.9426928315224 400
771.6363442183361 477.5951077240559 400
743.1006639653037 347.4380631043167 400
749.5898786883898 86.24933547855653 400
900.3797804798277 85.1965757164989 400
899.9999999999995 433.0127018922194 400
924.9999999999995 476.3139720814414 400
899.9999999999995 519.6152422706633 400
925.2126106590191 127.8541883768063 400
899.9999999999998 259.8076211353317 400
924.8043396379769 218.6201927416464 400
875 43.30127018922201 400
774.1590744707603 129.9900464314612 400
749.9999999999999 173.2050807568876 400
775.0004503891892 216.5060909137899 400
749.9999999999998 259.8076211353315 400
725.0719941206648 218.6358265462705 400
724.0020868889981 128.3942694366885 400
874.9999999999995 389.7114317029975 400
774.9999999999997 303.1088913245535 400
750.3159783186915 430.5290548078358 400
777.9202462326413 558.0414968550524 400
693.3012701892219 325 400
900.7824528896255 173.3860097916304 400
955.9684950105839 374.4420328602764 400
956.6987298107781 325.0000000000001 400
699.5621585430024 426.8240237732631 400
690.0477033214054 523.7078633673839 400
923.5247386962078 41.09729238923944 400
727.1017130435633 41.71916621601338 400
728.9408396622083 502.5183445768944 400
850.2152346258425 517.573764986884 400
802.3465073058835 518.0786932860707 400
875 559.8097369060206 400
924.7879374179649 559.8076211353316 400
919.0576809351421 300.2137936469218 400
730.8933721292581 300.2477717724995 400
918.08345292895 394.7349842167181 400
732.7866507435969 393.7097208406846 400
966.1857195049956 225 400
683.6992560976196 224.2733618522632 400
966.9196088131417 126.3352436450971 400
966.5576486454813 475.6183444180641 400
682.1715252677363 126.3307747699878 400
686.6025403784439 36.6025403784439 400
686.6025403784438 563.3974596215562 400
963.3974596215561 36.60254037844385 400
963.5171437054942 563.5171437054942 400
728.506076736935 463.2637895270329 400
762.9381363276203 521.679789509237 400
2 23 0 46
1546
1547
1548
1549
1550
1551
1552
1553
1554
1555
1556
1557
1558
1559
1560
1561
1562
1563
1564
1565
1566
1567
1568
1569
1570
1571
1572
1573
1574
1575
1576
1577
1578
1579
1580
1581
1582
1583
1584
1585
1586
1587
1588
1589
1590
1591
825 956.6987298107781 400
824.7463617591167 694.0906896124332 400
954.6702957787293 825.769251104191 400
694.2899756703124 825.6379452424916 400
725 956.6987298107781 400
923.0662432702594 957.815184779241 400
954.662964878886 730.3386088954511 400
695.0569466735456 730.1220028962848 400
773.7424803447692 956.4440559004801 400
798.8630437135213 913.4701297218991 400
849.8105072855869 913.4095713049467 400
824.0175971094556 870.5498726883097 400
874.8046840658404 870.1738219222285 400
849.803713529216 826.883471867424 400
799.0422237160495 827.3248448485134 400
824.8076562075443 783.0213245902655 400
874.93522828946 783.4296870806714 400
774.8083133205989 782.9278450756095 400
747.3088452919084 826.8824733008996 400
724.2130602418949 780.1271075633257 400
721.2667239638097 871.0924644158989 400
748.5314288954785 735.8811767476889 400
849.9565685591939 739.6150718483999 400
900.3186991573152 737.6329874053796 400
925.1288179348977 779.8275756214675 400
771.3130797798709 871.4399832072911 400
874.7771311812905 695.3623583091158 400
800 736.739953853207 400
773.953826642086 693.5067648016191 400
899.6135724369478 913.5984928118474 400
924.2658172046046 870.7889907838226 400
953.8356347827824 918.6571611423524 400
874.581720498799 956.9203297844689 400
900.6014261337913 826.1454663966342 400
747.4552978117865 914.6956343502054 400
694.5464590687478 919.0284430448852 400
923.4302493521776 691.7628586067374 400
725.658233956235 690.9861909953155 400
966.8924157185027 777.1870871242219 400
682.7119965171505 777.1774111404204 400
966.5188453773658 874.4905978254043 400
680.9350218103181 875 400
686.6025403784438 963.3974596215562 400
963.3974596215562 963.3974596215562 400
963.3974596215562 686.6025403784438 400
686.4072015263 686.4072015263 400
2 24 0 86
1592
1593
1594
1595
1596
1597
1598
1599
1600
1601
1602
1603
1604
1605
1606
1607
1608
1609
1610
1611
1612
1613
1614
1615
1616
1617
1618
1619
1620
1621
1622
1623
1624
1625
1626
1627
1628
1629
1630
1631
1632
1633
1634
1635
1636
1637
1638
1639
1640
1641
1642
1643
1644
1645
1646
1647
1648
1649
1650
1651
1652
1653
1654
1655
1656
1657
1658
1659
1660
1661
1662
1663
1664
1665
1666
1667
1668
1669
1670
1671
1672
1673
1674
1675
1676
1677
43.30127018922195 825 400
226.0251581195181 954.817683341352 400
375 956.6987298107781 400
268.0448531544916 697.5000440590804 400
427.1544364204516 699.5996984742031 400
556.6987298107781 825 400
174.230748895809 695.3297042212707 400
125.4086508806388 956.9346645067194 400
476.8019201944161 958.7579770365754 400
42.18481522075894 726.9337567297407 400
524.7881315359562 692.1658971157021 400
47.8956322329268 920.6942515961319 400
552.0481634650345 921.3174722542522 400
42.61885876326357 871.7741259232528 400
84.74151350035629 846.4359564236806 400
86.29236923209595 799.4059927372801 400
129.2427910230745 823.7888429727345 400
129.7419454525093 774.6991392850025 400
173.0679333135965 799.7479970429562 400
173.4420940958977 846.364151403704 400
216.8930364323865 823.7110946332172 400
216.5479406199406 774.7431819460289 400
259.8790003286829 799.7423794298744 400
260.2540064189266 849.1013155692891 400
303.1951854040445 824.8072824998607 400
303.1976712184012 874.8180996781916 400
346.4393405093319 849.9375636963421 400
346.4294070262833 799.9574743660338 400
389.7195024543414 824.9825063437294 400
390.3981326961771 776.1715122686119 400
433.1284971829733 800.1923364353903 400
433.0333462325689 850.0291404631866 400
347.6772503493197 742.8864825206191 400
476.3139720814412 825.0000000000001 400
477.7026913657554 771.5697398770515 400
477.6890029694446 878.4619388425764 400
430.4169819717113 899.9324399129498 400
254.6650932330325 906.7284125969727 400
301.7808963155009 921.4724181191896 400
259.8076211353316 750 400
218.6251770039433 725.1651441334982 400
389.9706090133254 873.7987595857168 400
348.6892966381709 907.7981402759565 400
43.06349917008686 775.2232915778368 400
175.2389681666928 956.4245445151972 400
199.9707327795319 914.1406825872727 400
150.6212071919028 916.565166714106 400
101.2333327821406 918.1916722370358 400
477.5344332681877 692.3384957717299 400
557.8244112342276 872.1311848778086 400
86.29816333692679 750.21036338831 400
129.1797464700961 725.6221426580789 400
173.5655819593158 749.2178848811392 400
81.32360934374657 696.123207458352 400
430.9086851193833 751.3547726660391 400
427.0410018701977 950.6848538744944 400
325 693.3012701892219 400
373.9393346946659 694.646090680992 400
558.8354507580233 777.663728157888 400
303.1088913245536 775.0000000000001 400
523.7078633673839 959.9522966785945 400
76.85669271235838 959.8696746602405 400
552.673475388623 729.1031074738476 400
502.9426748360111 729.5356599901495 400
502.5339937844592 921.0755408479438 400
517.787615037574 847.8437934554975 400
518.1719574763997 801.7679541923221 400
127.4563783389087 874.6998334390128 400
274.3232102509778 957.9688863220899 400
214.9010473908452 871.1212861446718 400
300.1894323179767 730.7369030918023 400
327.7410794350466 958.6099555477815 400
393.9552117252065 732.6909632020401 400
393.9134573052567 917.8775037229068 400
225 683.8142804950044 400
125.5067734646841 683.4731788887639 400
36.60254037844385 963.3974596215562 400
563.3974596215562 963.3974596215562 400
563.3974596215561 686.6025403784439 400
36.60254037844385 686.6025403784438 400
463.2584021152692 728.6423410670459 400
463.2637895270328 921.493923263065 400
521.6628749209237 886.9112105868954 400
521.790111127644 763.1133390994482 400
175.0000000000001 886.6025403784439 400
78.96160822816177 885.4638654522907 400
2 25 0 39
1678
1679
1680
1681
1682
1683
1684
1685
1686
1687
1688
1689
1690
1691
1692
1693
1694
1695
1696
1697
1698
1699
1700
1701
1702
1703
1704
1705
1706
1707
1708
1709
1710
1711
1712
1713
1714
1715
1716
625 575 400
625 625 400
575 625 400
675 625 400
625 675 400
625 25 400
975 625 400
625 975 400
25 625 400
625 75 400
625 125 400
625 175 400
625 225 400
625 275 400
625 325 400
625 375 400
625 425 400
625 475 400
625 525 400
525 625 400
475 625 400
425 625 400
375 625 400
325 625 400
275 625 400
225 625 400
175 625 400
125 625 400
75 625 400
625 725 400
625 775 400
625 825 400
625 875 400
625 925 400
725 625 400
775 625 400
825 625 400
875 625 400
925 625 400
2 26 0 71
1717
1718
1719
1720
1721
1722
1723
1724
1725
1726
1727
1728
1729
1730
1731
1732
1733
1734
1735
1736
1737
1738
1739
1740
1741
1742
1743
1744
1745
1746
1747
1748
1749
1750
1751
1752
1753
1754
1755
1756
1757
1758
1759
1760
1761
1762
1763
1764
1765
1766
1767
1768
1769
1770
1771
1772
1773
1774
1775
1776
1777
1778
1779
1780
1781
1782
1783
1784
1785
1786
1787
225.2292848411497 375.5328429060243 220.4262743248194
275 566.1873886999713 372.949910959977
43.32240822816163 463.2812500000005 290.6250000000003
171.648438277167 561.9420663693352 369.5536530954682
395.2598762136917 448.8196191770175 279.055695341614
305.9872766674637 397.7768992491813 238.2215193993451
135.1041194158793 352.1290875498056 201.7032700398445
375.4893377694497 566.3962826945393 373.1170261556315
453.5694940790576 497.5638326174979 318.0510660939983
43.46208745255251 541.5578884682499 353.2463107745999
44.41205780706574 383.6662535010194 226.9330028008155
476.9204200360518 563.0580870089935 370.4464696071948
52.94145017886905 331.5581233400642 185.2464986720513
425.3343461150873 566.1666423246141 372.9333138596913
398.5223085014252 534.5039197500506 347.6031358000405
351.6746008061544 533.1408708013676 346.5126966410941
375.0466948904968 501.6356166730413 321.3084933384331
328.7847319627546 500.7659337533304 320.6127470026643
354.3596184008624 467.1274935691867 293.7019948553494
306.1060361854782 468.3822240725546 294.7057792580437
281.8048259153013 500.1647245109239 320.1317796087391
258.7807553101679 467.9451680192883 294.3561344154306
234.4859466956691 499.7303275969203 319.7842620775362
211.3828061540049 467.2897185367465 293.8317748293972
186.9665533741767 499.1896502318637 319.351720185491
165.6511323946818 465.8107279293287 292.648582343463
138.937005658775 498.6839568899774 318.9471655119819
188.732735478815 435.3986418297812 268.318913463825
143.1465767025768 433.2360826070764 266.588866085661
167.6565222648306 401.6737689076901 241.3390151261521
119.8932112796028 404.6503226078166 243.7202580862533
92.53062542501067 437.7167536181067 270.1734028944853
327.0856416742931 434.6028831492203 267.6823065193762
206.6936057135546 531.7308784783926 345.384702782714
326.1496050034009 566.330116622778 373.0640932982224
441.4847119794288 531.1574760702846 344.9259808562277
43.01822341702299 423.8073386887039 259.0458709509631
94.04438016039202 474.3832786573855 299.5066229259084
57.2421924317334 500.7051644381327 320.5641315505061
88.77007520532598 535.9506477123509 348.7605181698808
235.8437873570248 436.2818814052705 269.0255051242164
282.3516785539452 434.6983150017932 267.7586520014345
255.1829535023892 404.7309157204417 243.7847325763533
119.1378452006819 567.1435451233634 373.7148360986907
179.0380135544225 365.5821239651334 212.4656991721067
355.0781453895701 405.0179270825877 244.0143416660701
93.8294234238096 341.5924007161115 193.2739205728892
425.1169715461673 471.6211394967711 297.2969115974169
304.7336914448015 532.2561575407896 345.8049260326316
256.2771701968549 532.3255036418218 345.8604029134575
226.8556046175933 566.4605991009635 373.1684792807707
166.2414338993559 525.8449062151121 340.6759249720897
75.17709980434864 568.3373161570541 374.6698529256433
213.0264845189947 407.4005372459668 245.9204297967734
525.2768367901756 572.7343583163358 378.1874866530686
79.07664929083785 404.9640346137982 243.9712276910385
95.52912852548712 374.9795046533443 219.9836037226754
509.6898174819013 543.9875341158853 355.1900272927083
482.013518373851 524.3639327465546 339.4911461972437
413.1718509105206 503.9738719887254 323.1790975909803
63.4988894042327 357.0525112732487 205.642009018599
36.61801624926142 571.4010300005765 377.1208240004613
268.4929852802513 377.1110686617226 221.688854929378
127.1513348705923 461.0126612743704 288.8101290194963
142.4180268260291 381.1142754676623 224.8914203741298
388.3783964938465 476.0717918580611 300.8574334864489
366.8586249792758 432.6528256383652 266.1222605106922
101.8358944218851 505.9559682906403 324.7647746325122
128.467961870613 535.8226107850993 348.6580886280794
30.78238708593204 353.4662741557044 202.7730193245635
195.6037571814582 387.3752323911469 229.9001859129175
2 27 0 25
1788
1789
1790
1791
1792
1793
1794
1795
1796
1797
1798
1799
1800
1801
1802
1803
1804
1805
1806
1807
1808
1809
1810
1811
1812
689.4121881495773 493.0354632212843 314.4283705770275
782.3582922257551 515.3881308449127 332.3105046759302
723.2030646095598 567.6325526838366 374.1060421470694
610.4155613566134 508.2245002026037 326.5796001620831
870.0992932914608 538.8608156217728 351.0886524974183
825 566.1873886999712 372.9499109599771
932.1250179217585 567.6264642768601 374.1011714214882
673.1296113815929 567.4456014354122 373.9564811483299
696.7091712028276 530.8695937418338 344.6956749934672
599.8352894903278 468.9612561757523 295.169004940602
774.0735223669179 569.3882770765979 375.5106216612784
645.190658035993 479.9968020801203 303.9974416640964
642.2534945743647 537.9100004244409 350.3280003395529
735.8129861968182 504.6484742404716 323.7187793923774
826.875426919739 528.3907270250263 342.7125816200211
550.1150716063423 455.7087946567837 284.5670357254271
514.6658714641255 435.1596160742138 268.1276928593712
970.3531140824656 555.0286513179021 364.0229210543218
751.3050289874016 538.4662375603277 350.7729900482623
877.1307568640688 571.6323630593338 377.3058904474672
794.3062702589128 543.1232231107035 354.4985784885629
570.9330545980192 487.249852319299 309.7998818554393
970.2179799974131 578.4957103083342 382.7965682466675
908.0439857657045 542.7138806087864 354.1711044870293
657.8662691400702 508.3553474999466 326.6842779999574
2 28 0 25
1813
1814
1815
1816
1817
1818
1819
1820
1821
1822
1823
1824
1825
1826
1827
1828
1829
1830
1831
1832
1833
1834
1835
1836
1837
689.4121881495773 543.0354632212843 314.4283705770275
782.3567488222383 565.3828776557625 332.30630212461
723.1313697454948 617.6072603886324 374.0858083109059
610.4155613566134 558.2245002026037 326.579600162083
870.0992932914608 588.8608156217728 351.0886524974183
825 616.1873886999713 372.949910959977
932.1250179217585 617.6264642768601 374.1011714214882
673.1176622375821 617.4413860528782 373.9531088423026
696.7024216182926 580.8449671458009 344.6759737166407
599.8352894903278 518.9612561757524 295.169004940602
774.0600298193901 619.3788085049136 375.5030468039309
645.190658035993 529.9968020801203 303.9974416640964
642.250378119607 587.9051934280131 350.3241547424105
735.8176701848648 554.6196811938589 323.6957449550872
826.875426919739 578.3907270250263 342.7125816200211
550.1150716063423 505.7087946567838 284.567035725427
514.6658714641255 485.1596160742138 268.1276928593711
970.3531140824656 605.0286513179022 364.0229210543218
751.2826200292299 588.4692251704789 350.7753801363832
877.1307568640688 621.6323630593339 377.3058904474672
794.2745226720594 593.1931443545051 354.5545154836041
570.9330545980192 537.2498523192991 309.7998818554393
970.2179799974131 628.4957103083344 382.7965682466676
908.0439857657045 592.7138806087866 354.1711044870293
657.865262401367 558.3523440721445 326.6818752577157
2 29 0 71
1838
1839
1840
1841
1842
1843
1844
1845
1846
1847
1848
1849
1850
1851
1852
1853
1854
1855
1856
1857
1858
1859
1860
1861
1862
1863
1864
1865
1866
1867
1868
1869
1870
1871
1872
1873
1874
1875
1876
1877
1878
1879
1880
1881
1882
1883
1884
1885
1886
1887
1888
1889
1890
1891
1892
1893
1894
1895
1896
1897
1898
1899
1900
1901
1902
1903
1904
1905
1906
1907
1908
225.2292848411496 425.5328429060243 220.4262743248194
275 616.1873886999713 372.9499109599771
43.32240822816178 513.2812499999995 290.6249999999997
171.648438277167 611.9420663693353 369.5536530954682
395.2598762136917 498.8196191770175 279.0556953416141
305.9872766674637 447.7768992491813 238.2215193993451
135.1041194158792 402.1290875498056 201.7032700398445
375.4893377694497 616.3962826945393 373.1170261556315
453.5694940790576 547.5638326174978 318.0510660939984
43.46208745255268 591.5578884682494 353.2463107745996
44.42817813493994 433.7619967747431 227.0095974197946
476.9204200360518 613.0580870089935 370.4464696071949
52.9414501788691 381.558123340064 185.2464986720512
425.3343461150873 616.1666423246141 372.9333138596913
398.5223085014252 584.5039197500506 347.6031358000405
351.6746008061544 583.1408708013677 346.5126966410942
375.0466948904968 551.6356166730413 321.3084933384332
328.7847319627546 550.7659337533304 320.6127470026644
354.3596184008623 517.1274935691868 293.7019948553494
306.1060361854782 518.3822240725547 294.7057792580437
281.8048259153013 550.1647245109239 320.1317796087392
258.7807553101679 517.9451680192883 294.3561344154307
234.4859466956691 549.7303275969203 319.7842620775363
211.3828061540048 517.2897185367466 293.8317748293973
186.9665533741767 549.1896502318638 319.3517201854911
165.6511323946817 515.8107279293288 292.6485823434631
138.9370056587748 548.6839568899775 318.9471655119821
188.7327354788149 485.3986418297812 268.3189134638251
143.1465767025766 483.2360826070764 266.5888660856612
167.6565222648304 451.6737689076901 241.3390151261522
119.8932112796025 454.6503226078166 243.7202580862534
92.54674575288479 487.8124968918306 270.2499975134645
327.0856416742931 484.6028831492203 267.6823065193763
206.6936057135545 581.7308784783926 345.3847027827142
326.1496050034009 616.330116622778 373.0640932982224
441.4847119794288 581.1574760702846 344.9259808562277
43.07246084090249 474.0469196212814 259.2375356970252
94.04438016039168 524.3832786573854 299.5066229259084
57.24219243173235 550.7051644381321 320.5641315505057
88.77007520532584 585.9506477123507 348.7605181698806
235.8437873570247 486.2818814052704 269.0255051242164
282.3516785539452 484.6983150017932 267.7586520014346
255.1829535023892 454.7309157204417 243.7847325763534
119.1378452006819 617.1435451233633 373.7148360986907
179.0380135544225 415.5821239651333 212.4656991721068
355.0781453895701 455.0179270825876 244.0143416660702
93.8294234238096 391.5924007161113 193.2739205728892
425.1169715461673 521.6211394967711 297.2969115974169
304.7336914448015 582.2561575407896 345.8049260326317
256.2771701968549 582.3255036418219 345.8604029134576
226.8556046175933 616.4605991009635 373.1684792807708
166.2414338993557 575.8449062151121 340.6759249720898
75.17709980434859 618.337316157054 374.6698529256432
213.0264845189945 457.4005372459668 245.9204297967735
525.2768367901756 622.7343583163358 378.1874866530687
79.09394490676328 455.0502481098032 244.0401984878426
95.52912852548681 424.9795046533442 219.9836037226755
509.6898174819013 593.9875341158853 355.1900272927084
482.013518373851 574.3639327465546 339.4911461972437
413.1718509105206 553.9738719887254 323.1790975909803
63.50211346980751 407.0716599279934 205.6573279423948
36.61801624926153 621.4010300005764 377.1208240004611
268.4929852802512 427.1110686617226 221.6888549293781
127.1513348705921 511.0126612743705 288.8101290194965
142.4180268260288 431.1142754676623 224.8914203741299
388.3783964938465 526.0717918580611 300.857433486449
366.8586249792758 482.6528256383653 266.1222605106923
101.8358944218851 555.9559682906398 324.7647746325119
128.4679618706128 585.8226107850992 348.6580886280794
30.78238708593219 403.4662741557044 202.7730193245635
195.6037571814581 437.3752323911468 229.9001859129175
2 30 0 48
1909
1910
1911
1912
1913
1914
1915
1916
1917
1918
1919
1920
1921
1922
1923
1924
1925
1926
1927
1928
1929
1930
1931
1932
1933
1934
1935
1936
1937
1938
1939
1940
1941
1942
1943
1944
1945
1946
1947
1948
1949
1950
1951
1952
1953
1954
1955
1956
587.2795829766138 640.1018272485799 349.823666381291
483.8126113000287 875 267.0500890400229
620.5605291118922 779.8812730861587 376.4484232895137
566.6666666666669 964.5322735927892 333.3333333333335
477.8868792036334 731.12357547531 262.3095033629067
618.0424535954556 876.0671628384096 374.4339628763645
485.5433713754996 626.4714178372968 268.4346971003997
500.7305384398626 963.2270120310055 280.5844307518901
532.6508329879634 580.3687798406011 306.1206663903707
617.5829689989521 670.4345975106868 374.0663751991617
581.7321287777078 687.694266979459 345.3857030221662
552.2106123371871 654.6418950322808 321.7684898697496
545.6526166989706 702.6483635669069 316.5220933591764
572.5469434936763 734.7390364525169 338.037554794941
537.7790162105508 750.9109875508501 310.2232129684406
562.9418647605178 782.5372380627455 330.3534918084142
528.2222590374278 798.3118314529527 302.5778072299422
556.2023862128532 829.8270203775094 324.9619089702825
516.4744365412029 668.6884934917158 293.1795492329623
520.4262508642397 846.2937381708782 296.3410006913917
546.3156123762491 881.1225622014149 317.0524899009993
487.9122486245681 815.3425121500925 270.3297988996545
589.4786939999758 806.4236229969658 351.5829551999806
615.9829156037738 927.4393298771324 372.786332483019
583.2798529150811 900.2338116157475 346.6238823320648
611.6434815270475 726.7163255679782 369.314785221638
482.4155225909848 575.1993524675938 265.9324180727878
600.0000000000002 963.0315449786355 360.0000000000001
533.4550897399772 962.9553703056542 306.7640717919817
516.6666666666667 923.9661269005243 293.3333333333334
482.2138808811774 924.1536455655198 265.7711047049419
559.0674093118438 609.7202205878008 327.253927449475
503.1233989656416 764.9894445583393 282.4987191725132
554.9528702829957 927.988981150998 323.9622962263966
525.1205704264415 626.0659642624862 300.0964563411532
481.4128156451338 678.8717047215266 265.130252516107
478.3976695907203 525.9571699429476 262.7181356725762
584.2852589735642 856.0110218097885 347.4282071788513
506.3740885795277 550.6037876825508 285.0992708636221
512.807223509653 717.6955502650196 290.2457788077224
622.4034959622588 826.1165622407266 377.9227967698071
513.637721632026 884.7402716818473 290.9101773056207
505.4659953882675 599.2689434465594 284.3727963106139
584.1764610937036 936.6451882430605 347.3411688749628
473.1971621802269 967.8599915718407 258.5577297441815
626.5299164540882 968.0941749711535 381.2239331632705
472.4043297635487 774.0127938909433 257.9234638108389
590.7621590724739 765.5468151514882 352.6097272579791
2 31 0 55
1957
1958
1959
1960
1961
1962
1963
1964
1965
1966
1967
1968
1969
1970
1971
1972
1973
1974
1975
1976
1977
1978
1979
1980
1981
1982
1983
1984
1985
1986
1987
1988
1989
1990
1991
1992
1993
1994
1995
1996
1997
1998
1999
2000
2001
2002
2003
2004
2005
2006
2007
2008
2009
2010
2011
539.9078758691651 640.5492197126545 351.9263006953321
413.9760011316305 832.5471114737659 251.1808009053044
415.2674662278048 740.2777777777778 252.2139729822439
560.7958514980992 883.7120426407195 368.6366811984794
567.9041474206672 778.2944842170012 374.3233179365337
413.9756731570085 645.664862529821 251.1805385256068
471.3858907801494 961.2426030796689 297.1087126241195
480.6687150440209 584.7727383002056 304.5349720352167
547.3550018211074 962.338514223786 357.8840014568859
413.1477458084042 933.1692621300081 250.5181966467234
412.2651197862951 550.9774108697644 249.8120958290361
568.5802918449011 670.4656224845844 374.8642334759209
533.3975148851873 686.0344274253798 346.7180119081498
505.9605355277836 652.6212242062298 324.7684284222269
496.681633887966 698.075183654616 317.3453071103729
471.5681017736587 663.4899528009494 297.254481418927
522.535103404028 731.0831826981309 338.0280827232224
486.8341059948791 743.5158838210695 309.4672847959033
511.4276776683145 776.7640373946624 329.1421421346516
477.5871395057531 790.059763892682 302.0697116046025
502.5652876546976 823.5343280048216 322.0522301237581
469.0168947438979 836.9599229010207 295.2135157951183
493.9482230698234 870.1598374360099 315.1585784558587
457.6516720922964 882.7752922351103 286.1213376738371
561.6722287596137 725.3126327450137 369.3377830076911
414.3463256688527 598.3621727292706 251.4770605350822
442.5640648909103 571.6630477713499 274.0512519127283
449.2235890162971 622.7578563538615 279.3788712130377
565.6614513245414 829.9252120871155 372.5291610596332
449.9642704268276 755.8553559194717 279.9714163414621
413.9545813454707 692.984263988444 251.1636650763766
529.7687122834675 853.5888248035022 343.814969826774
519.8468404242351 901.4942676054169 335.877472339388
415.2747199350741 784.6199497750046 252.2197759480593
420.3535351554838 884.5160322944664 256.282828124387
463.2574498553752 707.8278357718243 290.6059598843001
511.8397444202478 952.3756350382314 329.4717955361982
484.1298044471158 915.8319435511285 307.3038435576926
570.5590533802604 931.3543062532856 376.4472427042082
512.0831157013785 611.40734605209 329.6664925611028
447.3614413805749 923.8137502209188 277.8891531044599
409.4585969246539 504.6137380193243 247.5668775397231
483.9008114126277 627.0098235426672 307.1206491301022
436.0464751818604 964.0979964860843 268.8371801454883
445.1022943489725 806.428316447467 276.0818354791779
536.1026366857002 803.9029331495171 348.8821093485602
437.940433027917 528.472470606536 270.3523464223335
440.4301357681767 671.4215882042745 272.3441086145413
465.0843837876885 549.5116105881905 292.0675070301508
440.9262044934462 852.2876454211581 272.7409635947569
408.5373056651246 967.6913153054668 246.8298445320996
576.3605888180514 968.7385640954144 381.0884710544411
539.6149799998353 762.209049966972 351.6919839998683
434.9902116139715 715.8351983109025 267.9921692911772
542.0792983087899 926.254953152288 353.663438647032
2 32 0 59
2012
2013
2014
2015
2016
2017
2018
2019
2020
2021
2022
2023
2024
2025
2026
2027
2028
2029
2030
2031
2032
2033
2034
2035
2036
2037
2038
2039
2040
2041
2042
2043
2044
2045
2046
2047
2048
2049
2050
2051
2052
2053
2054
2055
2056
2057
2058
2059
2060
2061
2062
2063
2064
2065
2066
2067
2068
2069
2070
443.0363468886443 392.6925251550171 274.4290775109155
412.8144160088127 165.5767174851028 250.2515328070501
567.1921092413121 273.0860643087427 373.7536873930497
566.2928233293245 126.4211465371703 373.0342586634596
416.6751301769157 261.5782645035186 253.3401041415326
475.0518208485154 37.66449971081312 300.0414566788124
568.0825990651631 375.7158140829801 374.4660792521305
496.7990061893424 452.5278580261339 317.439204951474
544.9584817581464 36.18606393220011 355.9667854065171
417.707898752169 71.64744314649784 254.1663190017352
563.0592286198386 477.1913558939054 370.4473828958709
415.7966495777973 363.9973816574545 252.6373196622379
451.011841792345 349.7744696963802 280.8094734338761
476.9713281373168 378.213086122019 301.5770625098535
485.629131165731 335.8425644583932 308.5033049325849
510.0694841154123 365.3647292060239 328.0555872923298
520.7212313606166 321.1216948262058 336.5769850884933
494.64383846334 284.33134568234 315.715070770672
424.5273787324371 314.2932410343095 259.6219029859498
452.5518918270156 276.1639962059779 282.0415134616125
443.5843570498694 232.6175057566111 274.8674856398955
566.6076043257697 425.9698721674953 373.2860834606158
530.4117471659573 440.9812387893067 344.3293977327659
562.1231955467827 322.6087754282892 369.6985564374262
566.1873886999713 225 372.9499109599771
533.0374793090698 249.485119753784 346.4299834472559
532.8923006159891 200.6835652777743 346.3138404927913
500.3284510139108 226.5337533890789 320.2627608111287
499.961508764135 176.2390258547085 319.9692070113081
532.4693607576332 151.9430688994198 345.9754886061066
499.2572563918711 127.9360266736696 319.4058051134969
469.2833573996729 154.8677256832628 295.4266859197383
467.2784053401407 109.2150183112832 293.8227242721126
496.8043244943833 79.31792906165936 317.4434595955066
531.5106481336892 105.1136954362952 345.2085185069514
412.9875635326703 116.6756437916322 250.3900508261362
566.3069789004863 175.6746301190607 373.0455831203891
535.8430941913829 396.5001737493665 348.6744753531063
469.8263494076981 421.7645424738881 295.8610795261585
564.5603810221296 75.24911910090361 371.6483048177037
509.7222222222221 37.78698658083576 327.7777777777777
438.9670792772653 35.63121575208245 271.1736634218123
470.8039217863608 205.7524388052932 296.6431374290887
412.5476083712792 215.625 250.0380866970234
572.2316146596173 525.4198257750381 377.7852917276939
503.320168201185 409.2252713944563 322.656134560948
473.2745914032843 248.2061024749935 298.6196731226275
543.864868459217 509.8092486563342 355.0918947673736
539.8595763828203 354.5193817450479 351.8876611062562
524.0919195168369 481.8210613387243 339.2735356134696
442.1936162857672 183.8282612887924 273.7548930286138
535.5435707842242 290.1265999998723 348.4348566273794
455.4029818970398 71.36538246078521 284.3223855176319
409.8650034938165 33.97125546730584 247.8920027950532
440.1942868728048 137.4799258904081 272.1554294982438
461.2072366223967 313.702044896015 288.9657892979174
529.511211526114 66.73075882237882 343.6089692208913
574.2675651756015 33.75041249698634 379.4140521404812
438.7142272789649 101.2766827201213 270.971381823172
2 33 0 55
2071
2072
2073
2074
2075
2076
2077
2078
2079
2080
2081
2082
2083
2084
2085
2086
2087
2088
2089
2090
2091
2092
2093
2094
2095
2096
2097
2098
2099
2100
2101
2102
2103
2104
2105
2106
2107
2108
2109
2110
2111
2112
2113
2114
2115
2116
2117
2118
2119
2120
2121
2122
2123
2124
2125
512.7004763414584 409.893081123975 290.1603810731668
611.479693549653 124.008397662979 369.1837548397224
617.485198264235 274.6071445209034 373.988158611388
533.3333333333331 36.05255106145609 306.6666666666665
482.5298096940531 173.8811366811483 266.0238477552425
479.3551280446048 270.1324472920625 263.4841024356838
613.9050831799218 371.3841322422346 371.1240665439374
569.3214921714447 468.3127528388302 335.4571937371558
599.2863950806473 36.78483603266233 359.4291160645178
484.312519991018 72.74493714018809 267.4500159928144
613.0159843545398 472.90721079926 370.4127874836319
482.4137075540598 379.564553884739 265.9309660432479
518.2266667257941 362.3892842074856 294.5813333806353
550.7973173742895 392.7877007608409 320.6378538994316
555.4404553072574 344.9781946759265 324.352364245806
527.5268866297006 315.5427172686436 302.0215093037605
562.5515084530221 301.5846743144679 330.0412067624177
537.1606549910305 267.9265151440731 309.7285239928244
578.502186176794 255.257542825183 342.8017489414353
543.7823128390264 219.0903278334022 315.0258502712211
580.2474461520777 203.3146332464599 344.1979569216622
551.8892300304958 169.6014603918857 321.5113840243967
592.2656039466937 333.4636650854962 353.812483157355
483.6660535944268 124.8572621256117 266.9328428755414
516.2130284723172 106.3135049304796 292.9704227778538
616.6381595351954 422.2079054607578 373.3105276281563
516.8168767307162 148.407008290002 293.453501384573
488.3511529166582 323.369806946157 270.6809223333266
616.3934344433275 174.5429684322637 373.114747554662
616.0894346101375 224.3089487533346 372.87154768811
510.457724306418 243.3684146807132 288.3661794451344
501.2516136952073 34.30985769662033 281.0012909561659
566.547732513441 35.11870180247087 333.2381860107529
582.7888916639644 77.23712795383423 346.2311133311716
585.5782939422589 402.2193022934847 348.4626351538072
540.44038592929 440.2491956473926 312.352308743432
620.0596363523396 70.02839501293914 376.0477090818717
573.8631076555826 127.3082288109524 339.090486124466
547.3292278087341 95.00048348883976 317.8633822469873
620.2375980087072 523.3763863129802 376.1900784069658
513.4616290685218 196.5580579795252 290.7693032548175
591.9435863355096 504.3478414187854 353.5548690684078
621.6704478114676 322.9512195810634 377.3363582491741
479.3463644117392 223.0881019801725 263.4770915293914
586.562944125823 162.7417968112096 349.2503553006584
543.6051212031452 131.5861189176769 314.8840969625162
589.7050136300505 437.7383780661275 351.7640109040404
520.5285384881678 66.91360045935946 296.4228307905342
627.2025396199307 31.36264620912027 381.7620316959446
473.7794934039117 31.41095896736169 259.0235947231293
592.6319881940996 296.4514004246705 354.1055905552797
509.2461299733299 284.6084561817122 287.3969039786639
579.8504587364297 366.2987172586617 343.8803669891437
566.2549684772802 426.7709667833265 333.0039747818241
549.9999999999998 61.84095062123086 319.9999999999999
2 34 0 113
2126
2127
2128
2129
2130
2131
2132
2133
2134
2135
2136
2137
2138
2139
2140
2141
2142
2143
2144
2145
2146
2147
2148
2149
2150
2151
2152
2153
2154
2155
2156
2157
2158
2159
2160
2161
2162
2163
2164
2165
2166
2167
2168
2169
2170
2171
2172
2173
2174
2175
2176
2177
2178
2179
2180
2181
2182
2183
2184
2185
2186
2187
2188
2189
2190
2191
2192
2193
2194
2195
2196
2197
2198
2199
2200
2201
2202
2203
2204
2205
2206
2207
2208
2209
2210
2211
2212
2213
2214
2215
2216
2217
2218
2219
2220
2221
2222
2223
2224
2225
2226
2227
2228
2229
2230
2231
2232
2233
2234
2235
2236
2237
2238
225.2167690560216 433.6815740602852 195.0433538112043
345.1645072154503 785.2468891480577 219.03290144309
342.916902873172 645.4786774231035 218.5833805746344
40.06341941850528 739.4614870938943 158.012683883701
40.10213045909055 597.4715061444463 158.0204260918181
167.4815566930363 957.6328174445387 183.4963113386073
343.3510172930467 551.2518241154078 218.6702034586093
40.00979522262853 502.9972980735358 158.0019590445257
37.74596180069372 836.5619746358548 157.5491923601387
263.5416666666666 957.6811458488457 202.7083333333333
140.6047718123851 412.1694018634369 178.120954362477
346.0491888342473 879.3725020892339 219.2098377668494
310.8323711727512 446.2536546560398 212.1664742345502
73.89766370944538 958.9086209023081 164.7795327418891
35.49973717850153 416.8336344977877 157.0999474357003
39.17415746170127 457.1961278512878 157.8348314923402
79.57192206011067 479.508059984908 165.9143844120221
79.84202885849049 526.2085327877106 165.9684057716981
119.315306949706 502.6250079728224 173.8630613899412
119.6163717600044 549.1710374222696 173.9232743520009
158.9180799697459 525.78742825581 181.7836159939492
159.1947780328087 572.2253476907374 181.8389556065617
196.7211024529784 549.908975039808 189.3442204905957
197.9769119917138 596.7340771555572 189.5953823983428
159.2401118451381 618.9709982978457 181.8480223690276
198.950276881089 642.5135374137824 189.7900553762178
159.444532737355 665.953450044752 181.888906547471
199.3073929095995 689.2701003931589 189.8614785819199
159.6464417701665 712.9773474331305 181.9292883540333
199.6576858493453 736.4219855323602 189.931537169869
159.772094091637 760.1677779232004 181.9544188183274
199.9365689906603 783.6998794774734 189.987313798132
161.0272873258724 805.1398024108146 182.2054574651744
200.7181676626787 829.9805373414953 190.1436335325357
239.4576498757181 712.6480170264429 197.8915299751436
237.4747472409104 619.1474837630277 197.4949494481821
155.8672891054642 849.762383317452 181.1734578210928
240.5066579043335 807.0268312048219 198.1013315808667
241.1430027842101 853.8054243673912 198.228600556842
120.0169556130225 690.2730860380234 174.0033911226045
121.5261861360817 781.9172844665818 174.3052372272163
280.9375534165341 830.724082195782 206.1875106833068
157.6983095670694 482.0648946351553 181.5396619134139
276.4960048792959 782.6568123632187 205.2992009758592
281.1803604123932 878.4562142397667 206.2360720824786
240.3409447703273 908.2773667378982 198.0681889540654
71.61618746795892 430.8297920562479 164.3232374935918
117.9355470662209 451.4398549981183 173.5871094132442
79.93864724576009 573.3061738120647 165.987729449152
120.0461374606987 957.995133099404 174.0092274921397
96.29860222796532 917.9410504090639 169.259720445593
44.47340275644117 921.7313231150349 158.8946805512882
74.92227885369283 871.1802012678406 164.9844557707385
143.4355760808536 916.9813874075408 178.6871152161707
189.3869652837097 917.2816850403324 187.8773930567419
215.2289947767059 957.0261414615826 193.0457989553412
343.4013906534732 505.1600136730657 218.6802781306946
302.808178763749 529.4306338110721 210.5616357527498
304.3699799389235 574.3581138365151 210.8739959877847
267.8160711492602 551.1191513537168 203.563214229852
264.2127556644376 504.260638881428 202.8425511328875
343.2698578452332 598.2418373919176 218.6539715690466
304.8296218793053 620.8267948367021 210.965924375861
305.2522992782712 667.6677689852107 211.0504598556542
342.6284510649307 692.8855870030352 218.5256902129861
306.300811366506 713.3606924540218 211.2601622733012
196.3741275328489 502.8552559828428 189.2748255065698
311.1635756327055 960.698404052418 212.2327151265411
40.00950778130689 644.8148870179399 158.0019015562614
80.03623161007076 620.5410760958383 166.0072463220141
40.00003995507998 692.1122467799569 158.000007991016
80.10072286575776 715.0541862170475 166.0201445731515
344.6884929858522 737.8031177764058 218.9376985971704
39.98210029766162 550.1460613267691 157.9964200595323
39.65699936072883 787.1380000617073 157.9313998721458
84.76524636656562 814.6977085811524 166.9530492733131
112.5370300982542 847.5721641675543 172.5074060196508
239.0451914652932 665.5780213300294 197.8090382930586
346.518048439981 832.5347145689466 219.3036096879962
237.5934594893265 759.6970087243454 197.5186918978653
183.3360754149195 420.4333572633185 186.6672150829839
270.1348208968148 451.5369993237512 204.0269641793629
119.7322760645505 596.1206680585999 173.9464552129101
119.6749488401221 643.2364231686958 173.9349897680244
79.97306777755999 667.6719842195836 165.994613555512
120.7159307464244 736.6226657209359 174.1431861492849
80.18314967528107 762.1673632327703 166.0366299350562
338.7207657472254 925.7994993342961 217.7441531494451
235.5123909109932 475.2278203713404 197.1024781821986
287.4914036943282 921.5720662294929 207.4982807388656
192.1781869432494 459.7635678445467 188.4356373886499
202.8305908713186 874.0513099531292 190.5661181742637
98.62363110177671 396.809027949944 169.7247262203553
348.9290615196365 461.6537391504094 219.7858123039273
231.2777276180472 525.8403077837344 196.2555455236094
233.5702412204621 572.9715346106939 196.7140482440924
270.0313844557987 595.508160630984 204.0062768911597
270.7736200409423 642.6448820384816 204.1547240081885
31.42832868216556 878.5732712323174 156.2856657364331
308.3724126672406 758.6851605796043 211.6744825334481
271.7226269105561 689.6046514293237 204.3445253821112
302.7106761051848 486.7292683811888 210.5421352210369
310.4830086773671 806.7113523905812 212.0966017354734
273.3238275314405 736.1087237628261 204.6647655062881
310.7449192461551 854.4330993413623 212.148983849231
121.0241220467771 884.5241229882314 174.2048244093554
35.32231914279151 964.3720795260109 157.0644638285583
348.3170677848373 964.7195180688877 219.6634135569674
154.9314491776436 444.3185047543383 180.9862898355287
56.20553757998918 386.4076344991588 161.2411075159978
312.8373275868698 891.9266762468304 212.5674655173739
165.8339859047499 889.4084806421449 183.16679718095
127.4142860472058 817.6418405826795 175.4828572094411
2 35 0 57
2239
2240
2241
2242
2243
2244
2245
2246
2247
2248
2249
2250
2251
2252
2253
2254
2255
2256
2257
2258
2259
2260
2261
2262
2263
2264
2265
2266
2267
2268
2269
2270
2271
2272
2273
2274
2275
2276
2277
2278
2279
2280
2281
2282
2283
2284
2285
2286
2287
2288
2289
2290
2291
2292
2293
2294
2295
158.7179174485485 286.0732029481003 181.7435834897097
215.4293292220555 42.21743388170842 193.085865844411
336.396716181961 167.5285040410348 217.2793432363922
45.76537572677347 167.2473197737444 159.1530751453546
242.8559960489456 310.3023897697217 198.5711992097891
120.8222492117521 41.8647143203435 174.1644498423504
348.5669864493715 262.5175406023524 219.7133972898743
70.07257254659248 257.9696749514437 164.0145145093185
308.9867365517653 41.38890646784179 211.797347310353
43.05395662737567 75.24752060302055 158.6107913254751
328.8198386008141 330.285953404256 215.7639677201628
168.0166293088686 42.00661634505445 183.6033258617737
191.7569769400276 83.98350384961716 188.3513953880055
238.8474900461854 84.13113813470869 197.769498009237
215.1426681522436 125.564361291611 193.0285336304487
168.4709315934773 125.3837197282653 183.6941863186954
191.7151841535379 166.7171891550425 188.3430368307075
145.5011470678805 166.6086066064398 179.1002294135761
238.0505639476218 166.6323658747973 197.6101127895243
214.9962978175491 207.413086643044 192.9992595635098
260.1480397958113 207.0388131709334 202.0296079591622
121.9500014021603 125.4309036056223 174.390000280432
241.7119192718976 245.627716372572 198.3423838543795
283.4785959884296 248.0340624602061 206.6957191976859
97.91386299327733 166.6550067795643 169.5827725986554
122.758567173086 205.5821969951944 174.5517134346172
75.67043899490662 125.7649751741329 165.1340877989813
284.7030658233577 166.3900712691463 206.9406131646715
78.856587801565 208.8809070116556 165.771317560313
194.1415739604401 252.7038279450961 188.828314792088
262.8543207174309 42.72098941907359 202.5708641434861
285.956835121028 84.24520703199485 207.1913670242056
338.3455355494038 79.18397761506415 217.6691071098807
169.4346365460267 207.7779490037678 183.8869273092053
345.2019681585211 217.6857354967323 219.0403936317042
309.3770301667552 124.276400967038 211.875406033351
144.8830535302463 83.83567919505685 178.9766107060492
114.8584494556889 276.2129585331123 172.9716898911377
200.7091568699053 297.7999074211965 190.141831373981
262.012942209532 125.2065907615494 202.4025884419063
285.3496206541725 321.6833250759174 207.0699241308345
96.7963144739044 82.16283912061127 169.3592628947808
144.6390253792203 244.7733520041204 178.927805075844
73.15212117701915 39.03109262161465 164.6304242354038
38.16118890226946 220.7331400391022 157.6322377804539
303.9214120023213 206.9943173069316 210.7842824004642
32.89795426981115 121.5686297768462 156.5795908539622
312.1327895825602 283.7994098339903 212.426557916512
32.17702257828023 259.9366123736043 156.435404515656
104.0016795689183 239.4294957787208 170.8003359137836
349.196510610695 122.7876144833329 219.8393021221389
268.5801410602117 282.7265012686408 203.7160282120423
351.2372562598825 299.9039141014531 220.2474512519765
348.1024677509273 35.68176687236891 219.6204935501854
34.49020674908263 34.91148168571254 156.8980413498165
318.6603504362408 243.8062131400425 213.7320700872481
228.3904403729164 278.8584962491053 195.6780880745833
2 36 0 118
2296
2297
2298
2299
2300
2301
2302
2303
2304
2305
2306
2307
2308
2309
2310
2311
2312
2313
2314
2315
2316
2317
2318
2319
2320
2321
2322
2323
2324
2325
2326
2327
2328
2329
2330
2331
2332
2333
2334
2335
2336
2337
2338
2339
2340
2341
2342
2343
2344
2345
2346
2347
2348
2349
2350
2351
2352
2353
2354
2355
2356
2357
2358
2359
2360
2361
2362
2363
2364
2365
2366
2367
2368
2369
2370
2371
2372
2373
2374
2375
2376
2377
2378
2379
2380
2381
2382
2383
2384
2385
2386
2387
2388
2389
2390
2391
2392
2393
2394
2395
2396
2397
2398
2399
2400
2401
2402
2403
2404
2405
2406
2407
2408
2409
2410
2411
2412
2413
749.2991455127143 40.98310133882293 299.8598291025428
713.122754702027 422.3306855304381 292.6245509404054
492.4431370688575 224.684782222888 248.4886274137715
959.8092056771357 219.8992595123382 341.9618411354272
607.2688953317145 36.59269130882021 271.4537790663429
958.5361853874108 366.5382936996361 341.7072370774821
571.3927118911712 382.6973252322758 264.2785423782342
803.4712372007674 445.4530576027616 310.6942474401535
840.2157348276035 37.92836455608324 318.0431469655207
953.6447819571632 120.8968759990739 340.7289563914327
491.9786560155032 125.5836119131919 248.3957312031007
892.8176112076698 469.0411865239287 328.563522241534
493.0663880626059 323.740909818098 248.6132776125212
519.7473419708409 35.78643608571844 253.9494683941682
931.2500000000001 40.47890397066902 336.2500000000001
960.3636028675851 464.7837638900095 342.072720573517
492.232904844797 174.924096439558 248.4465809689594
534.3710034047317 199.7079891376645 256.8742006809464
534.6275690459945 249.9438940266649 256.9255138091989
576.1873440448301 224.7943284979519 265.2374688089661
575.864892228017 175.1296001286182 265.1729784456034
617.4232114644632 199.6004317223492 273.4846422928927
617.895996924982 248.0609344557149 273.5791993849964
658.4194848142652 224.0818961983811 281.6838969628531
658.4076346081797 175.2174649744316 281.681526921636
699.532629873088 198.9615611163736 289.9065259746176
699.6251234810128 247.9851744121874 289.9250246962026
740.8615551695345 222.6371982383957 298.1723110339069
741.2700866841798 271.0550228911962 298.254017336836
782.1185627426012 246.3133367070036 306.4237125485203
781.8075593063882 197.801633249235 306.3615118612777
782.5873622378074 294.6734987008707 306.5174724475615
823.4026034131274 270.0072222553979 314.6805206826255
823.7427014892606 318.1801785789897 314.7485402978522
700.5941397937484 295.4732155953686 290.1188279587497
862.1192632956397 293.7925177331513 322.423852659128
699.1411358174242 150.6782235045511 289.8282271634849
863.8166719970151 245.3639910876714 322.763334399403
864.8693642331065 340.8014740671185 322.9738728466213
777.3092649713494 348.3560316370067 305.4618529942699
658.2991741026607 127.0362345477052 281.6598348205322
698.4354388631207 103.5121074683485 289.6870877726242
739.7624210900789 126.9231261243371 297.9524842180158
905.5685327788964 269.2127924527448 331.1137065557793
659.2339513042936 82.56299461363659 281.8467902608588
618.7190812993028 105.6528454647048 273.7438162598606
903.8566398486298 220.7380398440308 330.771327969726
863.5404325386886 196.9790801715966 322.7080865077377
903.2792674213465 172.3950497891606 330.6558534842693
863.1908584442673 148.7739017121191 322.6381716888535
903.9811630476304 124.2794634854383 330.7962326095261
863.5159417230724 103.9871436316483 322.7031883446145
822.3082632910313 126.1925424978579 314.4616526582063
700.6178810354985 49.41636321670546 290.1235762070997
492.936305879333 274.5009955756239 248.5872611758666
534.6621603299852 299.918583351139 256.9324320659971
533.3005113325469 347.843629962144 256.6601022665094
576.2378991011099 325.2849499827805 265.247579820222
616.6167864486939 357.1366038237981 273.3233572897388
622.0356171616238 308.8530546089827 274.4071234323248
665.3236115405329 331.7022087413941 283.0647223081066
651.7497622987885 386.8298747184689 280.3499524597577
698.7975950382895 376.185072053621 289.7595190076579
576.6695054500583 276.4030039973213 265.3339010900117
534.141097410887 150.2013377871232 256.8282194821774
535.1496028827449 103.7893209816375 257.029920576549
576.1665747988601 127.2063616611873 265.233314959772
581.5254919648623 77.96709851972608 266.3050983929725
822.6468588409894 173.3949325383548 314.5293717681979
781.4197478411862 149.9598194727812 306.2839495682373
778.6208010149347 105.6362305160724 305.724160202987
658.3317589612362 275.9040461932294 281.6663517922473
958.6051820648295 170.8450993489938 341.7210364129659
740.4208415162833 174.4935936176123 298.0841683032567
822.911825916798 221.5780570380411 314.5823651833596
959.6031444043854 414.6954159852534 341.9206288808771
917.4607883054766 393.1901118026698 333.4921576610953
913.0236507801089 345.0876905035529 332.6047301560218
958.7974512811619 319.9429305317659 341.7594902562324
955.34254915774 270.2262254927421 341.068509831548
617.4800947502473 151.6404897498327 273.4960189500495
740.7292118648121 315.8126488236338 298.1458423729625
757.8530048937687 433.9762177535384 301.5706009787538
790.4648659464044 398.6219711987857 308.0929731892809
835.9109829959756 412.046519108986 317.1821965991952
745.3802300993758 388.891548611636 299.0760460198752
848.8425590482674 457.2642835955 319.7685118096535
794.7182148843228 37.82654508669646 308.9436429768646
885.522066915712 37.2881217086034 327.1044133831424
880.5902615147244 425.0693079115289 326.1180523029449
826.5427443681106 366.9367211550709 315.3085488736222
494.5613620622058 74.92727313123544 248.9122724124412
960.0244684685904 71.9239561223896 342.0048936937181
908.3333333333335 79.23790688598692 331.6666666666667
819.3880919229282 78.63817040345057 313.8776183845857
736.9399649016932 82.6940903761857 297.3879929803387
652.4710416939121 38.77236241871779 280.4942083387825
564.5833333333335 35.89624952955813 262.9166666666667
612.1185187943972 401.3744274215752 272.4237037588795
491.766369651799 370.0517947062934 248.3532739303598
923.1272931682124 441.7478323297989 334.6254586336425
873.0662986995837 380.5219707581545 324.6132597399168
924.1481019690502 304.2696849266733 334.82962039381
674.3308381325126 419.2424873579588 284.8661676265025
527.2507947485905 387.0719343070119 255.4501589497181
966.8249368815709 34.43892368173903 343.3649873763142
482.4818089951973 33.33112392178259 246.4963617990395
707.9596899058351 333.0570152745845 291.5919379811671
927.9283507094331 483.707207865403 335.5856701418866
770.8333333333338 67.5189800689929 304.1666666666668
930.9227140106454 148.0142321236622 336.1845428021291
931.6335653094743 195.8762615692777 336.3267130618949
931.7030289628237 242.243708998387 336.3406057925648
541.7330501927696 66.14116532192043 258.3466100385539
892.9965087044619 312.6616813507319 328.5993017408924
734.3774171523324 353.1554103248296 296.8754834304665
862.5000000000007 66.08355483888127 322.5000000000002
625.3006252401028 69.59141290578373 275.0601250480206
2 37 0 125
2414
2415
2416
2417
2418
2419
2420
2421
2422
2423
2424
2425
2426
2427
2428
2429
2430
2431
2432
2433
2434
2435
2436
2437
2438
2439
2440
2441
2442
2443
2444
2445
2446
2447
2448
2449
2450
2451
2452
2453
2454
2455
2456
2457
2458
2459
2460
2461
2462
2463
2464
2465
2466
2467
2468
2469
2470
2471
2472
2473
2474
2475
2476
2477
2478
2479
2480
2481
2482
2483
2484
2485
2486
2487
2488
2489
2490
2491
2492
2493
2494
2495
2496
2497
2498
2499
2500
2501
2502
2503
2504
2505
2506
2507
2508
2509
2510
2511
2512
2513
2514
2515
2516
2517
2518
2519
2520
2521
2522
2523
2524
2525
2526
2527
2528
2529
2530
2531
2532
2533
2534
2535
2536
2537
2538
698.9364600272063 956.8518765899305 289.7872920054413
737.2345476753673 562.9402337089684 297.4469095350735
962.5334089384794 788.1146584208839 342.5066817876959
492.4202103857451 775.2252649129041 248.4840420771491
875.8555036607445 599.3026330354407 325.1711007321489
842.1437922307028 962.3458278762607 318.4287584461406
492.5728030871707 625.7237240721413 248.5145606174342
647.0518100250457 539.9063806111146 279.4103620050092
612.0148456543435 956.2851367264745 272.4029691308687
965.5410133129276 696.3213961443525 343.1082026625855
962.716108264427 879.980161077018 342.5432216528854
492.0578756322304 874.116313298874 248.4115751264461
550.843286127687 519.9415389812775 260.1686572255374
519.8271084330837 964.0687571178125 253.9654216866168
934.415488779021 963.6692685855879 336.8830977558042
497.7849192942804 532.480071580891 249.5569838588561
492.1974643997646 824.7711827670562 248.439492879953
534.3977801571859 799.9993159064036 256.8795560314372
534.5625854291745 750.8077111607085 256.9125170858349
576.0741411916511 775.3535486987771 265.2148282383303
576.2393243217412 726.5391720841766 265.2478648643482
617.4444361970409 751.1584857687873 273.4888872394082
619.7847805263203 799.4783347929541 273.9569561052641
658.715782182522 775.3391058206757 281.7431564365044
658.7984497918942 727.360960298487 281.7596899583789
699.488778021204 751.6448237368693 289.8977556042408
699.718450760239 798.8118086354642 289.9436901520478
739.9626701973176 775.6607970978571 297.9925340394636
740.1916216620998 728.0354190458655 298.03832433242
780.3733665889577 752.1101304136026 306.0746733177916
780.1341360433034 799.4455856435205 306.0268272086607
820.3408144174646 776.0567280108048 314.068162883493
820.1895137306662 823.1507371123291 314.0379027461333
780.7307919748947 704.6008971744184 306.146158394979
780.0609052233478 846.633560430764 306.0121810446696
740.544550118101 680.4396122039348 298.1089100236202
778.8792384594656 656.9272440836132 305.7758476918931
821.7587851608092 675.8901504741282 314.3517570321619
860.0998754336065 799.8168570205306 322.0199750867213
859.8520979758248 846.6058793922946 321.970419595165
860.380771139839 752.8162506080001 322.0761542279678
534.9036453995234 701.7645509104935 256.9807290799047
576.5105569832069 677.8197567086748 265.3021113966414
899.6688482751996 823.4626643462623 329.93376965504
899.4054667159739 870.0245843833249 329.8810933431948
860.2762701468397 891.7824456106561 322.055254029368
741.7356279093003 634.9576838426733 298.3471255818601
700.2725450684594 656.5722247408028 290.0545090136919
781.6366642233761 609.222553817715 306.3273328446753
705.7428097540286 603.4967785927049 291.1485619508057
659.4706818020527 632.0756420743044 281.8941363604106
894.1051269587443 912.1164338817526 328.8210253917489
534.8105716240857 651.7831328353201 256.9621143248172
576.9729651226669 628.0164612859946 265.3945930245334
534.272660915796 849.1258008098803 256.8545321831592
535.4261812225682 895.655645576848 257.0852362445137
578.1631919767601 873.0854012478842 265.632638395352
575.0213256521893 919.8303914387654 265.0042651304379
618.5898778861199 902.9520613659895 273.717975577224
655.4188915215548 931.8515034604209 281.083778304311
666.4481665580332 878.7552938461167 283.2896333116067
619.9780021137254 849.6697794184666 273.9956004227451
492.6893087851378 577.3192662292071 248.5378617570276
534.5264952235444 602.9361859069666 256.905299044709
575.7108255806634 572.7091579842846 265.1421651161327
617.801181073997 606.6075522770317 273.5602362147994
576.8641761989613 824.2990752623565 265.3728352397923
900.0278832379355 776.6261114841479 330.0055766475871
898.3382875995248 730.3616524041339 329.667657519905
920.2865093480691 610.9979835832877 334.0573018696139
889.4186653319426 642.5163187938546 327.8837330663886
933.7546984817054 661.4037175974863 336.7509396963411
846.3640249861604 634.3660496171673 319.2728049972321
825.2956718085454 591.3405403975988 315.0591343617091
820.7125737585851 728.8643284983243 314.142514751717
739.9754390412019 823.0215578268321 297.9950878082404
741.2555655444154 868.395812271079 298.2511131088831
780.4028820400123 893.3333866844416 306.0805764080025
735.1430382160613 917.0571122680568 297.0286076432123
775.944255020792 942.5593268037451 305.1888510041584
699.8277982763722 847.1893241983346 289.9655596552745
820.9693886875177 922.397181303073 314.1938777375036
617.7382139317145 702.8540685431234 273.5476427863429
692.4023821847572 553.4850305113683 288.4804764369515
492.8018522655516 676.1788382084403 248.5603704531104
819.9283122833547 869.9863571648677 313.985662456671
963.0383093494706 832.403408915229 342.6076618698942
860.619354582434 707.0396516183563 322.1238709164869
699.8003606800992 703.950034437492 289.9600721360199
600.6861609044862 530.5830706373356 270.1372321808973
963.7678801970796 740.591708582415 342.753576039416
492.4480489133324 725.6627275320911 248.4896097826665
617.9999697220792 654.5034412480203 273.5999939444159
659.0133701660499 679.5527285570383 281.80267403321
890.6489147262154 956.4731367856381 328.1297829452431
494.6546440205988 924.9532059808837 248.9309288041198
656.4783850070877 583.6402286705866 281.2956770014176
962.239517283038 929.1983107106628 342.4479034566076
693.9893709123565 915.9381109043165 288.7978741824713
894.9379742628475 686.5177809899925 328.9875948525695
660.7144341656739 823.4330714287424 282.1428868331348
563.8744454702776 962.8339589727344 262.7748890940555
741.1714173194785 963.2936631323464 298.2342834638957
530.3109670022626 561.0772441365253 256.0621934004525
962.1955145669508 622.2774191052958 342.4391029133902
782.9571178722828 570.3608160000031 306.5914235744566
616.4014452026448 566.269987956995 273.280289040529
656.2499999999994 970.2616541562428 281.2499999999999
863.0088242393321 930.5800901993043 322.6017648478664
861.1013149208065 668.6143987841295 322.2202629841614
970.5420348600844 659.1849917168864 344.108406972017
968.2720455512804 967.6743259779278 343.6544091102561
929.1655859459207 894.1370032506229 335.8331171891842
928.3226192058765 848.5052062561813 335.6645238411754
926.4888799829515 800.2567748323876 335.2977759965903
482.6293627829875 966.2959250696327 246.5258725565975
927.7582351893336 754.9626103059793 335.5516470378668
805.0813848515905 966.192834782236 311.0162769703181
706.9002769692308 882.4461942303785 291.3800553938462
809.4630329305174 633.4608405871145 311.8926065861035
507.2256410843934 497.3593221124337 251.4451282168787
539.2958242067266 933.4839335503519 257.8591648413454
927.9772391857051 709.8496879030047 335.5954478371411
748.7630117798761 598.471440709828 299.7526023559753
922.1149267385879 931.1188306428529 334.4229853477176
2 38 0 38
2539
2540
2541
2542
2543
2544
2545
2546
2547
2548
2549
2550
2551
2552
2553
2554
2555
2556
2557
2558
2559
2560
2561
2562
2563
2564
2565
2566
2567
2568
2569
2570
2571
2572
2573
2574
2575
2576
151.3019400333546 37.83097981531282 130.2603880066709
157.6944953245381 228.6714974114985 131.5388990649076
37.16495266678211 112.6135556725441 107.4329905333564
257.5075748795642 126.4729037955805 151.5015149759128
74.50904569219662 205.0233969886459 114.9018091384393
233.8015445522685 36.12028048949381 146.7603089104537
66.77407772463772 44.83359154795617 113.3548155449276
253.0819788690784 220.2609124698942 150.6163957738157
257.7010705057656 175.1686941438185 151.5402141011531
217.1092031191384 151.048195837801 143.4218406238277
216.0520572464427 105.5458424515582 143.2104114492885
177.0068075874344 127.7698337136688 135.4013615174869
179.0539906321984 171.7054927934433 135.8107981264397
139.6309383651342 148.9107297214197 127.9261876730268
137.1150539159544 106.7286876742456 127.4230107831909
97.94935644935717 129.1183515585302 119.5898712898714
100.9418284989171 79.68388243268336 120.1883656997834
216.3792672195317 196.8431883238011 143.2758534439064
115.1879660827449 216.1931623102163 123.037593216549
34.32846043370054 154.9230881222164 106.8656920867401
174.3357106723726 78.81737374589851 134.8671421344745
110.8391365538648 38.60436856424586 122.167827310773
193.2398658763325 36.58112421914217 138.6479731752665
255.933837367848 73.94229109548718 151.1867674735696
33.33766084403524 69.14484576743499 106.6675321688071
106.5181210610407 176.3010648406029 121.3036242122081
205.7951749441816 236.449394514864 141.1590349888363
36.70482177913452 195.1276332899623 107.3409643558269
146.1331289211894 190.4728267629174 129.2266257842379
132.8885019126087 68.93347947616793 126.5777003825218
214.6726031430529 66.20138240031598 142.9345206286106
61.89330634988923 132.432136120088 112.3786612699779
65.94205515308735 93.39680584886491 113.1884110306175
246.0611450483664 254.9134899683802 149.2122290096733
29.32371668730525 31.89046957965526 105.8647433374611
269.3756478125947 32.01251431699619 153.8751295625189
68.57664209110594 168.4222967372866 113.7153284182212
185.5196400682286 205.8960708108927 137.1039280136457
2 39 0 112
2577
2578
2579
2580
2581
2582
2583
2584
2585
2586
2587
2588
2589
2590
2591
2592
2593
2594
2595
2596
2597
2598
2599
2600
2601
2602
2603
2604
2605
2606
2607
2608
2609
2610
2611
2612
2613
2614
2615
2616
2617
2618
2619
2620
2621
2622
2623
2624
2625
2626
2627
2628
2629
2630
2631
2632
2633
2634
2635
2636
2637
2638
2639
2640
2641
2642
2643
2644
2645
2646
2647
2648
2649
2650
2651
2652
2653
2654
2655
2656
2657
2658
2659
2660
2661
2662
2663
2664
2665
2666
2667
2668
2669
2670
2671
2672
2673
2674
2675
2676
2677
2678
2679
2680
2681
2682
2683
2684
2685
2686
2687
2688
761.6159216725164 372.90188749064 252.3231843345033
623.6496950042589 336.0107791712584 224.7299390008518
778.3979959848267 42.2316670203702 255.6795991969654
958.2676599862333 216.6381986355736 291.6535319972467
536.7585032219781 42.77930049148401 207.3517006443956
490.5690299691388 302.1797939743348 198.1138059938278
408.8160838178329 162.5057110851183 181.7632167635666
633.7444279234577 43.76975113741997 226.7488855846916
959.6614848966376 304.1683284548162 291.9322969793275
875.825787082524 45.73581305226736 275.1651574165048
856.801142685851 392.8285930296274 271.3602285371702
959.6626306585988 118.75 291.9325261317198
407.8677235162419 247.4115396696735 181.5735447032484
442.0785336692433 43.99798171206737 188.4157067338487
929.0779219442798 417.2013770425158 285.8155843888559
488.776686060888 42.87482814446673 197.7553372121776
512.4073754192043 85.24831146258512 202.4814750838409
560.3247125211683 85.56481847482036 212.0649425042337
535.8919273713921 127.5913330291341 207.1783854742785
583.4567707776064 128.2482806697756 216.6913541555213
558.8159280248426 169.8797213214393 211.7631856049686
606.5049683390881 170.6417657396752 221.3009936678177
581.9242721854587 212.1261447079162 216.3848544370918
629.6006338974061 212.9240326616244 225.9201267794812
653.9917457722665 171.4661263729133 230.7983491544533
677.0942735360056 213.7290198759502 235.4188547072011
701.4808164922525 172.2409107070671 240.2961632984506
724.4978947069656 214.5416998742951 244.8995789413931
748.9644725995491 172.9974825221669 249.7928945199099
771.9626772785235 215.2782173171012 254.3925354557047
796.3939940591569 173.8081967772166 259.2787988118314
819.3625128320383 215.9632951038876 263.8725025664077
843.7553383956972 174.5774253748128 268.7510676791395
700.0521260256492 255.9637785139289 240.0104252051298
795.0187327429436 257.316606141562 259.0037465485888
842.2061212590861 257.9876031177867 268.4412242518172
511.2316409006114 168.8715042390747 202.2463281801223
725.9223067808451 129.4437032976896 245.184461356169
818.0872069669109 298.2213821512575 263.6174413933822
864.9760710680689 299.6990025604992 272.9952142136138
820.7464714641771 132.2955036021456 264.1492942928355
868.1533511113237 133.1721996194722 273.6306702222648
605.321111101037 253.8139026832563 221.0642222202074
554.9418417439146 251.0751469876408 210.988368348783
889.1087615805177 258.8548877257213 277.8217523161036
771.191137077166 298.4734695299577 254.2382274154332
888.9964033552211 176.7398294730307 277.7992806710442
579.6930821025951 295.1318461113033 215.9386164205191
846.7927018135658 89.79513756239325 269.3585403627131
838.2979057872006 340.4608685662224 267.6595811574401
892.3832182100577 346.7709538323263 278.4766436420115
902.8286300322793 389.9765448878857 280.5657260064559
943.056319599337 370.8146872076883 288.6112639198674
892.8625388873587 91.5676013467633 278.5725077774717
926.2797865140054 47.97995414544383 285.2559573028011
608.4659725259 86.14045631951899 221.6931945051801
807.5129829063588 379.8476241035992 261.5025965812718
464.5482741544437 85.23510050239844 192.9096548308888
419.8013307948072 86.12614723378323 183.9602661589615
441.0857199371724 126.37962974692 188.2171439874345
488.2225737189868 126.8581494113223 197.6445147437974
460.754156663275 166.1567421318277 192.1508313326551
480.9878746997296 208.2926497539105 196.197574939946
434.2257542279725 205.5218242878753 186.8451508455946
453.3290192412683 245.1928745152936 190.6658038482537
501.0451276268454 253.5975964635787 200.2090255253691
531.4911141969004 210.6404605789267 206.2982228393801
827.1709085425625 44.36297681264801 265.4341817085125
799.3912901149819 86.8755362637913 259.8782580229964
752.1079377130529 86.24993110750185 250.4215875426106
652.7097779924243 254.5214787111735 230.5419555984849
669.7443471362106 304.2753602212066 233.9488694272422
722.913968251804 298.0897656132763 244.5827936503608
698.6558778496925 339.1675278064065 239.7311755699385
747.4939503437074 256.7081669459488 249.4987900687415
585.2951048377282 42.98434317679269 217.0590209675457
656.7438608424691 87.34493971288437 231.3487721684938
682.1144702740861 43.08632955692048 236.4228940548172
866.1067802461126 217.0551810711669 273.2213560492225
911.7914265388921 300.6445464438934 282.3582853077784
934.0287000355614 259.9606678152944 286.8057400071123
537.8844769712141 320.6526266790685 207.5768953942429
443.5766311564622 292.5286931815335 188.7153262312925
631.1671168539685 129.0248649236063 226.2334233707937
960.0295346681661 164.283355865272 292.0059069336332
910.5891581393525 218.788036921575 282.1178316278705
773.9210787886271 130.278392261752 254.7842157577255
918.236704221693 137.3190064548293 283.6473408443386
678.7977384837405 129.6984768656409 235.7595476967481
704.6229326909125 85.75939180869517 240.9245865381826
626.2236026673052 288.7506733796396 225.2447205334611
730.2243167942403 42.88788658224797 246.0448633588481
791.5983586375648 336.4665511911999 258.319671727513
964.012594299124 72.32574032910952 292.8025188598248
745.3931954341448 334.859812488347 249.078639086829
399.3364899821598 291.2023322845271 179.867297996432
576.3406889108514 337.3828599161355 215.2681377821703
661.823023789231 352.7466271870843 232.3646047578462
400.6072935766292 120.2403928512595 180.1214587153259
723.513951372223 369.9810836523168 244.7027902744446
403.3884359562662 50.43163801726226 180.6776871912533
531.7837792407977 282.7442170955233 206.3567558481596
931.0202376829709 333.6077514577263 286.2040475365942
932.210850916156 93.58846045522921 286.4421701832312
927.0266436324691 183.4794568086633 285.4053287264938
395.9203185363365 204.246398475483 179.1840637072673
971.6784508711316 261.0947102720577 294.3356901742263
968.3148864190362 33.56113889491064 293.6629772838072
965.3792292611043 411.841308088136 293.0758458522209
966.84272036266 343.5674329469896 293.368544072532
472.1299519984287 273.3747395336852 194.4259903996858
892.5398513451667 422.0493435996313 278.5079702690334
2 40 0 160
2689
2690
2691
2692
2693
2694
2695
2696
2697
2698
2699
2700
2701
2702
2703
2704
2705
2706
2707
2708
2709
2710
2711
2712
2713
2714
2715
2716
2717
2718
2719
2720
2721
2722
2723
2724
2725
2726
2727
2728
2729
2730
2731
2732
2733
2734
2735
2736
2737
2738
2739
2740
2741
2742
2743
2744
2745
2746
2747
2748
2749
2750
2751
2752
2753
2754
2755
2756
2757
2758
2759
2760
2761
2762
2763
2764
2765
2766
2767
2768
2769
2770
2771
2772
2773
2774
2775
2776
2777
2778
2779
2780
2781
2782
2783
2784
2785
2786
2787
2788
2789
2790
2791
2792
2793
2794
2795
2796
2797
2798
2799
2800
2801
2802
2803
2804
2805
2806
2807
2808
2809
2810
2811
2812
2813
2814
2815
2816
2817
2818
2819
2820
2821
2822
2823
2824
2825
2826
2827
2828
2829
2830
2831
2832
2833
2834
2835
2836
2837
2838
2839
2840
2841
2842
2843
2844
2845
2846
2847
2848
698.5240773957385 493.8827347690886 239.7048154791476
956.4553543601562 740.0868757070898 291.2910708720312
634.8598535344627 957.0414797978111 226.9719707068924
404.8518015092669 730.6764075348042 180.9703603018533
780.8918823016004 957.0460464974586 256.17837646032
828.3002214555357 527.8585845353466 265.6600442911071
407.9673036093524 585.8516212438185 181.5934607218704
559.9309071121796 452.7480013264179 211.9861814224358
537.6656409467859 956.8333561943186 207.5331281893571
412.7474382327927 828.5972492283795 182.5494876465584
962.8416028525869 643.8834507770715 292.5683205705173
956.4994222719995 827.5676254960078 291.2998844543998
877.5957982378397 957.3684593564894 275.5191596475679
408.0383275296422 488.4615384615385 181.6076655059284
921.6016823574314 545.9179975910447 284.3203364714862
443.7358702478894 957.8117728948589 188.7471740495778
964.0484034915173 927.9942237495151 292.8096806983034
470.157769204428 434.8936801095782 194.0315538408855
418.1176785868143 434.3433388033351 183.6235357173628
829.385516036603 957.1837103791956 265.8771032073205
805.1753075943658 914.3983443635059 261.0350615188731
756.9073715302191 914.2398449202885 251.3814743060437
781.0867417118437 872.7282405846727 256.2173483423687
733.0325669870496 871.7976573965341 246.6065133974098
758.8172717805298 831.4602482549996 251.7634543561059
709.5190379598832 829.5706075357081 241.9038075919766
735.2583081729731 788.4496602106844 247.0516616345946
685.888414883827 787.1696032304857 237.1776829767653
709.8474939469615 745.0988674007297 241.9694987893922
661.8893787539224 744.7174701785575 232.3778757507844
759.1617868655178 746.2465868734232 251.8323573731035
733.8088435832548 703.1814669741312 246.7617687166509
637.8650848559477 786.748749125163 227.5730169711895
614.1572146063504 744.4870106587862 222.83144292127
638.1071793562262 702.4741281709901 227.6214358712452
590.5390352925745 702.2899458553742 218.1078070585148
614.4914147534479 660.3843119644399 222.8982829506895
781.1926999313102 703.2686747653182 256.238539986262
590.0551115241705 786.5219037481338 218.011022304834
567.9295331299602 659.9147677876111 213.585906625992
806.574596263067 747.8276095122528 261.3149192526133
757.3652549010649 661.2973295091286 251.4730509802129
804.4991984402615 661.3555199129451 260.8998396880522
591.7539953423176 618.7401487009496 218.3507990684635
638.6579548518409 618.7730730160088 227.7315909703681
538.3584327517765 613.8691279324844 207.6716865503552
536.2258837792979 701.3283488083055 207.2451767558595
832.474305437765 875.5400948989491 266.4948610875529
615.6872379053243 577.2338761409175 223.1374475810648
613.7552427865571 828.7755999283441 222.7510485573113
565.9036382288609 828.5341073421899 213.1807276457721
780.9622729607262 619.675616946971 256.1924545921452
827.968182677806 619.808599414318 265.5936365355611
851.4426214374079 661.3077438248674 270.2885242874815
733.9068816005924 619.5414139793879 246.7813763201184
757.5060563547505 578.072922658358 251.50121127095
710.5359972082892 577.902196994116 242.1071994416578
542.1652591646589 786.2457698100636 208.4330518329317
517.9863091958506 828.2819868384834 203.59726183917
494.238407711602 785.941323341038 198.8476815423203
684.8939904618455 871.4924144177934 236.978798092369
588.9359952060787 871.1329914756138 217.7871990412157
874.0268938945262 620.3059120999155 274.8053787789052
895.9975504608727 662.5544218546789 279.1995100921745
874.6943759487956 704.9376637014623 274.9388751897591
468.4765684838958 828.2515288949772 193.6953136967791
493.1979460437288 870.352575722893 198.6395892087457
446.3221320914962 785.6747026513339 189.2644264182992
472.3088198743943 746.8596136955233 194.4617639748788
729.6509366653248 536.6620637662699 245.9301873330649
445.7705472991812 870.3919382966936 189.1541094598361
851.0565962862662 577.2822395270939 270.2113192572532
777.0889714220676 536.4175329310015 255.4177942844134
920.3946014440817 701.8666663309518 284.0789202888162
903.6432038072882 746.1279675975754 280.7286407614575
931.4349686126778 784.1881343882454 286.2869937225355
885.2572271173339 791.0685657312848 277.0514454234667
468.1951630904483 913.4422341909042 193.6390326180896
856.2676610075396 749.1857747801441 271.2535322015078
836.0679981340859 792.2402994836162 267.2135996268171
870.7227002853722 836.8288166227657 274.1445400570744
785.6889926733598 791.030256731093 257.1377985346719
662.0531764673736 576.9456485141765 232.4106352934747
639.2737157363277 538.750515869791 227.8547431472655
595.5004097237515 537.0892077392451 219.1000819447502
619.39106125756 501.0916611823853 223.8782122515119
686.2186378145366 619.1142950947641 237.2437275629073
853.8046983490606 914.8954477295038 270.760939669812
897.8458217303746 912.1403772895887 279.5691643460748
732.4159351227215 956.9883111831074 246.4831870245442
683.6253146557618 956.9909552611751 236.7250629311523
660.1628567746557 914.1226716149382 232.0325713549311
662.0550143403176 660.5978563650882 232.4110028680634
685.982973817533 702.8428207314112 237.1965947635065
407.962983424343 537.2320844320511 181.5925966848685
449.1984360965189 561.5538856009015 189.8396872193037
449.2351112139374 610.05763294249 189.8470222427874
491.5021552837312 586.3979886052028 198.3004310567462
490.5055070645597 537.482105303966 198.1011014129118
529.9932211942502 561.1542065925245 205.9986442388499
530.7063591208791 514.0751216701802 206.1412718241758
490.4927381016992 634.1887072745214 198.0985476203398
449.0374184009878 658.1565284765767 189.8074836801975
490.5296666440145 486.0547953339167 198.1059333288028
490.5493568163242 679.0188537670158 198.1098713632648
448.7469369586261 513.5139129892532 189.7493873917252
803.8137168595254 576.5192493355148 260.762743371905
586.1936592857777 957.084322798833 217.2387318571555
563.5672104487049 913.6258753515983 212.7134420897409
517.663030811196 747.0980690632797 203.5326061622391
877.3006263472853 536.6793943952927 275.460125269457
962.4608686008619 598.8744610384067 292.4921737201723
407.4216893013652 682.6351115266739 181.484337860273
829.1118588380637 704.647164416165 265.8223717676127
407.9662102624469 634.4880001237441 181.5932420524893
565.1342558630414 744.6618413239904 213.0268511726082
709.9754101281114 661.0647984966 241.9950820256222
708.5063392553756 914.2719757989728 241.701267851075
515.395864442523 446.2032039191018 203.0791728885045
661.5477575429776 829.0366832381588 232.3095515085955
962.3939799736442 880.0936415409205 292.4787959947288
916.3064330006374 865.5735303580553 283.2612866001274
636.7560560804461 871.515069142915 227.3512112160892
611.6015257423184 914.213635740482 222.3203051484636
490.3552965098053 956.6751441756339 198.071059301961
540.8671878289759 870.6485064174168 208.1734375657951
685.4915762667055 538.4548199658607 237.098315253341
425.8913588347627 917.6719622693097 185.1782717669525
920.7981364376783 620.6355939982603 284.1596272875356
927.6842189752059 952.5895105014205 285.5368437950411
515.6414074780748 913.5962820087941 203.1282814956149
450.7957012126069 709.5700496727437 190.1591402425213
962.8427868954368 690.3263348195189 292.5685573790873
571.3768175971214 575.5119226514271 214.2753635194242
894.3540036812215 580.9236376531264 278.8708007362442
650.1225346076951 474.701843056118 230.0245069215389
404.3954222939632 778.5224126841135 180.8790844587926
810.8096683371595 833.3046594293494 262.1619336674318
446.8691115584118 471.1236290434159 189.3738223116823
525.0971935654006 658.3543542932371 205.01943871308
961.2104723616183 556.3720386767199 292.2420944723236
877.6839449470496 879.4865272687982 275.5367889894098
570.2422783742697 497.2109003662885 214.0484556748539
401.5035699031934 883.3324138546193 180.3007139806386
747.7725102965626 498.1009418182255 249.5545020593124
912.0441502576042 821.0453345192718 282.4088300515207
969.8071498294125 785.8903912740183 293.9614299658824
601.3668036531805 462.2982522767923 220.273360730636
402.4866771584775 963.7215480628756 180.4973354316954
967.1706536571708 966.1302650203893 293.4341307314341
789.9185093404822 501.1890011435926 257.9837018680964
933.0632118676403 666.6799280201795 286.612642373528
531.8265404610161 477.6015916821706 206.3653080922031
558.2441087751138 537.1299342217924 211.6488217550227
931.0431314768333 581.0317604911916 286.2086262953666
494.3021797413998 717.6351470184669 198.8604359482799
436.8193560896408 751.7059829814275 187.3638712179281
662.5250792709414 511.5133966300912 232.5050158541882
934.7746613348269 905.0000000000001 286.9549322669653
391.2787417190908 926.9230769230769 178.2557483438181
2 41 0 90
2849
2850
2851
2852
2853
2854
2855
2856
2857
2858
2859
2860
2861
2862
2863
2864
2865
2866
2867
2868
2869
2870
2871
2872
2873
2874
2875
2876
2877
2878
2879
2880
2881
2882
2883
2884
2885
2886
2887
2888
2889
2890
2891
2892
2893
2894
2895
2896
2897
2898
2899
2900
2901
2902
2903
2904
2905
2906
2907
2908
2909
2910
2911
2912
2913
2914
2915
2916
2917
2918
2919
2920
2921
2922
2923
2924
2925
2926
2927
2928
2929
2930
2931
2932
2933
2934
2935
2936
2937
2938
149.3007484845203 964.1225763691596 129.860149696904
42.54155427955232 786.4665347136206 108.5083108559105
41.04504248774151 637.5 108.2090084975483
41.04504248774155 492.5 108.2090084975483
183.7584881184813 361.0646894271193 136.7516976236963
257.5396112195777 575 151.5079222439155
257.5396112195777 725 151.5079222439155
257.7358198034727 825.1545809212297 151.5471639606945
256.6715916618551 476.640678373131 151.334318332371
41.04504248774155 879.1666666666666 108.2090084975483
46.4176884908679 404.1289168745153 109.2835376981736
256.7550834141918 922.5861241788717 151.3510166828383
66.37112346913845 962.6608739444609 113.2742246938277
95.86606755771501 345.8193037830206 119.173213511543
47.44421254141078 331.6955193865541 109.4888425082821
257.7334758747185 874.6088462861713 151.5466951749437
215.8583220548734 850.0326711753053 143.1716644109747
215.6591424316666 800.6784669519363 143.1318284863333
173.9089211983973 825.4829949710559 134.7817842396794
173.7240985117276 776.4195259381555 134.7448197023455
174.5101105702348 874.267250853576 134.902022114047
133.2024783587041 849.9271500601611 126.6404956717408
132.7254366837678 895.9346317810648 126.5450873367536
87.86555088791917 872.8697691906901 117.5731101775838
89.66055269190241 821.6027562182869 117.9321105383805
89.54104065983751 922.1398529102639 117.9082081319675
216.1664828353735 899.4396469797923 143.2332965670747
215.995451019001 948.2290937587109 143.1990902038002
171.7725112661518 926.0495552813261 134.3545022532304
215.2438423330809 751.3658697175722 143.0487684666162
173.1671289247094 727.2939477526515 134.6334257849419
131.8651510144424 752.2260908247256 126.3730302028885
131.2667455219739 703.1587324023038 126.2533491043948
172.6757561640695 678.2007938223089 134.5351512328139
130.7397007232413 654.0693788285984 126.1479401446482
172.1971502590546 629.0580771771714 134.4394300518109
130.2428990028253 604.9822929213055 126.0485798005651
171.6352736931847 579.9241904767996 134.3270547386369
129.7243374507573 555.9279406363038 125.9448674901515
170.9921462851504 530.9522570352193 134.1984292570301
129.3398776999309 507.0673185740245 125.8679755399862
170.2777451419242 482.2576704949843 134.0555490283848
129.0668469620674 458.5524984856831 125.8133693924135
214.3445021018574 652.9864286936814 142.8689004203715
86.74480413344649 579.3902271248415 117.3489608266893
87.8943421074608 726.3111451947866 117.5788684214922
168.8079438609174 435.5186028795021 133.7615887721835
128.0965106193085 411.5999996540901 125.6193021238617
86.93424322774919 431.4210784267741 117.3868486455498
212.0458610143729 505.9784800788654 142.4091722028746
89.19401090900053 388.8738547748323 117.8388021818001
210.6997256752869 457.3219334649313 142.1399451350574
206.8249911636142 402.800524826219 141.3649982327228
256.9440781032088 526.0534166992896 151.3888156206418
256.7021768490075 420.606591840626 151.3404353698015
86.85926093750535 771.7173402325984 117.3718521875011
44.40664673097342 833.0668363372164 108.8813293461947
42.54666584445582 446.2549547066144 108.5093331688912
79.20014961291815 528.6376590103645 115.8400299225836
85.82547380790949 625.2500518554119 117.1650947615819
79.74110935782282 674.6179753647466 115.9482218715646
47.44144455429485 705.085553263533 109.488288910859
84.68880430581049 477.4055848672434 116.9377608611621
257.5396112195777 625 151.5079222439155
212.8467785070723 554.7690219316499 142.5693557014145
47.05693212517561 559.0801330437295 109.4113864250351
213.7316567010648 603.8852445716799 142.746331340213
257.7574531386979 775.3847855472663 151.5514906277396
257.7515082399693 675.3742847624773 151.5503016479938
214.5685169930951 702.3009354196141 142.913703398619
143.9984157873121 350.6926876019182 128.7996831574624
132.1803708027243 800.3771768758936 126.4360741605448
107.1428571428573 962.4193897375726 121.4285714285714
41.76583695952236 927.0357986185597 108.3531673919045
244.4194625875988 381.6162137047752 148.8838925175197
38.55121190036823 596.6082640529899 107.7102423800736
161.3012109815651 392.3208625484193 132.260242196313
38.3682480712318 742.6056076127679 107.6736496142464
250.664753571877 962.4632682968547 150.1329507143754
184.5565992967918 967.6802450818393 136.9113198593584
128.8407101405779 933.8577338173975 125.7681420281156
30.28056960000245 968.0467178543817 106.0561139200005
217.4564784922537 362.8298068376796 143.4912956984507
55.78439589979884 368.4368522971178 111.1568791799598
120.2798145632431 377.3677822376732 124.0559629126486
33.33714332908198 673.5228393802236 106.6674286658164
65.05436774875514 900.3030218465451 113.010873549751
276.0259111179743 375.859460632607 155.2051822235948
278.5714285714286 976.8042003466212 155.7142857142857
32.75801116806804 527.4816129983807 106.5516022336136
2 42 0 22
2939
2940
2941
2942
2943
2944
2945
2946
2947
2948
2949
2950
2951
2952
2953
2954
2955
2956
2957
2958
2959
2960
216.6666666666665 36.03824986394359 93.33333333333324
267.1376244072427 123.2829820685093 133.7100995257942
188.2381575826964 141.4172510021098 70.59052606615717
151.1340614395642 37.15482968365521 40.9072491516514
241.2595872914332 195.6089084413248 113.0076698331466
133.1068505552106 75.75117284386843 26.4854804441685
265.8139900402669 72.46600992038718 132.6511920322135
234.5117650470807 103.1666213287779 107.6094120376646
238.223650570114 148.2367752022138 110.5789204560912
161.593600250177 111.2985747890763 49.27488020014165
199.823207516331 96.78779037942381 79.85856601306484
248.7694713100066 34.25248202286117 119.0155770480053
183.5223435732605 34.32957773995813 66.81787485860845
270.9363566721152 221.0460463759067 136.7490853376922
171.5300105557572 69.48071413337814 57.22400844460579
269.5928698234842 173.0291186813258 135.6742958587874
213.8182092528478 170.6655347607751 91.05456740227827
230.4068963078529 66.15036451410032 104.3255170462824
123.5148490656216 32.58120050550474 18.81187925249731
276.250025603388 31.34369838864966 141.0000204827104
200.3898249239736 60.55733932616079 80.31185993917894
214.6761074177567 128.0983603393209 91.74088593420535
2 43 0 26
2961
2962
2963
2964
2965
2966
2967
2968
2969
2970
2971
2972
2973
2974
2975
2976
2977
2978
2979
2980
2981
2982
2983
2984
2985
2986
337.532374524475 115.5465683729043 150.02589961958
236.9791686965526 139.5881474111725 69.58333495724206
276.2324169426564 39.94530849293494 100.985933554125
288.7596283281462 193.7767644064545 111.0077026625169
204.8789158832074 39.53001887563954 43.90313270656585
337.4749873783531 203.6787184965335 149.9799899026825
183.9178571726965 77.77710893102136 27.13428573815717
240.4636218352592 39.75192096274947 72.37089746820735
258.3235121249708 77.02284573651094 86.65880969997662
295.1774093225569 74.90289717575882 116.1419274580454
275.4281021335804 119.5399485809277 100.3424817068642
222.4838579433657 75.43287365978868 57.98708635469255
312.1380330490977 37.5746208210127 129.7104264392781
338.5506830135443 158.7448278262003 150.8405464108354
263.1068311208491 164.754796961808 90.4854648966792
311.2420879630581 139.4743422963783 128.9936703704465
332.8224235071136 71.58351759311775 146.2579388056909
339.8588996750651 247.8663345427441 151.887119740052
209.6994405412847 113.3681176984529 47.75955243302772
313.1903099893628 223.8822033205159 130.5522479914902
339.9650308306216 33.93782850554115 151.9720246644972
175.8781221689337 34.26539556651234 20.70249773514692
315.7578838751413 180.8655156526269 132.606307100113
240.5155434368349 104.4234108726603 72.41243474946793
288.5727007418971 158.7407707832893 110.8581605935176
310.4404794901568 104.2094548038174 128.3523835921254
2 44 0 116
2987
2988
2989
2990
2991
2992
2993
2994
2995
2996
2997
2998
2999
3000
3001
3002
3003
3004
3005
3006
3007
3008
3009
3010
3011
3012
3013
3014
3015
3016
3017
3018
3019
3020
3021
3022
3023
3024
3025
3026
3027
3028
3029
3030
3031
3032
3033
3034
3035
3036
3037
3038
3039
3040
3041
3042
3043
3044
3045
3046
3047
3048
3049
3050
3051
3052
3053
3054
3055
3056
3057
3058
3059
3060
3061
3062
3063
3064
3065
3066
3067
3068
3069
3070
3071
3072
3073
3074
3075
3076
3077
3078
3079
3080
3081
3082
3083
3084
3085
3086
3087
3088
3089
3090
3091
3092
3093
3094
3095
3096
3097
3098
3099
3100
3101
3102
719.2005698173184 369.9691311500866 215.9753049200693
579.3788906558232 333.3024762032015 186.6419809625612
773.8963678094897 134.1311369596849 27.30490956774794
958.4104881009647 268.7500000000002 135.0000000000001
523.2829259208744 133.6523173769136 26.92185390153085
355.656767936393 251.1233113920935 120.8986491136748
622.6490546712268 133.5749649389821 26.85997195118564
808.8363913604276 391.6122295518677 233.2897836414941
496.6497151922614 318.1350845113285 174.5080676090628
875 133.8126113000287 27.05008904002297
424.5859157121527 133.6148263911252 26.89186111290013
956.2255235898765 338.5115905289568 190.8092724231655
297.2296634737488 202.6230504060136 82.09844032481092
957.2166836471504 198.5925445506444 78.87403564051552
894.5121787468561 422.8918035986884 258.3134428789507
326.9209273081635 132.8476818582345 26.27814548658759
395.9576329117725 294.4051034875057 155.5240827900045
250.7408718533236 154.4068654748349 43.52549237986796
959.62502241241 416.4452289293409 253.1561831434728
375.319925876857 133.2783991099418 26.62271928795344
399.8367032063285 166.4515438567899 53.16123508543193
448.3744552341539 166.8245476856649 53.45963814853194
423.973778996091 199.1288024688322 79.30304197506572
471.966571712616 199.6189636937973 79.69517095503784
447.5782008528278 231.339016226819 105.0712129814552
495.7163385401142 232.2444331246679 105.7955464997344
520.2694529437434 199.76229357099 79.80983485679198
544.284988820932 232.8709508031016 106.2967606424813
568.9206894111096 200.1230735093236 80.09845880745885
592.9737811857219 233.1198314886143 106.4958651908915
617.7002683497853 200.4513063480674 80.36104507845387
641.8031787285684 233.4654108428886 106.7723286743108
667.9733951501566 200.9766707984879 80.78133663879031
690.814875762777 234.0939357517504 107.2751486014003
665.8299719698439 266.6124076104603 133.2899260883682
714.5561028879474 267.0166755682936 133.6133404546349
739.3276291021675 234.2616709463725 107.409336757098
763.1739541273125 267.4055756681228 133.9244605344983
787.9973253737207 234.9054010001695 107.9243208001356
811.7220472634182 267.8950921153192 134.3160736922554
836.6047423042196 235.2646374244949 108.2117099395959
786.995577364151 300.3958712732509 160.3166970186007
835.329358260092 300.8806401129968 160.7045120903975
689.782710017205 299.5755414131531 159.6604331305224
813.6405369919194 202.5901994748045 82.07215957984359
861.6162606391481 202.4722765785572 81.97782126284577
568.5964813974847 266.0746766343449 132.8597413074759
885.0972944542384 235.7948478345334 108.6358782676267
377.0766334941736 198.5646864230167 78.85174913841337
813.5883788143881 332.1779213647566 185.7423370918053
859.2014589719713 333.5709341542349 186.8567473233879
883.5628160360632 301.409061834104 161.1272494672832
641.3029171421731 297.3738524262364 157.8990819409891
659.6723207273191 327.2140002542486 181.7712002033989
471.0549573797186 263.4895849815624 130.7916679852499
762.9863211809292 338.1051473222067 190.4841178577654
841.2111206858715 168.9004434001424 55.1203547201139
906.6247589736465 333.3733603819975 186.698688305598
883.327384016448 363.4997436730652 210.7997949384521
595.2532466762646 167.0987980356398 53.67903842851187
353.4374846524193 165.4259623226997 52.34076985815977
930.4682277496595 302.9180181024303 162.3344144819443
473.7530008480625 133.5971249923008 26.87769999384064
397.9052957364937 232.7989047074765 106.2391237659811
713.3536571466066 332.3911147362929 185.9128917890343
765.7639087941542 380.9307899310102 224.7446319448081
910.2611469360847 203.064388223123 82.45151057849841
302.653102384728 165.7750892369986 52.62007138959887
449.9600825280503 298.7261657398998 158.9809325919198
738.4747204540253 300.8149876635533 160.6519901308426
617.2396791939193 265.9414793494851 132.753183479588
593.5580790903018 298.2895536643638 158.631642931491
541.1108523973892 299.8731869739956 159.8985495791964
519.1734492129725 263.4651735075992 130.7721388060794
908.574066493888 268.9376027804283 135.1500822243426
922.96664334907 137.7508255309949 30.20066042479594
931.7541015066031 234.3982305647882 107.5185844518306
673.2684129039467 133.8729286814968 27.0983429451974
724.766053056754 133.8126341647022 27.05010733176172
746.6080199493241 168.2363372319084 54.58906978552671
695.0884450576481 167.9412765935019 54.35302127480153
959.8638795165859 376.9538098358119 221.5630478686494
860.4502161938432 399.9586932650514 239.9669546120411
860.1483874686533 268.3636470169794 134.6909176135836
325.608330024561 228.6808406560278 102.9446725248223
496.2747082211937 167.491058500101 53.99284680008081
886.5865465157685 170.3149975518945 56.25199804151556
823.625560431278 133.6168054022034 26.8934443217627
546.5001705288643 166.726179139558 53.38094331164643
423.6278517675261 262.7018998362313 130.1615198689851
572.9475662995384 133.5087099151823 26.80696793214581
645.322137134838 167.319324232696 53.85545938615677
765.1586161966978 202.4653877856295 81.9723102285036
717.4951635364619 201.3292131846084 81.06337054768674
837.7638412303961 363.5204192459396 210.8163353967517
961.6508648635902 158.5507745500323 46.8406196400258
626.3697324230251 350.5790037662528 200.4632030130022
227.4409045178127 127.669756125893 22.1358049007144
794.0233703440967 168.3233850423955 54.6587080339164
916.0800620308925 395.4825448869022 236.3860359095218
280.3360709570694 130.272346998017 24.21787759841365
671.2589248312245 364.4599394360366 211.5679515488292
533.4278916490946 332.7621495377051 186.209719630164
268.0413942090268 182.4776676902362 65.98213415218893
337.5646760997211 196.3330240959593 77.06641927676745
927.7363770623326 173.6547060813378 58.92376486507025
969.789735573831 306.2500000000002 165.0000000000001
361.5337955329004 223.5049565088786 98.80396520710286
970.5774151537654 231.666012865235 105.332810292188
963.7009951169809 127.9361828317227 22.34894626537816
925.0991797092365 360.6476129700689 208.5180903760551
616.9558773714036 320.7595114659351 176.6076091727481
385.5449332676665 266.7834093388727 133.4267274710982
494.9468392931567 287.5135302702466 150.0108242161972
798.7567539186989 360.9932134784435 208.7945707827548
926.9005954951745 430.1782011972721 264.1425609578176
2 45 0 116
3103
3104
3105
3106
3107
3108
3109
3110
3111
3112
3113
3114
3115
3116
3117
3118
3119
3120
3121
3122
3123
3124
3125
3126
3127
3128
3129
3130
3131
3132
3133
3134
3135
3136
3137
3138
3139
3140
3141
3142
3143
3144
3145
3146
3147
3148
3149
3150
3151
3152
3153
3154
3155
3156
3157
3158
3159
3160
3161
3162
3163
3164
3165
3166
3167
3168
3169
3170
3171
3172
3173
3174
3175
3176
3177
3178
3179
3180
3181
3182
3183
3184
3185
3186
3187
3188
3189
3190
3191
3192
3193
3194
3195
3196
3197
3198
3199
3200
3201
3202
3203
3204
3205
3206
3207
3208
3209
3210
3211
3212
3213
3214
3215
3216
3217
3218
718.4952496203437 420.8957326333073 216.7165861066458
577.7086474633434 383.6495746495202 186.9196597196161
771.3415862289029 182.6508839424823 26.12070715398582
955.0211429857327 321.180398246976 136.9443185975808
523.9243038183611 183.9724755969314 27.17798047754515
355.3063576843863 301.2124993396034 120.9699994716827
625 183.8126113000287 27.05008904002298
807.0819619227235 444.5174446505022 235.6139557204017
495.873743118283 368.2472069776223 174.5977655820979
873.1903739159038 185.2324295398036 28.18594363184289
424.2218283416288 183.7305337206247 26.98442697649976
955.4840227435658 389.6339063161305 191.7071250529044
297.0178188836563 252.5508629884738 82.04069039077905
958.4104881009648 243.7499999999999 74.99999999999996
894.0845562394959 464.6163286307591 251.6930629046072
326.5886476851165 182.7946016316581 26.23568130532652
395.7029695847305 344.478855753369 155.5830846026952
250.65369066883 204.4071869697385 43.52574957579083
959.5962469858134 466.4068926315222 253.1255141052177
374.8484988612667 183.3398393617433 26.67187148939463
399.2246400328602 216.4962051314577 53.1969641051662
447.7974205948056 217.1478365801711 53.71826926413689
423.0515158375525 249.3871576640154 79.5097261312123
471.009700723222 250.0810766909712 80.064861352777
446.4057949543412 281.7179042628146 105.3743234102517
494.359600447446 282.8656244285095 106.2924995428076
519.3313168868777 250.7103602962258 80.56828823698068
542.8515477676949 283.6755451191364 106.9404360953091
567.9226222500906 251.2158106474241 80.97264851793933
591.4864210175244 284.3931258387197 107.5145006709757
616.6696268370407 251.8198170511044 81.4558536408835
640.2854177988467 285.1004773087424 108.0803818469939
664.6537159764 252.8658412329499 82.29267298635995
688.1556339717661 286.2473149425525 108.997851954042
663.9766090931922 318.4659847596916 134.7727878077533
712.4655432412577 319.2072920157242 135.3658336125793
735.1358097552838 286.1258537692799 108.9006830154239
760.7937393351913 319.8312287061109 135.8649829648888
784.2628325278929 286.4345376079822 109.1476300863858
809.3484314023882 320.5801290260416 136.4641032208333
834.6190196128466 288.1303502809852 110.5042802247882
784.5239683269358 353.0111005165147 162.4088804132118
832.8885781285627 353.8812442726684 163.1049954181348
809.5334619552019 253.7934426276585 83.03475410212684
860.0354340993149 255.5288335171611 84.42306681372889
687.5229395081589 351.471143178478 161.1769145427824
566.3403276660591 316.836962622055 133.469570097644
881.8290979329315 289.9501939912991 111.9601551930393
375.3005604926039 248.8314487112568 79.06515896900544
810.8625766233309 385.1634672720663 188.1307738176531
857.0263738430098 386.5270276368013 189.2216221094411
881.2547684626576 354.7589315821831 163.8071452657465
638.7199757059039 348.7819168005258 159.0255334404206
658.7577957958101 378.1080741681192 182.4864593344953
469.9386053051163 313.6147076696879 130.8917661357503
837.8620854417165 221.8760847575666 57.50086780605327
760.0485083352725 391.7982533228131 193.4386026582505
905.0219124471985 385.8993788859924 188.7195031087939
881.1063897175668 420.5485903190016 216.4388722552013
928.598861192113 355.0884908103415 164.0707926482732
593.9609369205891 218.1660263821764 54.53282110574109
885.969875462037 223.1311348532882 58.50490788263059
923.2909583371563 188.3807302504231 30.70458420033845
473.6057816341878 183.83410130493 27.06728104394402
352.7245755494417 215.3882250421693 52.31058003373543
396.9603112018089 283.0457920770027 106.4366336616021
302.3576144093303 215.7057427046991 52.56459416375932
823.2004406194019 184.7062823744702 27.76502589957616
615.0985342073647 317.2222322795476 133.7777858236381
449.3278854184593 348.7785191457567 159.0228153166053
736.0599759979875 353.2325752733366 162.5860602186693
788.8118773446281 218.3915599306229 54.71324794449836
739.7791690264362 215.5536291740433 52.44290333923467
761.174782239834 252.5889220978452 82.07113767827613
517.9486015702483 313.7261324142357 130.9809059313885
539.9367514019067 349.6927517987962 159.754201439037
904.5954217102303 322.9295747252984 138.3436597802387
672.0389420808065 183.6167134954667 26.8933707963734
959.907765771602 427.2159986230882 221.7727988984706
913.2222897241955 259.3534859296935 87.48278874375481
591.2960050447062 348.4632037591526 158.7705630073221
850.2579238910754 452.9064304821217 242.3251443856974
857.6194689076765 321.7541347078945 137.4033077663156
763.7333448584387 432.2052564428311 225.7642051542649
958.2351369182188 280.2510871726768 104.2008697381414
325.3463187203355 278.5475137443 102.83801099544
707.7907468230436 384.6521593615315 187.7217274892252
642.8178441934137 218.8501301456746 55.08010411653969
690.4309269775132 219.8252131084289 55.86017048674316
496.0403812554341 217.8602495286789 54.2881996229431
573.8293805385335 183.2848552889512 26.62788423116096
545.8348236116477 217.5349629567313 54.02797036538505
422.443138560642 312.4405229944633 129.9524183955706
625.6769130287771 400.2931940853606 200.2345552682885
835.9413021333335 416.9228859591343 213.5383087673075
227.426374320397 177.669809708377 22.13584776670157
713.2216729912055 252.2011290541833 81.76090324334665
962.4863554309311 207.5812235250348 46.06497882002785
720.5984373856098 183.6077399534036 26.88619196272286
922.6195926703595 442.1273776181084 233.7019020944867
280.2917634388264 180.2649337520569 24.21194700164557
532.7038283967064 382.8179066851877 186.2543253481502
673.7736072288266 411.5952033315745 209.2761626652596
267.92249145903 232.449425199249 65.95954015939921
968.6468862772558 356.2499999999999 164.9999999999999
922.5806178542618 294.7329480131888 115.786358410551
336.9836754220198 246.0832515490752 76.86660123926012
795.5335387746198 414.1214615294695 211.2971692235756
928.6759934110569 224.4393149116879 59.55145192935033
362.3955641964433 274.2573312726078 99.40586501808622
967.1554627536175 176.6923907550916 21.35391260407329
613.6043164205665 371.4956501923145 177.1965201538517
925.727095265454 411.9184472058108 209.5347577646487
384.998716702545 317.0085774635629 133.6068619708503
493.8097372427069 337.5717487126054 150.0573989700843
927.9954284115012 480.2724141644838 264.2179313315871
2 46 0 86
3219
3220
3221
3222
3223
3224
3225
3226
3227
3228
3229
3230
3231
3232
3233
3234
3235
3236
3237
3238
3239
3240
3241
3242
3243
3244
3245
3246
3247
3248
3249
3250
3251
3252
3253
3254
3255
3256
3257
3258
3259
3260
3261
3262
3263
3264
3265
3266
3267
3268
3269
3270
3271
3272
3273
3274
3275
3276
3277
3278
3279
3280
3281
3282
3283
3284
3285
3286
3287
3288
3289
3290
3291
3292
3293
3294
3295
3296
3297
3298
3299
3300
3301
3302
3303
3304
307.3717640002642 360.9866599453768 125.8974112002114
332.2793683250508 830.5271590303116 145.8234946600406
336.0486940062156 685.7180992957497 148.8389552049725
333.9921825036752 543.3454627937498 147.1937460029401
183.6640787875602 474.2027283045975 26.93126303004817
183.5044220670612 625.6304670909328 26.80353765364895
182.6623323677773 775.0958029971712 26.12986589422181
184.2085090480196 872.5497512708218 27.36680723841572
276.2383847757916 952.5220706594689 100.9907078206333
182.4572472346654 375.0417404652219 25.96579778773228
332.9822754640252 439.3896569891393 146.3858203712202
252.9696812755857 299.3954452706777 82.37574502046861
203.839771858288 961.5693979638752 43.07181748663038
335.083754633235 927.6082813322867 148.067003706588
186.9536038659609 273.0497903383391 29.56288309276874
335.7694281726642 389.7781227038871 148.6155425381314
301.6707316306357 409.5681918722477 121.3365853045085
273.7519557985054 380.1520223431122 99.0015646388043
267.4847324472898 424.9209444546512 93.98778595783182
240.324327543448 390.9823703049871 72.25946203475841
294.3214101066264 458.5652267792312 115.4571280853012
253.5100964387493 469.3066423477774 82.80807715099941
283.5961678627884 504.9602072949434 106.8769342902307
248.5497082417932 520.9938465901316 78.83976659343456
274.4301153408801 553.853564371588 99.54409227270412
243.3213218331819 572.608710303355 74.65705746654557
267.9233272801613 602.6988786331356 94.33866182412902
214.3198615931284 544.5369649323131 51.4558892745027
305.4154828320684 586.6047543070363 124.3323862656548
295.2000496025929 636.1279020809886 116.1600396820744
258.4626257803952 650.1789130656123 86.77010062431617
285.3976711986261 683.6769258810637 108.3181369589009
248.6608997608492 695.6330553990923 78.92871980867942
275.7128460131414 731.004691954558 100.5702768105131
241.1204611768605 744.1084280861145 72.89636894148842
268.2901017410679 779.5305710089945 94.63208139285432
212.5564465910708 712.0754080685188 50.04515727285661
302.9001967847778 758.8174918777723 122.3201574278223
234.2381070390755 790.9291836254251 67.39048563126045
259.8741687318528 827.3445811077244 87.89933498548221
219.120583680961 840.2935211006076 55.29646694476884
250.6096709910643 875.2048846471375 80.48773679285146
292.7129323083263 863.4285135512807 114.1703458466611
273.8836658105895 904.6335628994146 99.10693264847164
244.4769599867813 920.002784480244 75.58156798942507
325.9553112916486 494.4226040591498 140.7642490333189
245.87466972063 341.6446344170711 76.699735776504
182.828289321286 324.739049391503 26.26263145702879
218.4583511376291 309.5250460243765 54.76668091010325
296.9072719304754 812.4200161277842 117.5258175443803
333.513076524792 881.2337558540141 146.8104612198336
181.8851251038488 424.8848041652626 25.50810008307906
214.7933358528033 448.6733729169225 51.83466868224262
183.7787860727232 825.075027983654 27.02302885817858
182.0992029661144 677.1176458599086 25.67936237289155
219.602225286075 653.4933764690122 55.68178022885999
182.0057009119741 574.8125344308648 25.60456072957928
331.1594471898977 632.775037192853 144.9275577519182
335.9641143648552 734.0893914914151 148.7712914918841
280.6431688791512 328.995203038192 104.514535103321
185.0387883684971 923.8012227366588 28.03103069479769
313.6562873671537 960.0676827760145 130.925029893723
214.109690249053 598.4956464294651 51.28775219924241
217.1409766554158 890.4615107528475 53.7127813243326
177.2666358056841 224.7206300783948 21.81330864454733
212.5907528682561 355.0074604144907 50.07260229460489
337.8764874887299 780.7692307692307 150.3011899909839
237.6168425823697 961.3908269119297 70.09347406589575
179.8127372297818 725.9938167478612 23.85018978382545
340.0508651876055 586.6164282690546 152.0406921500845
218.8026133433509 495.2130052236263 55.04209067468069
179.5303210235783 524.5125829902212 23.62425681886268
206.0195780686642 240.2962146630373 44.81566245493137
225.6640912801956 268.6416382716274 60.5312730241565
210.7721374846394 402.9878491038085 48.61770998771156
307.0734079378733 711.3645727388293 125.6587263502987
209.3887451746168 754.2491460822951 47.51099613969349
303.461809771092 537.7745976339074 122.7694478168736
305.1778417544076 913.3478388800427 124.1422734035261
340.7216039262578 966.0504299771924 152.5772831410063
175.8781221689337 965.7346044334876 20.70249773514693
216.6459453069996 929.9731903309593 53.31675624559971
241.5868329086023 618.7473229632351 73.26946632688187
204.4478891696555 799.2968055764068 43.55831133572437
309.890765327942 665.8462995379911 127.9126122623536
239.6466932931507 430.3542537585988 71.71735463452058
2 47 0 79
3305
3306
3307
3308
3309
3310
3311
3312
3313
3314
3315
3316
3317
3318
3319
3320
3321
3322
3323
3324
3325
3326
3327
3328
3329
3330
3331
3332
3333
3334
3335
3336
3337
3338
3339
3340
3341
3342
3343
3344
3345
3346
3347
3348
3349
3350
3351
3352
3353
3354
3355
3356
3357
3358
3359
3360
3361
3362
3363
3364
3365
3366
3367
3368
3369
3370
3371
3372
3373
3374
3375
3376
3377
3378
3379
3380
3381
3382
3383
237.2795829766141 340.10182724858 109.8236663812913
131.1713024816647 869.8098272849852 24.9370419853317
270.7275790403272 479.942471651919 136.5820632322617
264.8415782236605 570.6469433276972 131.8732625789284
130.9485517000662 674.3604643136518 24.75884136005295
133.3588896241182 774.8874467878935 26.68711169929453
216.6666666666669 963.0315449786353 93.33333333333348
135.4795977729235 524.300473752354 28.38367821833876
270.9740709494084 723.4589376562693 136.7792567595267
266.1836774146213 825.1127469142832 132.9469419316971
129.3887926604472 424.1784555430916 23.5110341283577
135.5433713754998 326.4714178372969 28.43469710039977
150.7255274811351 963.2235059580654 40.58042198490803
265.7447947699883 927.3964957964407 132.5958358159907
182.6508329879638 280.3687798406013 66.12066639037106
267.5829689989523 370.4345975106869 134.0663751991618
231.7321287777081 387.694266979459 105.3857030221664
202.2106123371874 354.6418950322807 81.76848986974989
195.6515856246704 402.6501482652164 76.52126849973625
222.5469434936764 434.7390364525166 98.03755479494113
186.4844926350501 452.2255244468746 69.1875941080401
212.8169993995435 482.9765482008982 90.25359951963478
166.4743939665961 368.6886886313609 53.17951517327687
176.8458103162743 500.4652075958746 61.47664825301945
205.7110458919313 531.9282929724535 84.56883671354498
168.8963642723689 549.7520155591332 55.11709141789514
197.8874469658752 580.8832853012821 78.3099575727001
164.0106998761658 600.8420137509497 51.20855990093258
191.9674398700301 630.3594182260942 73.57395189602404
233.597094558318 609.8901089064167 106.8776756466544
220.2963564782409 662.2417630929637 96.23708518259268
183.809192463844 678.6803871517491 67.04735397107521
211.9895991904824 711.8069035727615 89.59167935238594
174.933047464957 724.5304405092087 59.94643797196559
199.6835675447554 764.3735801480987 79.74685403580432
257.352994256799 648.0795184960863 125.8823954054392
141.932295650541 467.2026928771194 33.54583652043275
266.3937797735412 875.5420012550103 133.115023818833
232.8806409538335 850.7370974085379 106.3045127630668
233.4202232635408 798.5646096695355 106.7361786108326
199.7146701153385 819.6375209581554 79.77173609227081
199.3515026080159 868.5414706101493 79.48120208641269
169.5011421993437 791.685200036339 55.60091375947495
163.4217521405106 840.3842297063841 50.73740171240847
233.3330401445065 896.4736704158508 106.6664321156052
261.6660641788405 426.7273465122297 129.3328513430724
132.4155225909848 275.1993524675938 25.93241807278785
242.8463127598292 516.9617996259449 114.2770502078634
267.9898381197015 774.4207445018765 134.3918704957612
136.499982748371 725.4802689225769 29.19998619869678
248.7579387649604 965.5700072168335 119.0063510119683
183.3333333333335 963.0315449786352 66.66666666666674
166.8404889402478 930.7218573056449 53.47239115219818
131.1560027065832 924.4833722973922 24.92480216526655
209.0674093118442 309.7202205878009 87.2539274494753
201.4347782860774 920.8608864318403 81.14782262886189
131.8390271898483 624.7296140450017 25.47122175187857
175.1205704264422 326.0659642624864 60.09645634115369
131.5405538261012 378.2812713276693 25.23244306088095
128.3976695907204 225.9571699429477 22.7181356725763
132.6761992928105 572.9471779799886 26.14095943424838
228.9766956799228 562.0620860267588 103.1813565439383
166.2813094299422 885.4191062484736 53.02504754395375
238.2068778494358 745.2476208908352 110.5655022795486
132.9088477409395 821.1277839692669 26.32707819275161
246.6876553616487 691.026549052541 117.350124289319
156.3740885795279 250.6037876825509 45.09927086362232
160.0109311838083 651.0201921468515 48.00874494704661
161.8841667599808 417.3556214786379 49.5073334079846
275.6830940047634 523.5102429211122 140.5464752038107
271.5120701887247 613.1892851127957 137.2096561509798
275.2303925065785 681.032013578943 140.1843140052628
155.4659953882676 299.2689434465598 44.37279631061404
233.1874437264399 934.6665209679201 106.5499549811519
123.1971621802269 967.8599915718407 18.55772974418151
276.2338800403231 968.5933006026548 140.9871040322585
157.3629541198923 693.9171611156754 45.89036329591379
240.6279058969459 466.3159445714732 112.5023247175567
159.8168744501392 757.1107414644512 47.85349956011135
2 48 0 16
3384
3385
3386
3387
3388
3389
3390
3391
3392
3393
3394
3395
3396
3397
3398
3399
33.59467034268607 226.8341510257359 61.46732082058875
140.1351410599252 237.6342558486751 70.10740467894014
74.56589005200648 265.1786204448801 92.14289635590409
74.81832792042552 181.5933166062991 25.27465328503933
166.6287327911977 285.7272872317511 108.5818297854009
111.692345555669 210.3779867157051 48.30238937256411
123.4009710025809 270.011047734521 96.00883818761682
34.62579110224964 197.6293895576142 38.10351164609143
68.73103189389462 212.5000000000001 50.00000000000006
208.5303840366283 301.4394491495428 121.1515593196343
240.9552023580682 318.6555764921409 134.9244611937127
35.99958115190938 255.7424649073646 84.59397192589174
97.25086053728282 238.9466071671779 71.15728573374234
62.02840679555585 239.8403687090317 71.8722949672254
31.88882380453504 172.0945412327827 17.67563298622616
166.1516634028563 257.2915149038849 85.83321192310792
2 49 0 16
3400
3401
3402
3403
3404
3405
3406
3407
3408
3409
3410
3411
3412
3413
3414
3415
34.47575463554715 174.7127415651127 59.77019325209016
139.6569066495695 188.3875840014125 70.71006720113003
76.56256036529103 214.8209534780059 91.85676278240476
73.45219612261479 130.7272471711463 24.58179773691702
166.6287327911977 235.7272872317511 108.5818297854009
105.64045997673 161.8188420743866 49.45507365950928
123.996079774395 220.7545771612233 96.60366172897861
34.6579265825294 146.8749999999999 37.49999999999995
208.5303840366283 251.4394491495428 121.1515593196342
240.9552023580682 268.6555764921409 134.9244611937127
34.96144332976006 206.2243084337358 84.9794467469886
70.16867341743131 184.9644512219799 67.97156097758386
103.6283774336697 194.5304216887382 75.62433735099054
30.61071645649156 121.0988697136503 16.8790957709202
166.1516634028563 207.2915149038849 85.83321192310787
63.96638475387148 158.9359231013918 47.14873848111341
2 50 0 4
3416
3417
3418
3419
26.13884839650146 26.13884839650146 0
62.5 37.5 0
35.08564139941691 64.25230806608357 0
71.875 71.875 0
2 51 0 19
3420
3421
3422
3423
3424
3425
3426
3427
3428
3429
3430
3431
3432
3433
3434
3435
3436
3437
3438
225 43.30127018922193 0
325 47.72363258931949 0
425 47.858229244173 0
525 47.72363258931949 0
625 49.30414223256358 0
725 49.30414223256358 0
825 49.30414223256359 0
925 43.30127018922193 0
875 51.87694232687601 0
775 49.76804741085453 0
675 49.76804741085453 0
575 51.10784171204343 0
475 51.38795397373332 0
375 51.38795397373332 0
275 51.74254524836886 0
967.1274166920488 63.31588584183426 0
182.8725833079512 63.31588584183426 0
178.9906066861806 28.89910324034271 0
971.0093933138195 28.89910324034269 0
2 52 0 311
3439
3440
3441
3442
3443
3444
3445
3446
3447
3448
3449
3450
3451
3452
3453
3454
3455
3456
3457
3458
3459
3460
3461
3462
3463
3464
3465
3466
3467
3468
3469
3470
3471
3472
3473
3474
3475
3476
3477
3478
3479
3480
3481
3482
3483
3484
3485
3486
3487
3488
3489
3490
3491
3492
3493
3494
3495
3496
3497
3498
3499
3500
3501
3502
3503
3504
3505
3506
3507
3508
3509
3510
3511
3512
3513
3514
3515
3516
3517
3518
3519
3520
3521
3522
3523
3524
3525
3526
3527
3528
3529
3530
3531
3532
3533
3534
3535
3536
3537
3538
3539
3540
3541
3542
3543
3544
3545
3546
3547
3548
3549
3550
3551
3552
3553
3554
3555
3556
3557
3558
3559
3560
3561
3562
3563
3564
3565
3566
3567
3568
3569
3570
3571
3572
3573
3574
3575
3576
3577
3578
3579
3580
3581
3582
3583
3584
3585
3586
3587
3588
3589
3590
3591
3592
3593
3594
3595
3596
3597
3598
3599
3600
3601
3602
3603
3604
3605
3606
3607
3608
3609
3610
3611
3612
3613
3614
3615
3616
3617
3618
3619
3620
3621
3622
3623
3624
3625
3626
3627
3628
3629
3630
3631
3632
3633
3634
3635
3636
3637
3638
3639
3640
3641
3642
3643
3644
3645
3646
3647
3648
3649
3650
3651
3652
3653
3654
3655
3656
3657
3658
3659
3660
3661
3662
3663
3664
3665
3666
3667
3668
3669
3670
3671
3672
3673
3674
3675
3676
3677
3678
3679
3680
3681
3682
3683
3684
3685
3686
3687
3688
3689
3690
3691
3692
3693
3694
3695
3696
3697
3698
3699
3700
3701
3702
3703
3704
3705
3706
3707
3708
3709
3710
3711
3712
3713
3714
3715
3716
3717
3718
3719
3720
3721
3722
3723
3724
3725
3726
3727
3728
3729
3730
3731
3732
3733
3734
3735
3736
3737
3738
3739
3740
3741
3742
3743
3744
3745
3746
3747
3748
3749
962.0405310722574 572.9227632348033 0
193.3012701892218 574.9999999999995 0
579.0187136245536 952.3235419178088 0
573.9049593094111 189.5713943156358 0
956.6987298107781 425 0
960.090700522821 724.2581297267157 0
418.0448531544907 952.9445007343751 0
193.301270189222 424.9999999999998 0
725 956.6987298107781 0
193.301270189222 725 0
425 192.2649730810374 0
727.45702383811 194.8683284893591 0
956.6987298107781 325 0
956.6987298107781 825 0
832.7059880349027 952.4591108167581 0
324.4505349255769 955.5673803546395 0
193.3012701892212 824.9999999999991 0
323.226859919933 197.5606689218128 0
193.301270189222 324.9999999999998 0
832.7059880349038 197.540889183243 0
961.1268213494668 225.230004395311 0
961.1268213494666 924.7699956046893 0
229.5912809528696 954.7151376279589 0
192.1848152207594 226.9337567297399 0
193.3012701892214 774.9999999999998 0
236.6025403784432 749.9999999999995 0
236.6025403784438 699.9999999999999 0
279.9038105676655 724.9999999999994 0
279.9038105676658 674.9999999999998 0
323.2050807568875 699.9999999999998 0
323.2050807568876 649.9999999999997 0
366.5063509461093 674.9999999999995 0
366.5063509461094 624.9999999999995 0
409.8076211353314 649.9999999999995 0
409.8076211353315 599.9999999999998 0
453.1088913245534 624.9999999999998 0
453.1088913245534 574.9999999999998 0
496.4101615137754 599.9999999999997 0
496.4101615137755 549.9999999999998 0
539.7114317029973 574.9999999999998 0
539.7114317029975 524.9999999999999 0
583.0127018922193 549.9999999999999 0
583.0127018922192 599.9999999999997 0
583.0127018922194 499.9999999999999 0
626.3139720814413 525 0
453.1088913245537 524.9999999999995 0
453.1088913245529 674.9999999999991 0
626.3139720814413 475 0
669.6152422706632 500.0000000000001 0
583.0127018922195 449.9999999999999 0
669.6152422706634 450.0000000000001 0
712.9165124598852 475.0000000000002 0
712.9165124598851 525.0000000000002 0
712.9165124598856 425.0000000000003 0
323.2050807568867 749.9999999999987 0
756.2177826491071 500.0000000000005 0
756.2177826491069 550.0000000000005 0
669.6152422706637 400.0000000000001 0
366.5063509461094 574.9999999999991 0
712.9165124598858 375.0000000000003 0
756.2177826491076 400.0000000000006 0
669.6152422706639 350.0000000000001 0
756.2177826491078 350.0000000000006 0
799.5190528383289 525.0000000000007 0
799.5190528383287 575.0000000000007 0
756.2177826491065 600.0000000000005 0
799.5190528383283 625.0000000000007 0
756.2177826491063 650.0000000000005 0
799.5190528383281 675.0000000000007 0
756.217782649106 700.0000000000005 0
799.5190528383278 725.0000000000007 0
756.2177826491056 750.0000000000003 0
712.9165124598838 725.0000000000001 0
712.9165124598835 775 0
669.6152422706617 749.9999999999998 0
799.5190528383274 775.0000000000007 0
669.6152422706614 799.9999999999998 0
626.3139720814396 774.9999999999993 0
799.5190528383296 375.0000000000008 0
842.8203230275502 650.0000000000009 0
626.3139720814391 824.9999999999993 0
583.0127018922175 799.9999999999989 0
583.0127018922179 749.999999999999 0
539.7114317029958 774.9999999999985 0
539.7114317029952 824.9999999999985 0
496.4101615137736 799.9999999999981 0
712.9165124598831 825 0
799.5190528383299 325.0000000000008 0
712.9165124598845 625.0000000000001 0
496.4101615137731 849.999999999998 0
453.1088913245515 824.9999999999976 0
842.8203230275495 750.000000000001 0
842.8203230275491 800.000000000001 0
842.8203230275507 550.0000000000009 0
842.8203230275509 500.0000000000009 0
842.8203230275517 350.0000000000011 0
842.8203230275521 300.0000000000011 0
756.217782649108 300.0000000000007 0
626.3139720814419 374.9999999999999 0
626.3139720814421 324.9999999999999 0
583.0127018922201 349.9999999999997 0
583.0127018922203 299.9999999999997 0
539.7114317029983 324.9999999999995 0
627.1853840148035 276.5093297429033 0
539.711431702998 374.9999999999995 0
496.4101615137762 349.9999999999993 0
496.410161513776 399.9999999999993 0
453.1088913245542 374.9999999999991 0
453.1088913245545 324.9999999999991 0
409.8076211353324 349.9999999999989 0
409.8076211353321 399.9999999999988 0
366.5063509461103 374.9999999999986 0
366.50635094611 424.9999999999985 0
366.5063509461106 324.9999999999986 0
323.2050807568883 399.9999999999984 0
323.2050807568879 449.9999999999983 0
366.5063509461098 474.9999999999985 0
323.2050807568877 499.9999999999984 0
799.5190528383268 825.0000000000007 0
842.8203230275485 850.000000000001 0
279.9038105676657 624.9999999999998 0
669.6152422706622 699.9999999999998 0
842.8203230275514 400.000000000001 0
279.903810567666 474.9999999999981 0
279.9038105676656 524.9999999999981 0
539.7114317029964 724.9999999999986 0
583.0127018922184 699.9999999999991 0
453.108891324552 774.9999999999977 0
409.8076211353299 799.9999999999973 0
409.8076211353292 849.999999999997 0
366.5063509461075 824.9999999999972 0
540.3935799855362 276.1815154836507 0
799.5190528383264 875.0000000000007 0
366.506350946107 875.08707230603 0
323.2050807568853 850.0145120510019 0
886.1215932167713 775.0000000000015 0
885.5219466139941 523.9613816174023 0
886.1215932167735 375.0000000000013 0
540.3935799855325 873.8184845163473 0
497.6738506031538 907.1060133580932 0
884.6795974627801 474.8268969362346 0
236.6025403784438 499.9999999999981 0
539.7114317029968 674.9999999999987 0
409.8076211353304 749.9999999999977 0
884.1864962986232 723.9613816174026 0
884.0799508600011 573.7882785536359 0
923.7407884183865 497.7208096604093 0
841.214758389053 899.5220148268583 0
886.1215932167704 875.0000000000013 0
883.1218433744129 925.2373410086439 0
409.8076211353286 899.999999999997 0
323.4126564516669 901.2793244228008 0
279.9384065167937 875.2156394122976 0
279.9095765591856 825.0383585772154 0
278.1659032042247 925.5473054606331 0
234.9141772091879 900.5043628695081 0
368.6711022480745 925.831617313361 0
366.5063509461096 524.9999999999989 0
236.6025403784436 549.9999999999989 0
279.9038105676652 574.9999999999983 0
409.8076211353317 499.9999999999989 0
409.8076211353316 549.9999999999993 0
453.1088913245538 474.9999999999993 0
799.5992106986084 275.8878369759363 0
754.2449842893235 243.141698295406 0
712.9165124598862 275.0000000000005 0
841.2281180324355 250.6259580024661 0
886.121593216774 275.0000000000013 0
883.1229793985126 224.77524171494 0
323.2050807568875 549.9999999999985 0
712.9165124598849 575.0000000000002 0
669.6152422706627 599.9999999999999 0
669.6152422706609 849.9999999999998 0
626.3139720814387 874.9999999999994 0
711.9636190155218 875.5418628422192 0
236.6025403784439 649.9999999999999 0
539.7114317029976 474.9999999999997 0
583.1263932726399 849.8030807527238 0
583.1618254073039 898.9760023808283 0
625.454165942436 923.8257834690718 0
668.48175163067 898.7237489523718 0
671.6948836823442 951.9826094501367 0
583.0127018922198 399.9999999999997 0
626.3139720814415 425 0
886.1215932167738 325.0000000000013 0
712.9165124598843 675.0000000000001 0
279.9038105676662 424.9999999999981 0
279.9038105676665 374.9999999999981 0
236.6025403784444 399.9999999999982 0
842.4800493014218 599.7980464256067 0
884.3825525494259 624.7643874965412 0
884.9095903497442 673.7490098030594 0
923.589221555452 647.67499611807 0
755.0226699668606 852.3232204106295 0
496.5238528941994 300.1969192472745 0
497.6900922289308 242.9221179629445 0
453.108891324554 424.9999999999991 0
376.2843313391509 192.926324265146 0
404.1006451898083 240.7339725861981 0
475 193.301270189222 0
523.3998954894279 192.9806458949515 0
621.6788062415436 189.277562595957 0
672.6882680587827 200.1156143000638 0
539.7114317029979 424.9999999999996 0
323.2050807568871 599.9999999999987 0
236.602540378444 599.9999999999994 0
799.5190528383293 425.0000000000007 0
323.2050807568886 349.9999999999983 0
323.2050807568889 299.9999999999983 0
364.3839844833337 274.4772892992957 0
321.6837790684104 250.5279535717807 0
279.650260286254 275.0879922619617 0
278.7943300052483 226.1117106349067 0
279.8615521874314 325.014665376992 0
236.5532389348366 300.0171096064915 0
236.1810758357943 250.525094872183 0
231.2518230628925 196.238107381309 0
957.9410460961963 275.0139701406289 0
956.698729810778 375.0000000000001 0
776.2843313391504 957.0380463989133 0
752.6242797309349 909.3635277500231 0
193.301270189222 624.9999999999998 0
842.2958063966871 699.6183985700775 0
669.6152422706625 649.9999999999998 0
453.1088913245546 274.9999999999992 0
193.301270189222 674.9999999999999 0
775 193.301270189222 0
958.3498670978936 774.9369157930884 0
957.9410460961961 874.9860298593715 0
524.4639149554677 955.9662075869808 0
474.9999999999999 956.698729810778 0
756.2177826491072 450.0000000000005 0
799.5190528383291 475.0000000000007 0
669.760477592891 300.2515549571507 0
670.436241031254 253.0899846692081 0
453.1088913245507 874.9999999999978 0
669.6152422706631 550 0
756.0185972020645 800.3872034017718 0
587.5939775717726 256.2621081998908 0
408.502730733949 298.3685436475816 0
712.9407183469237 325.0419258261922 0
626.3139720814401 724.9999999999994 0
626.3139720814404 674.9999999999995 0
496.4101615137741 749.9999999999984 0
193.0367333634355 275.4126602014024 0
626.3139720814411 574.9999999999998 0
886.1215932167706 825.0000000000014 0
842.5799904018857 449.9711494893732 0
409.8076211353319 449.9999999999989 0
496.4101615137759 449.9999999999994 0
236.5872804078038 350.0052958305799 0
885.351629391238 424.9912383045967 0
496.4101615137757 499.9999999999996 0
626.3139720814409 624.9999999999997 0
193.298726860782 375.0008826384296 0
236.6025403784441 449.9999999999985 0
583.0127018922187 649.9999999999994 0
496.4101615137752 649.9999999999992 0
193.3012701892212 475 0
539.7114317029971 624.9999999999994 0
496.4101615137745 699.9999999999987 0
193.3012701892216 524.9999999999995 0
453.1088913245525 724.9999999999983 0
366.5063509461089 724.9999999999987 0
409.8076211353308 699.9999999999986 0
366.5063509461081 774.999999999998 0
323.2060417554729 800.0088117713681 0
236.6035013770298 800.0063930962015 0
279.905091899114 775.0089272407971 0
192.7839416317379 874.6754095976115 0
236.2418122471927 850.0733605921388 0
191.2545368512273 923.2286900749782 0
923.4921282094754 192.9684115090596 0
923.4920454088849 957.0325055990736 0
450.1892553216118 919.285849962766 0
450.6999469633276 229.2845498968678 0
800.2835001076809 231.2313630156343 0
800.0000000000001 919.6729781443878 0
961.9585576407467 624.2662932254791 0
961.0935185743228 474.6201349434018 0
923.1562046620616 699.1072528775416 0
923.5841350302351 548.8988721777087 0
922.2022518265841 901.17097867863 0
921.7492292801454 850.1928347563343 0
921.410161513774 800.0000000000018 0
922.2191705519907 749.5439466691253 0
921.4101615137762 400.0000000000002 0
921.4101615137761 350.0000000000005 0
921.4101615137756 300.0000000000014 0
922.2024549640334 248.8312712933238 0
961.4657807301802 674.2177786579678 0
961.7431621825336 524.0270966693871 0
923.2724914513531 598.719265134373 0
921.3705354848166 450.0000000000012 0
553.7679898405532 229.4424190784229 0
544.9423769152023 917.6380499520117 0
707.5486059354713 233.2431251508075 0
877.8642191285783 183.0569084814485 0
877.8639753636401 966.9457914848952 0
706.9204307587066 918.2234435040455 0
276.4415438165342 967.1659646886462 0
275.8441849987835 183.7428573874182 0
625.0607956710398 966.3873593613819 0
631.5424436816094 234.0559784574202 0
375 967.2905512340459 0
358.6917770359697 231.1886808214514 0
186.602540378444 186.602540378444 0
186.602540378444 963.397459621556 0
963.6520367722471 186.3479632277528 0
963.6520367722471 963.6520367722471 0
596.6010471473925 219.2393652236687 0
2 53 0 19
3750
3751
3752
3753
3754
3755
3756
3757
3758
3759
3760
3761
3762
3763
3764
3765
3766
3767
3768
43.30127018922193 925 0
47.72363258931949 825 0
47.858229244173 725 0
47.72363258931949 625 0
49.30414223256358 525 0
49.30414223256358 425 0
49.30414223256359 325 0
43.30127018922193 225 0
51.87694232687601 275 0
49.76804741085453 375 0
49.76804741085453 475 0
51.10784171204343 575 0
51.38795397373332 675 0
51.38795397373332 775 0
51.74254524836886 875 0
63.31588584183426 182.8725833079512 0
63.31588584183426 967.1274166920488 0
28.89910324034271 971.0093933138194 0
28.89910324034269 178.9906066861805 0
2 54 0 39
3769
3770
3771
3772
3773
3774
3775
3776
3777
3778
3779
3780
3781
3782
3783
3784
3785
3786
3787
3788
3789
3790
3791
3792
3793
3794
3795
3796
3797
3798
3799
3800
3801
3802
3803
3804
3805
3806
3807
125 75 0
125 125 0
75 125 0
175 125 0
125 175 0
125 25 0
975 125 0
125 975 0
25 125 0
925 125 0
875 125 0
825 125 0
775 125 0
725 125 0
675 125 0
625 125 0
575 125 0
525 125 0
475 125 0
425 125 0
375 125 0
325 125 0
275 125 0
225 125 0
125 225 0
125 275 0
125 325 0
125 375 0
125 425 0
125 475 0
125 525 0
125 575 0
125 625 0
125 675 0
125 725 0
125 775 0
125 825 0
125 875 0
125 925 0
3 1 0 4
3808
3809
3810
3811
81.36713945108602 55.06132215139631 56.0417511972792
106.6049960577249 104.221497361884 69.25586971055206
51.4036327338983 97.99426972209477 59.1208099477772
125.7345079997517 57.61305024374054 78.58115984572467
3 2 0 95
3812
3813
3814
3815
3816
3817
3818
3819
3820
3821
3822
3823
3824
3825
3826
3827
3828
3829
3830
3831
3832
3833
3834
3835
3836
3837
3838
3839
3840
3841
3842
3843
3844
3845
3846
3847
3848
3849
3850
3851
3852
3853
3854
3855
3856
3857
3858
3859
3860
3861
3862
3863
3864
3865
3866
3867
3868
3869
3870
3871
3872
3873
3874
3875
3876
3877
3878
3879
3880
3881
3882
3883
3884
3885
3886
3887
3888
3889
3890
3891
3892
3893
3894
3895
3896
3897
3898
3899
3900
3901
3902
3903
3904
3905
3906
886.1468380428133 122.8010317265603 160.799724745355
770.8079084548398 114.8811767705793 146.8557448837851
651.4426045405864 100.7269559537518 130.5880801768847
554.5392979417664 93.88919082905699 116.1267887097937
905.4505708330852 203.589491842014 194.9481959593328
466.2637830705326 86.96629029249223 103.500634875798
812.2715000441985 185.601939396322 174.9170485998432
700.2963153582194 165.2480378112859 155.8210055650123
846.2697485318092 84.05575576590176 94.30332853751848
387.918881993328 92.60661871799797 93.3975742036633
723.7752214443585 79.07115535755609 89.02636790025164
593.2659091166369 157.5833756351896 141.8890627723864
827.243543228863 78.23346408411126 187.097666255152
930.4015024333138 99.65900749420227 213.8555241869522
496.1518814571933 149.62934948962 128.0615207463612
612.3984586844057 73.2890431566896 71.67587525930684
929.5606701755112 71.33985782043162 125.5975473212298
846.4801876013597 242.6015420043344 199.4164944236931
747.2071959104826 213.8308725606306 177.6572742515618
935.4102107017968 266.6659656727511 219.3810712452144
711.4415190397624 72.77720197487409 166.8775947909915
428.324940342599 142.5239304342389 118.3252400192169
935.7548813534756 150.8443725757075 122.9304766459623
826.9464231060522 145.7626155092505 119.8571021932739
642.4261016512197 197.2993511192877 162.5704608776384
518.5863880587428 62.95886499530862 67.65064729540481
600.5697460178883 64.32326476126593 155.1779096224774
786.7709938229207 66.44647665970177 65.35601759333198
852.4727550681089 148.5840582200852 209.9257120794874
332.2407893316519 75.5454861269293 60.42852101186959
868.9137619501852 186.3559389398432 145.5694102813135
942.0550479818652 161.509791036451 226.8993692711443
690.1449468014965 235.4801984344947 179.8649738325031
498.5400178497462 56.68436008538787 136.3570438432418
903.1467495875212 61.80181039668604 62.95195229163186
539.8614637524566 188.2377779698541 149.0988732417625
767.5390537703424 58.72819222008104 195.4705113650999
750.0295383011578 153.2799530875156 190.9591878602994
889.6846444410261 61.04336990797211 180.9428853463434
729.0006689076524 138.7995465126886 106.918524350397
800.3082132473637 60.01723785556993 131.901629868577
787.0580081361036 253.976972260474 199.1208865702044
670.778650727243 54.97726107023756 70.13769583527927
372.1076460771401 147.120969791975 105.0532145368417
766.9681106515442 174.070632247499 137.2397067521674
647.5958873487692 158.7108328235304 117.4831441476043
882.8400684596701 290.908197288019 218.0679160023973
429.7264544906388 59.47289555222544 61.0914354461128
598.238156077217 125.1553188794813 93.86237033671046
650.4589653317169 140.6867861596892 172.714814495604
514.537781665403 118.9436010676701 82.37025094765583
592.8688596945001 224.4238099471127 162.3178011553928
782.7269390150141 120.8480759585402 88.9388225061126
799.6101288115813 126.3174362146147 203.211735411287
945.3460628657283 200.0725901825742 152.6118012291234
897.2645775073776 118.1440264529743 87.45400768196609
654.2656749809967 66.26150171355968 177.2706324947688
680.3125850651544 117.5392428899156 82.70697204555961
358.2522916050823 47.83363182258244 102.5633158708829
455.749430502045 187.0702090110689 138.4816828506898
932.1372036637166 316.4553102106199 236.374272802797
422.2787138113031 54.92956774179797 116.3090238462638
569.1644863698039 113.6854316914498 165.4671823883466
550.2231297513108 153.4670881705999 107.1254360640024
395.3761435308581 186.4986674834305 130.1347755395278
638.1563710445299 248.1569017939296 178.6995631260065
574.6847955559184 46.34925294841408 99.72589265819155
944.0454259494504 215.5077080149098 238.3033843626502
286.7980306540514 51.38019532592509 51.03796814031102
945.325653911293 138.1500743075096 176.3751113151859
733.5663571814447 261.9717057274242 197.6963404845886
517.3146372156813 110.9011109594204 156.7684602429584
329.2990498660477 125.8013031605574 79.97113578926624
945.6250811155548 54.62100631046707 183.5686469161525
562.9720526567448 93.80923879111747 62.48543880626934
859.1869558967535 198.4492226405355 224.6880951681206
874.4776338083004 97.83093148817227 220.8893158446285
950.581305484134 100.3782587730104 72.00253256341892
824.372045731376 288.3482867145115 212.4786398767318
638.308431040238 50.04642367555006 114.1129622174359
890.2502401805249 240.2993659988636 228.9456013943763
953.5470226273657 63.36370327498175 242.7952581943693
705.3523232783025 122.2346294589479 188.8170351085762
431.8821631889434 113.8714739167918 74.74443304883653
378.3164246809716 51.05652631437209 54.08725479081344
891.6141550323791 255.5952146205944 180.8226517798057
474.1398633413905 86.53315522525716 51.14019717728982
467.5475489132459 112.4642680340813 147.2876000999797
780.6073990243409 187.357216840021 213.702405219053
854.8477560076468 51.66110111368087 138.6540442397177
792.6769448149935 227.8207962904609 157.0513962626803
411.910729433562 99.21008111648007 136.4760144825783
746.0853990725519 50.29397424799033 130.3914019527239
854.6764785149886 49.31843372285354 221.1116738735985
551.4068604014999 66.62516321915399 165.556836733496
3 3 0 366
3907
3908
3909
3910
3911
3912
3913
3914
3915
3916
3917
3918
3919
3920
3921
3922
3923
3924
3925
3926
3927
3928
3929
3930
3931
3932
3933
3934
3935
3936
3937
3938
3939
3940
3941
3942
3943
3944
3945
3946
3947
3948
3949
3950
3951
3952
3953
3954
3955
3956
3957
3958
3959
3960
3961
3962
3963
3964
3965
3966
3967
3968
3969
3970
3971
3972
3973
3974
3975
3976
3977
3978
3979
3980
3981
3982
3983
3984
3985
3986
3987
3988
3989
3990
3991
3992
3993
3994
3995
3996
3997
3998
3999
4000
4001
4002
4003
4004
4005
4006
4007
4008
4009
4010
4011
4012
4013
4014
4015
4016
4017
4018
4019
4020
4021
4022
4023
4024
4025
4026
4027
4028
4029
4030
4031
4032
4033
4034
4035
4036
4037
4038
4039
4040
4041
4042
4043
4044
4045
4046
4047
4048
4049
4050
4051
4052
4053
4054
4055
4056
4057
4058
4059
4060
4061
4062
4063
4064
4065
4066
4067
4068
4069
4070
4071
4072
4073
4074
4075
4076
4077
4078
4079
4080
4081
4082
4083
4084
4085
4086
4087
4088
4089
4090
4091
4092
4093
4094
4095
4096
4097
4098
4099
4100
4101
4102
4103
4104
4105
4106
4107
4108
4109
4110
4111
4112
4113
4114
4115
4116
4117
4118
4119
4120
4121
4122
4123
4124
4125
4126
4127
4128
4129
4130
4131
4132
4133
4134
4135
4136
4137
4138
4139
4140
4141
4142
4143
4144
4145
4146
4147
4148
4149
4150
4151
4152
4153
4154
4155
4156
4157
4158
4159
4160
4161
4162
4163
4164
4165
4166
4167
4168
4169
4170
4171
4172
4173
4174
4175
4176
4177
4178
4179
4180
4181
4182
4183
4184
4185
4186
4187
4188
4189
4190
4191
4192
4193
4194
4195
4196
4197
4198
4199
4200
4201
4202
4203
4204
4205
4206
4207
4208
4209
4210
4211
4212
4213
4214
4215
4216
4217
4218
4219
4220
4221
4222
4223
4224
4225
4226
4227
4228
4229
4230
4231
4232
4233
4234
4235
4236
4237
4238
4239
4240
4241
4242
4243
4244
4245
4246
4247
4248
4249
4250
4251
4252
4253
4254
4255
4256
4257
4258
4259
4260
4261
4262
4263
4264
4265
4266
4267
4268
4269
4270
4271
4272
865.344700548656 645.582084736321 134.9846153351438
866.2869320773941 840.6453591556893 133.5610052148159
825.5248841234992 520.0434210789799 129.1463816383174
765.7308068092668 725.0000000000005 124.9604695894297
705.3837643088139 517.8013189564361 120.0542356885114
708.6761639778056 843.308835300714 120.6134538388022
681.7662226206448 634.6909885930107 117.6634474166711
598.1706932194244 541.2153877230812 108.9047232339809
644.6050912058315 743.3188523492585 111.9952904605269
551.3235608001582 446.2160779516167 103.2774210420829
598.7096314643577 849.7721222666753 109.6029443063966
559.1632406867603 641.3084785409965 104.4771379258141
514.6405277828949 741.4113204660291 100.8705325135565
899.9773769206006 742.9671030253058 145.5971083400307
882.0721669706908 437.8367198233927 102.4363331520853
773.114218744792 604.7675213447047 153.2396549340953
651.8675709654489 434.4763683509143 98.55581828530111
768.6848975871001 438.387269150242 101.7721685323305
499.5133726851802 560.1306742293971 100.2666944685452
790.7390983766409 899.4904542047099 99.26424216445777
900.8245436565942 563.0087640308144 180.1205411304163
510.9104682492649 898.6971969108844 103.6633625604054
462.8986220463038 649.9999999999995 93.49917722048762
460.3302232766978 473.3921236308054 95.03441086091365
438.2819391786531 800.6810344380863 92.72850214743055
407.0644348942838 569.7208731217725 90.42385982912676
402.2337817910379 908.5694297070589 90.04249012180168
909.7230840652558 525.8313505050999 89.86869302376488
402.1702915045565 717.408298424601 88.83782619119518
788.2385086947073 807.5635584009749 90.05718641320331
834.2880142121506 912.4449868532498 176.4006361067667
474.0665563953657 388.7002592893421 82.94899188736694
392.3157586718424 419.7032054942279 83.36888118264693
654.7286159699689 911.2241787108705 142.7340749926194
794.8374589508774 653.5694973655628 84.36047483773093
821.2347701447466 773.5573905841653 176.4108189677174
916.4893350997628 676.0766245951633 196.8887913910765
911.8812315619601 909.6993059596225 96.99684468839823
767.8721197058009 559.6088432795547 82.6190329805133
841.8345332655142 726.4291476128326 83.43591300607856
915.7788573454684 888.4281119666772 197.2889961126762
593.287361060702 377.5957466283744 80.01950834645001
917.926195245591 804.3960047503973 200.1742147437249
847.0848382834844 584.6383786427898 81.55516314216392
922.5593750645357 475.6233559999928 160.6602452337913
711.6116571677458 918.0051118177223 82.78549575839605
825.3123603647854 380.3246808689308 79.70250973612518
736.6664617139747 910.4714104522805 162.630180752082
803.5656555194761 676.5757181478724 179.8954432429463
921.2679472591403 620.8213174432235 79.52325726074859
712.6121349121092 381.6590291816026 81.92508392453131
526.7135122835723 820.7546802596975 81.43617848220627
706.324071247613 770.5993626230146 159.1639111640001
618.8595045436099 675.4032158406407 144.76605862092
762.5029784316781 491.0442233398527 170.4732677700039
704.6080455132375 701.2093919726761 77.15272017147463
656.3833664617188 569.4517487682891 154.0685862241414
576.5250294304255 777.6666184635534 136.5695524157321
787.8912463642131 846.860044242739 161.6601958029701
664.1523520124306 567.8988875491631 76.10144613118173
364.8592964666216 649.9999999999995 74.29512960351931
922.8983557457111 372.0214787489863 77.33213224947859
916.633251298305 796.4449295291492 83.45068427399231
582.5725761222727 710.7619351258007 77.391280661883
639.597737847546 490.6868834723383 150.0713550693903
715.4972218126377 683.7637597141972 167.7640170599161
917.6039528786309 700.8026296394986 79.85514072280648
382.6661918690404 497.010334479252 73.61428643621414
704.296049108049 778.9654659562954 77.17556346582869
838.1510733378888 603.9140467220128 192.1756332153352
577.7086573238087 922.3806702069262 136.426483219614
625.4434298432627 649.7378709795649 70.67034314612506
641.9123431066658 809.0631715246897 155.9902414566371
827.6931676110362 476.2010017553953 68.95440546346222
640.0976607505768 898.5460180323613 70.07230661405472
708.6882391550795 447.9093540683606 143.8836855746391
370.5751478271368 837.6795156205876 77.50770668197477
604.8507568651785 481.0688438157636 68.98217000200913
825.1617455380248 448.7883184365009 147.9644165957884
604.8078055082334 788.3506205463306 69.39530463282718
538.4126425459231 509.9490256712141 134.5265079956851
356.8116462229021 355.8546975322531 70.93182879137507
723.3975760200733 559.0217699803287 174.9287478994219
520.3618414126373 498.6599393318164 66.80905414362475
829.3231278947786 493.6876025172688 202.920590510068
732.7530671422771 620.8066123404185 68.95109751876228
931.2818505565351 621.8534047374391 151.7875616413129
529.8901884034847 346.0589735778588 67.96438960973484
653.9654997897305 342.579853427466 68.80258467556129
591.7816512023692 598.3050842086656 150.3717009234574
710.0958259338564 465.8119212023053 70.99184526110179
563.6325004705652 583.567493523223 65.20014223795131
337.1670724708495 724.9999999999995 63.91013295885725
554.6251146358013 700.5816445764497 139.8380312201641
853.2404248023454 875.1248671212047 68.5727793094443
858.2217090959839 717.5608937710829 201.6029340389157
936.5911808453511 600.3492258724281 222.4677316476595
518.0827395238882 681.6559628703052 65.65502042800004
562.4741989284297 931.9656607529158 67.52171734140417
768.2481294489861 341.2186561231786 68.48125906823257
862.2514459555504 660.0252742366885 66.52960271709566
659.5936854278287 831.5731701805653 66.61408960375887
342.7861350332912 554.2770941237291 67.15580031304346
456.1072574863036 935.386571707319 123.5763116313539
935.4430486676058 840.5468395921635 143.0821237612319
450.4632529873821 865.376856284108 117.8659210741878
602.9186277795786 433.6896058736661 145.6414119510959
431.2806994444523 336.6192010354977 65.17333966046435
934.2052756526841 739.5281547212575 218.7564766890171
340.6754520175118 934.6264982176427 66.68835509321302
452.321731658439 743.6019422728712 123.4079073473251
855.7746633743761 849.8520016755564 203.8174672282647
934.7477342604128 465.3819363002056 66.43689235761697
492.8767456945167 795.5540114496612 132.9631504991102
539.3472754775855 850.9003200865626 142.9967155152386
325.1291778888935 424.9999999999984 61.32653292153913
850.5713173982887 792.0610347139744 67.25115176861598
780.7736807429687 746.3222092725697 62.73794184730973
936.7816877095521 529.9321206063023 223.0985412147163
848.960301839552 935.0732489325198 112.3676141445709
493.7128282113087 429.2079569102931 132.0100419242681
858.3743555453785 325.5911592684043 60.66989191870482
462.9943716609146 717.1935480628339 64.34821338957553
446.4384509259186 530.1866175134689 125.8407273615308
663.3107706904051 722.7455141676822 170.9888289527736
504.3982847811785 617.3661370775907 134.7527733711801
705.3664603263745 620.7600778170013 175.8576145307208
766.4645914470191 497.358638880112 64.09539928649488
715.5426300865312 580.6142056860708 115.4116819148176
786.1160789697944 554.5321290865029 193.1569820300348
508.7485107637978 617.7212932586314 61.06975797929096
745.2198615294453 861.433507494685 66.4621479840136
489.862783374689 692.0625981133516 134.6884642868112
380.569233818508 774.222168037032 64.09550766199726
941.4491261759458 694.2785820015592 140.6709793702011
760.9500806171239 725.0057247831107 190.0970141766708
442.7086978098275 525.0996777140333 62.6486474113422
407.2936487796007 628.1384365503197 117.516076399567
726.581268364678 849.6069317528938 182.6285467978051
936.3895583436098 410.9437311175158 129.2532924407194
691.1680296877954 507.1358956649559 178.6083902214887
505.9612325301591 437.9288847001896 60.78632282998191
759.9763947318927 794.0870251879778 187.249612728448
661.9738232659643 505.376475573518 76.74815636420357
644.4552583450917 709.0351609380659 58.63798658148878
461.4524101223329 911.3098891847128 63.47853921555168
744.8165539813017 651.6479200499539 122.3769528496306
484.6595234679836 776.195103244072 57.39478914741355
714.877396075895 535.2933241900103 61.2195026949117
597.3077478775084 320.055518280241 57.00854166591388
938.2721279309893 563.7557417339772 130.2832021316226
938.279595347472 857.1357972596076 64.67595026713818
565.7253319373809 868.8666856851823 58.38873161867467
449.4381390315038 599.9999999999998 56.67948896556226
587.2969454394629 523.233023360015 163.1751756118121
857.6532529523004 528.9875742263923 56.3937944239709
877.9458940839218 935.674196505761 215.9978697027492
844.8565031411506 704.3155125473667 141.909793599944
854.0921929587735 573.0328177986114 141.4937347418483
319.4953122162551 784.3438644168941 59.9226601894612
710.8151479935245 319.0710934342909 61.61230066100735
780.9458023958654 935.1162636712895 198.2490099052455
469.7012543058723 846.2611842987247 58.96759795824262
645.880925446593 627.0253649666829 168.4685374124409
603.3610990412219 730.796225591187 164.5546746533253
304.0209110341675 303.4635340587342 54.80079321624758
311.1128183385006 624.9999999999993 55.60409832836338
934.6233972907955 314.4126896108379 58.54094784766569
619.9416764674414 865.7345043071432 165.0118000621879
552.7267778090204 759.6329802480611 57.26107931453898
797.6563479760117 944.3941790183929 56.92358039897983
936.8057943300583 936.4134983952924 154.1716233596667
860.2526501494815 657.4923579212766 210.320412903542
615.8347783523412 596.6121719661677 95.88358506601894
397.0238018065647 766.3990285974554 122.7700679504512
404.9807525743141 466.1871209372596 123.2472284895575
886.8105931702253 506.9822912792795 197.9849948813945
940.8469407080149 567.2494829184684 57.19001469141643
322.2627088809031 487.3637017041903 61.13037145944012
423.3764352064976 672.8915856313037 54.11805204630893
756.6515259110637 643.5911412459791 194.9033111982821
520.2280926107351 942.5272045837015 146.019409394081
450.9309299988254 589.7592078792467 133.2043136811667
641.6655711448086 398.3839320000908 52.44497174409037
580.5121221833465 429.330769589337 55.04514613087925
546.8051436720231 454.6529493521969 158.019615425886
539.3491269772434 569.3188792853919 144.4595927983329
611.2954831487233 551.0127858843781 52.0066810550595
663.5402658312054 378.8681647726834 114.6737332966432
382.4105458719662 305.5555652876224 53.47106775071298
766.7625687914954 540.951083135649 138.836369811272
675.2763974599776 621.9944007218496 54.70130410038539
434.4815187255005 406.9848800568665 128.8907036080984
945.2022438541264 781.9498724089842 151.5162891255468
875.7019786838616 401.7421518125196 54.6825689778593
797.5164924737833 602.4852920715396 54.6615026919205
542.084664373437 386.6834992507892 111.538077108913
877.4577904354002 491.8932600140581 126.0132841369057
891.4837380990939 749.2407044911662 54.55542519622138
850.8153517445553 770.5715988927184 123.7642559888978
875.2170079825597 379.980231354771 110.9467193982144
773.6570848520723 399.426650669071 56.96925251200236
443.4891391656691 431.7046612777476 57.42927043910883
670.1116863040916 691.291816589514 122.7239073543582
750.2251793480361 674.1141296181406 52.81871988143976
796.522371162748 942.6013498155905 140.7082182256509
308.5270376854205 876.8191634391436 55.37507173546281
689.420743856089 941.9092019897138 179.7069691847405
866.6691687318264 775.9611218173334 217.0292102246421
623.4215025603662 946.4059877870967 103.989432338474
841.6378340199757 546.8195655328516 222.9339638540958
397.2670312510946 947.9157127029447 127.9354941490724
763.2656845133105 380.7225793541124 111.6985263450604
431.8937641185487 685.690915573002 128.2463218697405
818.6481461706643 615.8316189439287 120.28568440533
301.0971022570283 681.561116068964 53.04542732592019
588.8290709008675 483.5010269715097 123.0769047927597
380.94010767585 599.9999999999993 49.44738649227234
945.7605602673601 845.5401334402723 234.5041820028073
745.9056879841828 779.0193439482094 117.59792141744
654.3829092704758 765.0576026592962 53.00941160831499
300.618018425481 360.8780604482751 51.848034840191
806.783134502311 302.0109141618273 52.06250319184011
556.7905046956804 641.5897011168486 161.1128264008497
944.8500321481894 742.6262936545243 109.0914875839359
950.1368693914345 653.6544654936761 235.2098845698214
942.3297315616871 937.1113486024511 226.5630285110529
569.1683037556753 661.8725906925024 53.14957317807332
361.3561876256246 600.039219442017 101.9651551764291
506.8459691651518 947.6209780513324 60.61764849223863
674.4741696867508 873.2260638668815 180.7197689326848
483.7194435205697 311.6691701952022 56.19111064929718
656.4263245445935 438.39551235778 162.7967169176681
942.8455958756035 943.589884946987 56.84666925451127
654.5075174418234 860.9543141884092 115.43332921151
779.5001179778981 491.2835665519931 117.6703564076723
290.7446275967734 947.1767285421928 48.68754400339071
856.2801135164032 932.8571894835778 52.97981455376893
620.0746163029162 942.809403712864 174.3033118996007
883.7300060216767 895.8364667747132 147.6282165132803
806.0842293368047 697.4860636309712 51.10876727531318
813.1660229369197 396.3067406426966 132.1105208670835
485.2000871855821 492.3677778061291 142.1541734002949
880.3460933400657 435.7745906173973 160.4252010080291
520.9828359291254 551.5156105358867 49.77950975529203
893.2086288819384 616.7506271656783 191.9058130775179
389.5216639589489 525.7890508284113 122.5478176158199
547.3226660413 295.1624065411888 52.27166498241437
948.5349699223301 747.9543964513234 50.75337670772291
881.7359039210509 478.7231192199521 55.52830545036283
643.960790189945 292.0370576172976 49.89594161045206
949.7084610255241 524.2384345206607 168.6486247278671
568.7347648003532 517.0569795212108 49.74655432251622
432.6719574406626 760.3978078378203 48.92021719894186
504.2728738356943 741.4113204660291 152.708802249559
743.0545784603636 948.8049526776419 120.0337779759929
415.662477844697 865.1404344303236 55.03260416582571
770.6593662734615 435.8147554851917 158.730103356446
650.9479441127305 459.2566377218918 50.19492299510359
688.7592159392296 877.2675001153472 51.30006869767887
826.4154400100948 425.3155481450241 48.01837353059784
950.1101120143192 499.7270898850153 118.3956314988424
710.8747646784685 728.0798512891133 124.6655026070203
393.5083443177261 862.9205453382166 123.5409557668785
768.9422114113704 880.5747915052082 202.134992049194
808.2043040827923 549.6922231993212 47.60276961375952
402.221967592732 367.2463161763053 103.6032446731604
802.9435832264243 850.0000000000007 52.69240905056132
538.2768444229242 396.1441786421562 49.65017510039333
586.2347336346454 825.6255985383148 171.0534817154864
291.6486994566743 549.9999999999983 47.50364020996469
661.518817465432 794.9699723301878 107.0478532211884
946.4990005178323 662.165856332951 52.19021663710483
666.5040466917136 949.0659014653681 66.5931840689574
691.464627502284 419.639847790643 49.51209104304683
686.550738160272 813.058692093127 186.7592029869133
815.2354529976855 850.9961251059377 112.9373763007328
894.0989312758556 583.8958152902676 107.4174732349372
886.0804971681777 832.7028065083339 54.83949170943902
729.0172750195155 740.1942385278431 49.11085130629733
745.9927460413498 807.3613373704965 54.10942942046022
401.1183038729034 952.8881328348007 57.51843224138781
613.5305250484025 386.1506119295067 127.228068237817
711.4590927729677 394.581722475075 134.5574590728378
753.7930589481846 872.3507580825876 128.1454817510284
613.1873528162698 944.9950147018333 49.62965667153026
288.881361724824 742.0944131402182 49.56505517182022
609.0186467947295 838.1415671177318 49.28826829863161
874.7372829191853 796.7700661327535 166.3195754379522
548.5562024911792 539.3691817621585 92.51060925376964
947.527476865175 414.0909683290319 52.71790101428491
648.1582458342153 531.6939889977832 119.3518267348616
891.2758691177158 586.5412244943433 51.45777085444944
353.1525520295693 456.472162498708 97.5243903614562
400.9333186773273 378.590145164243 49.04576609149287
948.0809705789264 514.7004804500914 50.80244699041479
473.8973037779332 486.5664248404346 46.42122141611338
379.2657067840943 699.9999999999992 44.54691831203355
510.7042615299043 730.0019640775876 46.44059739731283
952.1146700949348 650.5486336342569 111.657508196583
605.2917193141036 608.3968160407942 46.28964734653135
806.9026834565116 818.9815237048693 207.342835770376
667.0633777120446 672.2874627924401 182.1762955867266
798.3708198437865 683.5252238844613 127.760195818528
770.9731224621949 607.8094490652283 101.5100818883782
951.4605850371615 786.2645293037114 237.1457409644676
365.1636845571765 887.0448044208258 53.7293032805464
743.4115491710738 949.3932901000674 51.08101670193573
511.6683664295924 883.0009134593864 49.2755487305145
675.6464224456913 476.1660287017919 116.6159218282816
369.3654913073223 449.9999999999985 46.55097972626172
797.3693003024291 768.2545375916485 128.5840607168388
788.4616698903151 604.4545384865214 207.1462816749928
805.9413797446892 566.0388007740593 116.7201578933376
954.5528543024333 438.5223107682264 172.8605349134772
390.5798993879146 542.5660937182074 48.44201603463356
379.5379140704704 678.0627628019708 117.9185809800443
780.4381018174652 450.186568779979 46.35297382432601
873.9908178156842 948.6856374030679 162.0458929587045
607.477151513679 742.6868902007287 45.07523344078626
891.9124571846435 689.4762499711618 124.1459906929834
422.4108055003303 477.9813814575355 45.62387981903381
689.2539294961064 947.1243604068443 122.209731557059
531.0816151481814 797.1320109578969 158.8156453446898
951.4625341740893 575.1812220214049 179.358923842259
952.2359277728439 484.7303344895252 202.4370177198494
830.6723225444837 432.260060870989 99.17804760044577
485.7360191511403 889.4169781954469 149.5682188800195
722.2350300843584 468.3534693693853 194.9988568340341
739.2906113224444 576.7393695494911 43.80130948066967
634.287357839049 531.6493379324504 178.4798832399222
563.2452831253604 809.1104388911878 46.83581059641187
900.8818080007367 565.1170029992538 230.953965720156
637.0267789937759 765.1547471483663 181.4103158696985
474.8650538640323 662.6827788961039 45.0330164288988
709.5515712070295 728.2559895591329 193.2022613598678
590.5561373458762 474.1983654114076 172.1235218132328
701.5607513190113 894.2671097202538 127.9084149289095
828.2111521215943 952.7644930798342 207.52958650173
807.2186192734493 716.8561687411151 212.998488979463
677.1749276388966 672.1548602900792 45.37297780661596
952.0415473467266 889.642259217674 127.3165834651694
488.8919018549576 559.2305300412057 151.0338186867747
281.1148679983494 446.3130078811288 46.44593607228232
892.1824647942932 539.7065828018015 135.6454723441034
593.3698228276406 898.7062390280746 92.86748844447203
573.099416522817 885.2459112214376 171.2677655481734
346.1530849190418 397.3702565276932 99.01412189185982
411.4796218695903 813.5822025893162 50.12540607468957
949.7405110417799 734.828948524705 170.4312539437765
903.1360818042167 636.1536110738053 237.1159550579046
952.4846504651352 799.8022445910572 45.5833634933573
445.8200914510807 818.401543637208 142.2421097083353
739.516881539893 596.8176153454542 202.9185757299433
350.7120608204308 754.4040888649242 103.8785828804698
450.4852800758106 640.0724079376546 142.0504071868904
492.741509000529 346.2847908373415 101.0746694497784
803.0105145384762 728.052358771024 160.4400766818931
866.8364669075771 705.6028813394104 44.23948461513501
855.1638534738598 530.7152539187692 167.6981776934218
450.9811649773233 454.8981133764207 141.4654897084985
496.6453096649983 843.5768681801545 115.8887814493945
800.4238347941974 461.558624279775 189.2774075242247
391.4824150363056 580.8321843622734 135.628521052636
817.4586290391619 887.6537758512175 218.5306884612894
779.4826560630246 896.3133893751311 48.5095345677573
3 4 0 16
4273
4274
4275
4276
4277
4278
4279
4280
4281
4282
4283
4284
4285
4286
4287
4288
76.99404822785681 924.7790230097713 56.52560899565856
82.97423983659914 409.2703275318524 60.48777294229557
77.96899550734562 569.9543970345441 56.19925616818514
77.26738696791244 719.4625372550629 55.66078339407072
77.67555292057368 632.4262927006723 55.64098665441517
73.68575569234085 862.1001039378416 57.37951770985281
78.47412267813681 782.1486452300574 56.1175437142326
68.54129825242907 469.9202245347191 58.20606329420878
81.5921478459172 347.442543273587 59.00338041087647
53.11251798557813 298.7340737418681 51.61383264701099
120.4629632065606 942.8202424255498 76.23899394850842
51.42601836062047 521.9557343043376 55.26570803318481
120.1966289792391 671.5719492285307 76.90382614113949
129.6646075942778 334.4469341441944 82.31543255243602
122.4051185943379 435.3908956439344 80.47376531280875
116.4214565472907 601.5408180536324 74.850190381999
3 5 0 125
4289
4290
4291
4292
4293
4294
4295
4296
4297
4298
4299
4300
4301
4302
4303
4304
4305
4306
4307
4308
4309
4310
4311
4312
4313
4314
4315
4316
4317
4318
4319
4320
4321
4322
4323
4324
4325
4326
4327
4328
4329
4330
4331
4332
4333
4334
4335
4336
4337
4338
4339
4340
4341
4342
4343
4344
4345
4346
4347
4348
4349
4350
4351
4352
4353
4354
4355
4356
4357
4358
4359
4360
4361
4362
4363
4364
4365
4366
4367
4368
4369
4370
4371
4372
4373
4374
4375
4376
4377
4378
4379
4380
4381
4382
4383
4384
4385
4386
4387
4388
4389
4390
4391
4392
4393
4394
4395
4396
4397
4398
4399
4400
4401
4402
4403
4404
4405
4406
4407
4408
4409
4410
4411
4412
4413
202.1351613109515 304.8724538287466 296.6146276550579
112.8605149845191 186.5651117217948 287.1973534794614
182.33471392114 105.1396868244577 293.0138664169618
220.2660941440278 202.1645437686147 298.2903236230118
101.41231470819 288.8659912600608 281.5403280356591
317.1438035869523 250.000000362057 308.9633253661317
303.3626416140786 155.2956730052648 306.3019293397413
288.3542214174722 338.9576624138103 308.7320286729474
92.9787433832994 93.44445111832778 263.4515154276038
99.6408071581797 366.3591782462834 317.2568533052362
372.1611044525382 93.41469338983146 320.3730193314766
366.5293810234642 315.1524895900782 321.2565849810397
213.5986745041869 379.893673442331 320.6088811952365
379.694788283526 199.9974511231381 323.2454254329872
263.0912231800593 81.73321070121067 298.2937445972639
156.3094111783294 244.2275659827854 321.905997717396
73.69344023869878 231.5226578320914 240.0564013790329
255.762047255625 262.4337941163445 272.2366253833652
386.5275924644445 388.9891122840628 325.2646285378646
73.81464621936527 133.2426934608916 326.2111927535016
72.82295369032079 236.2459387929509 327.2331881630209
162.5025614612462 263.6021437275738 252.7143033868445
174.2909998464993 166.2915639490592 257.3997772798559
315.3257642178953 402.4479503722926 331.8889049900386
167.1083450260489 165.2369160435898 328.4275632588979
70.52434777302278 159.8875464303736 235.6513203919643
239.7802419426779 141.2729364523501 267.7426818091579
151.732546965896 410.5739488166172 333.879303278255
142.864384437224 311.8146668881047 332.7379976940186
231.8785428419607 257.7957833192785 335.8849031236425
125.1716428868272 72.76436224125317 326.4651450758845
233.0093607559769 145.8968101084876 336.3958056984652
157.0643916362019 350.3806011089406 281.2714246675454
410.5246301263459 261.0627932309629 335.2267603168075
249.8150849023217 326.9652141622224 259.5657180305703
415.3816134881934 143.5785338428588 334.9267167931476
274.4881086274591 207.1734825435755 335.8812284201189
63.9539095371919 310.7738844314727 336.0624147032586
54.03458797579908 332.9221522105746 268.1401603100641
156.5085646498263 69.77319887649985 242.944163211506
71.10912798568413 423.981725371035 338.4678909352014
219.5260346895095 60.76675353978921 255.0345030311606
253.8285307217107 424.9990394585254 341.4606835552656
325.6062549541206 65.31206518780274 281.6904564449204
286.6524000066017 207.0380841023646 273.6171448915654
429.7775041155439 429.5171817140405 342.0057564583481
188.6583591468229 56.46046446369064 346.1860636636437
317.5663577689612 299.1779926553547 271.8442118213595
423.8568444559446 338.4692206456889 337.6846634141025
61.66819655069557 70.93488660670351 338.6153614847708
240.7769507527443 318.8162629520524 343.179330672403
132.2254396545541 212.9482313945718 234.9900463762339
310.3800928873113 99.68445072436401 338.7211006761503
364.4725041875482 148.4124602812736 288.5375126950481
77.02000576221586 292.6309732503149 225.6777578554303
372.3761243324029 442.1806413188297 346.3487563882981
121.3250434890085 200.8719187846795 345.2805086820361
313.7904476557076 298.1468656568284 345.257398879828
194.8294503399868 319.7930982781319 242.2405100320155
341.7757290306164 356.2211209801169 280.9608175309653
134.2333297861261 126.999379204301 233.9358506346176
211.8795288034428 231.3477190366919 247.4564178138842
435.1176686021525 85.56803412332998 340.6645888386004
53.66899437669537 197.3953619012395 285.4261790938062
363.1747967605004 262.8347772140656 275.935541924393
198.3177419849305 444.5711414489817 346.8058852728086
210.8834887858128 359.9757174829082 272.0568995774465
127.8210941582991 129.6786214377901 299.905497508239
343.8770634602021 208.74904830961 279.1067224317404
434.8622334084417 198.0330939204868 341.8195932778164
54.73132650967031 70.99968156671258 220.3193989581738
329.6685424593032 210.40855516275 347.1454946204141
138.8733361094849 313.6910813100005 242.6520598378885
195.1503272144926 211.9896889758208 348.6437943533002
264.970451115233 389.7800343940474 298.1292609828642
55.35217461343423 184.393469629978 344.648846003555
461.8924380291133 250.0282957189019 352.7696913919874
189.0876811413106 338.3940157476504 348.1112976609715
276.5218129948342 49.25067115638025 255.7375835197303
356.1409480487536 262.1774318898887 346.6493363542796
454.0422430979885 381.7082098345775 350.688169326594
271.9077366976931 373.1670244309806 350.826695665159
348.2290246072755 156.2746078100043 343.0028525391221
113.4369732321588 267.5488470273864 347.7940829217902
184.7352433768976 281.376045392959 350.0159161539436
187.6997972318799 116.1968513124067 239.5716120546859
393.2561699173857 48.8385575579789 297.481824724371
115.6748089575751 456.8661113721155 348.6253526685375
250.0503949094141 50.46454788883141 344.800548875372
331.7191566051139 351.0152131394842 346.1443487573947
299.3627399638658 455.7800875600612 348.2036143617839
46.77260994599288 269.2615519145082 277.5370894738243
321.7202834700985 119.1684135766645 268.1256333922173
186.599694649439 116.1697361588479 348.1024207760081
171.7221420845336 215.2763652704826 279.3408161587959
52.61850192674494 364.0136644051361 346.5039501904245
52.02006385725214 381.9084090096249 294.4590165437807
338.1542065132712 50.8235115239705 334.6787924049341
121.9859232072346 239.1805233024844 280.8100374431036
303.7195530730217 252.3376316707591 260.7683842141477
121.2530880691969 146.8434826601645 351.0371384914503
460.0951849388855 303.2049373433565 354.3156038793917
271.6871976652579 285.9151839159999 316.3976542843297
243.8652544719625 189.905568271492 248.7581411211308
51.89046165600298 55.87101780229504 284.2280668705235
293.1802350445623 251.6014216055766 354.8620287657392
141.7296996137238 361.496765677077 350.4067926822354
165.5710467250742 49.42234817517645 293.3006731204627
467.8376375385291 140.2244610609699 353.2612474012095
203.3777815282055 253.4861626668464 293.1886997724647
292.9508458036045 353.5797536349666 259.3341926963716
111.4734738416653 254.5251949378728 217.5048546433321
464.021388704642 463.8503471541563 353.1046577382004
53.7135076055188 128.3594355668089 276.2452730438412
396.6642712315162 49.28473973251332 351.3004975210487
47.78114205285232 198.6477228270153 207.5029850839489
106.6980888763998 53.96769678096732 225.8917101509131
220.499202514207 278.7911912763095 243.4191133607712
107.8857107430283 357.448729967434 267.0132159854592
253.8974114783151 97.6653381224026 244.8410223900438
179.3883919555673 392.6158314015181 288.8654153048942
283.3504823816069 159.1740822535987 354.3404316665925
258.8805966139178 101.7703954453155 346.1784274988296
404.0770886828603 120.0201119863056 296.1610621156597
222.9650466424441 43.02656688799589 302.1653149520932
3 6 0 26
4414
4415
4416
4417
4418
4419
4420
4421
4422
4423
4424
4425
4426
4427
4428
4429
4430
4431
4432
4433
4434
4435
4436
4437
4438
4439
661.1570802659514 151.0951153280292 338.1389740206898
677.7454794518296 351.4237454188566 343.5895066684422
668.3217470655659 212.3005552574679 341.4460973929353
721.9949645916442 442.0981263154344 346.409653675485
716.7660224580784 246.9683694667 347.2635220612719
663.400328306093 436.9433113057642 340.2311576382868
665.9056370808171 291.4065146738844 340.4411091449382
669.1124628428815 90.09863705958506 342.2308176176782
729.4674875259807 371.0683345214907 349.3040195056781
718.7088707343332 150.8698145901919 346.6071123945302
720.1189754150782 317.0465661312831 348.9353849158686
716.9520641287083 56.83961476345681 345.1060793909156
745.2824931943986 198.4338269223615 346.7848236721316
773.6435414604606 430.9601962840221 352.2377306442912
743.6069515250942 103.8596688784091 345.7427743691329
632.7118125495656 57.07431890994685 325.0515072636434
798.2706505879311 201.072712512171 355.8396949096116
800.0042998602739 149.8982255049431 354.0303426093039
788.1192026286394 64.56103565691504 353.7324074489376
775.0000083387296 270.4729940490419 353.7696243770694
622.0262893119889 418.9369017024003 318.3426102752543
825.000035924183 245.6846673938061 358.6900122825867
628.8108788254846 186.8888390783981 321.5586560296192
620.0876518926053 128.9427160996791 318.6219734291627
798.5638327415722 474.5923917783724 357.2756420254912
631.7866274920051 250.5933537926803 326.6809815015287
3 7 0 23
4440
4441
4442
4443
4444
4445
4446
4447
4448
4449
4450
4451
4452
4453
4454
4455
4456
4457
4458
4459
4460
4461
4462
661.4299912907046 751.3743572014027 338.9725652930337
674.5769366087773 893.2272303458263 342.0609893047152
669.0390293701748 690.5501595681089 341.3131914019057
672.7151287903317 811.8340446640896 343.8690626010434
645.9117917703918 950.4170026943245 333.4162268009097
719.8534929642459 751.7991848750789 348.2498583390152
713.0064962337686 942.2252510925525 344.7747409857609
719.697926424324 846.0203120091214 347.4826842116014
754.2918320151315 675.9846118698711 351.433392604162
744.4569790360667 799.3374284833233 345.0806471555326
798.032463069182 799.5588825652484 355.4162553843171
638.1273160575042 852.9924257773644 327.1788264654716
743.7966114599914 896.0782060225137 347.7828110078627
634.0908710839402 652.299066119132 325.3315685433802
774.3980256504182 728.3808376688539 353.7110201314621
627.3273453886367 786.4253352545685 323.1091516799622
629.0842422027329 715.7307341819535 321.7142642666786
799.4404744980071 942.6367899657628 356.993356062484
770.4779087954729 843.2626962474299 356.6845483948439
825.4588216458242 752.5687579747547 358.1399512803607
707.4455718180186 655.3028169314588 341.6733395261954
827.077863725469 842.9101596273116 358.9700137412187
719.0161205927492 704.1328519002386 334.2588790803961
3 8 0 129
4463
4464
4465
4466
4467
4468
4469
4470
4471
4472
4473
4474
4475
4476
4477
4478
4479
4480
4481
4482
4483
4484
4485
4486
4487
4488
4489
4490
4491
4492
4493
4494
4495
4496
4497
4498
4499
4500
4501
4502
4503
4504
4505
4506
4507
4508
4509
4510
4511
4512
4513
4514
4515
4516
4517
4518
4519
4520
4521
4522
4523
4524
4525
4526
4527
4528
4529
4530
4531
4532
4533
4534
4535
4536
4537
4538
4539
4540
4541
4542
4543
4544
4545
4546
4547
4548
4549
4550
4551
4552
4553
4554
4555
4556
4557
4558
4559
4560
4561
4562
4563
4564
4565
4566
4567
4568
4569
4570
4571
4572
4573
4574
4575
4576
4577
4578
4579
4580
4581
4582
4583
4584
4585
4586
4587
4588
4589
4590
4591
117.1201784627404 797.2603200546051 288.0686660883254
146.395884107603 689.4287169345668 290.3724236584744
167.4279005734728 893.5527122711151 291.7815378933586
219.4439608610591 783.350502217607 296.7680037184883
246.3563269600413 686.4989433793085 301.6872405366397
317.0366394933928 901.4013189911541 307.6927294570306
315.6946001000993 806.0348982604994 307.3282657509407
95.83751454482081 619.6702549304218 259.2017272009706
334.715026186378 714.9301238808727 308.6084943943551
84.17633481202775 869.9156556557102 252.1834964088899
186.7241440402985 618.0048528143673 270.4901877658849
83.52013238069819 729.4095221998234 249.965346386445
245.8947699478222 862.6781041693127 282.4650757003361
93.26142927226078 920.0043416292499 317.5521794598263
378.8128053473148 852.7784593848461 323.4363682694137
306.6971524993577 636.907692473988 288.5032786327935
384.6819598339713 927.2897229386532 326.3713436550691
166.2091506684783 751.9777461137747 255.5164533793637
76.43586910717369 668.5684940568361 315.8848251304665
75.929049772582 744.340998221011 324.3480145032356
229.9484572509869 925.160475529118 327.3499008913158
385.1097054180557 775.7131945440282 322.8581644179535
176.3504318205842 828.7936109757642 259.0570035548956
277.9829012340179 746.2773658269238 276.1015764004541
157.5922812886425 751.195332323437 328.3956488313806
169.3608924877911 822.6017511231777 331.3692284477848
80.00587065855093 549.7292858364073 233.8092942742029
74.90244812657417 847.3417297979505 325.3047397423817
403.2359932293783 695.3492090496551 330.8226079219097
123.4824954657216 931.1347098021578 247.3709250831616
252.8318506069171 596.2919115428359 271.4312579376281
69.45331292775055 797.8614424973188 234.754251650077
145.4883639595994 566.3009192355245 249.5749720045309
374.5664296479125 634.4673036945712 306.6087661210973
268.4434413300649 932.5876059986954 271.8164347745803
257.0322098782868 823.3494328611131 336.5301492874247
201.2634163131122 696.4963053009814 255.0623524813448
62.97620154146151 669.4850125775031 230.1354339529032
203.5910315269092 936.9019307713601 255.8156076253653
158.8092426947018 939.0399524636589 338.6313312615745
251.6523810282749 741.9882490968874 335.7061388253105
192.213372314209 655.9310484336055 324.5110583325643
266.8602824103965 806.7346106407673 262.6361186969099
125.6017149496172 669.2213566298219 234.6775381386088
341.6002408613644 856.0189387553194 275.3052637967372
205.9240851815063 558.2789353132049 249.0298523878841
62.06908164437476 925.3754997432519 224.8164431437812
352.2510955676078 586.4207959047091 277.3323377133376
121.825096827359 826.8900744516127 234.3796878050632
428.0917939387376 885.785548937345 340.086858799256
430.5021790785541 823.5733569327996 342.3149790325027
55.13417465581776 602.4700095815881 218.0014503111419
351.8047889542412 940.673146793803 277.1180402353854
136.4571430776558 629.7971048375242 305.2997145354826
295.5891455649552 690.5002138979315 265.146542858696
296.4149091994948 673.8951840294934 340.2606414104409
212.7997798927207 866.3134958492399 334.411331765182
271.3925843993401 882.8545191559591 344.9933773116845
346.7505445055999 761.3973255090824 273.4926256795383
131.1333066736188 871.6332507257449 337.6905202334357
151.2009662127572 877.1058446991212 238.2490749489878
118.3675378093244 704.2033228752398 342.800089473281
242.3183593776493 651.557051495675 254.7055787287802
440.9058501575372 764.3672237727536 342.1695882639972
322.6398497577775 853.4983157246394 341.918857910974
114.8650263727921 799.0952572410207 347.6438700654902
57.14815457380895 792.8537801261286 293.6688481247871
289.1174247064874 940.5221718065633 344.1685406520864
222.9203950163638 749.0254850205523 251.4814744159574
205.5965212890612 727.5661575488583 303.7235578587558
293.983184787927 880.1363118186404 262.7012909305228
131.4242440449981 851.306420135842 283.9223706936103
309.3875618200466 757.6677719382678 342.6611564863531
300.5714013352011 566.8318502471311 266.5491357646329
56.702339519009 502.9379675433435 212.0903234867983
118.9205154970817 770.3124504389286 229.8774645829575
348.7769228512404 671.4033520859064 271.8376518015197
50.91434835434839 606.4154778525118 293.0794033945281
448.4382391562441 940.1667649095218 346.6527135359747
256.6761837303256 631.851245059086 316.5305990724694
58.01767175161723 799.2204924638947 350.5950035696584
454.226721182661 677.7773459066807 349.8458994351825
122.0979395509229 742.3668616937562 287.1509908121335
126.5848245851724 518.8700646345819 226.8439950386147
51.21265015064809 845.8420395050706 211.4835421633312
204.0845585926798 882.0265786357539 252.4591343545094
143.6884802300607 618.1254860199747 233.7726765260169
52.2095820836408 945.9621176880923 347.7904179163593
372.3599658508538 810.1133380371512 281.1274031711147
353.6019739369481 670.5559586620252 346.3102696218424
52.04887609061088 888.9045883395473 294.6042741500852
50.0465321077002 945.362484460351 291.2415638974651
199.924294825341 780.1383948273455 347.9680403473728
49.76878493516595 725.6597375788297 208.7117273761589
48.62762694540354 705.4900705124373 350.5852778931874
134.9300767849585 720.3835067119854 227.6294956333359
159.1043530793796 946.5926075571139 285.0528091011467
218.067072967711 800.6564466956618 244.884962640144
220.2429554669529 699.1024401885395 347.8714780649993
168.2098238044227 789.2130504364748 291.5214770877665
51.55676517784579 709.6827697919663 289.7406120275164
51.81369421566224 890.8563406137673 349.4123330315218
248.367558047462 530.0367116046626 245.8312705717038
376.7290843128934 717.0945387986103 278.169848606378
175.6151583979592 658.2039442978772 232.6405021962109
250.3015293966288 706.5833629777824 247.0478846961101
376.9010485098052 894.5124441329305 285.2408230267276
101.2759556476762 571.1323102347893 275.5496506259758
337.6812070029179 950.9872382278734 326.766231387163
327.3241663056872 809.1930678080862 258.9534285417939
176.9486280851595 519.8422742692347 232.9674545388925
290.3423054826465 849.7030128101899 303.0554520198373
425.1773214182205 640.0013757608333 324.5129702884609
369.639924075291 732.4494079670769 351.5785400882693
98.34599942974236 686.9724973905022 273.8083096410903
169.5172300391031 701.2497019220607 335.1898176615405
353.4098292155859 811.7681432454509 342.4447416474473
142.8325339518276 658.2830823599951 348.7844280471011
407.5512455388842 597.8502263546276 300.6491125549629
270.3235831662398 784.6211646962937 307.5373652464859
208.6055910679399 832.4533656116845 297.4661132572903
170.6716029009137 791.8169145033098 227.9766456139153
475.083254019704 798.812321131633 356.6697966824632
99.72718935857833 619.6632737684934 211.0651758230148
472.6183254077006 723.3402125395505 352.0085203396545
348.2531032112307 898.0750914708052 349.0211573068719
44.85582050225621 760.4762346123794 257.3941945980205
394.5885872631249 957.5388514264224 291.0983203201789
466.5546728936841 856.6392868338149 355.6167429454249
3 9 0 0
$EndNodes
$Elements
53 29225 1 29225
2 6 2 94
1 285 286 9
2 82 943 36
3 36 943 206
4 37 929 82
5 294 929 37
6 210 944 46
7 46 944 277
8 929 943 82
9 206 919 207
10 206 943 919
11 207 921 208
12 919 921 207
13 208 913 209
14 208 921 913
15 209 934 210
16 913 934 209
17 934 944 210
18 277 918 278
19 277 944 918
20 278 938 279
21 918 938 278
22 279 915 280
23 279 938 915
24 280 942 281
25 915 942 280
26 281 932 282
27 281 942 932
28 282 920 283
29 282 932 920
30 283 933 284
31 920 933 283
32 284 936 285
33 933 936 284
34 285 936 286
35 286 936 287
36 287 933 288
37 287 936 933
38 288 939 289
39 933 939 288
40 289 917 290
41 289 939 917
42 290 940 291
43 917 940 290
44 291 914 292
45 291 940 914
46 292 935 293
47 914 935 292
48 293 916 294
49 293 935 916
50 916 929 294
51 921 922 913
52 922 923 913
53 923 934 913
54 930 937 914
55 914 940 930
56 914 937 935
57 925 926 915
58 915 938 925
59 926 927 915
60 927 942 915
61 928 929 916
62 916 931 928
63 916 935 931
64 939 945 917
65 917 941 940
66 917 945 941
67 918 944 934
68 934 946 918
69 918 946 938
70 919 928 921
71 919 929 928
72 919 943 929
73 932 945 920
74 920 939 933
75 920 945 939
76 921 928 922
77 922 924 923
78 922 931 924
79 928 931 922
80 924 925 923
81 925 946 923
82 923 946 934
83 924 926 925
84 924 937 926
85 931 937 924
86 938 946 925
87 926 930 927
88 926 937 930
89 930 941 927
90 927 941 932
91 932 942 927
92 940 941 930
93 935 937 931
94 941 945 932
2 7 2 201
95 303 962 11
96 11 1025 304
97 962 1025 11
98 295 38 83
99 39 1021 98
100 211 1021 39
101 47 1023 215
102 312 1023 47
103 84 1016 83
104 83 1016 295
105 85 1012 84
106 1012 1016 84
107 86 1019 85
108 85 1019 1012
109 87 959 86
110 959 1019 86
111 88 963 87
112 87 963 959
113 89 956 88
114 956 963 88
115 90 997 89
116 89 997 956
117 91 949 90
118 949 997 90
119 92 996 91
120 91 996 949
121 93 951 92
122 951 996 92
123 94 995 93
124 93 995 951
125 95 950 94
126 950 995 94
127 96 998 95
128 95 998 950
129 97 953 96
130 953 998 96
131 98 1014 97
132 97 1014 953
133 98 1021 1014
134 212 960 211
135 960 1021 211
136 213 1015 212
137 212 1015 960
138 214 955 213
139 955 1015 213
140 215 1017 214
141 214 1017 955
142 215 1023 1017
143 295 1016 296
144 296 1012 297
145 296 1016 1012
146 297 961 298
147 297 1012 961
148 298 1004 299
149 961 1004 298
150 299 957 300
151 299 1004 957
152 300 1003 301
153 957 1003 300
154 301 954 302
155 301 1003 954
156 302 999 303
157 954 999 302
158 303 999 962
159 304 952 305
160 304 1025 952
161 305 1002 306
162 952 1002 305
163 306 948 307
164 306 1002 948
165 307 1000 308
166 948 1000 307
167 308 1009 309
168 1000 1009 308
169 309 947 310
170 309 1009 947
171 310 1013 311
172 947 1013 310
173 311 958 312
174 311 1013 958
175 958 1023 312
176 947 1011 990
177 990 1013 947
178 1009 1011 947
179 948 994 993
180 993 1000 948
181 948 1002 994
182 968 997 949
183 949 1005 968
184 996 1005 949
185 987 995 950
186 950 1008 987
187 998 1008 950
188 988 996 951
189 951 1006 988
190 995 1006 951
191 989 991 952
192 952 1025 989
193 991 1002 952
194 986 998 953
195 953 1007 986
196 953 1014 1007
197 954 1010 999
198 1003 1024 954
199 954 1024 1010
200 984 985 955
201 955 1001 984
202 985 1015 955
203 955 1017 1001
204 956 964 963
205 956 965 964
206 956 997 965
207 957 1004 992
208 992 1018 957
209 957 1018 1003
210 958 1013 1001
211 1001 1017 958
212 1017 1023 958
213 963 992 959
214 992 1026 959
215 959 1026 1019
216 1014 1021 960
217 960 1022 1014
218 1015 1022 960
219 961 1026 1004
220 1012 1019 961
221 1019 1026 961
222 962 1020 989
223 989 1025 962
224 999 1020 962
225 964 992 963
226 965 966 964
227 966 1018 964
228 964 1018 992
229 965 967 966
230 965 968 967
231 965 997 968
232 967 1010 966
233 1010 1024 966
234 966 1024 1018
235 968 969 967
236 969 970 967
237 970 1010 967
238 968 1005 969
239 969 971 970
240 969 972 971
241 969 1005 972
242 971 989 970
243 989 1020 970
244 970 1020 1010
245 972 973 971
246 973 991 971
247 971 991 989
248 972 974 973
249 972 988 974
250 972 1005 988
251 974 975 973
252 975 994 973
253 973 994 991
254 974 976 975
255 974 1006 976
256 988 1006 974
257 976 977 975
258 977 993 975
259 993 994 975
260 976 978 977
261 976 987 978
262 976 1006 987
263 978 979 977
264 979 983 977
265 983 993 977
266 978 980 979
267 978 1008 980
268 987 1008 978
269 980 981 979
270 981 1011 979
271 979 1011 983
272 980 982 981
273 980 986 982
274 980 1008 986
275 982 984 981
276 984 990 981
277 990 1011 981
278 982 985 984
279 982 1007 985
280 986 1007 982
281 983 1000 993
282 983 1009 1000
283 983 1011 1009
284 984 1001 990
285 1007 1022 985
286 985 1022 1015
287 986 1008 998
288 987 1006 995
289 988 1005 996
290 1001 1013 990
291 994 1002 991
292 1004 1026 992
293 1010 1020 999
294 1018 1024 1003
295 1014 1022 1007
2 8 2 23
296 324 12 325
297 59 1029 51
298 51 1029 332
299 58 1028 177
300 324 1027 58
301 1027 1028 58
302 172 1029 59
303 173 331 172
304 331 332 172
305 332 1029 172
306 173 174 330
307 330 331 173
308 174 175 329
309 330 174 329
310 328 175 176
311 329 175 328
312 177 327 176
313 327 328 176
314 177 1028 327
315 325 1027 324
316 326 1027 325
317 327 1028 326
318 326 1028 1027
2 9 2 28
319 10 1030 322
320 323 1030 10
321 50 1031 56
322 313 1031 50
323 56 1031 188
324 323 57 178
325 179 1030 178
326 178 1030 323
327 180 322 179
328 322 1030 179
329 181 321 180
330 180 321 322
331 182 320 181
332 320 321 181
333 183 319 182
334 319 320 182
335 184 318 183
336 318 319 183
337 185 317 184
338 317 318 184
339 186 316 185
340 316 317 185
341 187 315 186
342 315 316 186
343 188 314 187
344 314 315 187
345 313 314 188
346 188 1031 313
2 10 2 86
347 9 303 11
348 11 1034 9
349 9 1037 285
350 286 303 9
351 1034 1037 9
352 11 1032 10
353 10 1034 11
354 322 1034 10
355 10 1032 323
356 304 1032 11
357 323 1032 12
358 12 1033 323
359 324 1033 12
360 12 1035 325
361 1032 1035 12
362 37 38 294
363 294 38 295
364 46 1039 50
365 277 1039 46
366 51 1036 47
367 47 1036 312
368 50 1039 313
369 332 1036 51
370 58 57 324
371 323 1033 57
372 57 1033 324
373 278 1040 277
374 277 1040 1039
375 278 279 314
376 314 1040 278
377 279 280 315
378 314 279 315
379 280 281 316
380 315 280 316
381 317 281 282
382 316 281 317
383 318 282 283
384 317 282 318
385 283 284 319
386 283 319 318
387 284 285 320
388 319 284 320
389 320 285 321
390 285 1037 321
391 287 302 286
392 302 303 286
393 288 301 287
394 287 301 302
395 289 300 288
396 288 300 301
397 290 299 289
398 299 300 289
399 291 298 290
400 298 299 290
401 291 292 297
402 297 298 291
403 296 292 293
404 297 292 296
405 294 295 293
406 295 296 293
407 305 1035 304
408 304 1035 1032
409 306 325 305
410 325 1035 305
411 307 326 306
412 326 325 306
413 307 308 327
414 307 327 326
415 328 308 309
416 327 308 328
417 310 329 309
418 309 329 328
419 311 1041 310
420 310 330 329
421 310 1041 330
422 312 1038 311
423 1038 1041 311
424 1036 1038 312
425 313 1040 314
426 1039 1040 313
427 321 1037 322
428 322 1037 1034
429 330 1041 331
430 331 1038 332
431 331 1041 1038
432 332 1038 1036
2 16 2 84
433 402 1178 15
434 15 1178 403
435 116 1193 42
436 42 1193 216
437 43 405 131
438 216 1201 48
439 48 1201 389
440 117 1179 116
441 1179 1193 116
442 118 1187 117
443 117 1187 1179
444 119 1180 118
445 1180 1187 118
446 120 1188 119
447 119 1188 1180
448 121 1181 120
449 1181 1188 120
450 122 1189 121
451 121 1189 1181
452 123 1200 122
453 1183 1189 122
454 122 1200 1183
455 124 1199 123
456 1199 1200 123
457 125 1198 124
458 1198 1199 124
459 126 1196 125
460 1196 1198 125
461 127 1195 126
462 1195 1196 126
463 128 1186 127
464 1186 1195 127
465 129 1182 128
466 1182 1186 128
467 130 1197 129
468 129 1197 1182
469 131 1194 130
470 130 1194 1192
471 1192 1197 130
472 405 1194 131
473 1193 1201 216
474 389 1179 390
475 389 1201 1179
476 390 1187 391
477 1179 1187 390
478 391 1180 392
479 391 1187 1180
480 392 1188 393
481 1180 1188 392
482 393 1181 394
483 393 1188 1181
484 394 1189 395
485 1181 1189 394
486 395 1183 396
487 395 1189 1183
488 396 1190 397
489 1183 1190 396
490 397 1184 398
491 397 1190 1184
492 398 1191 399
493 1184 1191 398
494 399 1185 400
495 399 1191 1185
496 400 1186 401
497 1185 1195 400
498 400 1195 1186
499 401 1182 402
500 401 1186 1182
501 402 1182 1178
502 403 1192 404
503 1178 1192 403
504 404 1194 405
505 1192 1194 404
506 1182 1197 1178
507 1178 1197 1192
508 1179 1201 1193
509 1183 1200 1190
510 1190 1199 1184
511 1184 1198 1191
512 1184 1199 1198
513 1191 1196 1185
514 1185 1196 1195
515 1190 1200 1199
516 1191 1198 1196
2 17 2 23
517 13 408 409
518 33 1203 132
519 133 1203 33
520 132 1202 44
521 44 1202 406
522 45 1207 133
523 412 1207 45
524 132 1203 1202
525 133 1207 1203
526 406 1204 407
527 1202 1204 406
528 407 1205 408
529 1204 1205 407
530 408 1205 409
531 409 1205 410
532 410 1204 411
533 410 1205 1204
534 411 1206 412
535 1204 1206 411
536 1206 1207 412
537 1203 1206 1202
538 1202 1206 1204
539 1203 1207 1206
2 18 2 113
540 14 1216 439
541 440 1216 14
542 134 1247 49
543 49 1247 444
544 53 1246 137
545 138 1246 53
546 433 148 64
547 135 1237 134
548 1237 1247 134
549 136 1212 135
550 1212 1237 135
551 137 1238 136
552 136 1238 1212
553 137 1246 1238
554 139 1228 138
555 1228 1246 138
556 140 1211 139
557 1211 1228 139
558 141 1219 140
559 140 1219 1211
560 142 1210 141
561 1210 1219 141
562 143 1230 142
563 142 1230 1210
564 144 1213 143
565 1213 1230 143
566 145 1233 144
567 144 1233 1213
568 146 1217 145
569 1217 1233 145
570 147 1218 146
571 146 1218 1217
572 148 1239 147
573 147 1239 1218
574 433 1239 148
575 434 1239 433
576 435 1218 434
577 1218 1239 434
578 436 1243 435
579 435 1243 1218
580 437 1214 436
581 1214 1243 436
582 438 1234 437
583 437 1234 1214
584 439 1209 438
585 1209 1234 438
586 439 1248 1209
587 1216 1248 439
588 441 1241 440
589 440 1241 1216
590 442 1208 441
591 1208 1241 441
592 443 1235 442
593 442 1235 1208
594 444 1215 443
595 1215 1235 443
596 444 1247 1215
597 1208 1240 1229
598 1229 1241 1208
599 1235 1240 1208
600 1224 1244 1209
601 1209 1248 1224
602 1209 1244 1234
603 1210 1220 1219
604 1210 1221 1220
605 1210 1230 1221
606 1219 1225 1211
607 1225 1227 1211
608 1227 1228 1211
609 1212 1245 1237
610 1238 1245 1212
611 1213 1231 1230
612 1213 1232 1231
613 1213 1233 1232
614 1214 1234 1232
615 1232 1249 1214
616 1214 1249 1243
617 1215 1236 1235
618 1215 1237 1236
619 1215 1247 1237
620 1241 1242 1216
621 1242 1248 1216
622 1218 1243 1217
623 1217 1249 1233
624 1243 1249 1217
625 1220 1225 1219
626 1221 1222 1220
627 1222 1223 1220
628 1223 1225 1220
629 1221 1224 1222
630 1221 1231 1224
631 1230 1231 1221
632 1222 1229 1223
633 1224 1242 1222
634 1222 1242 1229
635 1223 1226 1225
636 1223 1240 1226
637 1229 1240 1223
638 1231 1244 1224
639 1224 1248 1242
640 1226 1227 1225
641 1226 1245 1227
642 1226 1240 1236
643 1236 1245 1226
644 1227 1238 1228
645 1227 1245 1238
646 1238 1246 1228
647 1229 1242 1241
648 1232 1244 1231
649 1233 1249 1232
650 1234 1244 1232
651 1236 1240 1235
652 1237 1245 1236
2 19 2 134
653 16 426 425
654 52 1297 217
655 413 1297 52
656 62 1294 154
657 220 1294 62
658 149 1260 63
659 63 1299 432
660 1260 1299 63
661 150 1288 149
662 149 1288 1260
663 151 1254 150
664 1254 1288 150
665 152 1274 151
666 151 1274 1254
667 153 1253 152
668 1253 1274 152
669 154 1275 153
670 153 1275 1253
671 154 1294 1275
672 217 1283 218
673 217 1297 1283
674 218 1256 219
675 218 1283 1256
676 219 1284 220
677 1256 1284 219
678 1284 1294 220
679 414 1258 413
680 1258 1297 413
681 415 1277 414
682 414 1277 1258
683 416 1250 415
684 1250 1277 415
685 417 1279 416
686 416 1279 1250
687 418 1251 417
688 1251 1279 417
689 419 1293 418
690 418 1293 1251
691 420 1255 419
692 1255 1293 419
693 421 1280 420
694 420 1280 1255
695 422 1300 421
696 421 1300 1280
697 423 1259 422
698 1259 1300 422
699 424 1282 423
700 423 1282 1259
701 425 1289 424
702 424 1289 1282
703 426 1289 425
704 427 1289 426
705 428 1282 427
706 1282 1289 427
707 429 1290 428
708 428 1290 1282
709 430 1257 429
710 1257 1290 429
711 431 1261 430
712 430 1261 1257
713 432 1252 431
714 1252 1261 431
715 432 1299 1252
716 1250 1281 1277
717 1279 1291 1250
718 1250 1291 1281
719 1251 1269 1267
720 1267 1298 1251
721 1251 1293 1269
722 1251 1298 1279
723 1252 1262 1261
724 1252 1263 1262
725 1252 1299 1263
726 1253 1286 1274
727 1275 1276 1253
728 1276 1286 1253
729 1254 1274 1270
730 1270 1295 1254
731 1254 1295 1288
732 1255 1287 1269
733 1269 1293 1255
734 1280 1292 1255
735 1255 1292 1287
736 1283 1296 1256
737 1256 1296 1284
738 1261 1272 1257
739 1272 1273 1257
740 1273 1290 1257
741 1277 1278 1258
742 1278 1283 1258
743 1283 1297 1258
744 1259 1290 1273
745 1273 1300 1259
746 1282 1290 1259
747 1260 1264 1263
748 1263 1299 1260
749 1260 1288 1264
750 1262 1272 1261
751 1263 1287 1262
752 1262 1292 1272
753 1287 1292 1262
754 1264 1265 1263
755 1265 1287 1263
756 1264 1266 1265
757 1264 1295 1266
758 1288 1295 1264
759 1266 1267 1265
760 1267 1269 1265
761 1269 1287 1265
762 1266 1268 1267
763 1266 1270 1268
764 1266 1295 1270
765 1268 1298 1267
766 1270 1271 1268
767 1271 1291 1268
768 1291 1298 1268
769 1270 1286 1271
770 1274 1286 1270
771 1271 1285 1281
772 1281 1291 1271
773 1271 1286 1285
774 1272 1280 1273
775 1272 1292 1280
776 1280 1300 1273
777 1275 1284 1276
778 1275 1294 1284
779 1284 1296 1276
780 1285 1286 1276
781 1276 1296 1285
782 1277 1281 1278
783 1281 1285 1278
784 1278 1296 1283
785 1285 1296 1278
786 1279 1298 1291
2 20 2 90
787 13 1301 403
788 403 1303 13
789 13 1303 408
790 409 1306 13
791 13 1306 1301
792 15 1301 14
793 14 1305 15
794 16 14 439
795 16 1305 14
796 14 1301 440
797 15 1305 402
798 403 1301 15
799 425 1308 16
800 16 439 426
801 16 1308 1305
802 43 44 406
803 43 1304 405
804 406 1304 43
805 49 1307 45
806 45 1307 412
807 48 1309 52
808 389 1309 48
809 444 1307 49
810 52 1309 413
811 63 432 64
812 64 432 433
813 390 1310 389
814 389 1310 1309
815 391 1312 390
816 390 1312 1310
817 391 392 416
818 415 391 416
819 415 1312 391
820 392 393 417
821 416 392 417
822 393 394 418
823 417 393 418
824 394 395 419
825 418 394 419
826 395 396 420
827 419 395 420
828 421 396 397
829 420 396 421
830 398 422 397
831 397 422 421
832 399 423 398
833 398 423 422
834 400 424 399
835 399 424 423
836 401 425 400
837 400 425 424
838 402 1308 401
839 401 1308 425
840 1305 1308 402
841 404 1303 403
842 405 1302 404
843 404 1302 408
844 408 1303 404
845 407 1302 405
846 405 1304 407
847 407 1304 406
848 408 1302 407
849 409 410 442
850 442 441 409
851 441 1306 409
852 410 411 443
853 442 410 443
854 412 1311 411
855 411 1311 443
856 1307 1311 412
857 413 1310 414
858 1309 1310 413
859 414 1312 415
860 1310 1312 414
861 438 427 426
862 426 439 438
863 437 428 427
864 437 427 438
865 436 429 428
866 436 428 437
867 430 429 435
868 435 429 436
869 434 431 430
870 434 430 435
871 433 432 431
872 433 431 434
873 440 1306 441
874 1301 1306 440
875 443 1311 444
876 444 1311 1307
2 21 2 344
877 455 1459 17
878 17 1459 456
879 138 1457 53
880 53 1457 205
881 195 1458 54
882 54 1458 445
883 64 1456 148
884 466 1456 64
885 139 1325 138
886 1325 1457 138
887 140 1396 139
888 139 1396 1325
889 141 1319 140
890 1319 1396 140
891 142 1417 141
892 141 1417 1319
893 143 1391 142
894 1391 1417 142
895 144 1313 143
896 1313 1391 143
897 145 1329 144
898 144 1329 1313
899 146 1323 145
900 1323 1329 145
901 147 1434 146
902 146 1434 1323
903 148 1326 147
904 1326 1434 147
905 148 1456 1326
906 196 1327 195
907 1327 1458 195
908 197 1397 196
909 196 1397 1327
910 198 1317 197
911 1317 1397 197
912 199 1398 198
913 198 1398 1317
914 200 1415 199
915 199 1415 1398
916 201 1316 200
917 1316 1415 200
918 202 1453 201
919 201 1453 1316
920 203 1324 202
921 1324 1453 202
922 204 1451 203
923 203 1451 1324
924 205 1389 204
925 1389 1451 204
926 205 1457 1389
927 445 1435 446
928 445 1458 1435
929 446 1420 447
930 446 1435 1420
931 447 1321 448
932 447 1420 1321
933 448 1421 449
934 1321 1421 448
935 449 1314 450
936 449 1421 1314
937 450 1445 451
938 1314 1445 450
939 451 1438 452
940 451 1445 1438
941 452 1318 453
942 452 1438 1318
943 453 1416 454
944 1318 1416 453
945 454 1328 455
946 454 1416 1328
947 1328 1459 455
948 456 1446 457
949 456 1459 1446
950 457 1452 458
951 1446 1452 457
952 458 1322 459
953 458 1452 1322
954 459 1422 460
955 1322 1422 459
956 460 1315 461
957 460 1422 1315
958 461 1409 462
959 1315 1409 461
960 462 1454 463
961 1409 1454 462
962 463 1320 464
963 463 1454 1320
964 464 1455 465
965 1320 1455 464
966 465 1433 466
967 465 1455 1433
968 1433 1456 466
969 1329 1330 1313
970 1330 1331 1313
971 1331 1391 1313
972 1421 1441 1314
973 1314 1441 1437
974 1437 1445 1314
975 1315 1422 1377
976 1377 1447 1315
977 1315 1447 1409
978 1384 1386 1316
979 1316 1453 1384
980 1386 1448 1316
981 1316 1448 1415
982 1317 1460 1397
983 1398 1449 1317
984 1317 1449 1428
985 1428 1460 1317
986 1318 1440 1416
987 1438 1444 1318
988 1318 1444 1440
989 1390 1395 1319
990 1319 1417 1390
991 1395 1396 1319
992 1408 1410 1320
993 1320 1454 1408
994 1410 1411 1320
995 1411 1455 1320
996 1420 1443 1321
997 1321 1442 1421
998 1321 1443 1442
999 1322 1381 1379
1000 1379 1450 1322
1001 1322 1452 1381
1002 1322 1450 1422
1003 1323 1431 1329
1004 1413 1431 1323
1005 1323 1434 1413
1006 1324 1383 1382
1007 1382 1384 1324
1008 1324 1451 1383
1009 1384 1453 1324
1010 1388 1389 1325
1011 1325 1396 1388
1012 1389 1457 1325
1013 1326 1433 1412
1014 1412 1434 1326
1015 1326 1456 1433
1016 1397 1436 1327
1017 1327 1436 1435
1018 1435 1458 1327
1019 1416 1439 1328
1020 1439 1446 1328
1021 1446 1459 1328
1022 1329 1431 1330
1023 1330 1332 1331
1024 1330 1346 1332
1025 1330 1431 1346
1026 1332 1333 1331
1027 1333 1393 1331
1028 1331 1393 1391
1029 1332 1334 1333
1030 1332 1399 1334
1031 1346 1399 1332
1032 1334 1335 1333
1033 1335 1357 1333
1034 1357 1393 1333
1035 1334 1336 1335
1036 1334 1337 1336
1037 1334 1399 1337
1038 1336 1423 1335
1039 1335 1358 1357
1040 1335 1423 1358
1041 1337 1338 1336
1042 1338 1339 1336
1043 1339 1423 1336
1044 1337 1414 1338
1045 1399 1424 1337
1046 1337 1424 1414
1047 1338 1340 1339
1048 1338 1341 1340
1049 1338 1414 1341
1050 1340 1342 1339
1051 1342 1350 1339
1052 1350 1423 1339
1053 1341 1343 1340
1054 1340 1426 1342
1055 1343 1426 1340
1056 1341 1344 1343
1057 1341 1345 1344
1058 1341 1414 1345
1059 1342 1352 1350
1060 1342 1360 1352
1061 1342 1426 1360
1062 1344 1347 1343
1063 1347 1348 1343
1064 1348 1426 1343
1065 1345 1392 1344
1066 1344 1349 1347
1067 1344 1392 1349
1068 1345 1418 1392
1069 1414 1430 1345
1070 1345 1430 1418
1071 1346 1400 1399
1072 1346 1401 1400
1073 1346 1431 1401
1074 1347 1419 1348
1075 1349 1351 1347
1076 1351 1419 1347
1077 1419 1429 1348
1078 1425 1426 1348
1079 1348 1429 1425
1080 1349 1353 1351
1081 1349 1354 1353
1082 1349 1392 1354
1083 1352 1355 1350
1084 1355 1427 1350
1085 1350 1427 1423
1086 1353 1367 1351
1087 1367 1368 1351
1088 1368 1419 1351
1089 1352 1387 1355
1090 1360 1361 1352
1091 1361 1387 1352
1092 1354 1356 1353
1093 1356 1394 1353
1094 1353 1394 1367
1095 1354 1365 1356
1096 1354 1366 1365
1097 1354 1392 1366
1098 1355 1386 1385
1099 1385 1427 1355
1100 1355 1387 1386
1101 1365 1379 1356
1102 1379 1380 1356
1103 1380 1394 1356
1104 1358 1359 1357
1105 1359 1390 1357
1106 1390 1393 1357
1107 1358 1363 1359
1108 1358 1427 1363
1109 1423 1427 1358
1110 1363 1364 1359
1111 1364 1395 1359
1112 1359 1395 1390
1113 1360 1362 1361
1114 1360 1425 1362
1115 1360 1426 1425
1116 1362 1369 1361
1117 1369 1372 1361
1118 1372 1387 1361
1119 1362 1370 1369
1120 1362 1371 1370
1121 1362 1425 1371
1122 1363 1382 1364
1123 1363 1385 1382
1124 1363 1427 1385
1125 1382 1383 1364
1126 1383 1388 1364
1127 1388 1395 1364
1128 1366 1377 1365
1129 1377 1450 1365
1130 1365 1450 1379
1131 1366 1378 1377
1132 1366 1418 1378
1133 1392 1418 1366
1134 1367 1373 1368
1135 1367 1444 1373
1136 1394 1444 1367
1137 1373 1437 1368
1138 1368 1432 1419
1139 1368 1437 1432
1140 1370 1428 1369
1141 1369 1449 1372
1142 1428 1449 1369
1143 1371 1374 1370
1144 1374 1376 1370
1145 1376 1428 1370
1146 1371 1375 1374
1147 1371 1429 1375
1148 1425 1429 1371
1149 1372 1448 1387
1150 1398 1415 1372
1151 1372 1449 1398
1152 1415 1448 1372
1153 1373 1445 1437
1154 1373 1444 1438
1155 1438 1445 1373
1156 1375 1442 1374
1157 1374 1443 1376
1158 1442 1443 1374
1159 1429 1432 1375
1160 1432 1441 1375
1161 1441 1442 1375
1162 1376 1460 1428
1163 1436 1460 1376
1164 1376 1461 1436
1165 1443 1461 1376
1166 1378 1447 1377
1167 1422 1450 1377
1168 1406 1407 1378
1169 1378 1418 1406
1170 1407 1447 1378
1171 1379 1381 1380
1172 1381 1439 1380
1173 1380 1440 1394
1174 1439 1440 1380
1175 1381 1446 1439
1176 1381 1452 1446
1177 1382 1385 1384
1178 1383 1389 1388
1179 1383 1451 1389
1180 1385 1386 1384
1181 1387 1448 1386
1182 1388 1396 1395
1183 1390 1417 1393
1184 1393 1417 1391
1185 1440 1444 1394
1186 1397 1460 1436
1187 1400 1424 1399
1188 1401 1402 1400
1189 1402 1403 1400
1190 1403 1424 1400
1191 1401 1405 1402
1192 1401 1413 1405
1193 1401 1431 1413
1194 1402 1404 1403
1195 1402 1410 1404
1196 1405 1410 1402
1197 1404 1406 1403
1198 1406 1430 1403
1199 1403 1430 1424
1200 1404 1407 1406
1201 1404 1408 1407
1202 1404 1410 1408
1203 1405 1411 1410
1204 1405 1412 1411
1205 1405 1413 1412
1206 1418 1430 1406
1207 1408 1409 1407
1208 1409 1447 1407
1209 1408 1454 1409
1210 1412 1433 1411
1211 1433 1455 1411
1212 1413 1434 1412
1213 1424 1430 1414
1214 1416 1440 1439
1215 1419 1432 1429
1216 1435 1461 1420
1217 1420 1461 1443
1218 1421 1442 1441
1219 1437 1441 1432
1220 1436 1461 1435
2 22 2 204
1221 501 1541 18
1222 18 1541 502
1223 55 1540 194
1224 512 1540 55
1225 56 1542 188
1226 189 1542 56
1227 178 1543 57
1228 57 1543 496
1229 179 1471 178
1230 1471 1543 178
1231 180 1538 179
1232 179 1538 1471
1233 181 1462 180
1234 1462 1538 180
1235 182 1520 181
1236 181 1520 1462
1237 183 1521 182
1238 182 1521 1520
1239 184 1463 183
1240 1463 1521 183
1241 185 1535 184
1242 184 1535 1463
1243 186 1468 185
1244 1468 1535 185
1245 187 1537 186
1246 186 1537 1468
1247 188 1472 187
1248 1472 1537 187
1249 188 1542 1472
1250 190 1524 189
1251 1524 1542 189
1252 191 1507 190
1253 1507 1524 190
1254 192 1466 191
1255 1466 1507 191
1256 193 1475 192
1257 192 1475 1466
1258 194 1525 193
1259 193 1525 1475
1260 194 1540 1525
1261 496 1530 497
1262 496 1543 1530
1263 497 1529 498
1264 497 1530 1529
1265 498 1467 499
1266 498 1529 1467
1267 499 1517 500
1268 1467 1517 499
1269 500 1474 501
1270 500 1517 1474
1271 1474 1541 501
1272 502 1523 503
1273 502 1541 1523
1274 503 1470 504
1275 503 1523 1470
1276 504 1522 505
1277 1470 1522 504
1278 505 1465 506
1279 505 1522 1465
1280 506 1518 507
1281 1465 1518 506
1282 507 1469 508
1283 507 1518 1469
1284 508 1536 509
1285 1469 1536 508
1286 509 1464 510
1287 509 1536 1464
1288 510 1539 511
1289 1464 1539 510
1290 511 1473 512
1291 511 1539 1473
1292 1473 1540 512
1293 1501 1502 1462
1294 1462 1533 1501
1295 1502 1538 1462
1296 1520 1533 1462
1297 1463 1506 1505
1298 1505 1531 1463
1299 1463 1535 1506
1300 1463 1531 1521
1301 1464 1512 1509
1302 1509 1513 1464
1303 1464 1536 1512
1304 1513 1539 1464
1305 1498 1518 1465
1306 1465 1534 1498
1307 1522 1534 1465
1308 1475 1476 1466
1309 1476 1477 1466
1310 1477 1507 1466
1311 1467 1528 1517
1312 1527 1528 1467
1313 1467 1529 1527
1314 1504 1519 1468
1315 1468 1537 1504
1316 1468 1519 1506
1317 1506 1535 1468
1318 1511 1512 1469
1319 1469 1532 1511
1320 1512 1536 1469
1321 1518 1532 1469
1322 1470 1544 1522
1323 1523 1526 1470
1324 1526 1544 1470
1325 1502 1503 1471
1326 1471 1538 1502
1327 1503 1530 1471
1328 1530 1543 1471
1329 1500 1504 1472
1330 1472 1524 1500
1331 1504 1537 1472
1332 1472 1542 1524
1333 1473 1513 1499
1334 1499 1525 1473
1335 1473 1539 1513
1336 1525 1540 1473
1337 1517 1545 1474
1338 1474 1526 1523
1339 1523 1541 1474
1340 1474 1545 1526
1341 1475 1499 1476
1342 1475 1525 1499
1343 1476 1478 1477
1344 1476 1508 1478
1345 1499 1508 1476
1346 1478 1479 1477
1347 1479 1500 1477
1348 1500 1507 1477
1349 1478 1480 1479
1350 1478 1481 1480
1351 1478 1508 1481
1352 1480 1519 1479
1353 1479 1504 1500
1354 1479 1519 1504
1355 1481 1482 1480
1356 1482 1483 1480
1357 1483 1519 1480
1358 1481 1510 1482
1359 1508 1509 1481
1360 1509 1510 1481
1361 1482 1484 1483
1362 1482 1485 1484
1363 1482 1510 1485
1364 1484 1505 1483
1365 1505 1506 1483
1366 1506 1519 1483
1367 1485 1486 1484
1368 1486 1487 1484
1369 1487 1505 1484
1370 1485 1515 1486
1371 1510 1511 1485
1372 1511 1515 1485
1373 1486 1488 1487
1374 1486 1489 1488
1375 1486 1515 1489
1376 1488 1491 1487
1377 1491 1531 1487
1378 1487 1531 1505
1379 1489 1490 1488
1380 1490 1514 1488
1381 1488 1514 1491
1382 1489 1492 1490
1383 1489 1498 1492
1384 1489 1515 1498
1385 1492 1493 1490
1386 1493 1494 1490
1387 1494 1514 1490
1388 1514 1533 1491
1389 1520 1521 1491
1390 1491 1533 1520
1391 1521 1531 1491
1392 1492 1516 1493
1393 1498 1534 1492
1394 1492 1534 1516
1395 1493 1495 1494
1396 1493 1497 1495
1397 1493 1516 1497
1398 1495 1496 1494
1399 1496 1501 1494
1400 1501 1514 1494
1401 1495 1527 1496
1402 1497 1528 1495
1403 1495 1528 1527
1404 1496 1502 1501
1405 1496 1503 1502
1406 1496 1527 1503
1407 1516 1544 1497
1408 1497 1544 1526
1409 1526 1545 1497
1410 1497 1545 1528
1411 1515 1532 1498
1412 1498 1532 1518
1413 1499 1513 1508
1414 1500 1524 1507
1415 1501 1533 1514
1416 1527 1529 1503
1417 1529 1530 1503
1418 1508 1513 1509
1419 1509 1512 1510
1420 1510 1512 1511
1421 1511 1532 1515
1422 1516 1534 1522
1423 1522 1544 1516
1424 1528 1545 1517
2 23 2 118
1425 489 1591 19
1426 19 1591 490
1427 58 1590 177
1428 495 1590 58
1429 59 1589 171
1430 172 1589 59
1431 166 1588 60
1432 60 1588 484
1433 167 1550 166
1434 1550 1588 166
1435 168 1554 167
1436 167 1554 1550
1437 169 1546 168
1438 1546 1554 168
1439 170 1578 169
1440 169 1578 1546
1441 171 1551 170
1442 1551 1578 170
1443 171 1589 1551
1444 173 1577 172
1445 1577 1589 172
1446 174 1586 173
1447 173 1586 1577
1448 175 1548 174
1449 1548 1586 174
1450 176 1584 175
1451 175 1584 1548
1452 177 1552 176
1453 1552 1584 176
1454 177 1590 1552
1455 484 1581 485
1456 484 1588 1581
1457 485 1587 486
1458 1581 1587 485
1459 486 1549 487
1460 486 1587 1549
1461 487 1585 488
1462 1549 1585 487
1463 488 1553 489
1464 488 1585 1553
1465 1553 1591 489
1466 490 1583 491
1467 490 1591 1583
1468 491 1574 492
1469 491 1583 1574
1470 492 1547 493
1471 492 1574 1547
1472 493 1572 494
1473 1547 1572 493
1474 494 1582 495
1475 1572 1582 494
1476 1582 1590 495
1477 1546 1555 1554
1478 1546 1556 1555
1479 1546 1578 1556
1480 1568 1572 1547
1481 1547 1573 1568
1482 1547 1574 1573
1483 1570 1579 1548
1484 1548 1584 1570
1485 1548 1579 1576
1486 1576 1586 1548
1487 1564 1565 1549
1488 1549 1566 1564
1489 1565 1585 1549
1490 1549 1587 1566
1491 1554 1580 1550
1492 1580 1581 1550
1493 1581 1588 1550
1494 1551 1577 1575
1495 1575 1578 1551
1496 1551 1589 1577
1497 1569 1570 1552
1498 1552 1582 1569
1499 1570 1584 1552
1500 1552 1590 1582
1501 1565 1567 1553
1502 1553 1585 1565
1503 1567 1583 1553
1504 1583 1591 1553
1505 1555 1580 1554
1506 1556 1557 1555
1507 1557 1571 1555
1508 1571 1580 1555
1509 1556 1558 1557
1510 1556 1575 1558
1511 1556 1578 1575
1512 1558 1559 1557
1513 1559 1560 1557
1514 1560 1571 1557
1515 1558 1579 1559
1516 1575 1576 1558
1517 1576 1579 1558
1518 1559 1561 1560
1519 1559 1562 1561
1520 1559 1579 1562
1521 1561 1563 1560
1522 1563 1564 1560
1523 1564 1571 1560
1524 1562 1568 1561
1525 1561 1573 1563
1526 1568 1573 1561
1527 1562 1569 1568
1528 1562 1570 1569
1529 1562 1579 1570
1530 1563 1565 1564
1531 1563 1567 1565
1532 1563 1573 1567
1533 1566 1571 1564
1534 1566 1580 1571
1535 1566 1581 1580
1536 1566 1587 1581
1537 1573 1574 1567
1538 1574 1583 1567
1539 1569 1572 1568
1540 1569 1582 1572
1541 1575 1577 1576
1542 1577 1586 1576
2 24 2 208
1543 477 1670 20
1544 20 1670 478
1545 61 1669 165
1546 483 1669 61
1547 62 1668 154
1548 155 1668 62
1549 149 1671 63
1550 63 1671 467
1551 150 1601 149
1552 1601 1671 149
1553 151 1635 150
1554 150 1635 1601
1555 152 1592 151
1556 1592 1635 151
1557 153 1605 152
1558 152 1605 1592
1559 154 1603 153
1560 1603 1605 153
1561 154 1668 1603
1562 156 1653 155
1563 1653 1668 155
1564 157 1599 156
1565 1599 1653 156
1566 158 1636 157
1567 157 1636 1599
1568 159 1593 158
1569 1593 1636 158
1570 160 1660 159
1571 159 1660 1593
1572 161 1663 160
1573 160 1663 1660
1574 162 1594 161
1575 1594 1663 161
1576 163 1647 162
1577 162 1647 1594
1578 164 1600 163
1579 1600 1647 163
1580 165 1652 164
1581 164 1652 1600
1582 165 1669 1652
1583 467 1645 468
1584 467 1671 1645
1585 468 1667 469
1586 1645 1667 468
1587 469 1598 470
1588 469 1667 1598
1589 470 1666 471
1590 1598 1666 470
1591 471 1595 472
1592 471 1666 1595
1593 472 1648 473
1594 1595 1648 472
1595 473 1649 474
1596 1648 1649 473
1597 474 1596 475
1598 474 1649 1596
1599 475 1640 476
1600 1596 1640 475
1601 476 1602 477
1602 476 1640 1602
1603 1602 1670 477
1604 478 1654 479
1605 478 1670 1654
1606 479 1650 480
1607 479 1654 1650
1608 480 1597 481
1609 480 1650 1597
1610 481 1641 482
1611 1597 1641 481
1612 482 1604 483
1613 482 1641 1604
1614 1604 1669 483
1615 1605 1606 1592
1616 1606 1607 1592
1617 1607 1635 1592
1618 1629 1637 1593
1619 1593 1660 1629
1620 1593 1637 1636
1621 1634 1663 1594
1622 1594 1665 1634
1623 1647 1665 1594
1624 1595 1632 1631
1625 1631 1662 1595
1626 1595 1666 1632
1627 1595 1662 1648
1628 1596 1672 1640
1629 1596 1664 1646
1630 1646 1672 1596
1631 1649 1664 1596
1632 1597 1657 1641
1633 1650 1658 1597
1634 1597 1658 1657
1635 1598 1644 1632
1636 1632 1666 1598
1637 1643 1644 1598
1638 1598 1667 1643
1639 1636 1638 1599
1640 1638 1639 1599
1641 1639 1653 1599
1642 1600 1673 1647
1643 1652 1656 1600
1644 1656 1673 1600
1645 1635 1642 1601
1646 1642 1645 1601
1647 1645 1671 1601
1648 1640 1655 1602
1649 1602 1655 1654
1650 1654 1670 1602
1651 1603 1677 1605
1652 1603 1653 1639
1653 1639 1677 1603
1654 1603 1668 1653
1655 1641 1674 1604
1656 1604 1656 1652
1657 1652 1669 1604
1658 1604 1674 1656
1659 1605 1677 1606
1660 1606 1608 1607
1661 1606 1659 1608
1662 1606 1677 1659
1663 1608 1609 1607
1664 1609 1642 1607
1665 1607 1642 1635
1666 1608 1610 1609
1667 1608 1611 1610
1668 1608 1659 1611
1669 1610 1644 1609
1670 1609 1643 1642
1671 1609 1644 1643
1672 1611 1612 1610
1673 1612 1613 1610
1674 1613 1644 1610
1675 1611 1661 1612
1676 1659 1676 1611
1677 1611 1676 1661
1678 1612 1614 1613
1679 1612 1615 1614
1680 1612 1661 1615
1681 1614 1631 1613
1682 1631 1632 1613
1683 1632 1644 1613
1684 1615 1616 1614
1685 1616 1651 1614
1686 1614 1651 1631
1687 1615 1617 1616
1688 1615 1629 1617
1689 1615 1661 1629
1690 1617 1618 1616
1691 1618 1619 1616
1692 1619 1651 1616
1693 1617 1634 1618
1694 1629 1630 1617
1695 1630 1634 1617
1696 1618 1620 1619
1697 1618 1633 1620
1698 1618 1634 1633
1699 1620 1621 1619
1700 1621 1624 1619
1701 1624 1651 1619
1702 1620 1622 1621
1703 1620 1623 1622
1704 1620 1633 1623
1705 1622 1646 1621
1706 1621 1664 1624
1707 1646 1664 1621
1708 1623 1625 1622
1709 1625 1626 1622
1710 1626 1646 1622
1711 1623 1627 1625
1712 1623 1628 1627
1713 1623 1633 1628
1714 1624 1649 1648
1715 1648 1662 1624
1716 1624 1664 1649
1717 1624 1662 1651
1718 1625 1658 1626
1719 1627 1657 1625
1720 1657 1658 1625
1721 1626 1672 1646
1722 1655 1672 1626
1723 1626 1675 1655
1724 1658 1675 1626
1725 1628 1673 1627
1726 1627 1673 1656
1727 1656 1674 1627
1728 1627 1674 1657
1729 1633 1665 1628
1730 1628 1665 1647
1731 1647 1673 1628
1732 1629 1660 1630
1733 1629 1661 1637
1734 1630 1663 1634
1735 1660 1663 1630
1736 1651 1662 1631
1737 1634 1665 1633
1738 1637 1638 1636
1739 1637 1676 1638
1740 1661 1676 1637
1741 1638 1659 1639
1742 1638 1676 1659
1743 1659 1677 1639
1744 1640 1672 1655
1745 1657 1674 1641
1746 1643 1645 1642
1747 1643 1667 1645
1748 1654 1675 1650
1749 1650 1675 1658
1750 1655 1675 1654
2 25 2 156
1751 18 1678 17
1752 17 1679 18
1753 20 1679 17
1754 17 1680 20
1755 17 1678 455
1756 456 1680 17
1757 18 1679 19
1758 19 1681 18
1759 18 1681 501
1760 502 1678 18
1761 19 1679 20
1762 20 1682 19
1763 19 1682 489
1764 490 1681 19
1765 20 1680 477
1766 478 1682 20
1767 54 1683 55
1768 445 1683 54
1769 55 1683 512
1770 57 1684 58
1771 496 1684 57
1772 58 1684 495
1773 60 1685 61
1774 484 1685 60
1775 61 1685 483
1776 63 1686 64
1777 467 1686 63
1778 64 1686 466
1779 446 1687 445
1780 512 1683 445
1781 445 1687 512
1782 447 1688 446
1783 511 1687 446
1784 446 1688 511
1785 448 1689 447
1786 510 1688 447
1787 447 1689 510
1788 449 1690 448
1789 509 1689 448
1790 448 1690 509
1791 450 1691 449
1792 508 1690 449
1793 449 1691 508
1794 451 1692 450
1795 507 1691 450
1796 450 1692 507
1797 452 1693 451
1798 506 1692 451
1799 451 1693 506
1800 453 1694 452
1801 505 1693 452
1802 452 1694 505
1803 454 1695 453
1804 504 1694 453
1805 453 1695 504
1806 455 1696 454
1807 503 1695 454
1808 454 1696 503
1809 455 1678 502
1810 502 1696 455
1811 457 1697 456
1812 477 1680 456
1813 456 1697 477
1814 458 1698 457
1815 476 1697 457
1816 457 1698 476
1817 459 1699 458
1818 475 1698 458
1819 458 1699 475
1820 460 1700 459
1821 474 1699 459
1822 459 1700 474
1823 461 1701 460
1824 473 1700 460
1825 460 1701 473
1826 462 1702 461
1827 472 1701 461
1828 461 1702 472
1829 463 1703 462
1830 471 1702 462
1831 462 1703 471
1832 464 1704 463
1833 470 1703 463
1834 463 1704 470
1835 465 1705 464
1836 469 1704 464
1837 464 1705 469
1838 466 1706 465
1839 468 1705 465
1840 465 1706 468
1841 466 1686 467
1842 467 1706 466
1843 468 1706 467
1844 469 1705 468
1845 470 1704 469
1846 471 1703 470
1847 472 1702 471
1848 473 1701 472
1849 474 1700 473
1850 475 1699 474
1851 476 1698 475
1852 477 1697 476
1853 479 1707 478
1854 489 1682 478
1855 478 1707 489
1856 480 1708 479
1857 488 1707 479
1858 479 1708 488
1859 481 1709 480
1860 487 1708 480
1861 480 1709 487
1862 482 1710 481
1863 486 1709 481
1864 481 1710 486
1865 483 1711 482
1866 485 1710 482
1867 482 1711 485
1868 483 1685 484
1869 484 1711 483
1870 485 1711 484
1871 486 1710 485
1872 487 1709 486
1873 488 1708 487
1874 489 1707 488
1875 491 1712 490
1876 501 1681 490
1877 490 1712 501
1878 492 1713 491
1879 500 1712 491
1880 491 1713 500
1881 493 1714 492
1882 499 1713 492
1883 492 1714 499
1884 494 1715 493
1885 498 1714 493
1886 493 1715 498
1887 495 1716 494
1888 497 1715 494
1889 494 1716 497
1890 495 1684 496
1891 496 1716 495
1892 497 1716 496
1893 498 1715 497
1894 499 1714 498
1895 500 1713 499
1896 501 1712 500
1897 503 1696 502
1898 504 1695 503
1899 505 1694 504
1900 506 1693 505
1901 507 1692 506
1902 508 1691 507
1903 509 1690 508
1904 510 1689 509
1905 511 1688 510
1906 512 1687 511
2 26 2 177
1907 534 439 14
1908 519 17 456
1909 513 1762 31
1910 31 1762 527
1911 433 1778 64
1912 64 1778 466
1913 434 1726 433
1914 1726 1778 433
1915 435 1755 434
1916 434 1755 1726
1917 436 1719 435
1918 1719 1755 435
1919 437 1753 436
1920 436 1753 1719
1921 438 1727 437
1922 1727 1753 437
1923 439 1786 438
1924 438 1786 1727
1925 534 1729 439
1926 1729 1786 439
1927 457 1771 456
1928 456 1771 519
1929 458 1728 457
1930 1728 1771 457
1931 459 1730 458
1932 458 1730 1728
1933 460 1724 459
1934 1724 1730 459
1935 461 1751 460
1936 460 1751 1724
1937 462 1718 461
1938 1718 1751 461
1939 463 1767 462
1940 462 1767 1718
1941 464 1720 463
1942 1720 1767 463
1943 465 1760 464
1944 464 1760 1720
1945 466 1769 465
1946 465 1769 1760
1947 466 1778 1769
1948 514 1721 513
1949 1721 1783 513
1950 513 1783 1762
1951 515 1764 514
1952 514 1764 1721
1953 516 1725 515
1954 1725 1764 515
1955 517 1775 516
1956 516 1775 1725
1957 518 1774 517
1958 1774 1775 517
1959 519 1771 518
1960 1771 1774 518
1961 527 1722 528
1962 527 1762 1722
1963 528 1779 529
1964 1722 1779 528
1965 529 1717 530
1966 529 1779 1717
1967 530 1761 531
1968 1717 1761 530
1969 531 1723 532
1970 531 1761 1723
1971 532 1763 533
1972 1723 1763 532
1973 533 1729 534
1974 533 1763 1729
1975 1759 1770 1717
1976 1717 1779 1759
1977 1717 1787 1761
1978 1770 1787 1717
1979 1718 1765 1751
1980 1718 1766 1765
1981 1718 1767 1766
1982 1719 1753 1748
1983 1748 1754 1719
1984 1754 1755 1719
1985 1750 1767 1720
1986 1720 1768 1750
1987 1760 1785 1720
1988 1720 1785 1768
1989 1721 1782 1735
1990 1735 1783 1721
1991 1764 1782 1721
1992 1749 1758 1722
1993 1722 1762 1749
1994 1758 1759 1722
1995 1759 1779 1722
1996 1761 1781 1723
1997 1723 1773 1763
1998 1723 1781 1773
1999 1724 1731 1730
2000 1724 1732 1731
2001 1724 1751 1732
2002 1725 1775 1752
2003 1752 1776 1725
2004 1725 1776 1764
2005 1755 1756 1726
2006 1756 1769 1726
2007 1769 1778 1726
2008 1727 1772 1753
2009 1727 1773 1772
2010 1727 1777 1773
2011 1727 1786 1777
2012 1730 1752 1728
2013 1752 1775 1728
2014 1728 1774 1771
2015 1728 1775 1774
2016 1763 1777 1729
2017 1777 1786 1729
2018 1731 1752 1730
2019 1732 1733 1731
2020 1733 1776 1731
2021 1731 1776 1752
2022 1732 1734 1733
2023 1732 1765 1734
2024 1751 1765 1732
2025 1734 1735 1733
2026 1735 1782 1733
2027 1733 1782 1776
2028 1734 1736 1735
2029 1734 1737 1736
2030 1734 1765 1737
2031 1736 1749 1735
2032 1749 1783 1735
2033 1737 1738 1736
2034 1738 1758 1736
2035 1736 1758 1749
2036 1737 1739 1738
2037 1737 1766 1739
2038 1765 1766 1737
2039 1739 1740 1738
2040 1740 1757 1738
2041 1757 1758 1738
2042 1739 1741 1740
2043 1739 1750 1741
2044 1739 1766 1750
2045 1741 1742 1740
2046 1742 1744 1740
2047 1744 1757 1740
2048 1741 1743 1742
2049 1741 1768 1743
2050 1750 1768 1741
2051 1743 1780 1742
2052 1742 1745 1744
2053 1742 1780 1745
2054 1754 1780 1743
2055 1743 1784 1754
2056 1768 1785 1743
2057 1743 1785 1784
2058 1745 1746 1744
2059 1746 1770 1744
2060 1744 1770 1757
2061 1745 1747 1746
2062 1745 1748 1747
2063 1745 1780 1748
2064 1747 1781 1746
2065 1746 1781 1761
2066 1761 1787 1746
2067 1746 1787 1770
2068 1748 1772 1747
2069 1772 1773 1747
2070 1773 1781 1747
2071 1753 1772 1748
2072 1748 1780 1754
2073 1762 1783 1749
2074 1766 1767 1750
2075 1754 1784 1755
2076 1755 1784 1756
2077 1760 1769 1756
2078 1756 1785 1760
2079 1784 1785 1756
2080 1757 1759 1758
2081 1757 1770 1759
2082 1773 1777 1763
2083 1776 1782 1764
2 27 2 76
2084 323 1805 10
2085 10 1805 558
2086 18 1795 501
2087 540 1795 18
2088 25 548 535
2089 57 1810 323
2090 496 1810 57
2091 323 1810 1805
2092 497 1794 496
2093 1794 1810 496
2094 498 1807 497
2095 497 1807 1794
2096 499 1793 498
2097 1793 1807 498
2098 500 1798 499
2099 499 1798 1793
2100 501 1790 500
2101 1790 1798 500
2102 501 1795 1790
2103 535 1804 536
2104 548 1804 535
2105 536 1803 537
2106 536 1804 1803
2107 537 1809 538
2108 1803 1809 537
2109 538 1791 539
2110 538 1809 1791
2111 539 1800 540
2112 1791 1800 539
2113 540 1800 1795
2114 549 1804 548
2115 550 1803 549
2116 1803 1804 549
2117 551 1797 550
2118 1797 1803 550
2119 552 1799 551
2120 551 1799 1797
2121 553 1788 552
2122 1788 1799 552
2123 554 1801 553
2124 553 1801 1788
2125 555 1789 554
2126 1789 1801 554
2127 556 1802 555
2128 555 1802 1789
2129 557 1792 556
2130 1792 1802 556
2131 558 1811 557
2132 557 1811 1792
2133 558 1805 1794
2134 1794 1811 558
2135 1788 1801 1796
2136 1796 1812 1788
2137 1788 1812 1799
2138 1789 1806 1801
2139 1802 1808 1789
2140 1789 1808 1806
2141 1795 1796 1790
2142 1796 1806 1790
2143 1790 1806 1798
2144 1797 1799 1791
2145 1791 1809 1797
2146 1799 1812 1791
2147 1791 1812 1800
2148 1793 1802 1792
2149 1792 1807 1793
2150 1792 1811 1807
2151 1798 1808 1793
2152 1793 1808 1802
2153 1805 1810 1794
2154 1807 1811 1794
2155 1795 1800 1796
2156 1800 1812 1796
2157 1801 1806 1796
2158 1797 1809 1803
2159 1806 1808 1798
2 28 2 76
2160 12 1830 324
2161 575 1830 12
2162 490 1820 19
2163 19 1820 564
2164 565 27 559
2165 324 1835 58
2166 58 1835 495
2167 1830 1835 324
2168 491 1815 490
2169 1815 1820 490
2170 492 1823 491
2171 491 1823 1815
2172 493 1818 492
2173 1818 1823 492
2174 494 1832 493
2175 493 1832 1818
2176 495 1819 494
2177 1819 1832 494
2178 495 1835 1819
2179 560 1829 559
2180 559 1829 565
2181 561 1828 560
2182 1828 1829 560
2183 562 1834 561
2184 561 1834 1828
2185 563 1816 562
2186 1816 1834 562
2187 564 1825 563
2188 563 1825 1816
2189 1820 1825 564
2190 565 1829 566
2191 566 1828 567
2192 566 1829 1828
2193 567 1822 568
2194 567 1828 1822
2195 568 1824 569
2196 1822 1824 568
2197 569 1813 570
2198 569 1824 1813
2199 570 1826 571
2200 1813 1826 570
2201 571 1814 572
2202 571 1826 1814
2203 572 1827 573
2204 1814 1827 572
2205 573 1817 574
2206 573 1827 1817
2207 574 1836 575
2208 1817 1836 574
2209 1819 1830 575
2210 575 1836 1819
2211 1821 1826 1813
2212 1813 1837 1821
2213 1824 1837 1813
2214 1826 1831 1814
2215 1814 1833 1827
2216 1831 1833 1814
2217 1815 1821 1820
2218 1815 1831 1821
2219 1823 1831 1815
2220 1816 1824 1822
2221 1822 1834 1816
2222 1816 1837 1824
2223 1825 1837 1816
2224 1817 1827 1818
2225 1818 1832 1817
2226 1832 1836 1817
2227 1818 1833 1823
2228 1827 1833 1818
2229 1819 1835 1830
2230 1819 1836 1832
2231 1821 1825 1820
2232 1821 1837 1825
2233 1821 1831 1826
2234 1828 1834 1822
2235 1823 1833 1831
2 29 2 177
2236 426 16 611
2237 20 477 592
2238 586 1883 29
2239 29 1883 604
2240 432 1899 63
2241 63 1899 467
2242 426 1907 427
2243 611 1850 426
2244 1850 1907 426
2245 427 1848 428
2246 427 1907 1848
2247 428 1874 429
2248 1848 1874 428
2249 429 1840 430
2250 429 1874 1840
2251 430 1876 431
2252 1840 1876 430
2253 431 1847 432
2254 431 1876 1847
2255 1847 1899 432
2256 467 1890 468
2257 467 1899 1890
2258 468 1881 469
2259 468 1890 1881
2260 469 1841 470
2261 469 1881 1841
2262 470 1888 471
2263 1841 1888 470
2264 471 1839 472
2265 471 1888 1839
2266 472 1872 473
2267 1839 1872 472
2268 473 1845 474
2269 473 1872 1845
2270 474 1851 475
2271 1845 1851 474
2272 475 1849 476
2273 475 1851 1849
2274 476 1892 477
2275 1849 1892 476
2276 477 1892 592
2277 587 1842 586
2278 1842 1904 586
2279 586 1904 1883
2280 588 1885 587
2281 587 1885 1842
2282 589 1846 588
2283 1846 1885 588
2284 590 1896 589
2285 589 1896 1846
2286 591 1895 590
2287 1895 1896 590
2288 592 1892 591
2289 1892 1895 591
2290 604 1843 605
2291 604 1883 1843
2292 605 1900 606
2293 1843 1900 605
2294 606 1838 607
2295 606 1900 1838
2296 607 1882 608
2297 1838 1882 607
2298 608 1844 609
2299 608 1882 1844
2300 609 1884 610
2301 1844 1884 609
2302 610 1850 611
2303 610 1884 1850
2304 1880 1891 1838
2305 1838 1900 1880
2306 1838 1908 1882
2307 1891 1908 1838
2308 1839 1886 1872
2309 1839 1887 1886
2310 1839 1888 1887
2311 1840 1874 1869
2312 1869 1875 1840
2313 1875 1876 1840
2314 1871 1888 1841
2315 1841 1889 1871
2316 1881 1906 1841
2317 1841 1906 1889
2318 1842 1903 1856
2319 1856 1904 1842
2320 1885 1903 1842
2321 1870 1879 1843
2322 1843 1883 1870
2323 1879 1880 1843
2324 1880 1900 1843
2325 1882 1902 1844
2326 1844 1894 1884
2327 1844 1902 1894
2328 1845 1852 1851
2329 1845 1853 1852
2330 1845 1872 1853
2331 1846 1896 1873
2332 1873 1897 1846
2333 1846 1897 1885
2334 1876 1877 1847
2335 1877 1890 1847
2336 1890 1899 1847
2337 1848 1893 1874
2338 1848 1894 1893
2339 1848 1898 1894
2340 1848 1907 1898
2341 1851 1873 1849
2342 1873 1896 1849
2343 1849 1895 1892
2344 1849 1896 1895
2345 1884 1898 1850
2346 1898 1907 1850
2347 1852 1873 1851
2348 1853 1854 1852
2349 1854 1897 1852
2350 1852 1897 1873
2351 1853 1855 1854
2352 1853 1886 1855
2353 1872 1886 1853
2354 1855 1856 1854
2355 1856 1903 1854
2356 1854 1903 1897
2357 1855 1857 1856
2358 1855 1858 1857
2359 1855 1886 1858
2360 1857 1870 1856
2361 1870 1904 1856
2362 1858 1859 1857
2363 1859 1879 1857
2364 1857 1879 1870
2365 1858 1860 1859
2366 1858 1887 1860
2367 1886 1887 1858
2368 1860 1861 1859
2369 1861 1878 1859
2370 1878 1879 1859
2371 1860 1862 1861
2372 1860 1871 1862
2373 1860 1887 1871
2374 1862 1863 1861
2375 1863 1865 1861
2376 1865 1878 1861
2377 1862 1864 1863
2378 1862 1889 1864
2379 1871 1889 1862
2380 1864 1901 1863
2381 1863 1866 1865
2382 1863 1901 1866
2383 1875 1901 1864
2384 1864 1905 1875
2385 1889 1906 1864
2386 1864 1906 1905
2387 1866 1867 1865
2388 1867 1891 1865
2389 1865 1891 1878
2390 1866 1868 1867
2391 1866 1869 1868
2392 1866 1901 1869
2393 1868 1902 1867
2394 1867 1902 1882
2395 1882 1908 1867
2396 1867 1908 1891
2397 1869 1893 1868
2398 1893 1894 1868
2399 1894 1902 1868
2400 1874 1893 1869
2401 1869 1901 1875
2402 1883 1904 1870
2403 1887 1888 1871
2404 1875 1905 1876
2405 1876 1905 1877
2406 1881 1890 1877
2407 1877 1906 1881
2408 1905 1906 1877
2409 1878 1880 1879
2410 1878 1891 1880
2411 1894 1898 1884
2412 1897 1903 1885
2 30 2 125
2413 344 1953 8
2414 8 1953 585
2415 19 1918 489
2416 564 1918 19
2417 576 559 27
2418 60 1954 348
2419 484 1954 60
2420 345 1916 344
2421 1916 1953 344
2422 346 1937 345
2423 345 1937 1916
2424 347 1912 346
2425 1912 1937 346
2426 348 1936 347
2427 347 1936 1912
2428 348 1954 1936
2429 485 1932 484
2430 1932 1954 484
2431 486 1914 485
2432 1914 1932 485
2433 487 1949 486
2434 486 1949 1914
2435 488 1911 487
2436 1911 1949 487
2437 489 1934 488
2438 488 1934 1911
2439 1918 1934 489
2440 559 1945 560
2441 576 1945 559
2442 560 1947 561
2443 1945 1947 560
2444 561 1917 562
2445 561 1947 1917
2446 562 1940 563
2447 1917 1940 562
2448 563 1909 564
2449 563 1940 1909
2450 1909 1918 564
2451 577 1945 576
2452 578 1935 577
2453 1935 1945 577
2454 579 1915 578
2455 1915 1935 578
2456 580 1944 579
2457 579 1944 1915
2458 581 1913 580
2459 1913 1944 580
2460 582 1955 581
2461 581 1955 1913
2462 583 1930 582
2463 1930 1955 582
2464 584 1910 583
2465 1910 1930 583
2466 585 1939 584
2467 584 1939 1910
2468 585 1953 1939
2469 1909 1919 1918
2470 1909 1920 1919
2471 1909 1940 1920
2472 1928 1930 1910
2473 1910 1950 1928
2474 1939 1950 1910
2475 1931 1949 1911
2476 1911 1956 1931
2477 1934 1956 1911
2478 1936 1952 1912
2479 1912 1942 1937
2480 1912 1952 1942
2481 1941 1948 1913
2482 1913 1955 1941
2483 1913 1948 1944
2484 1914 1933 1932
2485 1914 1946 1933
2486 1914 1949 1946
2487 1927 1943 1915
2488 1915 1944 1927
2489 1915 1951 1935
2490 1943 1951 1915
2491 1937 1938 1916
2492 1938 1939 1916
2493 1939 1953 1916
2494 1917 1943 1940
2495 1917 1951 1943
2496 1947 1951 1917
2497 1919 1934 1918
2498 1920 1921 1919
2499 1921 1922 1919
2500 1922 1934 1919
2501 1920 1927 1921
2502 1920 1943 1927
2503 1940 1943 1920
2504 1921 1923 1922
2505 1921 1948 1923
2506 1927 1948 1921
2507 1923 1924 1922
2508 1924 1956 1922
2509 1922 1956 1934
2510 1923 1925 1924
2511 1923 1941 1925
2512 1923 1948 1941
2513 1925 1926 1924
2514 1926 1931 1924
2515 1931 1956 1924
2516 1925 1928 1926
2517 1925 1930 1928
2518 1925 1941 1930
2519 1928 1929 1926
2520 1929 1946 1926
2521 1926 1946 1931
2522 1944 1948 1927
2523 1928 1950 1929
2524 1929 1942 1933
2525 1933 1946 1929
2526 1938 1942 1929
2527 1929 1950 1938
2528 1941 1955 1930
2529 1946 1949 1931
2530 1933 1952 1932
2531 1932 1952 1936
2532 1936 1954 1932
2533 1942 1952 1933
2534 1935 1947 1945
2535 1935 1951 1947
2536 1937 1942 1938
2537 1938 1950 1939
2 31 2 141
2538 6 2007 353
2539 603 2007 6
2540 478 1968 20
2541 20 1968 592
2542 586 593 29
2543 349 2008 61
2544 61 2008 483
2545 350 1965 349
2546 1965 2008 349
2547 351 1993 350
2548 350 1993 1965
2549 352 1963 351
2550 1963 1993 351
2551 353 2000 352
2552 352 2000 1963
2553 353 2007 2000
2554 479 1981 478
2555 478 1981 1968
2556 480 1961 479
2557 1961 1981 479
2558 481 1985 480
2559 480 1985 1961
2560 482 1960 481
2561 1960 1985 481
2562 483 1995 482
2563 482 1995 1960
2564 483 2008 1995
2565 587 1998 586
2566 586 1998 593
2567 588 2003 587
2568 587 2003 1998
2569 589 2005 588
2570 588 2005 2003
2571 590 1964 589
2572 1964 2005 589
2573 591 1996 590
2574 590 1996 1964
2575 592 1957 591
2576 1957 1996 591
2577 592 1968 1957
2578 593 1998 594
2579 594 1967 595
2580 594 1998 1967
2581 595 1982 596
2582 1967 1982 595
2583 596 1962 597
2584 596 1982 1962
2585 597 1987 598
2586 1962 1987 597
2587 598 1959 599
2588 598 1987 1959
2589 599 1990 600
2590 1959 1990 599
2591 600 1958 601
2592 600 1990 1958
2593 601 1991 602
2594 1958 1991 601
2595 602 1966 603
2596 602 1991 1966
2597 1966 2007 603
2598 1968 1969 1957
2599 1969 1970 1957
2600 1970 1996 1957
2601 1990 2001 1958
2602 1958 2006 1991
2603 2001 2006 1958
2604 1986 1990 1959
2605 1959 2010 1986
2606 1987 2010 1959
2607 1960 1988 1985
2608 1960 1989 1988
2609 1960 2011 1989
2610 1995 2011 1960
2611 1961 2009 1981
2612 1985 2002 1961
2613 2002 2009 1961
2614 1982 1984 1962
2615 1984 2004 1962
2616 1962 2004 1987
2617 1963 1994 1993
2618 1963 1997 1994
2619 1963 2000 1997
2620 1964 1984 1983
2621 1983 2005 1964
2622 1964 1999 1984
2623 1996 1999 1964
2624 1993 2011 1965
2625 1995 2008 1965
2626 1965 2011 1995
2627 1991 1997 1966
2628 1997 2000 1966
2629 2000 2007 1966
2630 1967 1983 1982
2631 1967 2003 1983
2632 1998 2003 1967
2633 1968 1981 1969
2634 1969 1971 1970
2635 1969 1973 1971
2636 1969 1981 1973
2637 1971 1972 1970
2638 1972 1999 1970
2639 1970 1999 1996
2640 1971 1992 1972
2641 1973 1974 1971
2642 1974 1992 1971
2643 1984 1999 1972
2644 1972 2004 1984
2645 1992 2004 1972
2646 1973 1975 1974
2647 1973 2009 1975
2648 1981 2009 1973
2649 1975 1976 1974
2650 1976 1986 1974
2651 1986 1992 1974
2652 1975 1977 1976
2653 1975 2002 1977
2654 1975 2009 2002
2655 1977 1978 1976
2656 1978 2001 1976
2657 1976 2001 1986
2658 1977 1979 1978
2659 1977 1988 1979
2660 1977 2002 1988
2661 1979 1980 1978
2662 1980 2006 1978
2663 1978 2006 2001
2664 1979 1994 1980
2665 1988 1989 1979
2666 1989 1994 1979
2667 1980 1997 1991
2668 1991 2006 1980
2669 1994 1997 1980
2670 1983 1984 1982
2671 2003 2005 1983
2672 1988 2002 1985
2673 1986 2001 1990
2674 1986 2010 1992
2675 2004 2010 1987
2676 1993 1994 1989
2677 1989 2011 1993
2678 1992 2010 2004
2 32 2 150
2679 2 2065 256
2680 526 2065 2
2681 519 17 455
2682 513 2023 31
2683 31 2023 520
2684 260 2069 54
2685 54 2069 445
2686 256 2053 257
2687 256 2065 2053
2688 257 2017 258
2689 257 2053 2017
2690 258 2052 259
2691 2017 2052 258
2692 259 2020 260
2693 259 2052 2020
2694 2020 2069 260
2695 445 2051 446
2696 445 2069 2051
2697 446 2015 447
2698 446 2051 2015
2699 447 2048 448
2700 2015 2048 447
2701 448 2036 449
2702 448 2048 2036
2703 449 2014 450
2704 449 2036 2014
2705 450 2035 451
2706 2014 2035 450
2707 451 2018 452
2708 451 2035 2018
2709 452 2033 453
2710 2018 2033 452
2711 453 2022 454
2712 453 2033 2022
2713 454 2056 455
2714 2022 2056 454
2715 455 2056 519
2716 514 2012 513
2717 2012 2023 513
2718 515 2050 514
2719 514 2050 2012
2720 516 2019 515
2721 2019 2050 515
2722 517 2061 516
2723 516 2061 2019
2724 518 2059 517
2725 2059 2061 517
2726 519 2056 518
2727 2056 2059 518
2728 520 2030 521
2729 2023 2030 520
2730 521 2016 522
2731 521 2030 2016
2732 522 2055 523
2733 2016 2055 522
2734 523 2013 524
2735 523 2055 2013
2736 524 2047 525
2737 2013 2047 524
2738 525 2021 526
2739 525 2047 2021
2740 2021 2065 526
2741 2012 2024 2023
2742 2012 2025 2024
2743 2012 2050 2025
2744 2013 2066 2047
2745 2055 2062 2013
2746 2062 2066 2013
2747 2014 2063 2035
2748 2036 2037 2014
2749 2037 2063 2014
2750 2015 2046 2041
2751 2041 2048 2015
2752 2015 2051 2046
2753 2030 2031 2016
2754 2031 2032 2016
2755 2032 2055 2016
2756 2045 2052 2017
2757 2017 2064 2045
2758 2053 2064 2017
2759 2018 2049 2033
2760 2035 2060 2018
2761 2018 2060 2049
2762 2034 2057 2019
2763 2019 2061 2034
2764 2019 2057 2050
2765 2020 2068 2051
2766 2051 2069 2020
2767 2052 2068 2020
2768 2047 2070 2021
2769 2021 2064 2053
2770 2053 2065 2021
2771 2021 2070 2064
2772 2033 2034 2022
2773 2034 2061 2022
2774 2022 2059 2056
2775 2022 2061 2059
2776 2024 2030 2023
2777 2025 2026 2024
2778 2026 2067 2024
2779 2024 2067 2030
2780 2025 2027 2026
2781 2025 2057 2027
2782 2050 2057 2025
2783 2027 2028 2026
2784 2028 2029 2026
2785 2029 2067 2026
2786 2027 2060 2028
2787 2027 2057 2049
2788 2049 2060 2027
2789 2028 2063 2029
2790 2028 2060 2035
2791 2035 2063 2028
2792 2029 2058 2031
2793 2031 2067 2029
2794 2037 2039 2029
2795 2029 2063 2037
2796 2039 2058 2029
2797 2030 2067 2031
2798 2031 2058 2032
2799 2032 2058 2054
2800 2054 2062 2032
2801 2032 2062 2055
2802 2033 2049 2034
2803 2049 2057 2034
2804 2036 2038 2037
2805 2036 2048 2038
2806 2038 2039 2037
2807 2038 2040 2039
2808 2038 2041 2040
2809 2038 2048 2041
2810 2040 2054 2039
2811 2054 2058 2039
2812 2041 2042 2040
2813 2042 2043 2040
2814 2043 2054 2040
2815 2041 2046 2042
2816 2042 2044 2043
2817 2042 2045 2044
2818 2042 2046 2045
2819 2044 2066 2043
2820 2043 2062 2054
2821 2043 2066 2062
2822 2045 2064 2044
2823 2064 2070 2044
2824 2044 2070 2066
2825 2046 2068 2045
2826 2045 2068 2052
2827 2051 2068 2046
2828 2066 2070 2047
2 33 2 141
2829 4 2120 265
2830 547 2120 4
2831 18 502 540
2832 535 2082 25
2833 25 2082 541
2834 261 2119 55
2835 55 2119 512
2836 262 2079 261
2837 2079 2119 261
2838 263 2103 262
2839 262 2103 2079
2840 264 2074 263
2841 2074 2103 263
2842 265 2102 264
2843 264 2102 2074
2844 265 2120 2102
2845 503 2110 502
2846 502 2110 540
2847 504 2081 503
2848 2081 2110 503
2849 505 2096 504
2850 504 2096 2081
2851 506 2077 505
2852 2077 2096 505
2853 507 2113 506
2854 506 2113 2077
2855 508 2073 507
2856 2073 2113 507
2857 509 2100 508
2858 508 2100 2073
2859 510 2099 509
2860 2099 2100 509
2861 511 2072 510
2862 2072 2099 510
2863 512 2107 511
2864 511 2107 2072
2865 512 2119 2107
2866 536 2071 535
2867 2071 2082 535
2868 537 2106 536
2869 536 2106 2071
2870 538 2078 537
2871 2078 2106 537
2872 539 2112 538
2873 538 2112 2078
2874 540 2110 539
2875 2110 2112 539
2876 541 2098 542
2877 2082 2098 541
2878 542 2076 543
2879 542 2098 2076
2880 543 2114 544
2881 2076 2114 543
2882 544 2075 545
2883 544 2114 2075
2884 545 2094 546
2885 2075 2094 545
2886 546 2080 547
2887 546 2094 2080
2888 2080 2120 547
2889 2071 2083 2082
2890 2071 2084 2083
2891 2071 2106 2084
2892 2072 2115 2099
2893 2072 2107 2104
2894 2104 2108 2072
2895 2108 2115 2072
2896 2073 2100 2089
2897 2089 2121 2073
2898 2073 2121 2113
2899 2102 2118 2074
2900 2074 2125 2103
2901 2118 2125 2074
2902 2075 2097 2094
2903 2075 2111 2097
2904 2075 2114 2111
2905 2098 2122 2076
2906 2101 2114 2076
2907 2076 2122 2101
2908 2077 2113 2093
2909 2093 2123 2077
2910 2077 2105 2096
2911 2077 2123 2105
2912 2078 2112 2081
2913 2081 2117 2078
2914 2078 2124 2106
2915 2117 2124 2078
2916 2103 2104 2079
2917 2104 2107 2079
2918 2107 2119 2079
2919 2094 2095 2080
2920 2095 2118 2080
2921 2080 2118 2102
2922 2102 2120 2080
2923 2096 2117 2081
2924 2081 2112 2110
2925 2083 2098 2082
2926 2084 2085 2083
2927 2085 2086 2083
2928 2086 2098 2083
2929 2084 2123 2085
2930 2105 2123 2084
2931 2084 2124 2105
2932 2106 2124 2084
2933 2085 2087 2086
2934 2085 2093 2087
2935 2085 2123 2093
2936 2087 2088 2086
2937 2088 2122 2086
2938 2086 2122 2098
2939 2087 2089 2088
2940 2087 2121 2089
2941 2093 2121 2087
2942 2089 2090 2088
2943 2090 2101 2088
2944 2101 2122 2088
2945 2089 2091 2090
2946 2089 2100 2091
2947 2091 2092 2090
2948 2092 2111 2090
2949 2090 2111 2101
2950 2091 2115 2092
2951 2091 2100 2099
2952 2099 2115 2091
2953 2097 2111 2092
2954 2092 2116 2097
2955 2092 2115 2108
2956 2108 2116 2092
2957 2113 2121 2093
2958 2094 2097 2095
2959 2097 2116 2095
2960 2095 2116 2109
2961 2109 2118 2095
2962 2105 2117 2096
2963 2111 2114 2101
2964 2103 2125 2104
2965 2104 2109 2108
2966 2104 2125 2109
2967 2105 2124 2117
2968 2109 2116 2108
2969 2109 2125 2118
2 34 2 267
2970 354 2233 6
2971 6 2233 603
2972 425 16 611
2973 593 2219 29
2974 29 2219 604
2975 52 2232 360
2976 413 2232 52
2977 355 2193 354
2978 2193 2233 354
2979 356 2135 355
2980 2135 2193 355
2981 357 2181 356
2982 356 2181 2135
2983 358 2131 357
2984 2131 2181 357
2985 359 2175 358
2986 358 2175 2131
2987 360 2139 359
2988 2139 2175 359
2989 360 2232 2139
2990 414 2177 413
2991 2177 2232 413
2992 415 2224 414
2993 414 2224 2177
2994 416 2134 415
2995 2134 2224 415
2996 417 2200 416
2997 416 2200 2134
2998 418 2129 417
2999 2129 2200 417
3000 419 2196 418
3001 418 2196 2129
3002 420 2194 419
3003 2194 2196 419
3004 421 2130 420
3005 2130 2194 420
3006 422 2199 421
3007 421 2199 2130
3008 423 2133 422
3009 2133 2199 422
3010 424 2141 423
3011 423 2141 2133
3012 425 2140 424
3013 2140 2141 424
3014 611 2235 425
3015 425 2235 2140
3016 594 2182 593
3017 2182 2219 593
3018 595 2132 594
3019 2132 2182 594
3020 596 2187 595
3021 595 2187 2132
3022 597 2128 596
3023 2128 2187 596
3024 598 2190 597
3025 597 2190 2128
3026 599 2198 598
3027 598 2198 2190
3028 600 2127 599
3029 2127 2198 599
3030 601 2204 600
3031 600 2204 2127
3032 602 2137 601
3033 2137 2204 601
3034 603 2213 602
3035 602 2213 2137
3036 603 2233 2213
3037 604 2138 605
3038 604 2219 2138
3039 605 2207 606
3040 2138 2207 605
3041 606 2126 607
3042 606 2207 2126
3043 607 2206 608
3044 2126 2206 607
3045 608 2136 609
3046 608 2206 2136
3047 609 2218 610
3048 2136 2218 609
3049 610 2235 611
3050 2218 2235 610
3051 2126 2216 2206
3052 2207 2214 2126
3053 2214 2216 2126
3054 2127 2225 2198
3055 2204 2228 2127
3056 2127 2228 2225
3057 2128 2188 2187
3058 2128 2189 2188
3059 2128 2190 2189
3060 2196 2197 2129
3061 2197 2212 2129
3062 2129 2212 2200
3063 2174 2195 2130
3064 2130 2199 2174
3065 2130 2195 2194
3066 2175 2179 2131
3067 2179 2180 2131
3068 2180 2181 2131
3069 2132 2183 2182
3070 2132 2184 2183
3071 2132 2187 2184
3072 2141 2142 2133
3073 2142 2143 2133
3074 2143 2199 2133
3075 2134 2201 2178
3076 2178 2224 2134
3077 2200 2201 2134
3078 2135 2181 2171
3079 2171 2215 2135
3080 2135 2215 2193
3081 2173 2218 2136
3082 2136 2234 2173
3083 2206 2234 2136
3084 2137 2230 2204
3085 2213 2236 2137
3086 2137 2236 2230
3087 2138 2227 2207
3088 2219 2227 2138
3089 2139 2176 2175
3090 2139 2177 2176
3091 2139 2232 2177
3092 2140 2172 2141
3093 2140 2235 2172
3094 2141 2172 2142
3095 2142 2144 2143
3096 2142 2173 2144
3097 2172 2173 2142
3098 2144 2145 2143
3099 2145 2174 2143
3100 2174 2199 2143
3101 2144 2146 2145
3102 2144 2168 2146
3103 2144 2173 2168
3104 2146 2147 2145
3105 2147 2208 2145
3106 2145 2208 2174
3107 2146 2148 2147
3108 2146 2192 2148
3109 2168 2192 2146
3110 2148 2149 2147
3111 2149 2150 2147
3112 2150 2208 2147
3113 2148 2221 2149
3114 2192 2220 2148
3115 2220 2221 2148
3116 2149 2151 2150
3117 2149 2161 2151
3118 2149 2221 2161
3119 2151 2152 2150
3120 2152 2209 2150
3121 2150 2209 2208
3122 2151 2153 2152
3123 2151 2203 2153
3124 2161 2203 2151
3125 2153 2154 2152
3126 2154 2165 2152
3127 2165 2209 2152
3128 2153 2155 2154
3129 2153 2160 2155
3130 2153 2203 2160
3131 2155 2156 2154
3132 2156 2211 2154
3133 2154 2211 2165
3134 2155 2157 2156
3135 2155 2205 2157
3136 2160 2205 2155
3137 2157 2158 2156
3138 2158 2166 2156
3139 2166 2211 2156
3140 2157 2159 2158
3141 2157 2163 2159
3142 2157 2205 2163
3143 2159 2162 2158
3144 2162 2238 2158
3145 2158 2238 2166
3146 2159 2217 2162
3147 2163 2164 2159
3148 2164 2217 2159
3149 2203 2226 2160
3150 2160 2229 2205
3151 2226 2229 2160
3152 2161 2223 2203
3153 2221 2222 2161
3154 2222 2223 2161
3155 2162 2231 2202
3156 2202 2238 2162
3157 2217 2237 2162
3158 2162 2237 2231
3159 2163 2167 2164
3160 2163 2169 2167
3161 2163 2205 2169
3162 2167 2170 2164
3163 2170 2171 2164
3164 2171 2217 2164
3165 2197 2210 2165
3166 2165 2211 2197
3167 2165 2210 2209
3168 2201 2212 2166
3169 2166 2238 2201
3170 2166 2212 2211
3171 2169 2228 2167
3172 2167 2230 2170
3173 2228 2230 2167
3174 2173 2234 2168
3175 2168 2216 2192
3176 2168 2234 2216
3177 2205 2229 2169
3178 2225 2228 2169
3179 2169 2229 2225
3180 2170 2215 2171
3181 2170 2236 2215
3182 2230 2236 2170
3183 2171 2181 2180
3184 2180 2217 2171
3185 2172 2218 2173
3186 2172 2235 2218
3187 2174 2208 2195
3188 2176 2179 2175
3189 2177 2178 2176
3190 2178 2231 2176
3191 2176 2231 2179
3192 2177 2224 2178
3193 2201 2202 2178
3194 2202 2231 2178
3195 2179 2237 2180
3196 2231 2237 2179
3197 2180 2237 2217
3198 2183 2227 2182
3199 2182 2227 2219
3200 2184 2185 2183
3201 2185 2186 2183
3202 2186 2227 2183
3203 2184 2222 2185
3204 2187 2188 2184
3205 2188 2222 2184
3206 2185 2220 2186
3207 2185 2221 2220
3208 2185 2222 2221
3209 2186 2214 2207
3210 2207 2227 2186
3211 2186 2220 2214
3212 2189 2223 2188
3213 2188 2223 2222
3214 2190 2191 2189
3215 2191 2226 2189
3216 2189 2226 2223
3217 2190 2198 2191
3218 2198 2225 2191
3219 2225 2229 2191
3220 2191 2229 2226
3221 2192 2216 2214
3222 2214 2220 2192
3223 2193 2215 2213
3224 2213 2233 2193
3225 2195 2210 2194
3226 2194 2210 2196
3227 2208 2209 2195
3228 2209 2210 2195
3229 2196 2210 2197
3230 2211 2212 2197
3231 2200 2212 2201
3232 2201 2238 2202
3233 2223 2226 2203
3234 2204 2230 2228
3235 2216 2234 2206
3236 2215 2236 2213
2 35 2 143
3237 2 2292 255
3238 526 2292 2
3239 440 2287 14
3240 14 2287 534
3241 527 520 31
3242 249 2293 49
3243 49 2293 444
3244 250 2282 249
3245 2282 2293 249
3246 251 2244 250
3247 2244 2282 250
3248 252 2250 251
3249 251 2250 2244
3250 253 2240 252
3251 2240 2250 252
3252 254 2269 253
3253 253 2269 2240
3254 255 2247 254
3255 2247 2269 254
3256 255 2292 2247
3257 441 2283 440
3258 2283 2287 440
3259 442 2242 441
3260 2242 2283 441
3261 443 2285 442
3262 442 2285 2242
3263 444 2248 443
3264 2248 2285 443
3265 444 2293 2248
3266 520 2291 521
3267 527 2249 520
3268 2249 2291 520
3269 521 2245 522
3270 521 2291 2245
3271 522 2273 523
3272 2245 2273 522
3273 523 2241 524
3274 523 2273 2241
3275 524 2289 525
3276 2241 2289 524
3277 525 2271 526
3278 525 2289 2271
3279 2271 2292 526
3280 528 2249 527
3281 529 2279 528
3282 528 2279 2249
3283 530 2243 529
3284 2243 2279 529
3285 531 2277 530
3286 530 2277 2243
3287 532 2239 531
3288 2239 2277 531
3289 533 2276 532
3290 532 2276 2239
3291 534 2246 533
3292 2246 2276 533
3293 534 2287 2246
3294 2268 2277 2239
3295 2239 2281 2268
3296 2276 2281 2239
3297 2240 2251 2250
3298 2240 2252 2251
3299 2240 2269 2252
3300 2266 2274 2241
3301 2241 2284 2266
3302 2273 2284 2241
3303 2274 2289 2241
3304 2242 2265 2263
3305 2263 2267 2242
3306 2242 2285 2265
3307 2267 2283 2242
3308 2277 2295 2243
3309 2243 2290 2279
3310 2243 2295 2290
3311 2250 2275 2244
3312 2275 2280 2244
3313 2280 2282 2244
3314 2245 2294 2273
3315 2245 2291 2286
3316 2286 2294 2245
3317 2246 2283 2267
3318 2267 2288 2246
3319 2246 2288 2276
3320 2246 2287 2283
3321 2247 2270 2269
3322 2247 2271 2270
3323 2247 2292 2271
3324 2248 2280 2265
3325 2265 2285 2248
3326 2248 2282 2280
3327 2248 2293 2282
3328 2279 2286 2249
3329 2286 2291 2249
3330 2251 2275 2250
3331 2252 2253 2251
3332 2253 2254 2251
3333 2254 2275 2251
3334 2252 2278 2253
3335 2269 2270 2252
3336 2270 2278 2252
3337 2253 2255 2254
3338 2253 2257 2255
3339 2253 2278 2257
3340 2255 2256 2254
3341 2256 2260 2254
3342 2260 2275 2254
3343 2255 2272 2256
3344 2257 2258 2255
3345 2258 2272 2255
3346 2256 2263 2260
3347 2256 2264 2263
3348 2256 2272 2264
3349 2257 2259 2258
3350 2257 2266 2259
3351 2257 2278 2266
3352 2259 2261 2258
3353 2261 2268 2258
3354 2268 2272 2258
3355 2259 2262 2261
3356 2259 2284 2262
3357 2266 2284 2259
3358 2263 2265 2260
3359 2265 2280 2260
3360 2260 2280 2275
3361 2262 2290 2261
3362 2261 2295 2268
3363 2290 2295 2261
3364 2284 2294 2262
3365 2286 2290 2262
3366 2262 2294 2286
3367 2264 2267 2263
3368 2264 2288 2267
3369 2272 2281 2264
3370 2281 2288 2264
3371 2266 2278 2274
3372 2268 2281 2272
3373 2268 2295 2277
3374 2271 2274 2270
3375 2274 2278 2270
3376 2271 2289 2274
3377 2273 2294 2284
3378 2276 2288 2281
3379 2279 2290 2286
2 36 2 277
3380 266 2402 4
3381 4 2402 547
3382 558 322 10
3383 541 2395 25
3384 25 2395 548
3385 50 2401 276
3386 313 2401 50
3387 267 2309 266
3388 2309 2402 266
3389 268 2393 267
3390 267 2393 2309
3391 269 2300 268
3392 2300 2393 268
3393 270 2392 269
3394 269 2392 2300
3395 271 2349 270
3396 2349 2392 270
3397 272 2296 271
3398 2296 2349 271
3399 273 2383 272
3400 272 2383 2296
3401 274 2304 273
3402 2304 2383 273
3403 275 2384 274
3404 274 2384 2304
3405 276 2310 275
3406 2310 2384 275
3407 276 2401 2310
3408 314 2388 313
3409 2388 2401 313
3410 315 2305 314
3411 2305 2388 314
3412 316 2368 315
3413 315 2368 2305
3414 317 2299 316
3415 2299 2368 316
3416 318 2375 317
3417 317 2375 2299
3418 319 2374 318
3419 2374 2375 318
3420 320 2301 319
3421 2301 2374 319
3422 321 2371 320
3423 320 2371 2301
3424 322 2311 321
3425 2311 2371 321
3426 558 2311 322
3427 542 2308 541
3428 2308 2395 541
3429 543 2350 542
3430 542 2350 2308
3431 544 2298 543
3432 2298 2350 543
3433 545 2312 544
3434 544 2312 2298
3435 546 2306 545
3436 2306 2312 545
3437 547 2387 546
3438 546 2387 2306
3439 547 2402 2387
3440 548 2400 549
3441 2395 2400 548
3442 549 2302 550
3443 549 2400 2302
3444 550 2394 551
3445 2302 2394 550
3446 551 2399 552
3447 551 2394 2357
3448 2357 2399 551
3449 552 2297 553
3450 552 2399 2297
3451 553 2378 554
3452 2297 2378 553
3453 554 2303 555
3454 554 2378 2303
3455 555 2382 556
3456 2303 2382 555
3457 556 2307 557
3458 556 2382 2307
3459 557 2404 558
3460 2307 2404 557
3461 558 2404 2311
3462 2296 2391 2349
3463 2383 2405 2296
3464 2296 2405 2391
3465 2358 2381 2297
3466 2297 2399 2358
3467 2297 2381 2378
3468 2312 2313 2298
3469 2313 2314 2298
3470 2314 2350 2298
3471 2299 2407 2368
3472 2375 2408 2299
3473 2299 2408 2407
3474 2363 2393 2300
3475 2300 2413 2363
3476 2392 2413 2300
3477 2371 2372 2301
3478 2372 2373 2301
3479 2373 2374 2301
3480 2352 2353 2302
3481 2302 2400 2352
3482 2353 2354 2302
3483 2354 2394 2302
3484 2378 2379 2303
3485 2379 2380 2303
3486 2380 2382 2303
3487 2304 2390 2383
3488 2384 2412 2304
3489 2304 2412 2390
3490 2346 2389 2305
3491 2305 2406 2346
3492 2368 2406 2305
3493 2305 2389 2388
3494 2306 2360 2312
3495 2306 2361 2360
3496 2306 2387 2361
3497 2382 2385 2307
3498 2385 2396 2307
3499 2396 2404 2307
3500 2350 2351 2308
3501 2351 2352 2308
3502 2352 2395 2308
3503 2387 2402 2309
3504 2309 2409 2387
3505 2393 2409 2309
3506 2310 2389 2384
3507 2388 2389 2310
3508 2310 2401 2388
3509 2311 2396 2371
3510 2311 2404 2396
3511 2312 2360 2313
3512 2313 2315 2314
3513 2313 2316 2315
3514 2313 2360 2316
3515 2315 2359 2314
3516 2314 2351 2350
3517 2314 2359 2351
3518 2316 2317 2315
3519 2317 2318 2315
3520 2318 2359 2315
3521 2316 2376 2317
3522 2360 2362 2316
3523 2362 2376 2316
3524 2317 2319 2318
3525 2317 2320 2319
3526 2317 2376 2320
3527 2319 2367 2318
3528 2355 2359 2318
3529 2318 2367 2355
3530 2320 2321 2319
3531 2321 2322 2319
3532 2322 2367 2319
3533 2320 2332 2321
3534 2320 2336 2332
3535 2320 2376 2336
3536 2321 2323 2322
3537 2321 2369 2323
3538 2332 2369 2321
3539 2323 2324 2322
3540 2324 2330 2322
3541 2330 2367 2322
3542 2323 2325 2324
3543 2323 2326 2325
3544 2323 2369 2326
3545 2325 2327 2324
3546 2327 2377 2324
3547 2324 2377 2330
3548 2326 2370 2325
3549 2325 2328 2327
3550 2325 2370 2328
3551 2326 2365 2364
3552 2364 2370 2326
3553 2326 2369 2365
3554 2328 2329 2327
3555 2329 2335 2327
3556 2335 2377 2327
3557 2328 2331 2329
3558 2328 2333 2331
3559 2328 2370 2333
3560 2331 2334 2329
3561 2334 2386 2329
3562 2329 2386 2335
3563 2356 2367 2330
3564 2330 2403 2356
3565 2377 2403 2330
3566 2333 2339 2331
3567 2331 2410 2334
3568 2339 2410 2331
3569 2336 2337 2332
3570 2337 2338 2332
3571 2338 2369 2332
3572 2333 2342 2339
3573 2333 2343 2342
3574 2333 2370 2343
3575 2373 2397 2334
3576 2334 2410 2373
3577 2334 2397 2386
3578 2335 2411 2377
3579 2379 2381 2335
3580 2335 2386 2379
3581 2381 2411 2335
3582 2336 2340 2337
3583 2336 2341 2340
3584 2336 2376 2341
3585 2337 2391 2338
3586 2340 2349 2337
3587 2349 2391 2337
3588 2338 2366 2365
3589 2365 2369 2338
3590 2338 2391 2366
3591 2342 2408 2339
3592 2375 2398 2339
3593 2339 2408 2375
3594 2398 2410 2339
3595 2341 2413 2340
3596 2340 2392 2349
3597 2340 2413 2392
3598 2362 2363 2341
3599 2341 2376 2362
3600 2363 2413 2341
3601 2343 2344 2342
3602 2344 2407 2342
3603 2407 2408 2342
3604 2343 2345 2344
3605 2343 2364 2345
3606 2343 2370 2364
3607 2345 2346 2344
3608 2346 2406 2344
3609 2406 2407 2344
3610 2345 2347 2346
3611 2345 2348 2347
3612 2345 2364 2348
3613 2347 2389 2346
3614 2348 2390 2347
3615 2347 2412 2389
3616 2390 2412 2347
3617 2364 2365 2348
3618 2365 2366 2348
3619 2366 2390 2348
3620 2351 2353 2352
3621 2351 2359 2353
3622 2352 2400 2395
3623 2353 2355 2354
3624 2353 2359 2355
3625 2355 2356 2354
3626 2356 2357 2354
3627 2357 2394 2354
3628 2355 2367 2356
3629 2356 2358 2357
3630 2356 2403 2358
3631 2358 2399 2357
3632 2358 2411 2381
3633 2403 2411 2358
3634 2361 2362 2360
3635 2361 2363 2362
3636 2361 2409 2363
3637 2387 2409 2361
3638 2363 2409 2393
3639 2366 2405 2390
3640 2391 2405 2366
3641 2368 2407 2406
3642 2371 2396 2372
3643 2372 2397 2373
3644 2372 2396 2385
3645 2385 2397 2372
3646 2373 2398 2374
3647 2373 2410 2398
3648 2374 2398 2375
3649 2377 2411 2403
3650 2378 2381 2379
3651 2379 2386 2380
3652 2380 2385 2382
3653 2380 2397 2385
3654 2386 2397 2380
3655 2390 2405 2383
3656 2389 2412 2384
2 37 2 292
3657 8 2529 343
3658 585 2529 8
3659 325 2518 12
3660 12 2518 575
3661 565 576 27
3662 51 2525 332
3663 333 2525 51
3664 326 2524 325
3665 325 2524 2518
3666 327 2423 326
3667 2423 2524 326
3668 328 2504 327
3669 327 2504 2423
3670 329 2416 328
3671 2416 2504 328
3672 330 2500 329
3673 329 2500 2416
3674 331 2424 330
3675 2424 2500 330
3676 332 2511 331
3677 331 2511 2424
3678 332 2525 2511
3679 334 2428 333
3680 2428 2525 333
3681 335 2508 334
3682 334 2508 2428
3683 336 2419 335
3684 2419 2508 335
3685 337 2531 336
3686 336 2531 2419
3687 338 2516 337
3688 337 2516 2493
3689 2493 2531 337
3690 339 2414 338
3691 2414 2516 338
3692 340 2521 339
3693 339 2521 2414
3694 341 2422 340
3695 2422 2521 340
3696 342 2515 341
3697 341 2515 2422
3698 343 2427 342
3699 2427 2515 342
3700 343 2529 2427
3701 566 2534 565
3702 565 2534 576
3703 567 2426 566
3704 2426 2534 566
3705 568 2503 567
3706 567 2503 2426
3707 569 2421 568
3708 2421 2503 568
3709 570 2497 569
3710 569 2497 2421
3711 571 2415 570
3712 2415 2497 570
3713 572 2519 571
3714 571 2519 2415
3715 573 2487 572
3716 2487 2519 572
3717 574 2418 573
3718 2418 2487 573
3719 575 2483 574
3720 574 2483 2418
3721 575 2518 2483
3722 576 2429 577
3723 576 2534 2429
3724 577 2476 578
3725 2429 2476 577
3726 578 2420 579
3727 578 2476 2420
3728 579 2498 580
3729 2420 2498 579
3730 580 2505 581
3731 2498 2505 580
3732 581 2417 582
3733 581 2505 2417
3734 582 2430 583
3735 2417 2430 582
3736 583 2425 584
3737 583 2430 2425
3738 584 2509 585
3739 2425 2509 584
3740 2509 2529 585
3741 2473 2512 2414
3742 2414 2521 2473
3743 2414 2512 2492
3744 2492 2516 2414
3745 2463 2497 2415
3746 2415 2537 2463
3747 2519 2537 2415
3748 2500 2528 2416
3749 2416 2530 2504
3750 2528 2530 2416
3751 2417 2431 2430
3752 2417 2432 2431
3753 2417 2505 2432
3754 2483 2484 2418
3755 2484 2486 2418
3756 2486 2487 2418
3757 2495 2522 2419
3758 2419 2531 2495
3759 2419 2522 2508
3760 2420 2477 2466
3761 2466 2498 2420
3762 2476 2477 2420
3763 2497 2510 2421
3764 2421 2520 2503
3765 2510 2520 2421
3766 2471 2472 2422
3767 2422 2515 2471
3768 2472 2473 2422
3769 2473 2521 2422
3770 2485 2524 2423
3771 2423 2536 2485
3772 2504 2536 2423
3773 2424 2527 2500
3774 2511 2526 2424
3775 2526 2527 2424
3776 2430 2468 2425
3777 2468 2469 2425
3778 2469 2509 2425
3779 2426 2517 2429
3780 2429 2534 2426
3781 2426 2503 2478
3782 2478 2517 2426
3783 2427 2529 2509
3784 2509 2535 2427
3785 2427 2535 2515
3786 2508 2538 2428
3787 2511 2525 2428
3788 2428 2538 2511
3789 2429 2517 2476
3790 2431 2468 2430
3791 2432 2433 2431
3792 2433 2480 2431
3793 2431 2480 2468
3794 2432 2434 2433
3795 2432 2455 2434
3796 2432 2505 2455
3797 2434 2435 2433
3798 2435 2436 2433
3799 2436 2480 2433
3800 2434 2496 2435
3801 2455 2456 2434
3802 2456 2496 2434
3803 2435 2437 2436
3804 2435 2438 2437
3805 2435 2496 2438
3806 2437 2514 2436
3807 2475 2480 2436
3808 2436 2514 2475
3809 2438 2439 2437
3810 2439 2440 2437
3811 2440 2514 2437
3812 2438 2502 2439
3813 2496 2507 2438
3814 2438 2507 2502
3815 2439 2441 2440
3816 2439 2442 2441
3817 2439 2502 2442
3818 2441 2489 2440
3819 2489 2494 2440
3820 2494 2514 2440
3821 2442 2443 2441
3822 2443 2444 2441
3823 2444 2489 2441
3824 2442 2447 2443
3825 2442 2449 2447
3826 2442 2502 2449
3827 2443 2445 2444
3828 2443 2488 2445
3829 2447 2488 2443
3830 2445 2446 2444
3831 2446 2448 2444
3832 2448 2489 2444
3833 2445 2452 2446
3834 2445 2454 2452
3835 2445 2488 2454
3836 2446 2499 2448
3837 2452 2453 2446
3838 2453 2499 2446
3839 2449 2450 2447
3840 2450 2451 2447
3841 2451 2488 2447
3842 2448 2490 2489
3843 2448 2491 2490
3844 2448 2499 2491
3845 2449 2460 2450
3846 2449 2461 2460
3847 2449 2502 2461
3848 2450 2533 2451
3849 2460 2462 2450
3850 2462 2533 2450
3851 2486 2523 2451
3852 2451 2533 2486
3853 2451 2501 2488
3854 2451 2523 2501
3855 2452 2457 2453
3856 2454 2481 2452
3857 2452 2481 2457
3858 2457 2458 2453
3859 2458 2459 2453
3860 2459 2499 2453
3861 2454 2482 2481
3862 2454 2501 2482
3863 2488 2501 2454
3864 2455 2466 2456
3865 2455 2498 2466
3866 2455 2505 2498
3867 2466 2467 2456
3868 2467 2506 2456
3869 2456 2506 2496
3870 2457 2527 2458
3871 2481 2528 2457
3872 2457 2528 2527
3873 2458 2465 2459
3874 2458 2526 2465
3875 2458 2527 2526
3876 2465 2522 2459
3877 2495 2499 2459
3878 2459 2522 2495
3879 2461 2463 2460
3880 2460 2537 2462
3881 2463 2537 2460
3882 2461 2464 2463
3883 2461 2507 2464
3884 2502 2507 2461
3885 2462 2519 2487
3886 2487 2533 2462
3887 2462 2537 2519
3888 2464 2510 2463
3889 2463 2510 2497
3890 2464 2506 2479
3891 2479 2510 2464
3892 2464 2507 2506
3893 2508 2522 2465
3894 2465 2538 2508
3895 2526 2538 2465
3896 2466 2477 2467
3897 2477 2478 2467
3898 2478 2479 2467
3899 2479 2506 2467
3900 2468 2470 2469
3901 2468 2480 2470
3902 2470 2471 2469
3903 2471 2535 2469
3904 2469 2535 2509
3905 2470 2472 2471
3906 2470 2475 2472
3907 2470 2480 2475
3908 2515 2535 2471
3909 2472 2474 2473
3910 2472 2475 2474
3911 2474 2512 2473
3912 2475 2514 2474
3913 2474 2514 2494
3914 2494 2532 2474
3915 2474 2532 2512
3916 2476 2517 2477
3917 2477 2517 2478
3918 2478 2520 2479
3919 2503 2520 2478
3920 2479 2520 2510
3921 2482 2530 2481
3922 2481 2530 2528
3923 2501 2513 2482
3924 2513 2536 2482
3925 2482 2536 2530
3926 2483 2485 2484
3927 2483 2518 2485
3928 2485 2513 2484
3929 2484 2523 2486
3930 2513 2523 2484
3931 2485 2536 2513
3932 2518 2524 2485
3933 2486 2533 2487
3934 2490 2494 2489
3935 2491 2492 2490
3936 2492 2532 2490
3937 2490 2532 2494
3938 2491 2493 2492
3939 2491 2495 2493
3940 2491 2499 2495
3941 2493 2516 2492
3942 2512 2532 2492
3943 2495 2531 2493
3944 2506 2507 2496
3945 2527 2528 2500
3946 2501 2523 2513
3947 2530 2536 2504
3948 2511 2538 2526
2 38 2 99
3949 1 2574 226
3950 622 2574 1
3951 409 2566 13
3952 13 2566 617
3953 612 618 32
3954 221 2573 45
3955 45 2573 412
3956 222 2545 221
3957 2545 2573 221
3958 223 2560 222
3959 222 2560 2545
3960 224 2539 223
3961 2539 2560 223
3962 225 2561 224
3963 224 2561 2539
3964 226 2544 225
3965 2544 2561 225
3966 226 2574 2544
3967 410 2558 409
3968 2558 2566 409
3969 411 2541 410
3970 2541 2558 410
3971 412 2563 411
3972 411 2563 2541
3973 412 2573 2563
3974 613 2572 612
3975 612 2572 618
3976 614 2565 613
3977 2565 2572 613
3978 615 2540 614
3979 2540 2565 614
3980 616 2557 615
3981 615 2557 2540
3982 617 2543 616
3983 2543 2557 616
3984 617 2566 2543
3985 618 2546 619
3986 618 2572 2546
3987 619 2547 620
3988 2546 2547 619
3989 620 2542 621
3990 620 2547 2542
3991 621 2562 622
3992 2542 2562 621
3993 2562 2574 622
3994 2539 2561 2559
3995 2559 2568 2539
3996 2539 2568 2560
3997 2557 2567 2540
3998 2540 2576 2565
3999 2567 2576 2540
4000 2541 2570 2558
4001 2563 2571 2541
4002 2541 2571 2570
4003 2547 2548 2542
4004 2548 2549 2542
4005 2549 2562 2542
4006 2543 2564 2557
4007 2543 2575 2564
4008 2566 2575 2543
4009 2544 2569 2561
4010 2562 2569 2544
4011 2544 2574 2562
4012 2545 2560 2555
4013 2555 2571 2545
4014 2545 2571 2563
4015 2563 2573 2545
4016 2546 2556 2547
4017 2546 2565 2556
4018 2546 2572 2565
4019 2547 2556 2548
4020 2548 2550 2549
4021 2548 2551 2550
4022 2548 2556 2551
4023 2550 2559 2549
4024 2559 2569 2549
4025 2549 2569 2562
4026 2551 2552 2550
4027 2552 2553 2550
4028 2553 2559 2550
4029 2551 2567 2552
4030 2556 2576 2551
4031 2551 2576 2567
4032 2552 2554 2553
4033 2552 2564 2554
4034 2552 2567 2564
4035 2554 2555 2553
4036 2555 2568 2553
4037 2553 2568 2559
4038 2554 2571 2555
4039 2564 2575 2554
4040 2570 2571 2554
4041 2554 2575 2570
4042 2560 2568 2555
4043 2565 2576 2556
4044 2564 2567 2557
4045 2558 2575 2566
4046 2570 2575 2558
4047 2561 2569 2559
2 39 2 266
4048 237 2677 3
4049 3 2677 647
4050 641 285 9
4051 26 2672 629
4052 642 2672 26
4053 46 2684 248
4054 277 2684 46
4055 238 2590 237
4056 2590 2677 237
4057 239 2592 238
4058 238 2592 2590
4059 240 2581 239
4060 2581 2592 239
4061 241 2652 240
4062 240 2652 2581
4063 242 2584 241
4064 2584 2652 241
4065 243 2654 242
4066 242 2654 2584
4067 244 2668 243
4068 243 2668 2654
4069 245 2579 244
4070 2579 2668 244
4071 246 2644 245
4072 245 2644 2579
4073 247 2586 246
4074 2586 2644 246
4075 248 2631 247
4076 247 2631 2586
4077 248 2684 2631
4078 278 2670 277
4079 2670 2684 277
4080 279 2588 278
4081 2588 2670 278
4082 280 2661 279
4083 279 2661 2588
4084 281 2580 280
4085 2580 2661 280
4086 282 2683 281
4087 281 2683 2580
4088 283 2585 282
4089 2585 2683 282
4090 284 2686 283
4091 283 2686 2585
4092 285 2685 284
4093 284 2685 2629
4094 2629 2686 284
4095 641 2685 285
4096 629 2659 630
4097 629 2672 2659
4098 630 2582 631
4099 630 2659 2582
4100 631 2658 632
4101 2582 2658 631
4102 632 2673 633
4103 2658 2673 632
4104 633 2578 634
4105 633 2673 2578
4106 634 2674 635
4107 2578 2674 634
4108 635 2676 636
4109 635 2674 2650
4110 2650 2676 635
4111 636 2577 637
4112 636 2676 2577
4113 637 2633 638
4114 2577 2633 637
4115 638 2587 639
4116 638 2633 2587
4117 639 2688 640
4118 2587 2688 639
4119 640 2591 641
4120 640 2688 2591
4121 2591 2685 641
4122 643 2589 642
4123 2589 2672 642
4124 644 2682 643
4125 643 2682 2589
4126 645 2583 644
4127 2583 2682 644
4128 646 2675 645
4129 645 2675 2583
4130 647 2677 646
4131 2635 2675 646
4132 646 2677 2635
4133 2577 2669 2633
4134 2577 2671 2669
4135 2577 2676 2671
4136 2624 2667 2578
4137 2578 2673 2624
4138 2578 2667 2648
4139 2648 2674 2578
4140 2644 2645 2579
4141 2645 2646 2579
4142 2646 2668 2579
4143 2657 2662 2580
4144 2580 2683 2657
4145 2580 2681 2661
4146 2662 2681 2580
4147 2581 2593 2592
4148 2581 2594 2593
4149 2581 2652 2594
4150 2642 2678 2582
4151 2582 2687 2642
4152 2582 2678 2658
4153 2659 2687 2582
4154 2636 2638 2583
4155 2583 2675 2636
4156 2638 2640 2583
4157 2640 2682 2583
4158 2632 2652 2584
4159 2584 2653 2632
4160 2584 2654 2653
4161 2656 2657 2585
4162 2585 2679 2656
4163 2657 2683 2585
4164 2585 2686 2679
4165 2586 2630 2625
4166 2625 2644 2586
4167 2586 2631 2630
4168 2626 2627 2587
4169 2587 2633 2626
4170 2627 2628 2587
4171 2628 2688 2587
4172 2661 2664 2588
4173 2664 2680 2588
4174 2588 2680 2670
4175 2640 2641 2589
4176 2589 2682 2640
4177 2641 2659 2589
4178 2659 2672 2589
4179 2592 2634 2590
4180 2634 2635 2590
4181 2635 2677 2590
4182 2628 2629 2591
4183 2591 2688 2628
4184 2629 2685 2591
4185 2593 2634 2592
4186 2594 2595 2593
4187 2595 2637 2593
4188 2593 2637 2634
4189 2594 2596 2595
4190 2594 2632 2596
4191 2594 2652 2632
4192 2596 2597 2595
4193 2597 2613 2595
4194 2613 2637 2595
4195 2596 2598 2597
4196 2596 2660 2598
4197 2632 2660 2596
4198 2598 2599 2597
4199 2599 2643 2597
4200 2597 2643 2613
4201 2598 2600 2599
4202 2598 2601 2600
4203 2598 2660 2601
4204 2600 2619 2599
4205 2619 2620 2599
4206 2620 2643 2599
4207 2601 2602 2600
4208 2602 2647 2600
4209 2600 2647 2619
4210 2601 2603 2602
4211 2601 2665 2603
4212 2660 2665 2601
4213 2603 2604 2602
4214 2604 2610 2602
4215 2610 2647 2602
4216 2603 2605 2604
4217 2603 2614 2605
4218 2603 2665 2614
4219 2605 2606 2604
4220 2606 2651 2604
4221 2604 2651 2610
4222 2605 2607 2606
4223 2605 2663 2607
4224 2614 2663 2605
4225 2607 2608 2606
4226 2608 2611 2606
4227 2611 2651 2606
4228 2607 2609 2608
4229 2607 2617 2609
4230 2607 2663 2617
4231 2609 2655 2608
4232 2608 2612 2611
4233 2608 2655 2612
4234 2617 2618 2609
4235 2618 2623 2609
4236 2623 2655 2609
4237 2610 2648 2647
4238 2610 2649 2648
4239 2610 2651 2649
4240 2612 2615 2611
4241 2615 2622 2611
4242 2622 2651 2611
4243 2612 2616 2615
4244 2612 2621 2616
4245 2612 2655 2621
4246 2613 2638 2637
4247 2613 2639 2638
4248 2613 2643 2639
4249 2646 2663 2614
4250 2614 2666 2646
4251 2665 2666 2614
4252 2616 2626 2615
4253 2615 2669 2622
4254 2626 2669 2615
4255 2621 2656 2616
4256 2616 2627 2626
4257 2616 2656 2627
4258 2617 2625 2618
4259 2617 2645 2625
4260 2617 2663 2645
4261 2618 2664 2623
4262 2625 2630 2618
4263 2630 2664 2618
4264 2619 2624 2620
4265 2619 2667 2624
4266 2647 2667 2619
4267 2624 2678 2620
4268 2642 2643 2620
4269 2620 2678 2642
4270 2655 2662 2621
4271 2621 2657 2656
4272 2621 2662 2657
4273 2649 2651 2622
4274 2622 2671 2649
4275 2669 2671 2622
4276 2623 2662 2655
4277 2623 2681 2662
4278 2664 2681 2623
4279 2624 2673 2658
4280 2658 2678 2624
4281 2625 2645 2644
4282 2633 2669 2626
4283 2627 2629 2628
4284 2627 2679 2629
4285 2656 2679 2627
4286 2679 2686 2629
4287 2631 2680 2630
4288 2630 2680 2664
4289 2670 2680 2631
4290 2631 2684 2670
4291 2653 2660 2632
4292 2634 2636 2635
4293 2634 2637 2636
4294 2636 2675 2635
4295 2637 2638 2636
4296 2639 2640 2638
4297 2639 2641 2640
4298 2639 2642 2641
4299 2639 2643 2642
4300 2642 2687 2641
4301 2641 2687 2659
4302 2645 2663 2646
4303 2666 2668 2646
4304 2648 2667 2647
4305 2649 2650 2648
4306 2650 2674 2648
4307 2649 2671 2650
4308 2671 2676 2650
4309 2654 2666 2653
4310 2653 2665 2660
4311 2653 2666 2665
4312 2654 2668 2666
4313 2661 2681 2664
2 40 2 368
4314 7 2837 366
4315 679 2837 7
4316 304 2829 11
4317 11 2829 667
4318 655 668 28
4319 47 2838 312
4320 377 2838 47
4321 305 2800 304
4322 2800 2829 304
4323 306 2699 305
4324 2699 2800 305
4325 307 2821 306
4326 306 2821 2699
4327 308 2690 307
4328 2690 2821 307
4329 309 2835 308
4330 308 2835 2690
4331 310 2700 309
4332 2700 2835 309
4333 311 2809 310
4334 310 2809 2700
4335 312 2705 311
4336 2705 2809 311
4337 312 2838 2705
4338 366 2704 367
4339 366 2837 2704
4340 367 2813 368
4341 2704 2813 367
4342 368 2697 369
4343 368 2813 2697
4344 369 2796 370
4345 2697 2796 369
4346 370 2691 371
4347 370 2796 2691
4348 371 2779 372
4349 2691 2779 371
4350 372 2778 373
4351 372 2779 2778
4352 373 2693 374
4353 373 2778 2693
4354 374 2708 375
4355 2693 2708 374
4356 375 2701 376
4357 375 2708 2701
4358 376 2818 377
4359 2701 2818 376
4360 2818 2838 377
4361 656 2707 655
4362 655 2707 668
4363 657 2706 656
4364 2706 2707 656
4365 658 2807 657
4366 657 2807 2706
4367 659 2696 658
4368 2696 2807 658
4369 660 2836 659
4370 659 2836 2696
4371 661 2824 660
4372 2824 2836 660
4373 662 2689 661
4374 2689 2824 661
4375 663 2833 662
4376 662 2833 2689
4377 664 2839 663
4378 663 2839 2833
4379 665 2694 664
4380 2694 2839 664
4381 666 2799 665
4382 665 2799 2694
4383 667 2703 666
4384 2703 2799 666
4385 667 2829 2703
4386 668 2707 669
4387 669 2702 670
4388 669 2707 2702
4389 670 2783 671
4390 2702 2783 670
4391 671 2695 672
4392 671 2783 2695
4393 672 2803 673
4394 2695 2803 672
4395 673 2801 674
4396 673 2803 2801
4397 674 2692 675
4398 674 2801 2692
4399 675 2825 676
4400 2692 2825 675
4401 676 2698 677
4402 676 2825 2698
4403 677 2832 678
4404 2698 2832 677
4405 678 2848 679
4406 2832 2848 678
4407 679 2848 2837
4408 2758 2815 2689
4409 2689 2833 2758
4410 2815 2846 2689
4411 2689 2846 2824
4412 2690 2763 2762
4413 2762 2821 2690
4414 2690 2764 2763
4415 2690 2835 2764
4416 2691 2780 2779
4417 2691 2812 2780
4418 2796 2812 2691
4419 2801 2820 2692
4420 2820 2845 2692
4421 2692 2845 2825
4422 2693 2709 2708
4423 2693 2710 2709
4424 2693 2778 2710
4425 2760 2795 2694
4426 2694 2799 2760
4427 2694 2795 2761
4428 2761 2839 2694
4429 2783 2784 2695
4430 2784 2785 2695
4431 2785 2803 2695
4432 2696 2841 2807
4433 2696 2836 2831
4434 2831 2841 2696
4435 2697 2797 2796
4436 2697 2819 2797
4437 2813 2819 2697
4438 2698 2756 2754
4439 2754 2759 2698
4440 2698 2825 2756
4441 2759 2832 2698
4442 2699 2817 2800
4443 2699 2840 2817
4444 2821 2840 2699
4445 2700 2834 2764
4446 2764 2835 2700
4447 2809 2810 2700
4448 2810 2834 2700
4449 2708 2776 2701
4450 2776 2777 2701
4451 2777 2818 2701
4452 2707 2827 2702
4453 2702 2794 2783
4454 2702 2827 2794
4455 2703 2823 2799
4456 2703 2843 2823
4457 2829 2843 2703
4458 2766 2813 2704
4459 2704 2816 2766
4460 2704 2837 2816
4461 2705 2847 2809
4462 2705 2838 2818
4463 2818 2847 2705
4464 2706 2827 2707
4465 2706 2807 2792
4466 2792 2827 2706
4467 2709 2776 2708
4468 2710 2711 2709
4469 2711 2736 2709
4470 2736 2776 2709
4471 2710 2712 2711
4472 2710 2806 2712
4473 2778 2806 2710
4474 2712 2713 2711
4475 2713 2826 2711
4476 2711 2826 2736
4477 2712 2714 2713
4478 2712 2749 2714
4479 2712 2806 2749
4480 2714 2715 2713
4481 2715 2770 2713
4482 2770 2826 2713
4483 2714 2716 2715
4484 2714 2808 2716
4485 2749 2808 2714
4486 2716 2717 2715
4487 2717 2719 2715
4488 2719 2770 2715
4489 2716 2718 2717
4490 2716 2721 2718
4491 2716 2808 2721
4492 2718 2782 2717
4493 2717 2720 2719
4494 2717 2782 2720
4495 2721 2722 2718
4496 2722 2723 2718
4497 2723 2782 2718
4498 2720 2726 2719
4499 2726 2729 2719
4500 2729 2770 2719
4501 2720 2730 2726
4502 2720 2805 2730
4503 2782 2805 2720
4504 2721 2727 2722
4505 2721 2738 2727
4506 2721 2808 2738
4507 2722 2724 2723
4508 2722 2804 2724
4509 2727 2804 2722
4510 2724 2725 2723
4511 2725 2781 2723
4512 2781 2782 2723
4513 2724 2728 2725
4514 2724 2735 2728
4515 2724 2804 2735
4516 2728 2732 2725
4517 2732 2733 2725
4518 2733 2781 2725
4519 2726 2802 2729
4520 2730 2731 2726
4521 2731 2802 2726
4522 2738 2739 2727
4523 2739 2746 2727
4524 2746 2804 2727
4525 2728 2734 2732
4526 2728 2828 2734
4527 2735 2828 2728
4528 2767 2768 2729
4529 2729 2802 2767
4530 2768 2770 2729
4531 2730 2740 2731
4532 2730 2743 2740
4533 2730 2805 2743
4534 2740 2741 2731
4535 2741 2742 2731
4536 2742 2802 2731
4537 2732 2737 2733
4538 2734 2822 2732
4539 2732 2822 2737
4540 2737 2771 2733
4541 2771 2775 2733
4542 2775 2781 2733
4543 2786 2788 2734
4544 2734 2790 2786
4545 2788 2822 2734
4546 2734 2828 2790
4547 2793 2828 2735
4548 2735 2844 2793
4549 2735 2804 2798
4550 2798 2844 2735
4551 2736 2826 2769
4552 2769 2830 2736
4553 2736 2830 2776
4554 2737 2772 2771
4555 2737 2773 2772
4556 2737 2822 2773
4557 2738 2750 2739
4558 2738 2811 2750
4559 2808 2811 2738
4560 2739 2747 2746
4561 2739 2814 2747
4562 2750 2814 2739
4563 2740 2795 2741
4564 2743 2744 2740
4565 2744 2795 2740
4566 2741 2751 2742
4567 2741 2760 2751
4568 2741 2795 2760
4569 2751 2752 2742
4570 2752 2753 2742
4571 2753 2802 2742
4572 2743 2745 2744
4573 2743 2775 2745
4574 2743 2805 2775
4575 2745 2758 2744
4576 2758 2761 2744
4577 2761 2795 2744
4578 2745 2815 2758
4579 2745 2775 2771
4580 2771 2815 2745
4581 2747 2748 2746
4582 2748 2798 2746
4583 2798 2804 2746
4584 2747 2754 2748
4585 2747 2755 2754
4586 2747 2814 2755
4587 2754 2756 2748
4588 2756 2757 2748
4589 2757 2798 2748
4590 2749 2806 2780
4591 2780 2811 2749
4592 2749 2811 2808
4593 2750 2812 2797
4594 2797 2814 2750
4595 2811 2812 2750
4596 2751 2817 2752
4597 2760 2823 2751
4598 2751 2823 2817
4599 2752 2762 2753
4600 2752 2840 2762
4601 2817 2840 2752
4602 2762 2763 2753
4603 2763 2767 2753
4604 2767 2802 2753
4605 2755 2759 2754
4606 2755 2766 2759
4607 2755 2819 2766
4608 2814 2819 2755
4609 2756 2845 2757
4610 2825 2845 2756
4611 2757 2844 2798
4612 2820 2844 2757
4613 2757 2845 2820
4614 2758 2833 2761
4615 2766 2816 2759
4616 2816 2832 2759
4617 2799 2823 2760
4618 2833 2839 2761
4619 2762 2840 2821
4620 2764 2765 2763
4621 2765 2767 2763
4622 2764 2834 2765
4623 2765 2768 2767
4624 2765 2769 2768
4625 2765 2834 2769
4626 2766 2819 2813
4627 2769 2826 2768
4628 2768 2826 2770
4629 2810 2830 2769
4630 2769 2834 2810
4631 2772 2815 2771
4632 2773 2774 2772
4633 2774 2846 2772
4634 2772 2846 2815
4635 2773 2831 2774
4636 2822 2842 2773
4637 2773 2842 2831
4638 2774 2836 2824
4639 2824 2846 2774
4640 2831 2836 2774
4641 2775 2805 2781
4642 2776 2830 2777
4643 2777 2830 2810
4644 2810 2847 2777
4645 2777 2847 2818
4646 2779 2806 2778
4647 2780 2806 2779
4648 2780 2812 2811
4649 2781 2805 2782
4650 2783 2794 2784
4651 2784 2786 2785
4652 2784 2787 2786
4653 2784 2794 2787
4654 2786 2790 2785
4655 2790 2791 2785
4656 2791 2803 2785
4657 2787 2788 2786
4658 2787 2789 2788
4659 2787 2792 2789
4660 2787 2794 2792
4661 2789 2842 2788
4662 2788 2842 2822
4663 2792 2841 2789
4664 2789 2841 2831
4665 2831 2842 2789
4666 2790 2793 2791
4667 2790 2828 2793
4668 2793 2820 2791
4669 2801 2803 2791
4670 2791 2820 2801
4671 2794 2827 2792
4672 2807 2841 2792
4673 2793 2844 2820
4674 2797 2812 2796
4675 2797 2819 2814
4676 2817 2843 2800
4677 2800 2843 2829
4678 2809 2847 2810
4679 2816 2848 2832
4680 2837 2848 2816
4681 2823 2843 2817
2 41 2 220
4682 383 2937 5
4683 5 2937 698
4684 704 402 15
4685 687 2936 30
4686 30 2936 699
4687 48 2930 388
4688 389 2930 48
4689 384 2927 383
4690 2927 2937 383
4691 385 2928 384
4692 2876 2927 384
4693 384 2928 2876
4694 386 2849 385
4695 2849 2928 385
4696 387 2921 386
4697 386 2921 2849
4698 388 2861 387
4699 2861 2921 387
4700 388 2930 2861
4701 390 2922 389
4702 2922 2930 389
4703 391 2858 390
4704 2858 2922 390
4705 392 2905 391
4706 391 2905 2858
4707 393 2850 392
4708 2850 2905 392
4709 394 2926 393
4710 393 2926 2850
4711 395 2934 394
4712 2910 2926 394
4713 394 2934 2910
4714 396 2851 395
4715 2851 2934 395
4716 397 2924 396
4717 396 2924 2851
4718 398 2938 397
4719 2914 2924 397
4720 397 2938 2914
4721 399 2852 398
4722 2852 2938 398
4723 400 2906 399
4724 399 2906 2852
4725 401 2859 400
4726 2859 2906 400
4727 402 2863 401
4728 401 2932 2859
4729 2863 2932 401
4730 704 2863 402
4731 688 2903 687
4732 2903 2936 687
4733 689 2857 688
4734 2857 2903 688
4735 690 2902 689
4736 689 2902 2857
4737 691 2854 690
4738 2854 2902 690
4739 692 2912 691
4740 691 2912 2854
4741 693 2917 692
4742 692 2917 2912
4743 694 2855 693
4744 2855 2917 693
4745 695 2916 694
4746 694 2916 2855
4747 696 2856 695
4748 2856 2916 695
4749 697 2864 696
4750 696 2864 2856
4751 698 2860 697
4752 2860 2864 697
4753 698 2927 2860
4754 698 2937 2927
4755 699 2931 700
4756 2923 2931 699
4757 699 2936 2923
4758 700 2853 701
4759 700 2931 2853
4760 701 2919 702
4761 2853 2919 701
4762 702 2862 703
4763 702 2919 2862
4764 703 2863 704
4765 2862 2863 703
4766 2877 2928 2849
4767 2849 2929 2877
4768 2921 2929 2849
4769 2850 2904 2873
4770 2873 2905 2850
4771 2850 2926 2904
4772 2908 2909 2851
4773 2851 2924 2908
4774 2909 2934 2851
4775 2906 2911 2852
4776 2852 2911 2907
4777 2907 2938 2852
4778 2901 2925 2853
4779 2853 2931 2901
4780 2853 2925 2919
4781 2854 2913 2902
4782 2912 2915 2854
4783 2854 2915 2913
4784 2855 2916 2878
4785 2878 2918 2855
4786 2855 2918 2917
4787 2864 2865 2856
4788 2865 2866 2856
4789 2866 2916 2856
4790 2898 2900 2857
4791 2857 2902 2898
4792 2900 2903 2857
4793 2858 2905 2872
4794 2872 2935 2858
4795 2858 2935 2922
4796 2859 2899 2897
4797 2897 2906 2859
4798 2859 2932 2899
4799 2860 2875 2864
4800 2860 2876 2875
4801 2860 2927 2876
4802 2874 2921 2861
4803 2861 2922 2874
4804 2861 2930 2922
4805 2862 2932 2863
4806 2899 2932 2862
4807 2862 2933 2899
4808 2919 2933 2862
4809 2864 2875 2865
4810 2865 2867 2866
4811 2865 2869 2867
4812 2865 2875 2869
4813 2867 2868 2866
4814 2868 2878 2866
4815 2878 2916 2866
4816 2867 2920 2868
4817 2869 2870 2867
4818 2870 2920 2867
4819 2868 2879 2878
4820 2868 2880 2879
4821 2868 2920 2880
4822 2869 2871 2870
4823 2869 2877 2871
4824 2875 2877 2869
4825 2871 2872 2870
4826 2872 2873 2870
4827 2873 2920 2870
4828 2871 2874 2872
4829 2871 2929 2874
4830 2877 2929 2871
4831 2872 2905 2873
4832 2874 2935 2872
4833 2904 2920 2873
4834 2874 2929 2921
4835 2922 2935 2874
4836 2876 2877 2875
4837 2876 2928 2877
4838 2879 2918 2878
4839 2880 2881 2879
4840 2881 2882 2879
4841 2882 2918 2879
4842 2880 2894 2881
4843 2880 2904 2894
4844 2880 2920 2904
4845 2881 2883 2882
4846 2881 2909 2883
4847 2894 2909 2881
4848 2883 2884 2882
4849 2884 2892 2882
4850 2892 2918 2882
4851 2883 2885 2884
4852 2883 2908 2885
4853 2883 2909 2908
4854 2885 2886 2884
4855 2886 2915 2884
4856 2884 2915 2892
4857 2885 2887 2886
4858 2885 2893 2887
4859 2885 2908 2893
4860 2887 2888 2886
4861 2888 2913 2886
4862 2913 2915 2886
4863 2887 2889 2888
4864 2887 2907 2889
4865 2893 2907 2887
4866 2889 2890 2888
4867 2890 2898 2888
4868 2898 2913 2888
4869 2889 2891 2890
4870 2889 2911 2891
4871 2907 2911 2889
4872 2891 2895 2890
4873 2895 2900 2890
4874 2890 2900 2898
4875 2891 2896 2895
4876 2891 2897 2896
4877 2891 2911 2897
4878 2892 2915 2912
4879 2912 2917 2892
4880 2917 2918 2892
4881 2893 2914 2907
4882 2908 2924 2893
4883 2893 2924 2914
4884 2904 2926 2894
4885 2894 2910 2909
4886 2894 2926 2910
4887 2896 2925 2895
4888 2895 2901 2900
4889 2895 2925 2901
4890 2897 2899 2896
4891 2899 2933 2896
4892 2896 2933 2925
4893 2897 2911 2906
4894 2902 2913 2898
4895 2901 2903 2900
4896 2901 2923 2903
4897 2901 2931 2923
4898 2923 2936 2903
4899 2914 2938 2907
4900 2910 2934 2909
4901 2925 2933 2919
2 42 2 63
4902 227 2958 1
4903 1 2958 622
4904 628 2944 21
4905 21 2944 728
4906 32 618 623
4907 34 2957 231
4908 728 2957 34
4909 228 2950 227
4910 2950 2958 227
4911 229 2939 228
4912 2939 2950 228
4913 230 2951 229
4914 229 2951 2939
4915 231 2942 230
4916 2942 2951 230
4917 231 2957 2942
4918 619 2952 618
4919 618 2952 623
4920 620 2954 619
4921 619 2954 2952
4922 621 2940 620
4923 2940 2954 620
4924 622 2945 621
4925 621 2945 2940
4926 622 2958 2945
4927 623 2952 624
4928 624 2943 625
4929 624 2952 2943
4930 625 2955 626
4931 2943 2955 625
4932 626 2941 627
4933 626 2955 2941
4934 627 2948 628
4935 2941 2948 627
4936 628 2948 2944
4937 2944 2957 728
4938 2939 2956 2950
4939 2951 2959 2939
4940 2939 2959 2956
4941 2945 2946 2940
4942 2946 2947 2940
4943 2947 2954 2940
4944 2941 2949 2948
4945 2941 2960 2949
4946 2955 2960 2941
4947 2944 2953 2942
4948 2942 2957 2944
4949 2942 2953 2951
4950 2943 2954 2947
4951 2947 2955 2943
4952 2952 2954 2943
4953 2948 2953 2944
4954 2945 2956 2946
4955 2950 2956 2945
4956 2945 2958 2950
4957 2946 2960 2947
4958 2946 2956 2949
4959 2949 2960 2946
4960 2947 2960 2955
4961 2949 2953 2948
4962 2949 2959 2953
4963 2956 2959 2949
4964 2953 2959 2951
2 43 2 73
4965 3 2981 236
4966 647 2981 3
4967 22 2967 654
4968 727 2967 22
4969 648 642 26
4970 232 2982 35
4971 35 2982 727
4972 233 2965 232
4973 2965 2982 232
4974 234 2968 233
4975 233 2968 2965
4976 235 2963 234
4977 2963 2968 234
4978 236 2973 235
4979 235 2973 2963
4980 236 2981 2973
4981 642 2978 643
4982 648 2978 642
4983 643 2966 644
4984 643 2978 2966
4985 644 2974 645
4986 2966 2974 644
4987 645 2961 646
4988 645 2974 2961
4989 646 2977 647
4990 2961 2977 646
4991 2977 2981 647
4992 649 2978 648
4993 650 2980 649
4994 649 2980 2978
4995 651 2964 650
4996 2964 2980 650
4997 652 2975 651
4998 651 2975 2964
4999 653 2962 652
5000 2962 2975 652
5001 654 2979 653
5002 653 2979 2962
5003 2967 2979 654
5004 727 2982 2967
5005 2974 2976 2961
5006 2976 2986 2961
5007 2961 2986 2977
5008 2971 2975 2962
5009 2962 2984 2971
5010 2979 2984 2962
5011 2963 2969 2968
5012 2963 2970 2969
5013 2963 2973 2970
5014 2975 2985 2964
5015 2964 2983 2980
5016 2964 2985 2983
5017 2965 2972 2967
5018 2967 2982 2965
5019 2968 2972 2965
5020 2966 2983 2974
5021 2978 2980 2966
5022 2980 2983 2966
5023 2972 2979 2967
5024 2969 2972 2968
5025 2970 2971 2969
5026 2971 2984 2969
5027 2969 2984 2972
5028 2970 2986 2971
5029 2973 2977 2970
5030 2977 2986 2970
5031 2971 2985 2975
5032 2976 2985 2971
5033 2971 2986 2976
5034 2972 2984 2979
5035 2973 2981 2977
5036 2974 2983 2976
5037 2983 2985 2976
2 44 2 279
5038 641 9 286
5039 654 726 22
5040 629 3003 26
5041 26 3003 648
5042 37 3096 294
5043 711 3096 37
5044 287 3005 286
5045 286 3005 641
5046 288 3068 287
5047 287 3068 3005
5048 289 2998 288
5049 2998 3068 288
5050 290 3093 289
5051 289 3093 2998
5052 291 2990 290
5053 2990 3093 290
5054 292 3095 291
5055 291 3095 2990
5056 293 3000 292
5057 3000 3095 292
5058 294 3082 293
5059 293 3082 3000
5060 294 3096 3082
5061 630 3055 629
5062 629 3055 3003
5063 631 2995 630
5064 2995 3055 630
5065 632 3089 631
5066 631 3089 2995
5067 633 2988 632
5068 2988 3089 632
5069 634 3083 633
5070 633 3083 2988
5071 635 3088 634
5072 634 3088 3083
5073 636 2987 635
5074 2987 3088 635
5075 637 3052 636
5076 636 3052 2987
5077 638 2994 637
5078 2994 3052 637
5079 639 3069 638
5080 638 3069 2994
5081 640 3001 639
5082 3001 3069 639
5083 641 3102 640
5084 640 3102 3001
5085 3005 3102 641
5086 648 2992 649
5087 648 3099 2992
5088 3003 3099 648
5089 649 3071 650
5090 2992 3071 649
5091 650 2999 651
5092 650 3071 2999
5093 651 3090 652
5094 2999 3090 651
5095 652 3004 653
5096 652 3090 3004
5097 653 3084 654
5098 3004 3084 653
5099 654 3084 726
5100 712 3062 711
5101 3062 3096 711
5102 713 2996 712
5103 2996 3062 712
5104 714 3074 713
5105 713 3074 2996
5106 715 2989 714
5107 2989 3074 714
5108 716 3065 715
5109 715 3065 2989
5110 717 3064 716
5111 3064 3065 716
5112 718 2993 717
5113 2993 3064 717
5114 719 3077 718
5115 718 3077 2993
5116 720 2991 719
5117 2991 3077 719
5118 721 3049 720
5119 720 3049 2991
5120 722 2997 721
5121 2997 3049 721
5122 723 3006 722
5123 722 3006 2997
5124 724 3002 723
5125 3002 3006 723
5126 725 3087 724
5127 724 3087 3002
5128 726 3084 725
5129 3084 3087 725
5130 3042 3051 2987
5131 2987 3052 3042
5132 3051 3088 2987
5133 3058 3059 2988
5134 2988 3098 3058
5135 3059 3089 2988
5136 3083 3098 2988
5137 3065 3066 2989
5138 3066 3085 2989
5139 2989 3085 3074
5140 2990 3061 3048
5141 3048 3093 2990
5142 2990 3063 3061
5143 2990 3095 3063
5144 3049 3072 2991
5145 3072 3075 2991
5146 3075 3077 2991
5147 3050 3094 2992
5148 2992 3099 3050
5149 2992 3094 3071
5150 2993 3077 3046
5151 3046 3078 2993
5152 2993 3078 3064
5153 2994 3101 3052
5154 3069 3081 2994
5155 3081 3101 2994
5156 2995 3100 3055
5157 2995 3089 3059
5158 3059 3100 2995
5159 3043 3073 2996
5160 2996 3074 3043
5161 2996 3073 3062
5162 3006 3007 2997
5163 3007 3008 2997
5164 3008 3049 2997
5165 2998 3048 3044
5166 3044 3097 2998
5167 2998 3093 3048
5168 2998 3097 3068
5169 3054 3090 2999
5170 2999 3091 3054
5171 3071 3091 2999
5172 3053 3063 3000
5173 3000 3092 3053
5174 3063 3095 3000
5175 3082 3092 3000
5176 3001 3086 3069
5177 3001 3102 3086
5178 3002 3047 3006
5179 3002 3054 3047
5180 3002 3087 3054
5181 3055 3076 3003
5182 3076 3099 3003
5183 3054 3087 3004
5184 3004 3090 3054
5185 3004 3087 3084
5186 3068 3086 3005
5187 3086 3102 3005
5188 3006 3047 3007
5189 3007 3009 3008
5190 3007 3035 3009
5191 3007 3047 3035
5192 3009 3010 3008
5193 3010 3072 3008
5194 3008 3072 3049
5195 3009 3011 3010
5196 3009 3050 3011
5197 3035 3050 3009
5198 3011 3012 3010
5199 3012 3013 3010
5200 3013 3072 3010
5201 3011 3041 3012
5202 3011 3076 3041
5203 3050 3076 3011
5204 3012 3014 3013
5205 3012 3060 3014
5206 3041 3060 3012
5207 3014 3015 3013
5208 3015 3075 3013
5209 3013 3075 3072
5210 3014 3016 3015
5211 3014 3033 3016
5212 3014 3060 3033
5213 3016 3017 3015
5214 3017 3046 3015
5215 3046 3075 3015
5216 3016 3018 3017
5217 3016 3057 3018
5218 3033 3057 3016
5219 3018 3019 3017
5220 3019 3078 3017
5221 3017 3078 3046
5222 3018 3020 3019
5223 3018 3021 3020
5224 3018 3057 3021
5225 3020 3080 3019
5226 3067 3078 3019
5227 3019 3080 3067
5228 3021 3022 3020
5229 3022 3023 3020
5230 3023 3080 3020
5231 3021 3030 3022
5232 3021 3039 3030
5233 3021 3057 3039
5234 3022 3024 3023
5235 3022 3056 3024
5236 3030 3056 3022
5237 3024 3025 3023
5238 3025 3079 3023
5239 3079 3080 3023
5240 3024 3026 3025
5241 3024 3028 3026
5242 3024 3056 3028
5243 3026 3027 3025
5244 3027 3031 3025
5245 3031 3079 3025
5246 3026 3070 3027
5247 3028 3029 3026
5248 3029 3070 3026
5249 3027 3032 3031
5250 3027 3034 3032
5251 3027 3070 3034
5252 3028 3036 3029
5253 3028 3042 3036
5254 3028 3056 3042
5255 3036 3037 3029
5256 3037 3038 3029
5257 3038 3070 3029
5258 3039 3040 3030
5259 3040 3051 3030
5260 3051 3056 3030
5261 3032 3043 3031
5262 3043 3085 3031
5263 3031 3085 3079
5264 3034 3053 3032
5265 3032 3073 3043
5266 3053 3073 3032
5267 3033 3058 3057
5268 3033 3059 3058
5269 3033 3060 3059
5270 3034 3063 3053
5271 3061 3063 3034
5272 3034 3070 3061
5273 3047 3091 3035
5274 3035 3094 3050
5275 3091 3094 3035
5276 3036 3081 3037
5277 3042 3101 3036
5278 3036 3101 3081
5279 3037 3044 3038
5280 3037 3045 3044
5281 3037 3081 3045
5282 3044 3048 3038
5283 3048 3061 3038
5284 3061 3070 3038
5285 3039 3098 3040
5286 3057 3058 3039
5287 3058 3098 3039
5288 3040 3088 3051
5289 3083 3088 3040
5290 3040 3098 3083
5291 3041 3076 3055
5292 3055 3100 3041
5293 3041 3100 3060
5294 3042 3056 3051
5295 3052 3101 3042
5296 3074 3085 3043
5297 3045 3097 3044
5298 3045 3081 3069
5299 3069 3086 3045
5300 3086 3097 3045
5301 3046 3077 3075
5302 3054 3091 3047
5303 3050 3099 3076
5304 3053 3092 3073
5305 3060 3100 3059
5306 3073 3092 3062
5307 3062 3092 3082
5308 3082 3096 3062
5309 3064 3067 3065
5310 3064 3078 3067
5311 3065 3067 3066
5312 3067 3080 3066
5313 3066 3080 3079
5314 3079 3085 3066
5315 3068 3097 3086
5316 3071 3094 3091
2 45 2 279
5317 303 11 667
5318 686 23 763
5319 28 3119 655
5320 680 3119 28
5321 295 3213 38
5322 38 3213 778
5323 296 3200 295
5324 3200 3213 295
5325 297 3116 296
5326 3116 3200 296
5327 298 3187 297
5328 297 3187 3116
5329 299 3106 298
5330 3106 3187 298
5331 300 3207 299
5332 299 3207 3106
5333 301 3114 300
5334 3114 3207 300
5335 302 3181 301
5336 301 3181 3114
5337 303 3121 302
5338 3121 3181 302
5339 667 3121 303
5340 655 3172 656
5341 3119 3172 655
5342 656 3111 657
5343 656 3172 3111
5344 657 3204 658
5345 3111 3204 657
5346 658 3104 659
5347 658 3204 3104
5348 659 3196 660
5349 3104 3196 659
5350 660 3205 661
5351 3196 3205 660
5352 661 3103 662
5353 661 3205 3103
5354 662 3186 663
5355 3103 3186 662
5356 663 3110 664
5357 663 3186 3110
5358 664 3184 665
5359 3110 3184 664
5360 665 3117 666
5361 665 3184 3117
5362 666 3218 667
5363 3117 3218 666
5364 667 3218 3121
5365 681 3108 680
5366 3108 3216 680
5367 680 3216 3119
5368 682 3188 681
5369 681 3188 3108
5370 683 3115 682
5371 3115 3188 682
5372 684 3206 683
5373 683 3206 3115
5374 685 3120 684
5375 3120 3206 684
5376 686 3198 685
5377 685 3198 3120
5378 763 3198 686
5379 764 3198 763
5380 765 3203 764
5381 764 3203 3198
5382 766 3118 765
5383 3118 3203 765
5384 767 3122 766
5385 766 3122 3118
5386 768 3113 767
5387 3113 3122 767
5388 769 3166 768
5389 768 3166 3113
5390 770 3107 769
5391 3107 3166 769
5392 771 3193 770
5393 770 3193 3107
5394 772 3109 771
5395 3109 3193 771
5396 773 3180 772
5397 772 3180 3109
5398 774 3201 773
5399 773 3201 3180
5400 775 3105 774
5401 3105 3201 774
5402 776 3170 775
5403 775 3170 3105
5404 777 3112 776
5405 3112 3170 776
5406 778 3165 777
5407 777 3165 3112
5408 778 3213 3165
5409 3159 3186 3103
5410 3103 3189 3159
5411 3103 3205 3189
5412 3178 3183 3104
5413 3104 3204 3178
5414 3183 3214 3104
5415 3104 3214 3196
5416 3170 3174 3105
5417 3174 3175 3105
5418 3175 3201 3105
5419 3162 3179 3106
5420 3106 3207 3162
5421 3179 3208 3106
5422 3106 3208 3187
5423 3107 3192 3166
5424 3107 3194 3192
5425 3193 3194 3107
5426 3108 3212 3168
5427 3168 3216 3108
5428 3188 3212 3108
5429 3109 3190 3163
5430 3163 3193 3109
5431 3180 3190 3109
5432 3110 3197 3184
5433 3186 3210 3110
5434 3110 3210 3197
5435 3172 3217 3111
5436 3178 3204 3111
5437 3111 3217 3178
5438 3112 3164 3158
5439 3158 3170 3112
5440 3112 3165 3164
5441 3113 3123 3122
5442 3113 3124 3123
5443 3113 3166 3124
5444 3160 3162 3114
5445 3114 3215 3160
5446 3162 3207 3114
5447 3181 3215 3114
5448 3115 3206 3169
5449 3169 3209 3115
5450 3115 3209 3188
5451 3116 3187 3182
5452 3182 3211 3116
5453 3116 3211 3200
5454 3117 3184 3161
5455 3161 3202 3117
5456 3202 3218 3117
5457 3122 3167 3118
5458 3167 3169 3118
5459 3169 3203 3118
5460 3119 3195 3172
5461 3119 3216 3195
5462 3120 3203 3169
5463 3169 3206 3120
5464 3198 3203 3120
5465 3121 3202 3181
5466 3121 3218 3202
5467 3123 3167 3122
5468 3124 3125 3123
5469 3125 3151 3123
5470 3151 3167 3123
5471 3124 3126 3125
5472 3124 3192 3126
5473 3166 3192 3124
5474 3126 3127 3125
5475 3127 3168 3125
5476 3125 3168 3151
5477 3126 3128 3127
5478 3126 3129 3128
5479 3126 3192 3129
5480 3128 3157 3127
5481 3157 3195 3127
5482 3127 3195 3168
5483 3129 3130 3128
5484 3130 3177 3128
5485 3128 3177 3157
5486 3129 3131 3130
5487 3129 3194 3131
5488 3192 3194 3129
5489 3131 3132 3130
5490 3132 3149 3130
5491 3149 3177 3130
5492 3131 3133 3132
5493 3131 3163 3133
5494 3131 3194 3163
5495 3133 3134 3132
5496 3134 3171 3132
5497 3132 3171 3149
5498 3133 3135 3134
5499 3133 3190 3135
5500 3163 3190 3133
5501 3135 3136 3134
5502 3136 3137 3134
5503 3137 3171 3134
5504 3135 3199 3136
5505 3190 3191 3135
5506 3191 3199 3135
5507 3136 3138 3137
5508 3136 3139 3138
5509 3136 3199 3139
5510 3138 3148 3137
5511 3148 3155 3137
5512 3155 3171 3137
5513 3139 3140 3138
5514 3140 3173 3138
5515 3138 3173 3148
5516 3139 3141 3140
5517 3139 3176 3141
5518 3139 3199 3176
5519 3141 3142 3140
5520 3142 3144 3140
5521 3144 3173 3140
5522 3141 3143 3142
5523 3141 3146 3143
5524 3141 3176 3146
5525 3143 3185 3142
5526 3142 3145 3144
5527 3142 3185 3145
5528 3146 3147 3143
5529 3147 3150 3143
5530 3150 3185 3143
5531 3145 3152 3144
5532 3152 3159 3144
5533 3159 3173 3144
5534 3145 3153 3152
5535 3145 3154 3153
5536 3145 3185 3154
5537 3146 3158 3147
5538 3146 3174 3158
5539 3146 3176 3174
5540 3147 3182 3150
5541 3158 3164 3147
5542 3164 3182 3147
5543 3148 3156 3155
5544 3148 3189 3156
5545 3173 3189 3148
5546 3171 3183 3149
5547 3149 3178 3177
5548 3149 3183 3178
5549 3179 3185 3150
5550 3150 3208 3179
5551 3182 3208 3150
5552 3151 3209 3167
5553 3168 3212 3151
5554 3151 3212 3209
5555 3153 3197 3152
5556 3152 3210 3159
5557 3197 3210 3152
5558 3154 3160 3153
5559 3160 3161 3153
5560 3161 3197 3153
5561 3154 3162 3160
5562 3154 3179 3162
5563 3154 3185 3179
5564 3156 3214 3155
5565 3155 3183 3171
5566 3155 3214 3183
5567 3189 3205 3156
5568 3156 3205 3196
5569 3196 3214 3156
5570 3172 3195 3157
5571 3157 3217 3172
5572 3177 3217 3157
5573 3158 3174 3170
5574 3159 3189 3173
5575 3159 3210 3186
5576 3160 3215 3161
5577 3184 3197 3161
5578 3161 3215 3202
5579 3163 3194 3193
5580 3165 3211 3164
5581 3164 3211 3182
5582 3200 3211 3165
5583 3165 3213 3200
5584 3167 3209 3169
5585 3195 3216 3168
5586 3174 3176 3175
5587 3176 3199 3175
5588 3175 3199 3191
5589 3191 3201 3175
5590 3178 3217 3177
5591 3180 3191 3190
5592 3180 3201 3191
5593 3202 3215 3181
5594 3187 3208 3182
5595 3209 3212 3188
2 46 2 214
5596 7 3298 365
5597 679 3298 7
5598 762 686 23
5599 28 3234 668
5600 680 3234 28
5601 361 3299 40
5602 40 3299 747
5603 362 3231 361
5604 3231 3299 361
5605 363 3286 362
5606 362 3286 3231
5607 364 3227 363
5608 3227 3286 363
5609 365 3280 364
5610 364 3280 3227
5611 365 3298 3280
5612 668 3229 669
5613 668 3234 3229
5614 669 3264 670
5615 3229 3264 669
5616 670 3222 671
5617 670 3264 3222
5618 671 3288 672
5619 3222 3288 671
5620 672 3276 673
5621 672 3288 3276
5622 673 3221 674
5623 673 3276 3221
5624 674 3277 675
5625 3221 3277 674
5626 675 3285 676
5627 3277 3285 675
5628 676 3220 677
5629 676 3285 3220
5630 677 3269 678
5631 3220 3269 677
5632 678 3232 679
5633 678 3269 3232
5634 3232 3298 679
5635 681 3219 680
5636 3219 3234 680
5637 682 3278 681
5638 681 3278 3219
5639 683 3230 682
5640 3230 3278 682
5641 684 3292 683
5642 683 3292 3230
5643 685 3291 684
5644 3291 3292 684
5645 686 3283 685
5646 3283 3291 685
5647 762 3283 686
5648 747 3279 748
5649 747 3299 3279
5650 748 3226 749
5651 748 3279 3226
5652 749 3272 750
5653 3226 3272 749
5654 750 3225 751
5655 750 3272 3225
5656 751 3287 752
5657 3225 3287 751
5658 752 3273 753
5659 752 3287 3273
5660 753 3224 754
5661 753 3273 3224
5662 754 3275 755
5663 3224 3275 754
5664 755 3290 756
5665 3275 3290 755
5666 756 3223 757
5667 756 3290 3223
5668 757 3270 758
5669 3223 3270 757
5670 758 3228 759
5671 758 3270 3228
5672 759 3266 760
5673 3228 3266 759
5674 760 3233 761
5675 760 3266 3233
5676 761 3283 762
5677 3233 3283 761
5678 3219 3235 3234
5679 3219 3236 3235
5680 3219 3278 3236
5681 3220 3268 3261
5682 3261 3269 3220
5683 3220 3285 3268
5684 3276 3303 3221
5685 3221 3294 3277
5686 3221 3303 3294
5687 3247 3288 3222
5688 3222 3296 3247
5689 3264 3296 3222
5690 3223 3271 3270
5691 3223 3289 3271
5692 3223 3290 3289
5693 3273 3274 3224
5694 3274 3281 3224
5695 3224 3281 3275
5696 3272 3302 3225
5697 3225 3295 3287
5698 3225 3302 3295
5699 3259 3272 3226
5700 3226 3282 3259
5701 3279 3282 3226
5702 3262 3263 3227
5703 3227 3297 3262
5704 3263 3286 3227
5705 3280 3297 3227
5706 3228 3284 3266
5707 3270 3293 3228
5708 3228 3293 3284
5709 3234 3235 3229
5710 3235 3239 3229
5711 3239 3264 3229
5712 3230 3267 3265
5713 3265 3278 3230
5714 3230 3292 3267
5715 3279 3299 3231
5716 3231 3300 3279
5717 3286 3300 3231
5718 3269 3297 3232
5719 3232 3297 3280
5720 3280 3298 3232
5721 3266 3267 3233
5722 3267 3292 3233
5723 3233 3291 3283
5724 3233 3292 3291
5725 3236 3237 3235
5726 3237 3239 3235
5727 3236 3238 3237
5728 3236 3265 3238
5729 3236 3278 3265
5730 3238 3304 3237
5731 3237 3240 3239
5732 3237 3304 3240
5733 3265 3284 3238
5734 3284 3293 3238
5735 3293 3304 3238
5736 3240 3241 3239
5737 3241 3264 3239
5738 3240 3242 3241
5739 3240 3289 3242
5740 3271 3289 3240
5741 3240 3304 3271
5742 3242 3243 3241
5743 3243 3296 3241
5744 3241 3296 3264
5745 3242 3244 3243
5746 3242 3246 3244
5747 3242 3289 3246
5748 3244 3245 3243
5749 3245 3247 3243
5750 3247 3296 3243
5751 3244 3301 3245
5752 3246 3281 3244
5753 3281 3301 3244
5754 3245 3248 3247
5755 3245 3249 3248
5756 3245 3301 3249
5757 3275 3281 3246
5758 3246 3290 3275
5759 3289 3290 3246
5760 3248 3276 3247
5761 3276 3288 3247
5762 3249 3250 3248
5763 3250 3303 3248
5764 3248 3303 3276
5765 3249 3251 3250
5766 3249 3274 3251
5767 3249 3301 3274
5768 3251 3252 3250
5769 3252 3294 3250
5770 3294 3303 3250
5771 3251 3253 3252
5772 3251 3255 3253
5773 3251 3274 3255
5774 3253 3254 3252
5775 3254 3256 3252
5776 3256 3294 3252
5777 3253 3257 3254
5778 3255 3295 3253
5779 3253 3295 3257
5780 3254 3268 3256
5781 3257 3258 3254
5782 3258 3268 3254
5783 3255 3274 3273
5784 3273 3287 3255
5785 3287 3295 3255
5786 3268 3285 3256
5787 3256 3285 3277
5788 3277 3294 3256
5789 3257 3259 3258
5790 3257 3302 3259
5791 3295 3302 3257
5792 3259 3260 3258
5793 3260 3261 3258
5794 3261 3268 3258
5795 3259 3282 3260
5796 3259 3302 3272
5797 3260 3262 3261
5798 3260 3263 3262
5799 3260 3282 3263
5800 3262 3297 3261
5801 3261 3297 3269
5802 3282 3300 3263
5803 3263 3300 3286
5804 3267 3284 3265
5805 3266 3284 3267
5806 3271 3293 3270
5807 3271 3304 3293
5808 3274 3301 3281
5809 3279 3300 3282
2 47 2 199
5810 5 3380 382
5811 698 3380 5
5812 710 24 731
5813 30 3320 687
5814 705 3320 30
5815 378 3379 41
5816 41 3379 746
5817 379 3317 378
5818 3317 3379 378
5819 380 3356 379
5820 379 3356 3317
5821 381 3311 380
5822 3311 3356 380
5823 382 3355 381
5824 381 3355 3311
5825 382 3380 3355
5826 687 3350 688
5827 3320 3350 687
5828 688 3307 689
5829 688 3350 3307
5830 689 3374 690
5831 3307 3374 689
5832 690 3308 691
5833 690 3374 3308
5834 691 3375 692
5835 3308 3375 691
5836 692 3376 693
5837 692 3375 3340
5838 3340 3376 692
5839 693 3313 694
5840 693 3376 3313
5841 694 3353 695
5842 3313 3353 694
5843 695 3314 696
5844 695 3353 3314
5845 696 3342 697
5846 3314 3342 696
5847 697 3318 698
5848 697 3342 3318
5849 3318 3380 698
5850 706 3305 705
5851 3305 3320 705
5852 707 3359 706
5853 706 3359 3305
5854 708 3319 707
5855 3319 3359 707
5856 709 3371 708
5857 708 3371 3319
5858 710 3364 709
5859 3364 3371 709
5860 731 3364 710
5861 732 3364 731
5862 733 3351 732
5863 3351 3364 732
5864 734 3316 733
5865 3316 3351 733
5866 735 3363 734
5867 734 3363 3316
5868 736 3315 735
5869 3315 3363 735
5870 737 3341 736
5871 736 3341 3315
5872 738 3312 737
5873 3312 3341 737
5874 739 3365 738
5875 738 3365 3312
5876 740 3361 739
5877 3361 3365 739
5878 741 3309 740
5879 3309 3361 740
5880 742 3354 741
5881 741 3354 3309
5882 743 3310 742
5883 3310 3354 742
5884 744 3369 743
5885 743 3369 3310
5886 745 3306 744
5887 3306 3369 744
5888 746 3358 745
5889 745 3358 3306
5890 746 3379 3358
5891 3305 3321 3320
5892 3305 3322 3321
5893 3305 3359 3322
5894 3306 3367 3348
5895 3348 3369 3306
5896 3358 3367 3306
5897 3350 3382 3307
5898 3352 3374 3307
5899 3307 3382 3352
5900 3308 3366 3334
5901 3334 3375 3308
5902 3352 3366 3308
5903 3308 3374 3352
5904 3354 3381 3309
5905 3309 3372 3361
5906 3309 3381 3372
5907 3310 3369 3347
5908 3347 3383 3310
5909 3310 3383 3354
5910 3355 3378 3311
5911 3311 3360 3356
5912 3311 3378 3360
5913 3312 3330 3328
5914 3328 3341 3312
5915 3312 3365 3330
5916 3313 3368 3353
5917 3313 3370 3368
5918 3313 3376 3370
5919 3314 3343 3342
5920 3314 3344 3343
5921 3314 3353 3344
5922 3341 3373 3315
5923 3315 3373 3363
5924 3327 3362 3316
5925 3316 3363 3327
5926 3316 3377 3351
5927 3362 3377 3316
5928 3356 3357 3317
5929 3357 3358 3317
5930 3358 3379 3317
5931 3342 3349 3318
5932 3349 3378 3318
5933 3318 3378 3355
5934 3355 3380 3318
5935 3319 3362 3359
5936 3319 3377 3362
5937 3371 3377 3319
5938 3321 3350 3320
5939 3322 3323 3321
5940 3323 3324 3321
5941 3324 3350 3321
5942 3322 3327 3323
5943 3322 3362 3327
5944 3359 3362 3322
5945 3323 3325 3324
5946 3323 3373 3325
5947 3327 3373 3323
5948 3325 3326 3324
5949 3326 3382 3324
5950 3324 3382 3350
5951 3325 3328 3326
5952 3325 3341 3328
5953 3325 3373 3341
5954 3328 3329 3326
5955 3329 3352 3326
5956 3352 3382 3326
5957 3363 3373 3327
5958 3328 3330 3329
5959 3330 3331 3329
5960 3331 3366 3329
5961 3329 3366 3352
5962 3330 3332 3331
5963 3330 3365 3332
5964 3332 3333 3331
5965 3333 3334 3331
5966 3334 3366 3331
5967 3332 3372 3333
5968 3332 3365 3361
5969 3361 3372 3332
5970 3333 3335 3334
5971 3333 3336 3335
5972 3333 3372 3336
5973 3335 3340 3334
5974 3340 3375 3334
5975 3336 3337 3335
5976 3337 3370 3335
5977 3335 3370 3340
5978 3336 3338 3337
5979 3336 3381 3338
5980 3372 3381 3336
5981 3338 3339 3337
5982 3339 3368 3337
5983 3368 3370 3337
5984 3338 3383 3339
5985 3338 3381 3354
5986 3354 3383 3338
5987 3339 3345 3344
5988 3344 3368 3339
5989 3339 3347 3345
5990 3339 3383 3347
5991 3370 3376 3340
5992 3343 3349 3342
5993 3344 3345 3343
5994 3345 3346 3343
5995 3346 3349 3343
5996 3353 3368 3344
5997 3345 3348 3346
5998 3347 3348 3345
5999 3348 3367 3346
6000 3346 3360 3349
6001 3346 3367 3360
6002 3347 3369 3348
6003 3360 3378 3349
6004 3351 3371 3364
6005 3351 3377 3371
6006 3356 3360 3357
6007 3357 3367 3358
6008 3360 3367 3357
2 48 2 50
6009 403 3395 15
6010 15 3395 704
6011 710 3387 24
6012 24 3387 730
6013 30 699 705
6014 43 3398 405
6015 730 3398 43
6016 404 3384 403
6017 3384 3395 403
6018 405 3391 404
6019 404 3391 3384
6020 405 3398 3391
6021 700 3394 699
6022 699 3394 705
6023 701 3393 700
6024 3393 3394 700
6025 702 3388 701
6026 3388 3393 701
6027 703 3390 702
6028 702 3390 3388
6029 704 3386 703
6030 3386 3390 703
6031 704 3395 3386
6032 705 3394 706
6033 706 3393 707
6034 706 3394 3393
6035 707 3399 708
6036 707 3393 3388
6037 3388 3399 707
6038 708 3385 709
6039 708 3399 3385
6040 709 3389 710
6041 3385 3389 709
6042 710 3389 3387
6043 3387 3398 730
6044 3391 3392 3384
6045 3392 3397 3384
6046 3384 3397 3395
6047 3385 3396 3389
6048 3390 3396 3385
6049 3385 3399 3390
6050 3386 3396 3390
6051 3395 3397 3386
6052 3386 3397 3396
6053 3389 3392 3387
6054 3387 3392 3391
6055 3391 3398 3387
6056 3390 3399 3388
6057 3389 3396 3392
6058 3396 3397 3392
2 49 2 50
6059 13 3410 408
6060 617 3410 13
6061 21 3403 628
6062 729 3403 21
6063 32 623 612
6064 406 3413 44
6065 44 3413 729
6066 407 3407 406
6067 3407 3413 406
6068 408 3400 407
6069 3400 3407 407
6070 408 3410 3400
6071 612 3409 613
6072 623 3409 612
6073 613 3408 614
6074 613 3409 3408
6075 614 3404 615
6076 614 3408 3404
6077 615 3406 616
6078 3404 3406 615
6079 616 3402 617
6080 616 3406 3402
6081 3402 3410 617
6082 624 3409 623
6083 625 3408 624
6084 3408 3409 624
6085 626 3414 625
6086 3404 3408 625
6087 625 3414 3404
6088 627 3401 626
6089 3401 3414 626
6090 628 3405 627
6091 627 3405 3401
6092 3403 3405 628
6093 729 3413 3403
6094 3400 3415 3407
6095 3410 3411 3400
6096 3411 3415 3400
6097 3405 3412 3401
6098 3401 3412 3406
6099 3406 3414 3401
6100 3406 3412 3402
6101 3402 3411 3410
6102 3402 3412 3411
6103 3403 3415 3405
6104 3403 3413 3407
6105 3407 3415 3403
6106 3404 3414 3406
6107 3411 3412 3405
6108 3405 3415 3411
2 50 2 14
6109 21 3419 728
6110 729 3419 21
6111 65 3416 33
6112 33 3416 132
6113 34 3417 65
6114 728 3417 34
6115 132 3418 44
6116 44 3418 729
6117 65 3417 3416
6118 3416 3418 132
6119 728 3419 3417
6120 3418 3419 729
6121 3417 3418 3416
6122 3417 3419 3418
2 51 2 74
6123 22 3436 726
6124 727 3436 22
6125 66 3437 35
6126 35 3437 727
6127 36 3438 81
6128 82 3438 36
6129 37 3435 82
6130 711 3435 37
6131 67 3420 66
6132 3420 3437 66
6133 68 3434 67
6134 67 3434 3420
6135 69 3421 68
6136 3421 3434 68
6137 70 3433 69
6138 69 3433 3421
6139 71 3422 70
6140 3422 3433 70
6141 72 3432 71
6142 71 3432 3422
6143 73 3423 72
6144 3423 3432 72
6145 74 3431 73
6146 73 3431 3423
6147 75 3424 74
6148 3424 3431 74
6149 76 3430 75
6150 75 3430 3424
6151 77 3425 76
6152 3425 3430 76
6153 78 3429 77
6154 77 3429 3425
6155 79 3426 78
6156 3426 3429 78
6157 80 3428 79
6158 79 3428 3426
6159 81 3427 80
6160 3427 3428 80
6161 81 3438 3427
6162 3435 3438 82
6163 712 3427 711
6164 3427 3435 711
6165 713 3428 712
6166 712 3428 3427
6167 714 3426 713
6168 3426 3428 713
6169 715 3429 714
6170 714 3429 3426
6171 716 3425 715
6172 3425 3429 715
6173 717 3430 716
6174 716 3430 3425
6175 718 3424 717
6176 3424 3430 717
6177 719 3431 718
6178 718 3431 3424
6179 720 3423 719
6180 3423 3431 719
6181 721 3432 720
6182 720 3432 3423
6183 722 3422 721
6184 3422 3432 721
6185 723 3433 722
6186 722 3433 3422
6187 724 3421 723
6188 3421 3433 723
6189 725 3434 724
6190 724 3434 3421
6191 726 3420 725
6192 3420 3434 725
6193 726 3436 3420
6194 727 3437 3436
6195 3436 3437 3420
6196 3427 3438 3435
2 52 2 688
6197 23 3745 762
6198 763 3745 23
6199 83 3747 38
6200 38 3747 778
6201 39 3748 98
6202 99 3748 39
6203 40 3746 114
6204 747 3746 40
6205 84 3459 83
6206 3459 3747 83
6207 85 3656 84
6208 84 3656 3459
6209 86 3451 85
6210 3451 3656 85
6211 87 3657 86
6212 86 3657 3451
6213 88 3443 87
6214 3443 3657 87
6215 89 3718 88
6216 88 3718 3443
6217 90 3730 89
6218 89 3730 3718
6219 91 3439 90
6220 3439 3730 90
6221 92 3717 91
6222 91 3717 3439
6223 93 3729 92
6224 92 3729 3717
6225 94 3444 93
6226 3444 3729 93
6227 95 3666 94
6228 94 3666 3444
6229 96 3452 95
6230 3452 3666 95
6231 97 3667 96
6232 96 3667 3452
6233 98 3460 97
6234 3460 3667 97
6235 98 3748 3460
6236 100 3712 99
6237 3712 3748 99
6238 101 3737 100
6239 100 3737 3712
6240 102 3453 101
6241 3453 3737 101
6242 103 3658 102
6243 102 3658 3453
6244 104 3447 103
6245 3447 3658 103
6246 105 3620 104
6247 104 3620 3447
6248 106 3741 105
6249 105 3741 3620
6250 107 3441 106
6251 3441 3741 106
6252 108 3668 107
6253 107 3668 3441
6254 109 3669 108
6255 108 3669 3668
6256 110 3445 109
6257 3445 3669 109
6258 111 3743 110
6259 110 3743 3445
6260 112 3454 111
6261 3454 3743 111
6262 113 3739 112
6263 112 3739 3454
6264 114 3461 113
6265 3461 3739 113
6266 114 3746 3461
6267 748 3710 747
6268 3710 3746 747
6269 749 3708 748
6270 3708 3710 748
6271 750 3455 749
6272 3455 3708 749
6273 751 3463 750
6274 750 3463 3455
6275 752 3448 751
6276 3448 3463 751
6277 753 3664 752
6278 752 3664 3448
6279 754 3660 753
6280 3660 3664 753
6281 755 3440 754
6282 3440 3660 754
6283 756 3700 755
6284 755 3700 3440
6285 757 3697 756
6286 3697 3700 756
6287 758 3446 757
6288 3446 3697 757
6289 759 3693 758
6290 758 3693 3446
6291 760 3457 759
6292 3457 3693 759
6293 761 3683 760
6294 760 3683 3457
6295 762 3462 761
6296 3462 3683 761
6297 762 3745 3462
6298 764 3655 763
6299 3655 3745 763
6300 765 3740 764
6301 764 3740 3655
6302 766 3456 765
6303 3456 3740 765
6304 767 3636 766
6305 766 3636 3456
6306 768 3449 767
6307 3449 3636 767
6308 769 3638 768
6309 768 3638 3449
6310 770 3639 769
6311 769 3639 3638
6312 771 3442 770
6313 3442 3639 770
6314 772 3640 771
6315 771 3640 3442
6316 773 3641 772
6317 772 3641 3640
6318 774 3450 773
6319 3450 3641 773
6320 775 3665 774
6321 774 3665 3450
6322 776 3458 775
6323 3458 3665 775
6324 777 3736 776
6325 776 3736 3458
6326 778 3711 777
6327 3711 3736 777
6328 778 3747 3711
6329 3717 3731 3439
6330 3720 3730 3439
6331 3439 3731 3720
6332 3597 3644 3440
6333 3440 3700 3597
6334 3644 3660 3440
6335 3617 3618 3441
6336 3441 3734 3617
6337 3618 3741 3441
6338 3668 3734 3441
6339 3442 3733 3639
6340 3640 3749 3442
6341 3442 3749 3733
6342 3443 3725 3657
6343 3718 3732 3443
6344 3443 3732 3725
6345 3666 3724 3444
6346 3444 3724 3719
6347 3719 3729 3444
6348 3445 3595 3589
6349 3589 3713 3445
6350 3445 3743 3595
6351 3445 3713 3669
6352 3446 3693 3627
6353 3627 3694 3446
6354 3694 3697 3446
6355 3620 3738 3447
6356 3447 3659 3658
6357 3447 3738 3659
6358 3448 3464 3463
6359 3448 3465 3464
6360 3448 3664 3465
6361 3449 3637 3636
6362 3449 3714 3637
6363 3638 3714 3449
6364 3450 3665 3603
6365 3603 3735 3450
6366 3450 3735 3641
6367 3451 3727 3656
6368 3657 3726 3451
6369 3726 3727 3451
6370 3452 3723 3666
6371 3667 3722 3452
6372 3722 3723 3452
6373 3586 3588 3453
6374 3453 3716 3586
6375 3588 3737 3453
6376 3658 3716 3453
6377 3454 3593 3590
6378 3590 3595 3454
6379 3454 3739 3593
6380 3595 3743 3454
6381 3463 3706 3455
6382 3706 3709 3455
6383 3455 3709 3708
6384 3636 3744 3456
6385 3649 3651 3456
6386 3456 3744 3649
6387 3651 3740 3456
6388 3457 3683 3653
6389 3653 3689 3457
6390 3689 3693 3457
6391 3458 3607 3605
6392 3605 3715 3458
6393 3458 3736 3607
6394 3458 3715 3665
6395 3656 3728 3459
6396 3459 3728 3711
6397 3711 3747 3459
6398 3460 3721 3667
6399 3712 3721 3460
6400 3460 3748 3712
6401 3461 3594 3593
6402 3593 3739 3461
6403 3461 3710 3594
6404 3461 3746 3710
6405 3462 3655 3654
6406 3654 3683 3462
6407 3462 3745 3655
6408 3464 3706 3463
6409 3465 3466 3464
6410 3466 3707 3464
6411 3464 3707 3706
6412 3465 3467 3466
6413 3465 3614 3467
6414 3465 3664 3614
6415 3467 3468 3466
6416 3468 3493 3466
6417 3493 3707 3466
6418 3467 3469 3468
6419 3467 3559 3469
6420 3467 3614 3559
6421 3469 3470 3468
6422 3470 3702 3468
6423 3468 3702 3493
6424 3469 3471 3470
6425 3469 3643 3471
6426 3559 3643 3469
6427 3471 3472 3470
6428 3472 3703 3470
6429 3470 3703 3702
6430 3471 3473 3472
6431 3471 3497 3473
6432 3471 3643 3497
6433 3473 3474 3472
6434 3474 3485 3472
6435 3485 3703 3472
6436 3473 3475 3474
6437 3473 3600 3475
6438 3497 3600 3473
6439 3475 3476 3474
6440 3476 3696 3474
6441 3474 3696 3485
6442 3475 3477 3476
6443 3475 3484 3477
6444 3475 3600 3484
6445 3477 3478 3476
6446 3478 3698 3476
6447 3476 3698 3696
6448 3477 3479 3478
6449 3477 3691 3479
6450 3484 3691 3477
6451 3479 3480 3478
6452 3480 3481 3478
6453 3481 3698 3478
6454 3479 3482 3480
6455 3479 3615 3482
6456 3479 3691 3615
6457 3480 3684 3481
6458 3482 3483 3480
6459 3483 3684 3480
6460 3684 3692 3481
6461 3692 3695 3481
6462 3695 3698 3481
6463 3482 3486 3483
6464 3482 3488 3486
6465 3482 3615 3488
6466 3486 3487 3483
6467 3487 3675 3483
6468 3675 3684 3483
6469 3484 3600 3599
6470 3599 3601 3484
6471 3601 3691 3484
6472 3696 3699 3485
6473 3699 3701 3485
6474 3701 3703 3485
6475 3486 3489 3487
6476 3488 3622 3486
6477 3486 3622 3489
6478 3489 3490 3487
6479 3490 3491 3487
6480 3491 3675 3487
6481 3615 3642 3488
6482 3621 3622 3488
6483 3488 3642 3621
6484 3489 3492 3490
6485 3489 3496 3492
6486 3489 3622 3496
6487 3490 3494 3491
6488 3492 3670 3490
6489 3490 3670 3494
6490 3494 3495 3491
6491 3495 3609 3491
6492 3609 3675 3491
6493 3496 3498 3492
6494 3498 3499 3492
6495 3499 3670 3492
6496 3702 3704 3493
6497 3704 3705 3493
6498 3705 3707 3493
6499 3494 3502 3495
6500 3494 3671 3502
6501 3670 3671 3494
6502 3502 3503 3495
6503 3503 3504 3495
6504 3504 3609 3495
6505 3496 3500 3498
6506 3496 3537 3500
6507 3496 3622 3537
6508 3596 3600 3497
6509 3497 3608 3596
6510 3497 3643 3608
6511 3498 3501 3499
6512 3500 3679 3498
6513 3498 3679 3501
6514 3501 3517 3499
6515 3517 3645 3499
6516 3645 3670 3499
6517 3537 3538 3500
6518 3538 3672 3500
6519 3672 3679 3500
6520 3501 3526 3517
6521 3501 3536 3526
6522 3501 3679 3536
6523 3502 3532 3503
6524 3502 3533 3532
6525 3502 3671 3533
6526 3503 3505 3504
6527 3503 3628 3505
6528 3532 3628 3503
6529 3505 3506 3504
6530 3506 3527 3504
6531 3527 3609 3504
6532 3505 3507 3506
6533 3505 3518 3507
6534 3505 3628 3518
6535 3507 3508 3506
6536 3508 3624 3506
6537 3506 3624 3527
6538 3507 3509 3508
6539 3507 3661 3509
6540 3518 3661 3507
6541 3509 3510 3508
6542 3510 3511 3508
6543 3511 3624 3508
6544 3509 3514 3510
6545 3509 3530 3514
6546 3509 3661 3530
6547 3510 3512 3511
6548 3510 3676 3512
6549 3514 3676 3510
6550 3512 3513 3511
6551 3513 3560 3511
6552 3560 3624 3511
6553 3512 3515 3513
6554 3512 3525 3515
6555 3512 3676 3525
6556 3515 3516 3513
6557 3516 3680 3513
6558 3513 3680 3560
6559 3530 3531 3514
6560 3531 3557 3514
6561 3557 3676 3514
6562 3515 3519 3516
6563 3515 3611 3519
6564 3525 3611 3515
6565 3519 3520 3516
6566 3520 3521 3516
6567 3521 3680 3516
6568 3526 3534 3517
6569 3534 3561 3517
6570 3561 3645 3517
6571 3628 3629 3518
6572 3629 3630 3518
6573 3630 3661 3518
6574 3519 3616 3520
6575 3611 3612 3519
6576 3612 3616 3519
6577 3520 3522 3521
6578 3520 3523 3522
6579 3520 3616 3523
6580 3522 3564 3521
6581 3564 3565 3521
6582 3565 3680 3521
6583 3523 3524 3522
6584 3524 3682 3522
6585 3522 3682 3564
6586 3523 3528 3524
6587 3523 3577 3528
6588 3523 3616 3577
6589 3528 3529 3524
6590 3529 3566 3524
6591 3566 3682 3524
6592 3525 3613 3611
6593 3525 3632 3613
6594 3525 3676 3632
6595 3526 3535 3534
6596 3526 3602 3535
6597 3536 3602 3526
6598 3527 3610 3609
6599 3527 3662 3610
6600 3624 3662 3527
6601 3528 3674 3529
6602 3577 3578 3528
6603 3578 3674 3528
6604 3529 3567 3566
6605 3529 3568 3567
6606 3529 3674 3568
6607 3530 3574 3531
6608 3530 3583 3574
6609 3530 3661 3583
6610 3531 3558 3557
6611 3531 3685 3558
6612 3574 3685 3531
6613 3533 3575 3532
6614 3575 3584 3532
6615 3584 3628 3532
6616 3533 3579 3575
6617 3533 3686 3579
6618 3671 3686 3533
6619 3535 3623 3534
6620 3534 3576 3561
6621 3534 3623 3576
6622 3602 3605 3535
6623 3605 3606 3535
6624 3606 3623 3535
6625 3536 3603 3602
6626 3536 3604 3603
6627 3536 3679 3604
6628 3537 3539 3538
6629 3537 3621 3539
6630 3537 3622 3621
6631 3539 3540 3538
6632 3540 3542 3538
6633 3542 3672 3538
6634 3539 3541 3540
6635 3539 3543 3541
6636 3539 3621 3543
6637 3541 3570 3540
6638 3540 3677 3542
6639 3570 3677 3540
6640 3543 3544 3541
6641 3544 3633 3541
6642 3541 3633 3570
6643 3542 3673 3672
6644 3542 3742 3673
6645 3677 3742 3542
6646 3543 3545 3544
6647 3543 3642 3545
6648 3621 3642 3543
6649 3545 3546 3544
6650 3546 3547 3544
6651 3547 3633 3544
6652 3545 3635 3546
6653 3545 3688 3635
6654 3642 3688 3545
6655 3546 3548 3547
6656 3546 3549 3548
6657 3546 3635 3549
6658 3548 3678 3547
6659 3547 3663 3633
6660 3547 3678 3663
6661 3549 3550 3548
6662 3550 3552 3548
6663 3552 3678 3548
6664 3549 3551 3550
6665 3549 3687 3551
6666 3635 3687 3549
6667 3551 3553 3550
6668 3550 3646 3552
6669 3553 3646 3550
6670 3551 3554 3553
6671 3551 3555 3554
6672 3551 3687 3555
6673 3646 3647 3552
6674 3647 3648 3552
6675 3648 3678 3552
6676 3554 3625 3553
6677 3625 3626 3553
6678 3626 3646 3553
6679 3555 3556 3554
6680 3556 3562 3554
6681 3562 3625 3554
6682 3555 3596 3556
6683 3555 3599 3596
6684 3555 3687 3599
6685 3556 3563 3562
6686 3556 3608 3563
6687 3596 3608 3556
6688 3558 3571 3557
6689 3571 3632 3557
6690 3632 3676 3557
6691 3558 3586 3571
6692 3558 3587 3586
6693 3558 3685 3587
6694 3598 3643 3559
6695 3559 3644 3598
6696 3614 3644 3559
6697 3560 3662 3624
6698 3560 3681 3662
6699 3680 3681 3560
6700 3576 3690 3561
6701 3561 3686 3645
6702 3561 3690 3686
6703 3563 3580 3562
6704 3580 3694 3562
6705 3562 3694 3625
6706 3563 3597 3580
6707 3563 3598 3597
6708 3563 3608 3598
6709 3564 3581 3565
6710 3564 3699 3581
6711 3682 3699 3564
6712 3581 3695 3565
6713 3565 3681 3680
6714 3565 3695 3681
6715 3567 3582 3566
6716 3582 3701 3566
6717 3566 3701 3682
6718 3568 3569 3567
6719 3569 3704 3567
6720 3567 3704 3582
6721 3568 3572 3569
6722 3568 3589 3572
6723 3568 3674 3589
6724 3572 3573 3569
6725 3573 3705 3569
6726 3569 3705 3704
6727 3633 3634 3570
6728 3634 3733 3570
6729 3570 3733 3677
6730 3586 3716 3571
6731 3571 3659 3632
6732 3571 3716 3659
6733 3572 3590 3573
6734 3589 3595 3572
6735 3572 3595 3590
6736 3590 3591 3573
6737 3591 3592 3573
6738 3592 3705 3573
6739 3583 3724 3574
6740 3574 3723 3685
6741 3574 3724 3723
6742 3579 3585 3575
6743 3575 3720 3584
6744 3585 3720 3575
6745 3623 3726 3576
6746 3576 3725 3690
6747 3576 3726 3725
6748 3577 3734 3578
6749 3616 3617 3577
6750 3617 3734 3577
6751 3668 3669 3578
6752 3578 3734 3668
6753 3669 3713 3578
6754 3578 3713 3674
6755 3579 3732 3585
6756 3686 3690 3579
6757 3690 3732 3579
6758 3597 3700 3580
6759 3580 3697 3694
6760 3580 3700 3697
6761 3581 3698 3695
6762 3696 3698 3581
6763 3581 3699 3696
6764 3582 3703 3701
6765 3702 3703 3582
6766 3582 3704 3702
6767 3583 3661 3630
6768 3630 3719 3583
6769 3719 3724 3583
6770 3584 3629 3628
6771 3584 3731 3629
6772 3720 3731 3584
6773 3718 3730 3585
6774 3585 3732 3718
6775 3585 3730 3720
6776 3587 3588 3586
6777 3587 3721 3588
6778 3685 3722 3587
6779 3587 3722 3721
6780 3588 3721 3712
6781 3712 3737 3588
6782 3674 3713 3589
6783 3590 3593 3591
6784 3591 3709 3592
6785 3593 3594 3591
6786 3594 3709 3591
6787 3592 3707 3705
6788 3706 3707 3592
6789 3592 3709 3706
6790 3708 3709 3594
6791 3594 3710 3708
6792 3599 3600 3596
6793 3598 3644 3597
6794 3608 3643 3598
6795 3599 3687 3601
6796 3601 3687 3635
6797 3635 3688 3601
6798 3688 3691 3601
6799 3603 3715 3602
6800 3602 3715 3605
6801 3604 3735 3603
6802 3665 3715 3603
6803 3672 3673 3604
6804 3604 3679 3672
6805 3673 3735 3604
6806 3605 3607 3606
6807 3607 3728 3606
6808 3606 3727 3623
6809 3606 3728 3727
6810 3711 3728 3607
6811 3607 3736 3711
6812 3610 3675 3609
6813 3662 3692 3610
6814 3610 3684 3675
6815 3610 3692 3684
6816 3611 3619 3612
6817 3613 3619 3611
6818 3612 3617 3616
6819 3612 3618 3617
6820 3612 3619 3618
6821 3613 3738 3619
6822 3632 3659 3613
6823 3659 3738 3613
6824 3614 3660 3644
6825 3614 3664 3660
6826 3615 3688 3642
6827 3615 3691 3688
6828 3619 3620 3618
6829 3620 3741 3618
6830 3619 3738 3620
6831 3623 3727 3726
6832 3625 3627 3626
6833 3625 3694 3627
6834 3627 3689 3626
6835 3626 3652 3646
6836 3626 3689 3652
6837 3627 3693 3689
6838 3629 3631 3630
6839 3629 3731 3631
6840 3631 3719 3630
6841 3717 3729 3631
6842 3631 3731 3717
6843 3631 3729 3719
6844 3633 3663 3634
6845 3638 3639 3634
6846 3634 3714 3638
6847 3639 3733 3634
6848 3663 3714 3634
6849 3637 3744 3636
6850 3637 3678 3648
6851 3648 3744 3637
6852 3663 3678 3637
6853 3637 3714 3663
6854 3641 3742 3640
6855 3742 3749 3640
6856 3641 3735 3673
6857 3673 3742 3641
6858 3645 3671 3670
6859 3645 3686 3671
6860 3646 3652 3647
6861 3647 3649 3648
6862 3647 3650 3649
6863 3647 3652 3650
6864 3649 3744 3648
6865 3650 3651 3649
6866 3650 3654 3651
6867 3652 3653 3650
6868 3653 3654 3650
6869 3654 3655 3651
6870 3655 3740 3651
6871 3652 3689 3653
6872 3653 3683 3654
6873 3727 3728 3656
6874 3725 3726 3657
6875 3659 3716 3658
6876 3681 3692 3662
6877 3723 3724 3666
6878 3721 3722 3667
6879 3733 3749 3677
6880 3677 3749 3742
6881 3681 3695 3692
6882 3682 3701 3699
6883 3685 3723 3722
6884 3725 3732 3690
2 53 2 74
6885 24 3765 730
6886 731 3765 24
6887 115 3766 41
6888 41 3766 746
6889 42 3767 115
6890 116 3767 42
6891 43 3768 131
6892 730 3768 43
6893 115 3767 3766
6894 117 3750 116
6895 3750 3767 116
6896 118 3764 117
6897 117 3764 3750
6898 119 3751 118
6899 3751 3764 118
6900 120 3763 119
6901 119 3763 3751
6902 121 3752 120
6903 3752 3763 120
6904 122 3762 121
6905 121 3762 3752
6906 123 3753 122
6907 3753 3762 122
6908 124 3761 123
6909 123 3761 3753
6910 125 3754 124
6911 3754 3761 124
6912 126 3760 125
6913 125 3760 3754
6914 127 3755 126
6915 3755 3760 126
6916 128 3759 127
6917 127 3759 3755
6918 129 3756 128
6919 3756 3759 128
6920 130 3758 129
6921 129 3758 3756
6922 131 3757 130
6923 3757 3758 130
6924 131 3768 3757
6925 3765 3768 730
6926 732 3757 731
6927 3757 3765 731
6928 733 3758 732
6929 732 3758 3757
6930 734 3756 733
6931 3756 3758 733
6932 735 3759 734
6933 734 3759 3756
6934 736 3755 735
6935 3755 3759 735
6936 737 3760 736
6937 736 3760 3755
6938 738 3754 737
6939 3754 3760 737
6940 739 3761 738
6941 738 3761 3754
6942 740 3753 739
6943 3753 3761 739
6944 741 3762 740
6945 740 3762 3753
6946 742 3752 741
6947 3752 3762 741
6948 743 3763 742
6949 742 3763 3752
6950 744 3751 743
6951 3751 3763 743
6952 745 3764 744
6953 744 3764 3751
6954 746 3750 745
6955 3750 3764 745
6956 746 3766 3750
6957 3766 3767 3750
6958 3757 3768 3765
2 54 2 156
6959 21 3769 22
6960 22 3770 21
6961 21 3770 24
6962 24 3771 21
6963 728 3769 21
6964 21 3771 729
6965 23 3770 22
6966 22 3772 23
6967 726 3772 22
6968 22 3769 727
6969 24 3770 23
6970 23 3773 24
6971 762 3773 23
6972 23 3772 763
6973 730 3771 24
6974 24 3773 731
6975 35 3774 34
6976 34 3774 728
6977 727 3774 35
6978 38 3775 37
6979 37 3775 711
6980 778 3775 38
6981 41 3776 40
6982 40 3776 747
6983 746 3776 41
6984 44 3777 43
6985 43 3777 730
6986 729 3777 44
6987 711 3778 712
6988 711 3775 778
6989 778 3778 711
6990 712 3779 713
6991 712 3778 777
6992 777 3779 712
6993 713 3780 714
6994 713 3779 776
6995 776 3780 713
6996 714 3781 715
6997 714 3780 775
6998 775 3781 714
6999 715 3782 716
7000 715 3781 774
7001 774 3782 715
7002 716 3783 717
7003 716 3782 773
7004 773 3783 716
7005 717 3784 718
7006 717 3783 772
7007 772 3784 717
7008 718 3785 719
7009 718 3784 771
7010 771 3785 718
7011 719 3786 720
7012 719 3785 770
7013 770 3786 719
7014 720 3787 721
7015 720 3786 769
7016 769 3787 720
7017 721 3788 722
7018 721 3787 768
7019 768 3788 721
7020 722 3789 723
7021 722 3788 767
7022 767 3789 722
7023 723 3790 724
7024 723 3789 766
7025 766 3790 723
7026 724 3791 725
7027 724 3790 765
7028 765 3791 724
7029 725 3792 726
7030 725 3791 764
7031 764 3792 725
7032 763 3772 726
7033 726 3792 763
7034 727 3769 728
7035 728 3774 727
7036 729 3771 730
7037 730 3777 729
7038 731 3793 732
7039 731 3773 762
7040 762 3793 731
7041 732 3794 733
7042 732 3793 761
7043 761 3794 732
7044 733 3795 734
7045 733 3794 760
7046 760 3795 733
7047 734 3796 735
7048 734 3795 759
7049 759 3796 734
7050 735 3797 736
7051 735 3796 758
7052 758 3797 735
7053 736 3798 737
7054 736 3797 757
7055 757 3798 736
7056 737 3799 738
7057 737 3798 756
7058 756 3799 737
7059 738 3800 739
7060 738 3799 755
7061 755 3800 738
7062 739 3801 740
7063 739 3800 754
7064 754 3801 739
7065 740 3802 741
7066 740 3801 753
7067 753 3802 740
7068 741 3803 742
7069 741 3802 752
7070 752 3803 741
7071 742 3804 743
7072 742 3803 751
7073 751 3804 742
7074 743 3805 744
7075 743 3804 750
7076 750 3805 743
7077 744 3806 745
7078 744 3805 749
7079 749 3806 744
7080 745 3807 746
7081 745 3806 748
7082 748 3807 745
7083 747 3776 746
7084 746 3807 747
7085 747 3807 748
7086 748 3806 749
7087 749 3805 750
7088 750 3804 751
7089 751 3803 752
7090 752 3802 753
7091 753 3801 754
7092 754 3800 755
7093 755 3799 756
7094 756 3798 757
7095 757 3797 758
7096 758 3796 759
7097 759 3795 760
7098 760 3794 761
7099 761 3793 762
7100 763 3792 764
7101 764 3791 765
7102 765 3790 766
7103 766 3789 767
7104 767 3788 768
7105 768 3787 769
7106 769 3786 770
7107 770 3785 771
7108 771 3784 772
7109 772 3783 773
7110 773 3782 774
7111 774 3781 775
7112 775 3780 776
7113 776 3779 777
7114 777 3778 778
3 1 4 377
7115 2573 1207 2563 3808
7116 785 1207 2573 3808
7117 2568 2959 2539 3811
7118 2558 3415 2570 3810
7119 2568 2953 2959 3811
7120 2948 2941 2552 2553
7121 2951 2539 2959 3811
7122 2552 2948 2553 3809
7123 2568 2553 2953 3811
7124 2948 2552 627 3809
7125 2948 2941 627 2552
7126 627 2552 3405 3809
7127 3401 3405 627 2552
7128 2568 2959 2559 2539
7129 2558 2570 2541 3810
7130 3415 3809 2570 3810
7131 3415 2558 3407 3810
7132 2559 2953 2959 2568
7133 2568 2559 2953 2553
7134 2951 2959 2953 3811
7135 2953 2553 2948 3811
7136 3405 2570 3415 3809
7137 2554 3405 2552 3809
7138 2563 3808 1206 3810
7139 2552 2941 626 2551
7140 2570 3405 3415 2575
7141 2551 3401 2552 2567
7142 2941 626 3401 2552
7143 2552 626 3401 2551
7144 2552 2941 2550 2553
7145 2553 3809 2948 3811
7146 2564 3405 3401 2552
7147 2564 2554 3405 2552
7148 2941 2948 2949 2553
7149 2949 2948 2953 2553
7150 2550 2941 2949 2553
7151 2559 2949 2953 2553
7152 1203 2563 1207 3808
7153 3414 3401 2551 2567
7154 3400 3407 3415 2558
7155 21 3419 3808 3810
7156 2941 3401 627 2552
7157 2951 2939 2959 2561
7158 2570 3405 2554 3809
7159 2554 3405 2570 2575
7160 3414 3401 626 2551
7161 2539 2951 2959 2561
7162 785 1203 1207 3808
7163 3405 3411 3415 2575
7164 1203 1206 2563 3808
7165 2552 2553 2554 3809
7166 779 2560 787 3811
7167 1206 1207 1203 2563
7168 2951 2939 2561 786
7169 2573 2545 785 3808
7170 782 2539 2951 3811
7171 2539 782 2951 786
7172 2561 2539 2951 786
7173 3401 3412 3405 2564
7174 3418 3808 3419 3810
7175 2953 2959 2949 2559
7176 21 3808 3809 3810
7177 2570 3415 2558 2575
7178 2564 3412 3405 2575
7179 785 2545 779 3808
7180 2545 2573 2563 3808
7181 1203 3808 3418 3810
7182 2941 2955 626 2551
7183 2552 2550 2941 2551
7184 1203 1206 3808 3810
7185 3416 3418 1203 3417
7186 21 3403 3419 3810
7187 2564 3405 2554 2575
7188 2539 2959 2559 2561
7189 782 2951 2942 3811
7190 780 779 787 3811
7191 3411 3405 3412 2575
7192 1203 3417 3418 3808
7193 780 2957 781 3808
7194 2559 2550 2949 2553
7195 2957 3808 780 3811
7196 2563 2571 3808 3810
7197 780 3808 779 3811
7198 21 3809 3403 3810
7199 2548 2955 2960 2551
7200 3415 3411 2558 2575
7201 2570 3809 2571 3810
7202 782 2942 780 3811
7203 2568 2555 2553 3811
7204 3415 3411 3400 2558
7205 21 3419 2944 3808
7206 3403 3809 3415 3810
7207 2957 780 2942 3811
7208 2960 2941 2949 2550
7209 729 3418 3419 3810
7210 3419 728 2944 3808
7211 784 1203 785 3808
7212 21 3808 2944 3809
7213 2559 2959 2569 2561
7214 2551 2955 3414 2576
7215 2571 2545 2563 3808
7216 2550 2548 2960 2551
7217 3419 3418 3417 3808
7218 2942 230 2951 782
7219 2957 728 781 3808
7220 729 3419 3403 3810
7221 780 781 779 3808
7222 2573 1207 412 2563
7223 784 3416 1203 3417
7224 787 782 780 3811
7225 2555 3809 2553 3811
7226 2571 3809 3808 3810
7227 2959 2956 2569 2561
7228 2571 2555 3808 3809
7229 2552 3401 2564 2567
7230 3417 781 728 3808
7231 2545 3808 2555 3811
7232 21 3419 728 2944
7233 3417 1203 784 3808
7234 2955 3414 626 2551
7235 3808 3809 2555 3811
7236 230 2942 780 782
7237 2555 2545 2571 3808
7238 2956 2959 2939 2561
7239 2569 2956 2959 2559
7240 228 2544 783 2950
7241 628 627 3405 3809
7242 628 2948 627 3809
7243 2541 2570 2571 3810
7244 2956 2949 2959 2559
7245 1206 412 1207 2563
7246 2956 2569 2549 2559
7247 2550 2949 2960 2549
7248 626 3401 627 2941
7249 2955 625 3414 2576
7250 2560 2545 2555 3811
7251 1203 3418 1202 3810
7252 2570 2554 2571 3809
7253 2957 2944 3808 3811
7254 3405 3415 3403 3809
7255 2544 228 2939 2950
7256 2948 3809 2944 3811
7257 2556 2955 2551 2576
7258 2948 2944 2953 3811
7259 2550 2949 2549 2559
7260 785 779 784 3808
7261 229 2951 782 786
7262 2563 411 2541 3810
7263 729 3413 1202 3810
7264 787 779 222 2560
7265 2951 229 2939 786
7266 2946 2949 2956 2559
7267 1204 2541 411 3810
7268 2549 2946 2956 2559
7269 3418 729 1202 3810
7270 2949 2946 2549 2559
7271 2957 2942 2944 3811
7272 223 782 787 2539
7273 2560 223 787 2539
7274 2944 3809 3808 3811
7275 3400 407 3407 1205
7276 3419 21 729 3403
7277 2953 2942 2951 3811
7278 2960 2955 2548 2947
7279 2946 2960 2949 2549
7280 2551 3414 2567 2576
7281 1203 1202 1206 3810
7282 2551 2548 2955 2556
7283 625 2955 2556 2576
7284 2545 222 779 2560
7285 3413 3407 1204 3810
7286 2558 3411 3400 2566
7287 2563 1206 411 3810
7288 2564 3401 3406 2567
7289 728 2957 2944 3808
7290 2554 2553 2555 3809
7291 3417 784 781 3808
7292 224 782 2539 786
7293 1206 1204 411 3810
7294 2541 1204 410 2558
7295 3403 3415 3407 3810
7296 2563 2541 2571 3810
7297 728 781 34 2957
7298 2556 2548 2955 2943
7299 2544 225 228 783
7300 21 2944 628 3809
7301 21 628 3403 3809
7302 1205 410 1204 2558
7303 3417 728 3419 3808
7304 2550 2960 2548 2549
7305 3401 3406 3412 2564
7306 2561 224 2539 786
7307 2568 2539 2560 3811
7308 2943 2548 2955 2947
7309 3417 781 34 728
7310 3414 626 625 2955
7311 2939 225 228 2544
7312 1204 3407 407 1205
7313 3411 2558 2575 2566
7314 2939 228 225 786
7315 2571 2554 2555 3809
7316 2939 2956 2544 2950
7317 2561 225 2939 2544
7318 1207 133 1203 785
7319 2947 2548 2960 2549
7320 2561 2939 225 786
7321 2543 2564 3412 2557
7322 3405 3403 628 3809
7323 784 779 781 3808
7324 3412 3411 2575 2543
7325 2942 2957 231 780
7326 2575 2564 3412 2543
7327 3411 3412 3402 2543
7328 2955 625 2556 2943
7329 2957 781 231 780
7330 133 3416 1203 784
7331 1202 3413 1204 3810
7332 3410 3400 3411 2566
7333 3401 3414 3406 2567
7334 2543 3412 3402 2557
7335 2948 628 2944 3809
7336 2953 2944 2942 3811
7337 2567 3414 2540 2576
7338 2557 2564 3406 2567
7339 2947 2943 2548 2547
7340 2946 2947 2960 2549
7341 3407 3413 3403 3810
7342 3413 729 3403 3810
7343 2943 2556 2548 2547
7344 3407 406 3413 1204
7345 1205 3400 409 2558
7346 2576 2565 625 3408
7347 2565 625 624 2943
7348 784 1203 133 785
7349 625 2565 2556 2943
7350 1206 1202 1204 3810
7351 3404 2576 625 3408
7352 783 227 228 2950
7353 230 229 2951 782
7354 2565 2576 3404 3408
7355 2555 2568 2560 3811
7356 623 618 612 2572
7357 2576 625 3414 3404
7358 3406 3414 2540 2567
7359 2956 2544 2950 2945
7360 2942 231 230 780
7361 2549 2947 2548 2542
7362 3411 2575 2543 2566
7363 2556 2565 625 2576
7364 2549 2946 2947 2542
7365 3416 33 65 784
7366 2564 3406 3412 2557
7367 2543 3402 3411 2566
7368 3406 3402 3412 2557
7369 2940 2947 2946 2542
7370 3400 409 2558 2566
7371 619 2952 2546 618
7372 3416 133 33 784
7373 34 784 781 3417
7374 2542 2947 2548 2547
7375 2940 2946 2945 2562
7376 618 612 32 623
7377 2943 2947 2954 2547
7378 783 2544 226 2950
7379 1202 3413 406 1204
7380 3400 409 408 1205
7381 132 3416 3418 1203
7382 785 1207 45 2573
7383 2946 2956 2945 2562
7384 3402 3410 3411 2566
7385 3414 2540 2576 3404
7386 625 2565 624 3408
7387 2542 2954 2947 2547
7388 408 407 3400 1205
7389 408 409 3400 3410
7390 409 3400 3410 2566
7391 1204 410 411 2541
7392 3418 44 132 1202
7393 33 133 3416 1203
7394 621 2542 2940 2562
7395 2540 2557 3406 2567
7396 2954 2547 620 619
7397 621 2940 2945 2562
7398 407 406 3407 1204
7399 3414 3406 2540 3404
7400 2945 2544 2950 2574
7401 221 222 779 2545
7402 616 2557 3406 615
7403 229 228 2939 786
7404 2945 622 621 2562
7405 226 227 783 2950
7406 784 65 3416 3417
7407 784 34 65 3417
7408 2940 2954 2947 2542
7409 1202 132 3418 1203
7410 620 2542 2940 621
7411 2547 2542 2954 620
7412 2557 3406 3402 616
7413 3416 132 33 1203
7414 2566 3410 13 617
7415 2950 2958 2945 2574
7416 2542 2940 2954 620
7417 2954 2952 2943 2547
7418 2540 3406 2557 615
7419 2544 226 225 783
7420 3402 2543 2557 616
7421 1206 411 412 2563
7422 1207 45 133 785
7423 613 3408 2565 614
7424 2943 2556 2547 2546
7425 2566 2543 3402 617
7426 3402 3410 2566 617
7427 2547 2954 2952 619
7428 2546 2547 2952 619
7429 3402 2543 616 617
7430 2574 1 2958 622
7431 2574 2945 2544 2562
7432 2950 2544 226 2574
7433 2958 2950 227 2574
7434 2574 2958 2945 622
7435 2540 2565 3404 614
7436 3408 3404 2565 614
7437 781 231 34 2957
7438 412 45 1207 2573
7439 612 3409 2572 613
7440 2547 2952 2943 2546
7441 3404 3406 2540 615
7442 618 2952 2546 2572
7443 2952 618 623 2572
7444 223 224 782 2539
7445 2540 2565 2576 3404
7446 623 624 2952 2572
7447 624 2943 2952 2546
7448 2945 2574 622 2562
7449 2950 226 227 2574
7450 409 408 13 3410
7451 2546 624 2565 2572
7452 785 45 221 2573
7453 614 3404 2540 615
7454 3410 13 409 2566
7455 3413 406 44 1202
7456 3409 3408 624 2572
7457 787 222 223 2560
7458 2565 624 3408 2572
7459 624 623 3409 2572
7460 409 410 1205 2558
7461 2561 225 224 786
7462 2546 2952 624 2572
7463 3409 623 612 2572
7464 3810 2558 1204 2541
7465 3810 1204 2558 3407
7466 785 2545 221 779
7467 221 2545 785 2573
7468 3811 2545 779 2560
7469 3811 779 2545 3808
7470 2960 2551 2941 2550
7471 2941 2551 2960 2955
7472 1205 3407 2558 1204
7473 1205 2558 3407 3400
7474 787 2539 3811 2560
7475 3811 2539 787 782
7476 2549 2956 2562 2569
7477 2549 2562 2956 2946
7478 729 1202 44 3418
7479 44 1202 729 3413
7480 2956 2561 2544 2569
7481 2544 2561 2956 2939
7482 2943 2565 2546 624
7483 2943 2546 2565 2556
7484 2956 2562 2544 2945
7485 2544 2562 2956 2569
7486 2542 2946 2562 2549
7487 2542 2562 2946 2940
7488 2572 3408 613 3409
7489 2572 613 3408 2565
7490 227 2574 1 2958
7491 1 2574 227 226
3 2 4 1893
7492 829 3428 3426 3820
7493 3812 3835 3824 3865
7494 940 3831 2990 3866
7495 2601 2602 3819 3836
7496 2602 3819 3836 3844
7497 829 3428 3820 3846
7498 813 3822 3854 3891
7499 3012 3060 2639 3847
7500 3812 3840 3835 3865
7501 2603 3830 3819 3844
7502 943 3435 848 3846
7503 3824 3835 3812 3901
7504 831 3425 3822 3839
7505 813 3832 3822 3891
7506 2990 3866 3831 3897
7507 2632 3861 3838 3874
7508 940 930 3831 3866
7509 3020 3819 3023 3830
7510 943 848 830 3846
7511 2602 2603 2601 3819
7512 3012 3847 2639 3871
7513 2602 2603 3819 3844
7514 3819 3830 3020 3844
7515 3812 3824 3840 3865
7516 3812 3816 3840 3843
7517 3845 3873 2590 3899
7518 3817 3873 3845 3899
7519 3032 3842 3835 3867
7520 2618 3840 2623 3843
7521 3027 3842 3829 3902
7522 843 829 3820 3846
7523 829 3820 3426 3839
7524 3840 3843 2618 3888
7525 3435 3846 943 3889
7526 3820 3812 3835 3901
7527 2620 3847 3033 3863
7528 3817 3837 805 3859
7529 3834 3842 3053 3867
7530 3816 3843 3812 3881
7531 837 2586 3893 3905
7532 837 2586 847 3893
7533 2623 3843 3840 3887
7534 813 3822 3832 3904
7535 3027 3070 3829 3842
7536 798 3878 3827 3886
7537 3041 2639 3012 3060
7538 3822 3832 3814 3891
7539 2646 3849 3848 3894
7540 3848 3849 2646 3865
7541 3033 2620 3060 3847
7542 846 805 3817 3845
7543 3812 3840 3825 3843
7544 813 3822 812 3854
7545 837 3893 3850 3905
7546 847 828 3850 3893
7547 837 847 3850 3893
7548 817 831 3822 3839
7549 830 3828 919 3889
7550 3888 3893 2586 3905
7551 3826 3833 3008 3895
7552 2604 3830 2603 3844
7553 2590 2634 3845 3899
7554 3814 3851 3819 3894
7555 3094 2966 2983 3855
7556 3831 3866 930 3879
7557 3425 831 3822 3854
7558 940 930 941 3831
7559 3837 3878 798 3886
7560 837 847 828 3850
7561 2643 3847 2620 3863
7562 2643 3060 2620 3847
7563 3426 3820 713 3839
7564 2596 3861 2632 3874
7565 799 3845 846 3873
7566 2993 3827 3064 3869
7567 843 791 829 3846
7568 3034 3842 3816 3897
7569 3012 2639 3041 3871
7570 3850 3893 3888 3905
7571 3816 3866 3034 3897
7572 3818 3835 3840 3865
7573 804 3817 805 3859
7574 2602 2604 2603 3844
7575 3813 3835 3824 3852
7576 3027 3829 3070 3902
7577 3824 3835 3813 3865
7578 3838 3861 2632 3868
7579 3426 3428 713 3820
7580 713 3820 3074 3839
7581 3020 3830 3023 3844
7582 3814 3832 3851 3894
7583 799 2590 3845 3873
7584 829 791 3428 3846
7585 3023 3830 3819 3856
7586 2664 2618 3843 3888
7587 3814 3851 3822 3869
7588 3034 3816 3842 3866
7589 3831 3866 3816 3897
7590 3825 3843 3840 3888
7591 812 3822 813 3904
7592 3814 3832 3822 3851
7593 3829 3842 3818 3902
7594 3816 3866 3831 3879
7595 3827 3854 717 3869
7596 846 3845 3817 3873
7597 3032 3835 3073 3867
7598 3837 3859 3817 3898
7599 3825 3812 3843 3881
7600 3819 3830 2603 3849
7601 846 805 804 3817
7602 3842 3866 3816 3881
7603 3064 3827 717 3869
7604 2642 2639 3060 3847
7605 3825 3888 3850 3893
7606 715 2989 3065 3822
7607 3031 3856 3818 3902
7608 3822 3814 3854 3891
7609 3816 3840 3843 3887
7610 945 3831 2585 3872
7611 2989 3822 715 3839
7612 849 3824 841 3905
7613 3431 798 3827 3886
7614 3080 3023 3819 3856
7615 922 931 3828 3881
7616 2614 3849 2646 3894
7617 3020 3819 3836 3857
7618 3019 3080 3819 3857
7619 3431 3837 798 3886
7620 841 3824 849 3848
7621 2989 3822 3839 3864
7622 3061 3034 3866 3897
7623 3848 3849 3813 3894
7624 2993 717 3064 3827
7625 3080 3851 3819 3857
7626 3834 3866 3842 3881
7627 830 3846 3828 3889
7628 3425 3822 716 3854
7629 3838 3861 3814 3874
7630 3080 3023 3020 3819
7631 3031 3835 3818 3856
7632 3425 715 3822 3839
7633 3094 2966 3855 3876
7634 805 3837 3817 3845
7635 2596 2660 2632 3861
7636 3017 3016 3823 3836
7637 2664 3843 3825 3888
7638 805 3837 794 3859
7639 3819 3020 3836 3844
7640 713 3820 3428 3846
7641 3813 3849 3848 3865
7642 716 3854 3822 3869
7643 3825 3840 3812 3888
7644 831 793 3425 3839
7645 3065 3822 2989 3864
7646 2608 3853 3829 3900
7647 3816 3812 3842 3881
7648 3008 3826 3010 3833
7649 3817 3826 3862 3895
7650 938 3825 2588 3843
7651 2682 3076 2640 3876
7652 3818 3840 3835 3842
7653 3087 3841 2969 3880
7654 3087 2971 2969 3841
7655 931 3834 3828 3881
7656 3022 3020 3023 3844
7657 3022 3023 3830 3844
7658 3020 3019 3819 3857
7659 2598 3823 2597 3863
7660 945 917 3831 3872
7661 2993 3860 3827 3869
7662 3427 848 3435 3846
7663 3829 3887 2608 3900
7664 941 3831 930 3879
7665 794 3859 3837 3898
7666 945 939 917 3872
7667 2664 2618 2623 3843
7668 3823 3814 3861 3874
7669 3030 3844 2647 3877
7670 2579 841 3848 3905
7671 3829 3842 3070 3897
7672 920 945 2585 3872
7673 3814 3823 3860 3874
7674 3016 3823 3836 3863
7675 3020 3836 3019 3857
7676 2990 3061 3866 3897
7677 810 3424 798 3827
7678 932 2585 945 3831
7679 3093 2990 917 3831
7680 3814 3860 3838 3874
7681 3821 3895 3859 3896
7682 930 3866 3843 3879
7683 3091 3094 2983 3855
7684 831 812 3822 3854
7685 3834 3842 3812 3881
7686 2639 3041 2642 3060
7687 2990 940 917 3831
7688 2613 3847 3826 3871
7689 3824 3848 841 3905
7690 2973 833 2963 3870
7691 3820 3835 3043 3864
7692 3816 3843 2623 3887
7693 3835 3842 3812 3867
7694 929 3435 943 3889
7695 3812 3835 3840 3842
7696 3072 3010 3008 3826
7697 2630 2586 3888 3893
7698 817 793 831 3839
7699 722 3006 3821 3895
7700 2642 3060 2643 3847
7701 3026 3070 3829 3902
7702 2579 3848 3824 3905
7703 2598 3836 3823 3863
7704 3076 3871 2640 3876
7705 3074 3820 3043 3864
7706 3012 3826 3847 3871
7707 3817 3833 3826 3895
7708 2623 3816 3887 3892
7709 3026 3027 3070 3902
7710 3017 3018 3016 3836
7711 922 3881 3828 3885
7712 3034 3842 3053 3866
7713 647 3873 3870 3903
7714 3031 3025 3856 3902
7715 2642 2643 2639 3847
7716 715 3065 716 3822
7717 3080 3020 3019 3819
7718 2601 3836 3819 3861
7719 2639 3847 2613 3871
7720 2966 2974 2983 3855
7721 828 3885 3850 3893
7722 715 716 3425 3822
7723 846 3817 804 3873
7724 2603 2601 3819 3894
7725 2986 3821 3870 3884
7726 716 3822 3065 3869
7727 2598 2596 3823 3861
7728 798 3423 807 3837
7729 848 835 830 3846
7730 3435 943 848 3438
7731 714 713 3074 3839
7732 804 805 794 3859
7733 826 843 829 3820
7734 3815 3838 3827 3860
7735 3819 3851 3814 3869
7736 3030 2610 3844 3882
7737 2641 3041 2639 3871
7738 812 817 831 3822
7739 812 813 814 3904
7740 826 3820 829 3839
7741 722 3895 3821 3896
7742 2646 3848 2666 3894
7743 2599 2598 2597 3863
7744 713 2996 3820 3846
7745 2579 3824 2645 3905
7746 3053 3842 3834 3866
7747 3812 3828 3820 3867
7748 3016 3015 3823 3847
7749 3017 3836 3823 3857
7750 3834 3812 3842 3867
7751 2623 3879 3816 3892
7752 3812 3820 3828 3901
7753 3814 3861 3838 3868
7754 3039 3030 2648 3877
7755 3049 3072 3008 3895
7756 3818 3813 3835 3865
7757 2595 3847 3874 3883
7758 2596 3823 3861 3874
7759 2646 3849 2614 3865
7760 722 3821 3006 3896
7761 827 3824 849 3852
7762 3087 2971 3841 3884
7763 2604 2603 3830 3849
7764 941 917 940 3831
7765 3065 3851 3822 3864
7766 3011 3871 3076 3876
7767 3020 3018 3019 3836
7768 3429 3425 793 3839
7769 3819 3814 3857 3869
7770 3034 3053 3063 3866
7771 3827 3838 3815 3878
7772 3827 3860 3838 3891
7773 2590 3873 2635 3899
7774 802 2963 833 3841
7775 2646 2614 2663 3865
7776 2993 3078 3860 3869
7777 2969 2984 2971 3087
7778 2644 2579 2645 3905
7779 3818 3887 3829 3900
7780 3049 3862 3072 3895
7781 921 919 797 3828
7782 2963 3841 802 3880
7783 2614 3849 2663 3865
7784 2623 3843 3816 3879
7785 2631 847 2586 3893
7786 2647 3030 2648 3844
7787 919 830 797 3828
7788 3430 795 831 3854
7789 808 798 3837 3878
7790 3042 3853 2622 3882
7791 839 3837 3845 3878
7792 2977 2986 2961 3821
7793 3824 3865 2645 3888
7794 2601 3861 3819 3894
7795 3816 3812 3840 3842
7796 923 3881 922 3885
7797 3011 3041 2641 3871
7798 3025 3031 3027 3902
7799 930 926 3843 3866
7800 2990 3831 3048 3897
7801 2657 2585 2683 3831
7802 2986 2961 3821 3884
7803 3822 3832 3813 3851
7804 833 3841 2963 3870
7805 2634 2590 2635 3899
7806 932 2683 2585 3831
7807 3013 3012 3826 3847
7808 3431 798 3424 3827
7809 834 3878 839 3906
7810 2597 2595 3847 3874
7811 3016 3847 3823 3863
7812 2986 3821 2977 3870
7813 2682 3050 3076 3876
7814 3843 3866 3816 3879
7815 3823 3847 2597 3863
7816 2977 3870 3821 3903
7817 2617 2625 2645 3865
7818 3820 3074 3839 3864
7819 2969 2984 3087 3880
7820 2645 3824 2579 3848
7821 3080 3819 3851 3856
7822 938 925 3825 3843
7823 2622 3853 3042 3890
7824 3043 3835 3820 3867
7825 3827 3814 3860 3891
7826 2623 2662 3879 3892
7827 3813 3851 3832 3894
7828 722 3859 3895 3896
7829 2643 2642 2620 3060
7830 3060 3014 3033 3847
7831 3838 3860 3814 3891
7832 938 3825 946 3893
7833 839 3878 3845 3906
7834 2630 3888 3825 3893
7835 3061 3034 3063 3866
7836 2648 3030 2647 3877
7837 938 2588 3825 3893
7838 3070 3842 3034 3897
7839 2588 2680 2664 3825
7840 3812 3825 3850 3885
7841 2606 2604 2651 3830
7842 2986 3870 3841 3884
7843 3011 2641 3076 3871
7844 3828 3834 931 3889
7845 3838 3860 3815 3874
7846 2622 3036 2669 3890
7847 714 3426 713 3839
7848 2635 3899 3873 3903
7849 2625 2645 3865 3888
7850 3832 3848 3813 3894
7851 2588 3825 2664 3843
7852 2617 2625 3865 3888
7853 3006 3821 3007 3855
7854 929 943 919 3889
7855 2640 3076 2641 3871
7856 2590 832 799 3845
7857 3010 3833 3826 3871
7858 813 3868 3832 3891
7859 3819 3857 3851 3869
7860 2668 789 3832 3848
7861 930 3843 926 3879
7862 3011 3076 3050 3876
7863 3074 713 2996 3820
7864 3829 3853 3818 3900
7865 2598 3823 3836 3861
7866 3037 3858 2626 3890
7867 938 925 946 3825
7868 2590 2592 832 3845
7869 2974 3855 2966 3876
7870 798 3431 3423 3837
7871 2606 3830 2651 3853
7872 2610 2648 3030 3844
7873 2613 3826 2638 3871
7874 2604 2605 2603 3849
7875 3851 3857 3067 3869
7876 2608 2606 3853 3900
7877 3821 3841 3006 3896
7878 827 849 3824 3848
7879 3094 3855 3035 3876
7880 3085 3835 3031 3856
7881 2604 3830 2605 3849
7882 3015 3017 3823 3860
7883 2579 2644 841 3905
7884 2667 3039 2648 3877
7885 851 796 647 3873
7886 2613 3847 2595 3883
7887 823 822 843 3901
7888 822 3846 843 3901
7889 2996 3043 3074 3820
7890 825 849 3824 3852
7891 3041 3011 2641 3076
7892 2680 3825 2588 3893
7893 3021 3836 3020 3844
7894 2607 3887 3840 3900
7895 798 809 810 3827
7896 3010 3013 3012 3826
7897 3012 3010 3826 3871
7898 843 3846 3820 3901
7899 3820 3839 826 3852
7900 2660 2632 3861 3868
7901 839 808 3837 3878
7902 722 2997 3006 3895
7903 822 3828 3846 3901
7904 3818 3842 3829 3887
7905 2666 3848 3832 3894
7906 810 3424 3827 3854
7907 3812 3850 3828 3885
7908 3821 3855 2961 3903
7909 3043 3820 2996 3867
7910 2597 3847 3823 3874
7911 2961 3855 3821 3884
7912 3085 3835 3856 3864
7913 3427 835 848 3846
7914 3832 3868 3814 3891
7915 798 807 808 3837
7916 834 839 792 3906
7917 3032 3043 3073 3835
7918 2604 2651 3830 3882
7919 832 846 799 3845
7920 809 3827 798 3878
7921 3019 3836 3018 3857
7922 2998 3831 917 3872
7923 2597 2598 2596 3823
7924 827 3848 3824 3852
7925 3813 3835 3852 3864
7926 3435 848 3427 3438
7927 2608 2611 3829 3853
7928 3847 3875 3874 3883
7929 796 3870 647 3873
7930 717 3827 3424 3854
7931 3045 2626 3037 3858
7932 2585 920 932 945
7933 2605 3830 2604 3900
7934 3425 3430 831 3854
7935 3006 3821 3855 3884
7936 3007 3821 3006 3895
7937 3818 3835 3813 3856
7938 3820 3835 3812 3867
7939 3820 3852 3835 3864
7940 3841 3870 3821 3884
7941 3819 3851 3813 3894
7942 2639 2613 2638 3871
7943 3015 3860 3823 3875
7944 3430 810 795 3854
7945 2651 3853 3830 3882
7946 2983 2976 2985 3884
7947 2610 3030 2648 3882
7948 2983 2985 3091 3884
7949 939 2998 917 3872
7950 2629 2686 2679 3872
7951 3015 3046 3017 3860
7952 3030 3039 2648 3040
7953 3027 3031 3032 3842
7954 789 816 2668 3832
7955 933 2686 3068 3872
7956 3818 3813 3849 3856
7957 2668 816 2654 3832
7958 3015 3017 3016 3823
7959 788 849 841 3905
7960 3813 3818 3849 3865
7961 3065 3066 3851 3864
7962 3822 3854 3814 3869
7963 3006 3841 3821 3884
7964 3827 3860 3814 3869
7965 3425 716 3430 3854
7966 844 3839 817 3904
7967 923 924 922 3881
7968 3091 3035 3094 3855
7969 2605 3849 3830 3900
7970 3018 3836 3017 3857
7971 2603 2665 2601 3894
7972 3020 3021 3018 3836
7973 3041 2641 2639 2642
7974 844 3852 3839 3904
7975 3814 3819 3861 3894
7976 830 822 3828 3846
7977 3093 3048 2990 3831
7978 3031 3835 3032 3842
7979 645 2961 3855 3903
7980 2640 2682 2589 3076
7981 3085 3031 3079 3856
7982 3081 3037 2626 3890
7983 3813 3832 3822 3904
7984 3007 3855 3821 3895
7985 3078 3857 3860 3869
7986 3833 3855 645 3876
7987 928 3828 931 3889
7988 2669 3101 3081 3036
7989 3829 3842 3816 3887
7990 3845 3862 3817 3883
7991 922 931 928 3828
7992 3822 3839 3864 3904
7993 3820 3846 2996 3867
7994 3817 3859 804 3873
7995 2669 3036 3081 3890
7996 849 824 3824 3905
7997 2990 3048 3061 3897
7998 3049 3862 3895 3898
7999 3043 3073 3835 3867
8000 3816 3842 3829 3897
8001 3033 3847 3014 3863
8002 3819 3813 3849 3894
8003 923 3825 3881 3885
8004 3042 3853 3028 3890
8005 3840 3887 3818 3900
8006 3026 3829 3029 3853
8007 2966 3094 643 3876
8008 3425 3429 715 3839
8009 2976 2983 3855 3884
8010 2675 645 3833 3903
8011 839 3837 805 3845
8012 2667 2648 2647 3877
8013 3091 3855 2983 3884
8014 2617 3865 3840 3888
8015 3813 3819 3849 3856
8016 928 919 921 3828
8017 2585 3831 2657 3872
8018 811 810 3827 3854
8019 817 3839 3822 3904
8020 2601 2600 2602 3836
8021 810 809 811 3827
8022 3852 3864 3839 3904
8023 3815 3862 3845 3883
8024 3045 2616 2626 3858
8025 822 823 3828 3901
8026 825 827 849 3852
8027 2631 2586 2630 3893
8028 2613 3826 3847 3883
8029 3813 3851 3819 3856
8030 3840 3865 2607 3900
8031 3822 3864 3813 3904
8032 645 3855 3833 3903
8033 3850 3885 3825 3893
8034 3065 3822 3851 3869
8035 3819 3849 2603 3894
8036 917 2998 3093 3831
8037 3824 3848 2645 3865
8038 3016 3014 3015 3847
8039 3027 3034 3070 3842
8040 3079 3856 3851 3864
8041 826 3839 844 3852
8042 2584 790 2652 3838
8043 2614 2646 2666 3894
8044 3098 3039 2667 3877
8045 849 3824 824 3901
8046 3823 3847 3015 3875
8047 928 919 3828 3889
8048 3820 3846 3828 3901
8049 3064 716 3065 3869
8050 3016 3836 3018 3863
8051 2588 2661 938 3843
8052 2596 2597 3823 3874
8053 3840 3842 3818 3887
8054 2608 2606 2611 3853
8055 2601 2665 3861 3894
8056 2611 2612 2608 3829
8057 3042 2622 2649 3882
8058 3813 3864 3852 3904
8059 3045 2626 3081 3037
8060 2668 2654 2666 3832
8061 3870 3873 3821 3903
8062 2613 2597 2595 3847
8063 3042 3028 3853 3882
8064 3828 3834 3812 3881
8065 3085 3856 3079 3864
8066 933 920 2686 3872
8067 2681 3843 2623 3879
8068 2598 2660 2596 3861
8069 3042 2669 2622 3036
8070 2644 788 841 3905
8071 3816 3842 3840 3887
8072 819 2652 790 3838
8073 2607 2608 3887 3900
8074 3837 3845 3815 3862
8075 2592 2590 2634 3845
8076 2606 3830 3853 3900
8077 3045 2627 3858 3872
8078 2626 2669 3081 3890
8079 926 3843 3866 3881
8080 839 3845 792 3906
8081 922 924 931 3881
8082 2648 3030 3051 3882
8083 817 3822 812 3904
8084 2610 2647 2648 3844
8085 3079 3851 3066 3864
8086 2668 3832 2666 3848
8087 2655 2662 2623 3892
8088 849 825 3824 3901
8089 810 3430 3424 3854
8090 2598 2599 2600 3836
8091 3814 3854 3827 3869
8092 3036 2622 3042 3890
8093 826 843 3820 3901
8094 3817 3845 3837 3862
8095 3017 3857 3823 3860
8096 826 829 844 3839
8097 2678 2620 2642 3060
8098 2627 2616 3045 3858
8099 3838 3878 3827 3891
8100 3029 3853 3829 3890
8101 3815 3845 3837 3878
8102 933 3068 939 3872
8103 2655 2623 3887 3892
8104 2598 2599 3836 3863
8105 2653 3868 3861 3894
8106 2660 3861 2653 3868
8107 818 3852 844 3904
8108 643 3094 3050 3876
8109 813 3832 814 3904
8110 2609 3840 2607 3887
8111 3833 3871 2636 3899
8112 3058 2619 2620 3863
8113 2989 3839 3074 3864
8114 2645 3848 2646 3865
8115 2669 2626 2615 3890
8116 2583 2675 645 3833
8117 2970 3841 2986 3870
8118 2599 2597 3847 3863
8119 2630 2664 3825 3888
8120 3046 3860 3015 3875
8121 3423 794 807 3837
8122 725 3087 2984 3880
8123 2604 3830 2606 3900
8124 2583 3833 645 3876
8125 3039 2667 2648 3040
8126 2620 3059 3033 3060
8127 3823 3874 3847 3875
8128 643 3050 2682 3876
8129 3098 2667 3058 3877
8130 2660 2653 2632 3868
8131 3065 2989 3066 3864
8132 921 3828 797 3885
8133 3847 3826 3875 3883
8134 2581 2652 792 3906
8135 3092 3082 3834 3889
8136 933 939 920 3872
8137 3006 3855 3047 3884
8138 805 839 808 3837
8139 809 811 3827 3891
8140 830 822 797 3828
8141 3023 3830 3856 3902
8142 792 819 834 3906
8143 921 922 3828 3885
8144 3101 2669 3042 3036
8145 2641 3041 2687 2642
8146 3006 3841 723 3896
8147 3827 3860 2993 3886
8148 3000 3082 935 3834
8149 2612 3829 2611 3890
8150 3060 3012 3014 3847
8151 3087 3841 3002 3884
8152 794 3837 3432 3898
8153 2619 3863 3058 3877
8154 2609 2623 3840 3887
8155 819 3838 834 3906
8156 2629 3068 2686 3872
8157 3814 3819 3857 3861
8158 2620 2678 3059 3060
8159 2653 2666 2654 3868
8160 711 3846 3435 3889
8161 3430 716 717 3854
8162 2984 2972 725 3880
8163 3829 3853 3026 3902
8164 3098 3058 3039 3877
8165 3009 3008 3010 3833
8166 3058 2620 3033 3863
8167 3826 3833 3817 3899
8168 2600 3836 2599 3863
8169 790 3838 2584 3868
8170 3838 3878 834 3906
8171 3013 3826 3072 3875
8172 3014 3847 3016 3863
8173 2604 3830 3844 3882
8174 3812 3828 3850 3901
8175 845 3832 789 3848
8176 3813 3848 3824 3865
8177 3029 3858 3829 3897
8178 823 821 3828 3901
8179 3029 3038 3858 3897
8180 3816 3866 3843 3881
8181 2630 2618 2664 3888
8182 3050 2589 2682 3076
8183 793 829 3426 3839
8184 3824 3812 3840 3888
8185 2966 643 3094 2992
8186 2652 819 792 3906
8187 3824 824 3901 3905
8188 2627 2616 2626 3045
8189 3824 825 3852 3901
8190 2618 2609 2623 3840
8191 793 3426 3429 3839
8192 2971 2970 2969 3841
8193 2616 2626 3858 3890
8194 3009 3833 3010 3871
8195 3075 3860 3875 3886
8196 2666 3832 2654 3868
8197 3029 3026 3070 3829
8198 3861 3868 3814 3894
8199 2598 3836 2601 3861
8200 846 839 805 3845
8201 717 3424 3430 3854
8202 2638 2636 3871 3899
8203 935 3082 916 3834
8204 3826 3862 3072 3875
8205 3827 3854 3814 3891
8206 811 3854 3827 3891
8207 921 797 913 3885
8208 3820 3828 3846 3867
8209 3836 3844 3021 3877
8210 722 3859 2997 3895
8211 3423 3837 3431 3886
8212 2607 3840 2617 3865
8213 643 3050 3094 2992
8214 3814 3860 3857 3869
8215 3818 3853 3829 3902
8216 3829 3858 3029 3890
8217 2636 3833 2583 3871
8218 3829 3853 2611 3890
8219 3000 3834 935 3866
8220 3023 3856 3025 3902
8221 3009 3007 3833 3855
8222 3812 3834 3828 3867
8223 3818 3865 3840 3900
8224 2966 2983 3071 3094
8225 2613 2637 3826 3883
8226 3824 3848 3813 3852
8227 2991 3837 719 3886
8228 2681 2623 2662 3879
8229 3046 3078 3017 3860
8230 3820 3852 826 3901
8231 3078 3857 3017 3860
8232 2622 3853 2651 3882
8233 3092 3834 3867 3889
8234 851 842 796 3873
8235 3817 3895 3862 3898
8236 2656 3831 2621 3858
8237 3009 3855 3833 3876
8238 827 841 849 3848
8239 3041 3100 2687 2642
8240 3813 3822 3851 3864
8241 718 3431 3827 3886
8242 3077 2993 3860 3886
8243 2589 2682 643 3050
8244 3075 3077 3860 3886
8245 2584 2652 2632 3838
8246 3087 724 3841 3880
8247 822 823 821 3828
8248 3006 3007 3047 3855
8249 3814 3823 3857 3860
8250 844 817 818 3904
8251 2608 3829 2612 3887
8252 914 3000 935 3866
8253 921 913 922 3885
8254 2599 2597 2643 3847
8255 2970 2986 2977 3870
8256 3817 3873 3899 3903
8257 2648 3051 2649 3882
8258 718 3827 2993 3886
8259 3022 3023 3024 3830
8260 2653 3861 2665 3894
8261 2612 3858 3829 3890
8262 913 797 820 3885
8263 794 3432 3859 3898
8264 2989 714 3074 3839
8265 3053 3834 3000 3866
8266 3423 3432 794 3837
8267 915 938 2661 3843
8268 2984 2969 2972 3880
8269 2619 3058 2667 3877
8270 920 939 945 3872
8271 2599 3847 2643 3863
8272 3848 3852 827 3904
8273 831 795 812 3854
8274 821 3850 3828 3901
8275 3010 3072 3013 3826
8276 927 930 926 3879
8277 3012 3041 3011 3871
8278 3814 3857 3823 3861
8279 2613 2637 2638 3826
8280 3022 3830 3024 3882
8281 3095 3000 914 3866
8282 3013 3847 3826 3875
8283 3000 3092 3082 3834
8284 718 717 2993 3827
8285 3042 3056 3028 3882
8286 916 3834 3082 3889
8287 2616 2615 2626 3890
8288 3007 3833 3855 3895
8289 3870 3873 806 3896
8290 3845 3878 3815 3906
8291 3018 3836 3057 3863
8292 2991 3837 3862 3898
8293 3057 3836 3018 3877
8294 2612 3829 3858 3892
8295 3812 3850 3824 3901
8296 3085 3079 3066 3864
8297 722 3006 723 3896
8298 2652 3838 819 3906
8299 2654 3832 816 3868
8300 2630 2664 2680 3825
8301 2993 3064 3078 3869
8302 3018 3836 3021 3877
8303 3075 3875 3862 3886
8304 2584 3838 2632 3868
8305 3420 2972 2968 3880
8306 3832 3814 3868 3894
8307 2612 3887 3829 3892
8308 3430 810 75 795
8309 3831 3858 2656 3872
8310 2585 2686 920 3872
8311 2677 3873 647 3903
8312 2598 2600 2601 3836
8313 3009 3035 3855 3876
8314 3041 3100 2642 3060
8315 713 712 2996 3846
8316 2991 3862 3837 3886
8317 3057 3863 3836 3877
8318 2653 2660 2665 3861
8319 2638 2636 2583 3871
8320 3063 3053 3000 3866
8321 923 3825 925 3881
8322 2646 2668 2666 3848
8323 3080 3851 3079 3856
8324 3080 3079 3023 3856
8325 918 2670 938 3893
8326 3061 3063 2990 3866
8327 3044 3858 3831 3872
8328 718 2993 3077 3886
8329 3002 3841 3006 3884
8330 3029 3829 3070 3897
8331 816 3832 813 3868
8332 3023 3024 3830 3902
8333 3024 3830 3853 3882
8334 2641 2639 2640 3871
8335 3815 3875 3862 3883
8336 3022 3844 3830 3882
8337 76 831 3430 795
8338 3862 3875 3826 3883
8339 3065 3851 3067 3869
8340 2974 645 3855 3876
8341 3009 3035 3007 3855
8342 3840 3865 3824 3888
8343 3085 3074 3043 3864
8344 802 833 838 3841
8345 3075 3077 3046 3860
8346 3013 3014 3012 3847
8347 3045 3858 3044 3872
8348 2588 938 2670 3893
8349 720 719 2991 3837
8350 3427 3435 711 3846
8351 2632 3838 2594 3874
8352 3036 3042 3028 3890
8353 718 3424 717 3827
8354 3048 3044 3831 3872
8355 2638 3871 3826 3899
8356 834 3838 815 3878
8357 2616 2656 3858 3872
8358 2609 2617 2607 3840
8359 2655 3887 2612 3892
8360 647 796 2981 3870
8361 3045 3097 2627 3872
8362 3062 2996 3846 3867
8363 3024 3853 3830 3902
8364 3839 3852 3820 3864
8365 3085 3043 3835 3864
8366 74 798 810 3424
8367 2991 720 3837 3898
8368 3823 3815 3860 3874
8369 3015 3014 3013 3847
8370 647 2677 851 3873
8371 916 931 3834 3889
8372 3021 3844 3030 3877
8373 3048 3831 2998 3872
8374 3818 3830 3856 3900
8375 838 802 3841 3880
8376 2965 840 3420 2968
8377 845 3848 827 3904
8378 2654 790 2584 3868
8379 2585 2679 2686 3872
8380 3823 3815 3874 3875
8381 719 3837 3423 3886
8382 2970 3841 2971 3884
8383 2656 2657 2621 3831
8384 3815 3874 3875 3883
8385 923 925 924 3881
8386 3032 3053 3034 3842
8387 2655 2608 2612 3887
8388 945 941 932 3831
8389 2649 2671 2622 3042
8390 3093 2998 3048 3831
8391 2997 3007 3006 3895
8392 2621 3858 3831 3892
8393 2638 3826 2637 3899
8394 3094 2983 3071 3091
8395 3815 3823 3860 3875
8396 2616 3858 2627 3872
8397 3818 3900 3853 3902
8398 937 935 3834 3866
8399 2976 2983 2974 3855
8400 844 793 817 3839
8401 918 938 946 3893
8402 3008 3009 3007 3833
8403 3013 3015 3847 3875
8404 3028 3026 3029 3853
8405 718 3431 3424 3827
8406 3849 3856 3830 3900
8407 2974 644 645 3876
8408 3813 3848 3832 3904
8409 940 3095 914 3866
8410 3008 3833 3007 3895
8411 2640 2589 2641 3076
8412 3813 3852 3848 3904
8413 827 3852 818 3904
8414 645 646 2961 3903
8415 3068 2998 939 3872
8416 3817 3845 3883 3899
8417 3830 3849 3819 3856
8418 2622 2669 2615 3890
8419 2664 2661 2588 3843
8420 2588 2670 2680 3893
8421 3087 724 3002 3841
8422 3818 3856 3849 3900
8423 2620 3059 3058 3033
8424 941 932 3831 3879
8425 2634 3883 3845 3899
8426 3054 3091 2985 3884
8427 789 845 816 3832
8428 2593 3845 2634 3883
8429 2609 2607 2608 3887
8430 2990 3095 940 3866
8431 2649 2610 2648 3882
8432 794 3422 803 3859
8433 3824 3901 3850 3905
8434 850 838 3870 3896
8435 2600 3836 3863 3877
8436 3048 3831 3044 3858
8437 915 2580 942 3879
8438 2657 3879 2662 3892
8439 2983 2985 2964 3091
8440 925 923 946 3825
8441 3859 806 3873 3896
8442 714 2989 715 3839
8443 833 838 3841 3870
8444 921 922 928 3828
8445 3079 3031 3025 3856
8446 815 3878 3838 3891
8447 3067 3857 3078 3869
8448 926 3866 937 3881
8449 3828 3867 3834 3889
8450 810 3430 75 3424
8451 73 798 3423 807
8452 2585 2657 2656 3872
8453 790 3868 813 3891
8454 3825 3843 925 3881
8455 2657 3831 2656 3872
8456 2661 3843 2681 3879
8457 3428 712 713 3846
8458 2647 2602 2600 3877
8459 2675 3833 2636 3903
8460 845 3832 3848 3904
8461 2647 3844 2602 3877
8462 3065 3066 3067 3851
8463 927 926 3843 3879
8464 3428 829 79 791
8465 719 3423 3431 3886
8466 3058 3863 3057 3877
8467 722 721 2997 3859
8468 789 2668 2579 3848
8469 2657 3831 3879 3892
8470 3054 2971 3087 3884
8471 2616 2627 2656 3872
8472 3029 3070 3038 3897
8473 2649 3051 3042 3882
8474 2624 2619 2620 3058
8475 2663 2645 2646 3865
8476 3426 829 79 3428
8477 3078 3067 3019 3857
8478 794 3432 3422 3859
8479 2680 2630 3825 3893
8480 2579 841 789 3848
8481 3841 3870 838 3896
8482 2657 2683 2580 3879
8483 3024 3853 3028 3882
8484 76 831 3425 3430
8485 2661 915 3843 3879
8486 931 937 3834 3881
8487 932 2580 2683 3879
8488 3850 3901 824 3905
8489 821 797 3828 3885
8490 3036 3037 3081 3890
8491 3835 3813 3856 3864
8492 2657 2662 2621 3892
8493 817 812 814 3904
8494 921 208 913 797
8495 3062 3846 712 3889
8496 2611 3853 2622 3890
8497 3824 3850 3812 3888
8498 845 814 3832 3904
8499 809 3827 3878 3891
8500 2657 2621 3831 3892
8501 3039 3021 3030 3877
8502 2679 2627 2629 3086
8503 2969 3841 2970 3880
8504 2583 2636 2675 3833
8505 643 2589 3050 3099
8506 2592 832 238 2590
8507 945 917 941 3831
8508 811 813 812 3854
8509 3042 3051 3056 3882
8510 938 915 925 3843
8511 2963 2970 3841 3880
8512 833 850 838 3870
8513 3070 3034 3061 3897
8514 798 74 3431 3424
8515 845 827 818 3904
8516 846 804 799 3873
8517 3075 3860 3046 3875
8518 3075 3862 2991 3886
8519 793 829 78 3426
8520 2663 3865 3849 3900
8521 3828 3850 821 3885
8522 2661 2580 915 3879
8523 2652 2594 2632 3838
8524 847 2631 2684 3893
8525 2622 2651 2649 3882
8526 3821 3873 3870 3896
8527 3833 3871 3009 3876
8528 849 824 825 3901
8529 3030 3844 3022 3882
8530 916 931 935 3834
8531 2617 3840 2618 3888
8532 78 3429 793 3426
8533 2996 712 3062 3846
8534 3425 831 77 793
8535 941 930 927 3879
8536 3028 3853 3029 3890
8537 3048 3831 3858 3897
8538 2612 3858 2621 3892
8539 937 914 935 3866
8540 2976 3855 2961 3884
8541 2612 2616 3858 3890
8542 790 2654 816 3868
8543 820 913 208 797
8544 3062 3867 3846 3889
8545 725 2972 3434 3880
8546 3037 3029 3858 3890
8547 3009 3871 3011 3876
8548 829 793 844 3839
8549 240 2581 2652 792
8550 3013 3072 3075 3875
8551 807 794 805 3837
8552 3046 2993 3078 3860
8553 2604 3844 2610 3882
8554 2972 2965 3420 2968
8555 3826 3871 3833 3899
8556 3072 3862 3075 3875
8557 813 3854 811 3891
8558 819 790 815 3838
8559 3037 3029 3038 3858
8560 946 3825 923 3893
8561 2669 2622 2671 3042
8562 2603 3849 2614 3894
8563 933 2686 2629 3068
8564 2590 832 238 799
8565 934 913 209 3885
8566 813 816 814 3832
8567 2677 799 851 3873
8568 2592 2634 2593 3845
8569 724 3087 725 3880
8570 2664 2623 2681 3843
8571 3092 3867 3062 3889
8572 3420 3434 2972 3880
8573 2663 2607 3865 3900
8574 209 913 820 3885
8575 842 851 799 3873
8576 834 819 815 3838
8577 2663 3849 2605 3900
8578 3023 3079 3025 3856
8579 3423 719 720 3837
8580 3024 3028 3056 3882
8581 3091 2985 2964 2999
8582 3002 723 3006 3841
8583 3849 3865 3818 3900
8584 2600 3863 2619 3877
8585 937 3866 3834 3881
8586 3815 3875 3860 3886
8587 3423 794 72 807
8588 3815 3862 3875 3886
8589 712 3846 711 3889
8590 797 921 207 919
8591 3043 2996 3073 3867
8592 789 2668 244 2579
8593 3815 3860 3827 3886
8594 3043 3032 3031 3835
8595 2583 3871 3833 3876
8596 2612 2615 2616 3890
8597 2986 3841 2970 3884
8598 792 2652 240 819
8599 3821 3855 3833 3895
8600 2639 2643 2613 3847
8601 3016 3018 3057 3863
8602 3019 3018 3017 3857
8603 2604 2602 2610 3844
8604 2682 2640 2583 3876
8605 3045 3044 3097 3872
8606 830 835 822 3846
8607 3062 712 711 3889
8608 3066 3079 3080 3851
8609 790 813 815 3891
8610 818 826 844 3852
8611 841 789 244 2579
8612 847 801 828 3893
8613 2661 2681 2580 3879
8614 73 798 3431 3423
8615 720 3423 3837 3898
8616 3833 3899 2636 3903
8617 2592 3845 2593 3906
8618 3046 3077 2993 3860
8619 3075 2991 3077 3886
8620 821 820 797 3885
8621 3432 3837 3423 3898
8622 801 3885 828 3893
8623 2971 2984 2962 3087
8624 811 795 810 3854
8625 644 2974 2966 3876
8626 714 715 3429 3839
8627 3853 3900 3830 3902
8628 2651 2622 2611 3853
8629 2961 2974 645 3855
8630 2592 2593 2581 3906
8631 3817 3895 3873 3903
8632 3422 3859 722 3896
8633 207 797 919 830
8634 821 797 822 3828
8635 3815 3827 3878 3886
8636 2600 2599 2619 3863
8637 3823 3857 3836 3861
8638 931 924 937 3881
8639 2598 2601 2660 3861
8640 2677 647 646 3903
8641 647 2981 2977 3870
8642 3057 3018 3021 3877
8643 3048 3858 3038 3897
8644 3825 3885 923 3893
8645 935 931 937 3834
8646 2975 3054 2971 3004
8647 3873 3895 3821 3903
8648 2619 2624 2667 3058
8649 3023 3025 3024 3902
8650 3838 3815 3878 3906
8651 2640 3871 2583 3876
8652 3021 3020 3022 3844
8653 2645 2579 2646 3848
8654 801 847 2684 3893
8655 2652 2594 3838 3906
8656 845 814 816 3832
8657 3033 3014 3016 3863
8658 3429 3425 77 793
8659 3092 3062 3082 3889
8660 2592 239 832 2581
8661 2581 239 832 792
8662 3851 3856 3813 3864
8663 2644 2645 2625 3905
8664 3004 3054 2971 3087
8665 2632 2594 2596 3874
8666 839 832 792 3845
8667 2613 2595 2637 3883
8668 2596 2595 2597 3874
8669 3826 3883 2637 3899
8670 3053 3092 3000 3834
8671 2677 2590 799 3873
8672 808 807 805 3837
8673 2617 2618 2625 3888
8674 3034 3027 3032 3842
8675 2986 2976 2961 3884
8676 3818 3856 3830 3902
8677 2595 3874 2593 3883
8678 2594 2593 2595 3874
8679 2627 3086 3097 3045
8680 3091 3054 2985 2999
8681 837 3850 824 3905
8682 3048 2998 3044 3872
8683 2663 2607 2617 3865
8684 828 824 837 3850
8685 3836 3857 3819 3861
8686 3816 3892 3831 3897
8687 2684 944 801 3893
8688 3098 2667 2624 3058
8689 3422 71 794 803
8690 804 3859 806 3873
8691 644 2583 645 3876
8692 3040 3039 2667 3098
8693 2612 2616 2621 3858
8694 3047 3855 3091 3884
8695 2593 3883 3874 3906
8696 2594 3874 3838 3906
8697 3043 3031 3085 3835
8698 3821 3859 3873 3896
8699 2593 3874 2594 3906
8700 3050 3009 3011 3876
8701 3825 3812 3850 3888
8702 809 3878 815 3891
8703 827 825 818 3852
8704 3429 3426 714 3839
8705 2599 2643 2620 3863
8706 838 800 3433 3896
8707 2606 2651 2611 3853
8708 3433 800 70 3896
8709 3833 3855 3821 3903
8710 2991 3862 3049 3898
8711 937 926 930 3866
8712 942 2580 932 3879
8713 3421 3841 838 3896
8714 840 3420 2968 836
8715 915 927 3843 3879
8716 929 711 3435 3889
8717 2605 2614 2603 3849
8718 816 813 790 3868
8719 3432 794 72 3423
8720 3432 71 794 3422
8721 3816 3879 3831 3892
8722 2671 3101 2669 3042
8723 824 3850 821 3901
8724 2680 2631 2630 3893
8725 3048 3044 3038 3858
8726 2614 2605 2663 3849
8727 2633 3101 3081 2669
8728 2641 3041 3055 2687
8729 644 2966 643 3876
8730 2976 2974 2961 3855
8731 3422 3859 3432 3898
8732 242 2584 2654 790
8733 915 942 927 3879
8734 721 3859 3422 3898
8735 3063 3000 3095 3866
8736 3004 2971 2962 3087
8737 3815 3878 3837 3886
8738 2971 3054 2985 3884
8739 3817 3833 3895 3903
8740 2660 2601 2665 3861
8741 3050 643 3099 2992
8742 839 834 808 3878
8743 803 3859 3422 3896
8744 3058 3033 3057 3863
8745 821 3850 828 3885
8746 3433 722 723 3896
8747 3056 3051 3030 3882
8748 720 3432 3423 3898
8749 209 820 801 3885
8750 3028 3853 3024 3902
8751 3076 3050 2589 3099
8752 801 934 209 3885
8753 2971 2985 3054 2975
8754 809 798 808 3878
8755 788 841 245 2644
8756 3818 3830 3900 3902
8757 835 3427 791 3846
8758 2615 2611 2622 3890
8759 3059 2624 2620 3058
8760 941 927 932 3879
8761 3817 3899 3833 3903
8762 3028 3024 3026 3902
8763 3028 3026 3853 3902
8764 2656 2621 2616 3858
8765 2677 2635 2590 3873
8766 3022 3024 3056 3882
8767 840 2965 233 2968
8768 2644 841 245 2579
8769 3433 723 3841 3896
8770 926 925 3843 3881
8771 722 3422 721 3859
8772 846 832 839 3845
8773 718 719 3431 3886
8774 3821 3873 3859 3895
8775 826 823 843 3901
8776 794 803 804 3859
8777 3022 3030 3021 3844
8778 809 834 815 3878
8779 2989 3074 3085 3864
8780 800 3433 69 838
8781 2975 2971 2962 3004
8782 2617 2609 2618 3840
8783 2666 2653 2665 3894
8784 2648 3030 3040 3051
8785 803 806 3859 3896
8786 2986 2970 2971 3884
8787 3859 3873 3817 3895
8788 3427 711 712 3846
8789 3012 3011 3010 3871
8790 3044 3045 3037 3858
8791 3030 3022 3056 3882
8792 916 928 931 3889
8793 923 3885 934 3893
8794 940 914 930 3866
8795 3428 791 3427 3846
8796 3433 3422 722 3896
8797 825 826 3852 3901
8798 2684 847 248 2631
8799 2615 2612 2611 3890
8800 721 3422 3432 3898
8801 2997 3049 3895 3898
8802 724 3421 3841 3880
8803 3080 3067 3066 3851
8804 3042 2649 2671 3051
8805 3816 3829 3887 3892
8806 3421 838 3433 3896
8807 3433 70 3422 3896
8808 3054 3087 3002 3884
8809 3095 2990 3063 3866
8810 823 824 821 3901
8811 838 3841 3421 3880
8812 293 935 3000 3082
8813 3434 3420 2972 725
8814 234 2968 2963 3880
8815 2970 2977 2973 3870
8816 3829 3892 3816 3897
8817 2663 2617 2645 3865
8818 645 2675 646 3903
8819 2586 2625 3888 3905
8820 3421 3433 3841 3896
8821 2665 2603 2614 3894
8822 3011 3009 3010 3871
8823 913 923 922 3885
8824 2641 3041 3076 3055
8825 3075 3046 3015 3875
8826 2681 2661 2664 3843
8827 724 725 3434 3880
8828 2607 2606 2608 3900
8829 926 915 927 3843
8830 234 2963 802 3880
8831 2605 2604 2606 3900
8832 3817 3862 3837 3898
8833 3837 3862 3815 3886
8834 2663 2605 2607 3900
8835 3064 3065 3067 3869
8836 842 804 806 3873
8837 3068 3097 2998 3872
8838 3071 2980 2983 2966
8839 2636 2638 2637 3899
8840 248 801 847 2684
8841 799 804 842 3873
8842 3814 3868 3838 3891
8843 3815 3838 3874 3906
8844 2963 2969 2970 3880
8845 801 934 3885 3893
8846 804 803 806 3859
8847 2629 933 3005 936
8848 2991 3072 3049 3862
8849 2620 2678 2624 3059
8850 2637 3883 2634 3899
8851 806 850 3870 3896
8852 3421 3433 723 3841
8853 942 932 927 3879
8854 2972 2969 2968 3880
8855 643 2966 2978 2992
8856 644 643 2682 3876
8857 825 826 818 3852
8858 2593 3845 3883 3906
8859 3846 3867 3828 3889
8860 2637 2593 2634 3883
8861 725 3084 2984 3087
8862 3002 3006 3047 3884
8863 3058 3057 3039 3877
8864 2669 3081 2633 2626
8865 2630 2586 2625 3888
8866 2983 2964 3071 3091
8867 2597 2613 2643 3847
8868 3005 933 287 936
8869 790 2654 242 816
8870 803 800 806 3896
8871 2628 2629 2627 3086
8872 3833 3821 3895 3903
8873 2973 2981 833 3870
8874 926 924 925 3881
8875 838 3433 69 3421
8876 933 2629 3005 3068
8877 928 929 919 3889
8878 822 791 843 3846
8879 914 940 291 3095
8880 2599 2620 2619 3863
8881 940 2990 291 3095
8882 841 827 789 3848
8883 724 723 3002 3841
8884 824 828 821 3850
8885 3815 3883 3845 3906
8886 913 934 923 3885
8887 796 833 2981 3870
8888 3068 288 933 939
8889 935 293 916 3082
8890 3019 3017 3078 3857
8891 2677 2635 3873 3903
8892 929 3096 711 3889
8893 2997 721 3049 3898
8894 3052 3101 2671 3042
8895 946 923 934 3893
8896 2981 796 236 833
8897 812 795 811 3854
8898 2579 2668 2646 3848
8899 3085 3066 2989 3864
8900 2654 2584 2653 3868
8901 3100 3055 3041 2687
8902 3841 3821 3870 3896
8903 835 3427 80 791
8904 3047 3091 3054 3884
8905 3049 3008 2997 3895
8906 2981 236 2973 833
8907 2635 2636 3899 3903
8908 3077 719 718 3886
8909 820 821 828 3885
8910 2589 2641 3076 3055
8911 724 3421 723 3841
8912 287 933 3005 3068
8913 3427 3428 80 791
8914 2991 3049 720 3898
8915 3073 3062 3092 3867
8916 2612 2621 2655 3892
8917 2638 2583 2640 3871
8918 918 2684 2670 3893
8919 2997 3008 3007 3895
8920 2602 2647 2610 3844
8921 2656 2679 2585 3872
8922 845 789 827 3848
8923 3007 3035 3047 3855
8924 2653 2584 2632 3868
8925 3091 2964 3071 2999
8926 3026 3025 3027 3902
8927 925 915 926 3843
8928 944 2684 918 3893
8929 3062 711 3096 3889
8930 835 791 822 3846
8931 278 938 918 2670
8932 3067 3078 3064 3869
8933 3075 3072 2991 3862
8934 3094 3071 2966 2992
8935 926 937 924 3881
8936 3055 3076 2589 2672
8937 2967 3420 726 2972
8938 3815 3874 3883 3906
8939 809 815 811 3891
8940 3091 3047 3035 3855
8941 2656 2627 2679 3872
8942 944 934 801 3893
8943 847 247 2631 2586
8944 938 278 2588 2670
8945 914 937 930 3866
8946 2980 2964 3071 2983
8947 830 919 206 943
8948 3077 2991 719 3886
8949 2609 2655 2623 3887
8950 939 3068 288 2998
8951 2589 2641 3055 2659
8952 796 806 850 3870
8953 2652 2581 2594 3906
8954 942 2683 932 2580
8955 3096 929 916 3889
8956 3850 3888 3824 3905
8957 68 3421 3434 3880
8958 848 830 206 943
8959 68 838 3421 3880
8960 2662 2657 2580 3879
8961 2604 2610 2651 3882
8962 2638 2640 2639 3871
8963 3427 712 3428 3846
8964 724 3434 3421 3880
8965 849 788 824 3905
8966 2649 2650 2671 3051
8967 3100 2582 2642 2678
8968 233 840 2968 836
8969 3082 3096 916 3889
8970 2667 2578 3040 3098
8971 3858 3892 3829 3897
8972 3013 3075 3015 3875
8973 3100 2582 2687 2642
8974 2975 3054 3090 2999
8975 2586 246 2644 3905
8976 2965 3420 2967 2972
8977 2649 2648 2650 3051
8978 838 850 800 3896
8979 3071 2980 2966 2992
8980 2614 2666 2665 3894
8981 3090 3054 2975 3004
8982 837 246 2586 3905
8983 2635 2675 2636 3903
8984 3044 3037 3038 3858
8985 2659 3055 2589 2672
8986 3420 726 2972 725
8987 294 916 3096 929
8988 2994 3101 3081 2633
8989 2662 2655 2621 3892
8990 3037 3036 3029 3890
8991 247 847 837 2586
8992 828 801 820 3885
8993 3831 3892 3858 3897
8994 3028 3029 3036 3890
8995 788 2644 246 3905
8996 3859 3895 3817 3898
8997 2985 3054 2975 2999
8998 2972 726 2979 725
8999 3009 3050 3035 3876
9000 3055 3003 3076 2672
9001 2636 2634 2635 3899
9002 848 81 3427 3438
9003 3062 3073 2996 3867
9004 2968 234 836 3880
9005 3033 3016 3057 3863
9006 2609 2608 2655 3887
9007 3 796 647 851
9008 837 788 246 3905
9009 2971 2985 2976 3884
9010 3094 3035 3050 3876
9011 3061 3048 3038 3897
9012 234 802 836 3880
9013 3044 2998 3097 3872
9014 2595 2596 2594 3874
9015 3005 2685 2629 936
9016 3420 840 67 836
9017 806 800 850 3896
9018 68 3434 836 3880
9019 825 823 826 3901
9020 2586 2644 2625 3905
9021 2978 2966 2980 2992
9022 814 818 817 3904
9023 823 825 824 3901
9024 3086 3005 2629 3068
9025 2648 2674 3088 3040
9026 2659 2641 3055 2687
9027 3039 3057 3021 3877
9028 2595 2593 2637 3883
9029 2630 2625 2618 3888
9030 284 933 2629 936
9031 68 836 838 3880
9032 2965 232 66 840
9033 2671 2987 3042 3051
9034 3040 2650 2648 3051
9035 2682 2583 644 3876
9036 835 81 3427 848
9037 726 2979 2967 2972
9038 3435 929 37 711
9039 3062 3096 3082 3889
9040 2647 2619 2667 3877
9041 79 78 829 3426
9042 2662 2580 2681 3879
9043 2600 2619 2647 3877
9044 2636 2637 2634 3899
9045 2677 646 2635 3903
9046 838 836 802 3880
9047 3096 37 929 711
9048 647 796 3 2981
9049 808 834 809 3878
9050 3038 3070 3061 3897
9051 837 824 788 3905
9052 2578 2667 2624 3098
9053 2582 3055 3100 2687
9054 2978 3099 643 2992
9055 3430 75 76 795
9056 2667 2578 2648 3040
9057 2987 2671 2650 3051
9058 798 74 73 3431
9059 2650 2674 3088 2648
9060 2581 2593 2594 3906
9061 2986 2971 2976 3884
9062 2978 643 3099 642
9063 294 916 3082 3096
9064 3434 3420 67 836
9065 815 813 811 3891
9066 2588 279 938 2661
9067 2982 232 66 2965
9068 3084 2979 726 725
9069 3024 3025 3026 3902
9070 77 76 831 3425
9071 810 75 74 3424
9072 3040 3088 2650 3051
9073 2670 918 277 2684
9074 3003 2589 3076 2672
9075 2981 2973 2977 3870
9076 2968 2969 2963 3880
9077 2964 2985 2975 2999
9078 919 206 207 830
9079 3433 69 70 800
9080 3052 2671 2987 3042
9081 3054 3002 3047 3884
9082 3428 79 80 791
9083 2675 2635 646 3903
9084 3001 2628 3069 3086
9085 2648 3088 2650 3040
9086 833 796 850 3870
9087 3059 2988 2624 3058
9088 3432 720 721 3898
9089 2684 2631 2670 3893
9090 921 207 208 797
9091 918 944 277 2684
9092 2590 238 237 799
9093 208 209 913 820
9094 243 242 2654 816
9095 2591 2629 2628 3086
9096 2649 2651 2610 3882
9097 916 929 928 3889
9098 284 933 2686 2629
9099 643 2589 3099 642
9100 794 72 71 3432
9101 77 78 3429 793
9102 2606 2607 2605 3900
9103 840 66 2965 3420
9104 915 938 279 2661
9105 210 934 801 944
9106 934 944 918 3893
9107 2670 2631 2680 3893
9108 3423 72 73 807
9109 2685 284 2629 936
9110 845 818 814 3904
9111 720 3049 721 3898
9112 944 210 46 2684
9113 918 946 934 3893
9114 2648 2578 2674 3040
9115 935 292 293 3000
9116 3052 2676 2671 2577
9117 2965 66 2982 3420
9118 3071 650 2964 2980
9119 236 235 2973 833
9120 3096 37 294 929
9121 2629 2591 3005 3086
9122 3434 67 68 836
9123 2676 2671 2987 3052
9124 66 3437 2982 3420
9125 2963 235 234 802
9126 82 943 929 3435
9127 942 281 2683 2580
9128 36 848 943 3438
9129 70 71 3422 803
9130 933 287 288 3068
9131 245 246 788 2644
9132 2967 726 3420 3436
9133 929 37 82 3435
9134 2668 244 243 789
9135 2964 650 3071 2999
9136 233 232 2965 840
9137 2967 3420 2965 3436
9138 2683 932 281 942
9139 2988 3098 2624 3058
9140 3040 2578 3083 3098
9141 241 240 2652 819
9142 633 632 2988 2673
9143 238 239 832 2592
9144 2994 2633 2587 638
9145 2995 3055 2582 630
9146 2677 3 647 851
9147 848 206 36 943
9148 246 247 837 2586
9149 2975 3090 652 651
9150 2628 3069 2587 3001
9151 2995 3055 3100 2582
9152 2967 727 22 3436
9153 2677 237 3 851
9154 631 2658 2582 3089
9155 649 2978 2980 2992
9156 920 283 933 2686
9157 939 288 289 2998
9158 2979 3084 2962 2984
9159 918 277 278 2670
9160 3069 2994 2587 638
9161 2994 2633 637 2577
9162 2980 3071 649 2992
9163 240 239 2581 792
9164 242 241 2584 790
9165 642 3099 2978 648
9166 847 247 248 2631
9167 2968 234 233 836
9168 2582 2659 3055 2687
9169 3427 80 81 835
9170 631 2582 2995 3089
9171 3083 2674 2578 3040
9172 838 69 68 3421
9173 2582 3055 2659 630
9174 2672 3055 3003 629
9175 796 236 3 2981
9176 248 46 210 2684
9177 934 209 210 801
9178 291 290 2990 940
9179 2982 2965 3420 3436
9180 3071 650 2980 649
9181 244 245 841 2579
9182 637 3052 2994 2577
9183 648 3099 2978 2992
9184 641 286 2685 3005
9185 2965 2982 2967 3436
9186 3098 2578 3083 2988
9187 650 2964 651 2999
9188 2672 3003 2589 642
9189 2589 3076 3099 3003
9190 652 3090 2975 3004
9191 916 293 294 3082
9192 2591 3102 3005 3086
9193 2685 2591 641 3102
9194 636 3052 637 2577
9195 649 648 2978 2992
9196 2672 2659 3055 629
9197 848 36 81 3438
9198 3102 641 2685 3005
9199 3435 82 943 3438
9200 283 920 2585 2686
9201 637 2633 2994 638
9202 630 2582 2995 631
9203 3003 3099 2589 642
9204 2628 3001 3102 3086
9205 3083 2673 633 2988
9206 2674 3083 3088 3040
9207 2688 2628 2587 3001
9208 2987 2671 2676 2650
9209 642 3003 3099 648
9210 642 26 3003 648
9211 638 2587 3069 639
9212 631 632 2658 3089
9213 840 67 66 3420
9214 629 2659 3055 630
9215 3102 2591 2628 3086
9216 2967 2982 727 3436
9217 2673 2658 632 3089
9218 727 35 3437 2982
9219 2591 2685 2629 3005
9220 2578 2673 3083 2988
9221 2979 654 653 3084
9222 2987 2650 3088 3051
9223 914 291 292 3095
9224 286 285 9 641
9225 82 36 943 3438
9226 2987 636 2676 3052
9227 3420 3437 2982 3436
9228 938 278 279 2588
9229 285 286 2685 641
9230 635 2987 2676 2650
9231 3089 632 2673 2988
9232 2967 2979 726 654
9233 2587 639 2688 3001
9234 3052 636 2676 2577
9235 290 289 3093 917
9236 3084 653 2979 2962
9237 640 2688 639 3001
9238 944 46 277 2684
9239 654 22 726 2967
9240 2975 2962 652 3004
9241 635 2650 2674 3088
9242 652 2962 653 3004
9243 634 2578 633 3083
9244 2591 640 641 3102
9245 639 2587 3069 3001
9246 3005 287 286 936
9247 2578 2673 633 3083
9248 2658 2673 2624 2988
9249 22 726 2967 3436
9250 2673 2658 3089 2988
9251 3001 2591 2628 3102
9252 2685 2591 3102 3005
9253 3084 653 2962 3004
9254 636 635 2987 2676
9255 2672 3003 26 629
9256 654 2979 726 3084
9257 2650 635 2987 3088
9258 2628 2688 2591 3001
9259 286 2685 3005 936
9260 283 284 933 2686
9261 920 282 283 2585
9262 2672 26 3003 642
9263 3083 634 2674 3088
9264 279 280 915 2661
9265 2674 2578 634 3083
9266 634 635 2674 3088
9267 280 281 942 2580
9268 932 281 282 2683
9269 3001 2688 2591 3102
9270 2685 285 284 936
9271 2685 286 285 936
9272 3001 640 2688 3102
9273 640 2591 2688 3102
9274 3437 727 2982 3436
9275 3835 3901 3852 3820
9276 3852 3901 3835 3824
9277 3867 3032 3053 3073
9278 3867 3053 3032 3842
9279 3842 3818 3031 3835
9280 3889 830 943 919
9281 3889 943 830 3846
9282 717 3869 716 3064
9283 716 3869 717 3854
9284 3857 3080 3067 3019
9285 3857 3067 3080 3851
9286 2963 3870 2970 2973
9287 2970 3870 2963 3841
9288 3895 3072 3826 3862
9289 3895 3826 3072 3008
9290 2990 917 290 3093
9291 290 917 2990 940
9292 3902 3842 3031 3027
9293 3902 3031 3842 3818
9294 3867 3053 3092 3073
9295 3867 3092 3053 3834
9296 3885 3812 3881 3828
9297 3885 3881 3812 3825
9298 2627 3872 3086 2679
9299 2627 3086 3872 3097
9300 2629 3086 3872 2679
9301 2668 816 243 2654
9302 243 816 2668 789
9303 3903 2977 647 646
9304 3903 647 2977 3870
9305 3888 2645 3905 2625
9306 3888 3905 2645 3824
9307 3903 2977 2961 3821
9308 3903 2961 2977 646
9309 3831 2683 3879 932
9310 3831 3879 2683 2657
9311 3817 3826 3883 3862
9312 3817 3883 3826 3899
9313 3868 2666 3894 2653
9314 3868 3894 2666 3832
9315 3877 2602 3836 3844
9316 3877 3836 2602 2600
9317 790 2652 241 2584
9318 790 241 2652 819
9319 3873 796 806 842
9320 3873 806 796 3870
9321 3891 790 3838 815
9322 3891 3838 790 3868
9323 2585 932 282 2683
9324 2585 282 932 920
9325 3898 2997 3859 3895
9326 3898 3859 2997 721
9327 2678 3060 3100 3059
9328 3100 3060 2678 2642
9329 915 2580 280 942
9330 280 2580 915 2661
9331 3880 3420 836 2968
9332 3880 836 3420 3434
9333 914 3000 292 935
9334 292 3000 914 3095
9335 792 3906 832 2581
9336 792 832 3906 3845
9337 2592 832 3906 2581
9338 2592 3906 832 3845
9339 2963 833 235 802
9340 235 833 2963 2973
9341 3896 70 803 800
9342 3896 803 70 3422
9343 799 2677 237 2590
9344 799 237 2677 851
9345 2998 917 289 939
9346 2998 289 917 3093
9347 2962 3087 3084 3004
9348 3084 3087 2962 2984
9349 725 2979 2984 3084
9350 725 2984 2979 2972
9351 2684 210 801 944
9352 2684 801 210 248
9353 2678 2995 3100 2582
9354 3100 2995 2678 3059
9355 2578 2988 2624 2673
9356 2624 2988 2578 3098
9357 2999 2975 651 3090
9358 2999 651 2975 2964
9359 3081 2626 2587 2633
9360 3081 2994 2587 3069
9361 2587 2994 3081 2633
9362 2577 2669 3101 2633
9363 3101 2994 2577 2633
9364 2577 2994 3101 3052
9365 3059 2678 3089 2995
9366 2582 2678 3089 2658
9367 2582 3089 2678 2995
9368 2982 66 35 3437
9369 2982 35 66 232
9370 3086 3872 3068 2629
9371 3086 3068 3872 3097
9372 2587 3081 3045 2626
9373 3045 3081 2587 3069
9374 3045 2627 2587 2626
9375 3101 2577 2671 2669
9376 2671 2577 3101 3052
9377 2624 2678 2988 3059
9378 2624 2988 2678 2658
9379 3089 2988 2678 3059
9380 3089 2678 2988 2658
9381 3045 3086 2628 2627
9382 2628 3086 3045 3069
9383 2628 2587 3045 2627
9384 3045 2587 2628 3069
3 3 4 5033
9385 3587 4001 3944 4144
9386 3606 4028 3182 4074
9387 3534 3953 3517 4129
9388 3965 4045 3912 4126
9389 3913 4070 3960 4080
9390 3206 3650 683 4072
9391 3930 3916 3990 4149
9392 3913 3960 3978 4080
9393 3965 4049 4045 4126
9394 4013 4091 3923 4189
9395 3923 4013 3984 4091
9396 3526 3534 3517 4129
9397 3500 3995 3957 4181
9398 3950 4007 3628 4102
9399 3125 4014 3678 4096
9400 3953 4006 3517 4129
9401 683 3650 3206 3292
9402 3916 3984 4013 4091
9403 3477 4060 4043 4151
9404 3960 4070 2725 4130
9405 3964 4000 2804 4161
9406 3915 3960 3970 4051
9407 3294 3303 3999 4223
9408 3960 3978 3970 4051
9409 3982 3997 3911 4142
9410 3546 3544 3938 4138
9411 2821 4015 948 4132
9412 3475 4043 3477 4060
9413 4010 4118 3933 4170
9414 3536 3176 4006 4067
9415 3232 3933 3269 4016
9416 3990 4091 3615 4159
9417 3917 3964 3986 4178
9418 3917 3979 3964 4178
9419 3964 3970 3915 4071
9420 3176 3536 4006 4129
9421 3917 3964 3958 3986
9422 3918 4032 3998 4093
9423 3197 3991 4150 4269
9424 676 4081 3983 4170
9425 3960 3996 3918 4080
9426 3498 3500 3957 4181
9427 3147 3182 3606 4028
9428 2753 3943 4002 4015
9429 3915 3970 3964 3986
9430 3150 3179 3208 4074
9431 3303 3999 3967 4122
9432 3514 3557 3936 4023
9433 3298 3280 1050 4118
9434 3916 3930 3990 4048
9435 3957 3995 3500 4067
9436 3916 4013 3984 4123
9437 2816 4118 4010 4170
9438 3960 3918 3978 4080
9439 3916 3930 4027 4149
9440 3518 4007 3941 4102
9441 3990 4048 3615 4091
9442 3301 3244 3598 4073
9443 3948 3923 4091 4189
9444 3909 4142 3945 4172
9445 3559 3301 3598 4073
9446 3176 3604 3199 4067
9447 3197 3991 3184 4150
9448 3197 3184 3991 4269
9449 3721 3587 3944 4144
9450 3915 3960 4051 4110
9451 4004 4032 3918 4039
9452 3498 3957 3500 4067
9453 2839 3991 3961 4036
9454 3500 4090 3995 4181
9455 3998 4032 3918 4037
9456 3142 3953 4028 4129
9457 3918 3970 3960 3978
9458 3587 3721 3944 4058
9459 2833 2839 3961 4036
9460 3242 3562 3563 4085
9461 3505 3518 3941 4102
9462 2758 3989 3961 4047
9463 3967 3999 3303 4223
9464 3963 3989 2815 4047
9465 3526 3517 4006 4129
9466 2830 4018 3947 4125
9467 3628 4007 3950 4199
9468 3993 4003 973 4132
9469 3923 3957 3997 4190
9470 3546 3938 4014 4138
9471 3544 3938 3994 4175
9472 3942 4183 4106 4218
9473 3965 4171 4112 4191
9474 2815 3963 2771 3989
9475 3505 3518 3507 3941
9476 3179 3968 3150 4028
9477 3945 4142 4034 4172
9478 3943 3993 973 4132
9479 3965 3937 4112 4171
9480 3142 4006 3953 4129
9481 3978 4051 3960 4110
9482 3184 3991 4083 4150
9483 3544 3545 3938 4175
9484 3534 4028 3953 4129
9485 3514 4023 3936 4024
9486 3269 4016 3933 4213
9487 3923 3997 3982 4190
9488 1022 4078 1015 4140
9489 3907 3943 4064 4079
9490 3536 3604 3176 4067
9491 3923 3997 3957 4181
9492 3957 4006 3498 4108
9493 3954 4112 4171 4191
9494 3960 3915 3970 4071
9495 3518 3507 3941 4147
9496 3998 4032 3925 4093
9497 3628 4007 3518 4102
9498 3501 3498 4006 4108
9499 3576 3726 3968 4028
9500 3303 3250 3294 3999
9501 3963 4047 2815 4237
9502 3498 4006 3957 4067
9503 2804 4000 3964 4071
9504 2770 4049 3942 4246
9505 3965 4126 3912 4191
9506 3943 3907 4064 4227
9507 2731 3955 4079 4219
9508 3919 3970 3964 4000
9509 2798 3964 2804 4161
9510 2762 4015 2821 4132
9511 3930 3916 4027 4048
9512 3925 3990 3930 4043
9513 3150 4028 3968 4074
9514 1062 4005 4088 4136
9515 1026 3968 959 4074
9516 3937 3926 3965 4112
9517 3925 4032 3998 4037
9518 3242 3562 4085 4250
9519 3918 3998 3996 4093
9520 2776 4063 2830 4271
9521 3965 4183 3942 4218
9522 3280 4016 1050 4118
9523 3131 3133 3677 4056
9524 3959 3912 4045 4126
9525 2719 4049 2770 4246
9526 3958 3964 3919 4076
9527 3964 3970 3919 4076
9528 1100 4088 4010 4136
9529 3946 4023 3530 4024
9530 3705 3569 3573 4066
9531 3960 4070 3996 4080
9532 3303 3250 3999 4122
9533 3518 3941 4007 4147
9534 3961 3989 2758 4036
9535 3592 3257 3707 4066
9536 3959 4045 4049 4126
9537 993 975 994 3943
9538 3150 3968 3179 4074
9539 3559 3614 3249 3467
9540 3964 4000 3970 4071
9541 980 4011 3969 4100
9542 1062 4088 1094 4136
9543 3604 3673 3135 4157
9544 3569 3983 3573 4066
9545 3125 3663 4014 4138
9546 980 986 3969 4011
9547 3921 3951 4046 4168
9548 3501 4006 3498 4067
9549 3908 3942 3965 4183
9550 3909 4062 3950 4251
9551 3908 4106 3942 4183
9552 3557 3936 4023 4174
9553 3720 4062 3934 4084
9554 993 4015 3943 4132
9555 3467 3249 3559 4122
9556 2762 3943 2753 4015
9557 3138 3957 3995 4095
9558 3604 3135 3199 4157
9559 948 4015 993 4132
9560 3604 3199 4067 4157
9561 993 975 3943 4256
9562 2771 3989 3963 4033
9563 973 3993 3943 4041
9564 3576 3623 3726 4028
9565 3563 3242 4085 4177
9566 994 993 3943 4132
9567 1004 3968 3106 4046
9568 3179 3968 4028 4107
9569 3925 3930 3990 4149
9570 3929 4032 4004 4039
9571 3958 3964 3917 4021
9572 3929 4060 4037 4089
9573 3258 4066 3592 4113
9574 3965 4112 3926 4191
9575 3544 3994 3938 4138
9576 2732 2725 4070 4130
9577 2798 3964 4161 4230
9578 3957 3924 3997 4190
9579 2771 3963 2815 4237
9580 2758 4047 3961 4235
9581 3535 3147 3606 4028
9582 683 3292 3230 4072
9583 3908 3944 4011 4058
9584 3138 3995 3957 4067
9585 3985 4150 3991 4269
9586 3955 3976 3922 4121
9587 3142 4028 3143 4129
9588 3925 4037 4060 4089
9589 1100 1059 4088 4136
9590 3921 4046 4019 4168
9591 2816 4010 4012 4170
9592 2778 4068 3954 4114
9593 3930 4030 3925 4043
9594 3298 3232 3280 4118
9595 3111 3938 4027 4263
9596 3726 3968 4028 4074
9597 3944 4058 3908 4185
9598 4062 4084 3720 4199
9599 3947 4011 3949 4018
9600 3244 3598 4073 4177
9601 3987 3990 3916 4149
9602 981 3947 4011 4125
9603 3958 3986 3964 4076
9604 3232 3269 3297 4016
9605 2760 3976 2751 4239
9606 3949 4018 4011 4195
9607 3908 4011 3969 4058
9608 2778 3954 2806 4114
9609 3934 4084 4062 4199
9610 959 3968 3657 4074
9611 3598 3644 3301 3559
9612 3918 4032 4004 4037
9613 3996 3998 3914 4093
9614 3982 3997 3924 4190
9615 3964 3986 3970 4076
9616 3907 3976 3955 4121
9617 3492 4181 4108 4224
9618 2806 3954 2778 4068
9619 3969 3908 4058 4185
9620 3514 3530 4023 4024
9621 3929 4037 4032 4089
9622 4044 4086 4060 4124
9623 3545 3546 3544 3938
9624 3924 3997 3982 4142
9625 3908 3965 3942 4195
9626 3726 4028 3623 4074
9627 2778 1043 4068 4114
9628 991 973 4003 4132
9629 3138 3995 3137 4095
9630 3513 4051 3511 4186
9631 3954 4068 1043 4114
9632 683 3650 3292 4072
9633 1025 952 2843 2800
9634 3131 4056 3677 4154
9635 3936 4126 3965 4191
9636 3944 3908 4001 4185
9637 3945 3909 4172 4220
9638 3933 4016 3232 4118
9639 3563 3580 3562 3242
9640 4002 4064 3943 4079
9641 3515 3975 3525 4008
9642 3557 3514 3936 4187
9643 3925 4032 4037 4089
9644 973 3943 975 4041
9645 3909 3950 4065 4251
9646 3487 4050 3997 4055
9647 3269 3933 4170 4213
9648 3937 3965 3926 4183
9649 3592 3591 3709 3259
9650 2843 2800 952 4003
9651 4027 4092 3204 4103
9652 1005 3956 4057 4206
9653 3930 3925 4030 4149
9654 3933 4012 4010 4170
9655 3149 3994 3948 4056
9656 3111 4099 3938 4263
9657 3539 3994 3948 4175
9658 3922 3976 4036 4220
9659 3188 681 3988 4072
9660 3916 4123 3984 4159
9661 1005 4057 972 4206
9662 3945 3911 4034 4142
9663 3232 4016 3280 4118
9664 3914 3998 3996 4080
9665 3573 4066 3983 4113
9666 3511 4051 3962 4186
9667 3918 4039 4032 4130
9668 3147 4028 3535 4129
9669 3125 4014 3127 4138
9670 3984 4013 3923 4123
9671 3576 4028 3968 4101
9672 993 3943 4015 4256
9673 3104 3204 4092 4103
9674 2719 4042 4049 4246
9675 3197 4150 3985 4269
9676 3258 3257 3592 4066
9677 3525 4166 4008 4187
9678 3955 4053 3972 4210
9679 3943 2752 4079 4257
9680 4043 4060 3925 4151
9681 3965 3942 4195 4208
9682 3539 3948 3994 4056
9683 3972 4042 3955 4210
9684 3185 3142 3953 4028
9685 3573 3592 4066 4113
9686 1087 1094 1062 4088
9687 3997 4108 3924 4181
9688 3945 4097 3911 4142
9689 3560 3962 3511 4051
9690 3916 4048 3990 4091
9691 3962 3910 4111 4186
9692 2731 4079 2741 4219
9693 3916 3990 4123 4159
9694 2753 3943 2752 4079
9695 3976 4065 4036 4220
9696 3975 4008 3912 4187
9697 990 3947 981 4125
9698 3220 3983 676 4081
9699 3629 3956 3631 4007
9700 980 986 1008 3969
9701 3487 3997 3490 4055
9702 4081 4170 676 4259
9703 994 975 973 3943
9704 3913 3966 3963 4080
9705 3957 3997 3924 4181
9706 3565 4051 3970 4134
9707 4108 4181 3997 4224
9708 3513 3560 3511 4051
9709 3957 3924 4108 4181
9710 3681 4051 3565 4134
9711 3925 4043 3932 4060
9712 4000 4039 3918 4130
9713 3513 4127 4051 4186
9714 3575 4062 3720 4199
9715 3910 4053 3962 4111
9716 3628 3629 4007 4199
9717 3960 3970 4000 4071
9718 3615 4091 3488 4159
9719 2847 1013 4125 4133
9720 3956 3631 4007 4179
9721 3525 4008 3975 4187
9722 2833 3961 2758 4036
9723 3720 4084 3934 4202
9724 3947 4018 2830 4063
9725 3946 3920 3973 4105
9726 3980 3909 4062 4172
9727 3929 4004 4032 4037
9728 4024 4111 3910 4186
9729 3188 4072 3988 4096
9730 2833 2761 2839 4036
9731 3960 3970 3918 4000
9732 980 3969 1008 4100
9733 3917 3986 3958 4238
9734 3514 4024 3936 4187
9735 3678 3125 3663 4014
9736 3955 2730 4042 4087
9737 3675 4050 3966 4094
9738 2753 4002 3943 4079
9739 3496 4090 3500 4181
9740 3961 3982 3911 4142
9741 3972 4053 3955 4087
9742 3983 4081 3931 4170
9743 3907 4064 4007 4210
9744 3946 3973 3920 4227
9745 3954 4045 2806 4137
9746 1105 1050 4016 4118
9747 3209 3648 4072 4096
9748 3206 683 3115 4072
9749 3301 3245 3244 4073
9750 3961 3991 2839 4269
9751 3111 4027 3938 4099
9752 3269 3297 4016 4213
9753 3910 4053 4111 4210
9754 3910 4042 3972 4210
9755 3918 3996 3998 4080
9756 3926 4026 3937 4183
9757 3957 4006 3138 4067
9758 3301 3244 3644 3598
9759 3941 4111 4053 4210
9760 1025 2843 952 4003
9761 3249 4073 3559 4122
9762 3199 3135 3604 3673
9763 2798 2804 4000 4161
9764 3551 4022 3550 4201
9765 3550 4022 3988 4201
9766 3559 3249 3301 4073
9767 4008 4038 3912 4187
9768 4000 4004 3918 4039
9769 3483 4050 3675 4094
9770 3912 4045 3965 4191
9771 2830 4063 4018 4271
9772 3908 3965 3937 4183
9773 3907 3950 4007 4184
9774 2753 4002 2763 4015
9775 4007 4064 3946 4210
9776 2822 3996 2737 4237
9777 4000 2828 4039 4130
9778 2741 4079 3976 4219
9779 3913 3962 3992 4247
9780 674 3277 4081 4223
9781 2804 3964 2798 4230
9782 2770 3942 2729 4246
9783 3220 676 3983 4170
9784 3564 3565 3970 4134
9785 3925 4030 3932 4043
9786 3108 3188 681 3988
9787 3483 4050 3984 4165
9788 3908 3965 4195 4208
9789 3537 3948 4056 4090
9790 3986 4076 3958 4238
9791 4026 4146 3937 4183
9792 3732 3690 4101 4156
9793 2771 4033 3963 4070
9794 4011 4018 3908 4195
9795 972 4057 3993 4206
9796 3505 3941 3507 4111
9797 4019 4046 964 4168
9798 3910 4111 4024 4147
9799 3488 4091 3984 4159
9800 2762 2752 2753 3943
9801 3957 4108 3498 4181
9802 3535 3605 3147 4129
9803 2829 1025 2843 2800
9804 3941 3907 4007 4210
9805 3535 3605 3606 3147
9806 3962 3913 3992 4053
9807 3606 3623 4028 4074
9808 994 3943 973 4132
9809 984 981 3947 4011
9810 3946 4024 3530 4147
9811 3705 3573 3592 4066
9812 2769 4018 2830 4125
9813 1086 1050 3280 4016
9814 3947 3908 4011 4018
9815 3931 4170 4081 4259
9816 2822 4061 3996 4237
9817 3932 3925 4060 4089
9818 3911 3997 4034 4142
9819 3505 4102 3941 4111
9820 3969 4100 4011 4195
9821 3498 3496 3500 4181
9822 3984 4123 3923 4216
9823 3997 4034 3490 4055
9824 3139 4006 3176 4067
9825 3171 3995 3948 4189
9826 3104 4092 4013 4103
9827 3609 4098 3966 4236
9828 3537 4056 3995 4090
9829 3732 4101 4019 4156
9830 996 3956 3717 4084
9831 3212 3188 3108 4096
9832 2816 4012 2832 4170
9833 3625 3238 3626 4250
9834 3238 4128 3626 4250
9835 3138 4006 3957 4119
9836 3942 4049 4042 4246
9837 3978 4051 3681 4134
9838 3138 3137 3995 4067
9839 3546 3938 3545 4109
9840 2822 2737 2773 4237
9841 1073 1043 3954 4068
9842 2726 3955 2730 4042
9843 3915 3986 3964 4178
9844 3943 3920 4002 4015
9845 2763 4015 4002 4115
9846 3945 4034 3911 4055
9847 3206 3115 3650 4072
9848 2751 3976 4079 4257
9849 3943 4064 4002 4227
9850 3230 3653 3652 4072
9851 981 4011 3949 4125
9852 981 979 3949 4100
9853 2833 2758 3961 4235
9854 2762 3943 4015 4132
9855 3546 3938 4109 4201
9856 3936 3912 4126 4191
9857 3941 4007 3946 4210
9858 3913 3963 4070 4080
9859 3242 4085 3240 4250
9860 3188 3988 3108 4096
9861 3976 4079 3955 4219
9862 3125 3126 3663 4138
9863 3483 3984 4050 4094
9864 3591 3592 3260 3259
9865 1048 4052 1058 4188
9866 2822 2773 4061 4237
9867 3264 4009 3974 4085
9868 3963 3966 3913 4035
9869 2770 2729 2719 4246
9870 3969 4011 986 4058
9871 3490 4034 3494 4055
9872 3157 4014 4173 4263
9873 4030 4043 3930 4082
9874 3907 4007 3956 4184
9875 3514 3531 3557 4023
9876 4068 4112 3937 4171
9877 3937 3965 3908 4018
9878 3721 3588 3587 4144
9879 3130 3994 3149 4056
9880 3553 3988 3550 4022
9881 2731 4087 3955 4219
9882 3149 3948 3171 4056
9883 3179 4028 3185 4107
9884 3932 4030 3925 4089
9885 4062 4156 3575 4202
9886 3974 4009 3264 4153
9887 3948 3995 3171 4056
9888 1073 3954 1043 4114
9889 3977 4005 1087 4116
9890 3943 4002 3920 4227
9891 3630 4007 4179 4265
9892 3909 4104 4062 4251
9893 2728 3960 2725 4130
9894 1046 3977 2697 4088
9895 3217 3172 3111 4263
9896 984 981 990 3947
9897 3934 4156 4062 4202
9898 3920 4105 3946 4106
9899 1051 1015 4078 4140
9900 3728 3727 3606 4074
9901 3963 3996 3914 4237
9902 3922 3976 3955 4219
9903 3917 4021 3964 4176
9904 3966 4050 3675 4055
9905 968 3934 4057 4084
9906 1066 4026 3944 4225
9907 3182 3116 3211 4074
9908 3995 4056 3948 4090
9909 1011 981 979 3949
9910 3604 4067 3672 4157
9911 3949 3920 4015 4115
9912 3966 4098 3684 4207
9913 2806 4045 3954 4171
9914 2771 2745 3989 4033
9915 3988 4072 3552 4096
9916 3914 4093 3998 4196
9917 2737 3996 3963 4237
9918 3476 4060 3477 4151
9919 3996 4061 3914 4237
9920 3907 4152 4065 4184
9921 3951 3921 4104 4168
9922 3920 4100 3969 4195
9923 3996 4070 3960 4130
9924 3472 4060 4086 4124
9925 3732 4019 4101 4197
9926 3591 3260 3592 4113
9927 4123 4159 3990 4196
9928 3963 3996 2737 4070
9929 4021 4059 3928 4252
9930 968 4057 3934 4168
9931 3207 3106 3162 4046
9932 3944 4140 3721 4144
9933 3609 3610 3966 4098
9934 3179 3150 3185 4028
9935 3491 3487 3490 4055
9936 3232 3269 3933 4170
9937 1005 4057 3956 4084
9938 3232 678 3269 4170
9939 1018 964 4046 4168
9940 3172 4099 3111 4263
9941 3948 3916 4103 4189
9942 3955 3976 3907 4079
9943 2751 3976 2741 4079
9944 3269 4170 3983 4213
9945 959 1019 1026 4074
9946 3944 4078 1066 4225
9947 3907 3993 4152 4184
9948 3483 3984 3486 4165
9949 1098 1066 4026 4144
9950 3684 3966 3610 4098
9951 3245 4073 4009 4177
9952 3157 4173 3172 4263
9953 3920 3969 4105 4106
9954 3552 3988 3646 4072
9955 3971 3923 4123 4216
9956 3204 4027 657 4092
9957 3958 3964 4021 4230
9958 3551 4022 4201 4217
9959 3954 4112 4068 4171
9960 3126 3129 3634 4138
9961 3537 3948 3539 4056
9962 3630 4007 3631 4179
9963 2804 2798 2746 4230
9964 3909 3985 3980 4104
9965 2728 4000 3960 4130
9966 3505 3506 4102 4111
9967 3142 3145 3185 3953
9968 960 1022 1015 4140
9969 4081 4223 3277 4261
9970 2753 2767 2763 4002
9971 2692 3935 4120 4223
9972 2847 1013 2809 4125
9973 3994 4056 3130 4154
9974 3138 3140 4006 4119
9975 3125 3127 3126 4138
9976 3974 3930 4043 4082
9977 3959 2716 4049 4182
9978 3487 3675 4050 4055
9979 1066 4078 3944 4140
9980 2749 2806 4045 4137
9981 3185 3953 3145 4107
9982 981 3949 4011 4100
9983 3913 3992 4098 4247
9984 2763 4002 2767 4115
9985 678 4118 2848 4170
9986 3633 4138 3129 4154
9987 3185 3143 3142 4028
9988 2712 4045 2806 4171
9989 2723 4031 3960 4071
9990 2732 4070 3996 4130
9991 4044 3967 4086 4124
9992 3973 4179 4007 4265
9993 3546 4014 3938 4201
9994 3296 4009 3264 4085
9995 3269 3983 3261 4213
9996 4088 4234 4021 4253
9997 3684 4098 3610 4207
9998 4002 4015 3920 4115
9999 3667 4058 953 4140
10000 3961 3991 3909 4036
10001 3961 4036 3909 4097
10002 1082 2796 3977 4145
10003 3650 3206 3169 3115
10004 3106 3968 3162 4046
10005 3915 3975 3962 4127
10006 3917 4059 4021 4252
10007 3609 3966 4055 4236
10008 4008 4166 4038 4187
10009 3972 4053 3910 4210
10010 3515 3512 3525 3975
10011 3941 4007 3950 4102
10012 2723 3960 4031 4209
10013 3244 4073 3245 4177
10014 3962 4051 4127 4186
10015 3483 3487 3675 4050
10016 3935 4223 4081 4261
10017 3518 3628 3629 4007
10018 3149 3948 3994 4103
10019 3971 4050 4123 4198
10020 2726 3955 4042 4246
10021 3592 3258 3260 3259
10022 3956 4007 3950 4184
10023 3928 4088 4021 4253
10024 1004 3968 1026 4074
10025 3981 4192 4059 4252
10026 4019 4104 3921 4168
10027 3476 3475 3477 4060
10028 3938 4048 3545 4109
10029 3943 3993 3907 4227
10030 3987 3916 4092 4149
10031 3477 4151 4043 4203
10032 3728 3606 3182 4074
10033 3717 3956 996 4179
10034 2771 2815 2772 4237
10035 3502 4034 3980 4172
10036 2806 4114 3954 4137
10037 4036 3909 4220 4266
10038 3908 3969 4011 4195
10039 3675 3609 3966 4055
10040 3950 4062 4184 4251
10041 3249 3614 3274 3467
10042 1058 4052 4010 4188
10043 3264 4009 3296 4153
10044 3615 4048 3642 4091
10045 3934 4084 968 4202
10046 3652 3265 3230 4072
10047 3920 4015 3943 4256
10048 3916 3990 3987 4123
10049 3182 3211 3728 4074
10050 3943 4003 3993 4132
10051 3974 4043 4030 4082
10052 3278 3988 681 4072
10053 3171 4095 3995 4189
10054 3707 4066 3257 4193
10055 3942 3920 4002 4064
10056 3984 4123 4050 4198
10057 3738 3659 3952 4166
10058 4023 4024 3946 4218
10059 3910 4147 3946 4210
10060 2718 2716 3959 4240
10061 3920 3969 4106 4195
10062 3928 4021 3977 4253
10063 3918 3996 3960 4130
10064 4001 4146 4026 4183
10065 3509 3530 4024 4147
10066 3934 968 4168 4202
10067 960 1015 1080 4140
10068 3950 4007 3941 4121
10069 3928 3977 4088 4253
10070 2793 4000 2828 4039
10071 3483 3487 4050 4165
10072 2725 3960 2723 4209
10073 3936 4126 3912 4187
10074 2692 3935 4081 4120
10075 3536 3176 3604 3603
10076 1018 966 964 4168
10077 1051 4078 1066 4140
10078 3539 3948 3621 4175
10079 3610 3675 3609 3966
10080 1067 4026 1066 4225
10081 3592 3260 3258 4113
10082 3475 3600 4043 4060
10083 4036 4220 4065 4266
10084 2842 4061 3987 4093
10085 3490 3997 3670 4034
10086 1058 4010 4052 4136
10087 2760 4117 3976 4239
10088 3942 3920 4064 4106
10089 4062 4172 3909 4220
10090 3922 3955 4053 4087
10091 3956 4007 3629 4199
10092 3717 3956 3731 4084
10093 3936 3965 4126 4218
10094 4043 4060 3600 4222
10095 4049 4126 3965 4218
10096 2834 3949 2769 4125
10097 2830 3947 2810 4125
10098 3569 4040 3983 4066
10099 1025 4003 989 4025
10100 4042 4049 3910 4126
10101 3606 3727 3623 4074
10102 2720 3972 4042 4087
10103 4015 4115 2765 4212
10104 3502 3671 3980 4034
10105 3997 3924 4108 4224
10106 2847 4125 3947 4133
10107 3918 4000 3970 4004
10108 2710 2806 4068 4171
10109 2720 4042 2730 4087
10110 3111 4027 4103 4263
10111 3910 4024 3946 4147
10112 1004 3106 3968 4074
10113 3922 3955 4121 4210
10114 3953 3185 4028 4107
10115 3992 4102 3506 4111
10116 3506 3505 3507 4111
10117 3649 3209 3648 4072
10118 1086 1105 1050 4016
10119 3617 4059 3981 4192
10120 4013 4092 3916 4103
10121 3983 4113 3261 4213
10122 3922 4053 3955 4210
10123 3944 4026 1066 4144
10124 3947 4011 3908 4146
10125 3698 4037 3998 4134
10126 2819 4234 4088 4253
10127 3495 3945 4034 4172
10128 3987 4123 3990 4196
10129 959 3657 1019 4074
10130 2812 4137 4075 4145
10131 3268 4066 3983 4261
10132 2842 3987 2789 4093
10133 2841 4092 3987 4243
10134 3953 4028 3534 4101
10135 3495 4034 3945 4236
10136 3919 4000 3964 4161
10137 3953 4006 3142 4119
10138 3954 4068 2806 4171
10139 3491 3490 3494 4055
10140 2771 3963 2737 4070
10141 2736 2776 2830 4271
10142 3157 4014 3195 4173
10143 3564 3970 4076 4205
10144 4027 4092 3916 4149
10145 3913 3978 3960 4110
10146 1058 4052 1048 4136
10147 3910 4126 4049 4218
10148 2724 3960 4000 4071
10149 3588 3721 4140 4144
10150 2789 3987 2842 4061
10151 3476 4037 4060 4151
10152 3517 4006 3953 4108
10153 3959 4049 4042 4126
10154 4062 3934 4184 4251
10155 981 3949 1011 4125
10156 3703 4086 4160 4204
10157 2703 2843 2829 4025
10158 3703 4086 4029 4160
10159 4013 4103 3916 4189
10160 3925 3990 3987 4149
10161 4065 4220 3909 4266
10162 3930 4043 3990 4203
10163 2808 3979 2738 4075
10164 3961 3989 3911 4047
10165 3670 4034 3997 4224
10166 3936 4174 3557 4187
10167 983 4212 4100 4256
10168 3732 4101 3690 4197
10169 2751 2760 2741 3976
10170 3993 4057 3956 4206
10171 3268 3983 4066 4113
10172 3294 4223 3999 4261
10173 3910 4049 4042 4218
10174 3958 4054 3524 4238
10175 3997 4050 3487 4165
10176 3949 4018 2769 4125
10177 983 979 4100 4212
10178 3553 3988 4022 4128
10179 1070 1096 4077 4112
10180 3652 3230 3267 3653
10181 3647 4072 3648 4096
10182 4065 4152 3927 4184
10183 3970 4051 3565 4226
10184 3938 4173 4014 4263
10185 2812 2780 4137 4145
10186 3977 4021 3928 4252
10187 2807 3204 657 4092
10188 3635 3546 3545 4109
10189 3956 3907 3993 4206
10190 3956 3907 4206 4227
10191 3630 3629 3631 4007
10192 1073 4068 3954 4162
10193 4077 4112 1096 4162
10194 3919 3970 4000 4004
10195 3993 3927 4152 4184
10196 4052 4163 3933 4188
10197 3980 3985 3909 4142
10198 3928 4021 3958 4059
10199 3537 3621 3539 3948
10200 2808 3979 4075 4137
10201 659 658 2696 4092
10202 3199 3135 3673 3191
10203 2830 2777 3947 4063
10204 3469 3967 3470 4122
10205 3907 3956 4007 4227
10206 1066 4140 3944 4144
10207 2724 3960 2728 4000
10208 2810 2777 2847 3947
10209 3908 3942 4106 4195
10210 3911 3982 3961 4047
10211 3238 3689 3626 4128
10212 3649 3648 3647 4072
10213 3970 3986 3915 4226
10214 3698 4134 3998 4207
10215 3303 3967 4073 4122
10216 3962 3975 3915 4169
10217 3176 3199 3604 3603
10218 3909 3945 4142 4220
10219 2771 2775 4033 4070
10220 4003 4025 2843 4239
10221 3625 3626 3238 3627
10222 3959 4178 3915 4240
10223 3980 4104 3985 4233
10224 3992 4035 3966 4236
10225 3969 3920 4105 4131
10226 3912 3936 4038 4191
10227 3928 4088 4005 4136
10228 3967 3470 4122 4204
10229 1048 1058 1057 4188
10230 3659 4038 3952 4166
10231 3936 4024 4023 4218
10232 3499 3498 3501 4108
10233 3472 3473 4060 4124
10234 3737 4140 1045 4144
10235 3909 3985 4104 4266
10236 3677 4056 3540 4154
10237 3176 3602 3536 4129
10238 3726 3657 3968 4074
10239 3913 3978 4110 4247
10240 3184 4083 3161 4150
10241 3959 4042 3910 4126
10242 2715 4049 2716 4182
10243 3948 3923 4090 4091
10244 2697 2796 2797 3977
10245 1000 993 948 4015
10246 3911 3989 3961 4097
10247 2712 2749 2806 4045
10248 3527 3992 4111 4247
10249 4040 4081 3983 4261
10250 3522 3524 4054 4238
10251 3145 3953 3142 4148
10252 3989 4033 2745 4260
10253 668 3939 4173 4254
10254 3936 3912 4038 4187
10255 3910 3962 4053 4169
10256 4021 4088 3928 4234
10257 4062 4104 3934 4251
10258 3951 4046 4168 4221
10259 2805 3972 2720 4087
10260 3962 4051 3560 4247
10261 3534 3561 3953 4101
10262 3524 3523 3528 3958
10263 1063 1087 4005 4116
10264 3628 3950 3532 4199
10265 3533 3502 3980 4172
10266 2763 4015 2765 4212
10267 3959 2718 4240 4242
10268 2718 3959 2716 4242
10269 3145 4107 3953 4148
10270 3139 3138 4006 4067
10271 4009 4085 3596 4222
10272 3929 4060 4044 4086
10273 2841 3987 2789 4243
10274 3970 4051 3978 4134
10275 3944 3908 4011 4146
10276 4030 4043 3974 4153
10277 3912 3959 4045 4182
10278 2716 4182 3959 4240
10279 1019 3657 3451 4074
10280 2847 2810 3947 4125
10281 984 4011 3947 4248
10282 3937 4146 3908 4183
10283 3970 3978 3918 4134
10284 1062 1063 1087 4005
10285 3477 4043 3484 4203
10286 3958 4054 4020 4268
10287 2771 2733 2775 4070
10288 3973 4105 3920 4131
10289 4020 4054 3931 4268
10290 3659 3738 3952 4214
10291 3909 3980 4062 4104
10292 3990 4043 3925 4151
10293 3551 3553 3550 4022
10294 3628 3532 3950 4172
10295 3546 3547 3544 4138
10296 3909 3961 4142 4269
10297 3964 3979 3917 4176
10298 3157 3195 3172 4173
10299 3909 3991 3985 4266
10300 3534 3561 3517 3953
10301 3959 3912 4126 4178
10302 2814 4021 2819 4253
10303 3633 3129 3634 4154
10304 3589 4163 4052 4188
10305 3542 3540 3677 4056
10306 3495 4055 4034 4236
10307 3950 4062 3909 4220
10308 3524 4054 3958 4069
10309 3238 3237 4128 4250
10310 1005 969 972 4057
10311 3947 4018 3949 4125
10312 2733 2771 2737 4070
10313 3912 4178 3959 4182
10314 3946 4007 3941 4147
10315 3909 4142 3985 4269
10316 3564 3581 3565 4134
10317 3126 3192 3634 3129
10318 3132 3130 3149 4056
10319 3138 3136 3137 4067
10320 3912 4038 4008 4166
10321 2807 657 4027 4092
10322 2762 2690 2821 4015
10323 3649 3650 3115 4072
10324 3959 3979 4178 4240
10325 3475 3484 3477 4043
10326 3303 4073 3248 4122
10327 2692 4081 4017 4120
10328 3922 4035 4033 4053
10329 3943 975 4041 4256
10330 3915 3962 4051 4127
10331 3907 4007 3950 4121
10332 3907 4121 3955 4210
10333 3523 3958 3524 4238
10334 2777 2847 3947 4133
10335 2732 2728 2725 4130
10336 3139 3138 3140 4006
10337 3569 3704 4040 4066
10338 3515 3975 4008 4127
10339 4075 4137 3940 4145
10340 2834 2765 2769 3949
10341 1066 4078 1065 4225
10342 3908 4018 3965 4208
10343 3943 3907 3993 4152
10344 2836 3971 4139 4243
10345 3527 4111 3624 4247
10346 3917 3958 4021 4059
10347 3943 4041 3993 4227
10348 3523 4059 3958 4238
10349 3976 4152 4079 4257
10350 3908 4106 3969 4195
10351 3581 4004 3696 4037
10352 3962 4110 4053 4169
10353 3974 3596 4085 4222
10354 3247 4009 3245 4073
10355 1001 4125 1013 4133
10356 3136 3995 3137 4067
10357 3949 4011 3947 4125
10358 2824 4139 4047 4235
10359 3141 4006 3142 4129
10360 4000 4039 2844 4161
10361 3488 3984 3482 4159
10362 3964 3919 4161 4230
10363 2698 676 4170 4259
10364 1007 1022 4140 4248
10365 3949 3920 4115 4195
10366 665 4083 3991 4117
10367 3938 3545 4048 4175
10368 2730 3955 2731 4087
10369 3483 3486 3487 4165
10370 3581 3696 3698 4037
10371 3974 4082 4030 4153
10372 3530 4023 3946 4105
10373 3920 3942 4002 4195
10374 4036 4065 3976 4266
10375 3546 4014 3547 4138
10376 3245 4009 3247 4177
10377 3949 4015 3920 4256
10378 2819 4021 2814 4234
10379 3525 4038 4166 4187
10380 3987 4092 2841 4149
10381 1005 3956 996 4084
10382 3667 3721 4058 4140
10383 3506 3992 3504 4102
10384 3265 3652 3230 3267
10385 3712 4140 3737 4144
10386 3238 3265 3689 4128
10387 3537 3621 3948 4090
10388 3992 3966 4098 4236
10389 3532 3950 4062 4199
10390 3973 4007 3956 4227
10391 3615 3488 3482 4159
10392 4017 4020 2757 4161
10393 2723 3960 2724 4071
10394 3979 3912 4137 4182
10395 3950 4007 3956 4199
10396 4001 3908 4146 4183
10397 3539 3994 3541 4056
10398 1105 4118 4016 4188
10399 4022 4128 3237 4250
10400 959 3657 3968 4197
10401 3633 3634 3129 4138
10402 3941 4102 3950 4121
10403 3591 3594 3282 3263
10404 3538 3995 3537 4056
10405 3961 3909 3991 4269
10406 2763 2765 4015 4115
10407 3908 4195 4018 4208
10408 2830 2777 2810 3947
10409 3182 4028 3150 4074
10410 2819 4021 4234 4253
10411 2799 4025 666 4083
10412 3907 3941 4007 4121
10413 2808 3979 4137 4182
10414 1094 1100 1059 4088
10415 3706 3707 3592 3257
10416 3297 4113 4016 4213
10417 2703 2843 4025 4239
10418 3171 3948 3183 4189
10419 3519 4127 4008 4194
10420 3149 3183 3948 4103
10421 2725 2724 2723 3960
10422 3519 3986 4127 4194
10423 3907 4064 3955 4079
10424 3171 3149 3183 3948
10425 3941 3507 4111 4147
10426 3647 3552 3646 4072
10427 3574 4105 3723 4185
10428 4054 4076 3522 4238
10429 3962 4053 3992 4111
10430 3993 4003 3943 4152
10431 3525 3975 3512 4187
10432 3962 3913 4053 4110
10433 3494 3490 3670 4034
10434 3659 3952 4038 4272
10435 2727 3964 4176 4240
10436 3495 3945 4172 4236
10437 3543 3994 3539 4175
10438 1006 3973 4155 4179
10439 3944 4058 3721 4140
10440 3647 3552 4072 4096
10441 3282 3260 3591 3263
10442 3949 4100 979 4212
10443 3935 4160 4086 4204
10444 3907 3993 4206 4227
10445 3979 4137 3912 4141
10446 3222 3296 4009 4153
10447 983 4100 979 4256
10448 4053 4110 3972 4169
10449 973 3993 4041 4206
10450 1094 4088 1059 4136
10451 3667 3460 3721 4140
10452 3672 3673 3604 4157
10453 681 3278 3219 3988
10454 3176 4006 3141 4129
10455 3966 3684 4094 4207
10456 3940 4137 2780 4145
10457 2731 2730 2726 3955
10458 3915 3964 4071 4240
10459 3910 4210 3946 4264
10460 4029 4086 3935 4160
10461 3912 3979 4178 4182
10462 3908 4018 3947 4146
10463 1011 3949 979 4212
10464 3199 3176 3175 3603
10465 3612 3981 4008 4166
10466 3974 4085 4009 4222
10467 990 1001 3947 4125
10468 3556 3596 4009 4085
10469 3473 3600 4060 4222
10470 3673 3604 3199 3191
10471 3911 3997 3982 4216
10472 2833 3961 663 4235
10473 3533 3980 4062 4172
10474 3141 3176 3139 4006
10475 3936 4106 4023 4183
10476 3913 4033 3963 4035
10477 3643 4073 4009 4124
10478 3919 4004 4000 4039
10479 3955 4042 3972 4087
10480 3566 4054 3529 4255
10481 4010 4118 1058 4188
10482 3930 4027 3938 4048
10483 4002 4064 3920 4227
10484 2769 2830 2810 4125
10485 659 4013 658 4092
10486 3532 4062 3950 4172
10487 3550 3988 3553 4128
10488 1070 4077 4026 4112
10489 2710 2806 2778 4068
10490 3303 3967 3248 4073
10491 3911 4034 3997 4055
10492 3908 4023 3969 4106
10493 668 3939 4099 4173
10494 1046 1087 1082 3977
10495 3528 3524 3958 4069
10496 3908 4001 4023 4183
10497 4059 4192 4005 4252
10498 1008 4100 3969 4131
10499 3911 3963 3989 4035
10500 3501 3498 3679 4067
10501 3975 4126 3912 4178
10502 3265 3284 3238 3689
10503 3946 4147 3530 4265
10504 3612 4008 3981 4194
10505 3703 4029 3701 4160
10506 4007 4064 3907 4227
10507 3930 3938 4099 4109
10508 2726 2730 2720 4042
10509 3502 3671 3533 3980
10510 2831 2841 2789 4243
10511 3963 3911 3989 4047
10512 3490 3997 3487 4165
10513 3560 3511 3962 4247
10514 4010 4088 3928 4136
10515 2727 4071 3964 4240
10516 3723 4105 3969 4185
10517 3659 4214 3952 4272
10518 3648 3209 3151 4096
10519 3936 4106 4183 4218
10520 2807 4092 4027 4149
10521 3953 4119 3142 4148
10522 3938 3939 4109 4201
10523 3179 3162 3968 4107
10524 3925 3998 4093 4196
10525 3516 3519 3986 4127
10526 3147 3606 3182 3164
10527 1007 4058 3944 4140
10528 3127 4014 3125 4096
10529 2836 3971 2824 4139
10530 3467 3466 3465 4122
10531 1045 4140 1066 4144
10532 3556 4009 3608 4177
10533 3910 4169 4126 4186
10534 3531 4023 3558 4174
10535 3731 3956 3717 4179
10536 3908 4023 4001 4185
10537 3549 4201 4109 4217
10538 3930 4048 3938 4109
10539 1073 4112 4068 4162
10540 3910 3946 4218 4264
10541 3493 3999 3704 4066
10542 3738 4180 3952 4214
10543 3996 4070 3963 4080
10544 4017 4081 3935 4120
10545 3168 3127 3125 4096
10546 3907 3941 4121 4210
10547 3558 4174 4023 4185
10548 3988 4201 4022 4254
10549 3938 4103 4027 4263
10550 3153 4107 4148 4150
10551 3946 4064 4007 4227
10552 3175 3604 3199 3603
10553 2736 2830 4018 4271
10554 3473 4060 4124 4222
10555 986 3969 4058 4258
10556 2824 661 4139 4235
10557 2811 4075 2812 4137
10558 2822 4061 2842 4093
10559 3294 3277 4223 4261
10560 3919 4017 4020 4054
10561 2731 4079 3955 4246
10562 3556 3596 3608 4009
10563 3930 3938 4027 4099
10564 3104 4103 4013 4189
10565 964 4046 4019 4197
10566 3731 3956 3631 4199
10567 3612 4008 3611 4166
10568 2811 2808 2738 4075
10569 3947 4125 1001 4133
10570 3646 4072 3988 4128
10571 3923 3982 3997 4216
10572 2719 2717 2715 4042
10573 3917 3986 4008 4178
10574 3907 3956 3993 4184
10575 4043 4151 3990 4203
10576 2740 4087 2731 4219
10577 3949 3920 4100 4256
10578 3569 3705 3704 4066
10579 3950 4172 4062 4220
10580 3183 3948 4103 4189
10581 3959 3915 4031 4240
10582 2713 4049 4045 4171
10583 3943 4079 3907 4152
10584 3913 3966 4080 4098
10585 3617 4005 4059 4192
10586 2789 3987 2787 4093
10587 3566 4160 4054 4255
10588 3597 3580 3563 3242
10589 3690 4156 3686 4167
10590 3942 4049 2770 4208
10591 3940 3981 3952 4244
10592 3162 4046 3968 4107
10593 3652 3653 3650 4072
10594 3569 3573 3983 4213
10595 3576 3534 4028 4101
10596 3521 4076 3564 4226
10597 3949 2765 4115 4212
10598 3523 3958 4059 4215
10599 3939 4201 4022 4217
10600 3946 4106 4023 4218
10601 4034 4055 3945 4236
10602 668 4082 3939 4200
10603 3937 4026 3926 4112
10604 3197 3184 3161 4150
10605 3687 3549 4109 4217
10606 3133 3131 3677 3163
10607 2769 3949 2765 4115
10608 4009 4073 3643 4177
10609 2799 4025 4083 4239
10610 3684 3675 3610 3966
10611 3963 3914 3996 4080
10612 3515 4008 3519 4127
10613 3304 3238 3627 4250
10614 3738 4166 3952 4180
10615 3565 3521 3564 4226
10616 3260 3591 3263 4113
10617 2765 3949 2834 4212
10618 3690 4101 4156 4167
10619 3999 4040 3704 4066
10620 3254 3257 4066 4193
10621 2824 3971 4047 4139
10622 3220 3268 3983 4261
10623 3629 3731 3631 4199
10624 3621 3948 4090 4091
10625 3215 3202 3951 4150
10626 3984 4091 3486 4165
10627 3925 4060 4037 4151
10628 4035 4055 3966 4236
10629 3966 4035 3992 4098
10630 986 1008 3969 4258
10631 3670 3490 3492 3997
10632 1080 1015 1051 4140
10633 3557 4023 3531 4174
10634 1006 4155 995 4179
10635 3922 4121 4053 4210
10636 3445 3669 1057 4188
10637 3263 3591 3593 4113
10638 3968 3921 4046 4197
10639 3983 4066 4040 4261
10640 3917 4021 3977 4252
10641 3531 3558 4023 4185
10642 2822 3996 4061 4093
10643 3594 3591 3593 3263
10644 3555 3974 3596 4085
10645 3936 4183 3965 4218
10646 2769 4018 3949 4115
10647 2808 4075 2811 4137
10648 3908 4023 4106 4183
10649 3918 4093 3996 4130
10650 3985 3991 3909 4269
10651 3472 4086 3967 4124
10652 3629 3631 3956 4199
10653 3529 4054 4069 4255
10654 3125 3678 3637 4096
10655 3931 4020 4017 4054
10656 3589 4052 3713 4188
10657 1013 2705 958 4133
10658 3940 3952 4229 4244
10659 3698 3998 3481 4207
10660 2815 2771 2745 3989
10661 2771 2775 2745 4033
10662 3294 3221 3303 4223
10663 3147 3150 3182 4028
10664 2719 4042 2715 4049
10665 4022 4201 3939 4254
10666 2793 2735 2828 4000
10667 3541 4056 3994 4154
10668 3940 4114 2780 4137
10669 3474 3472 4060 4086
10670 3625 3627 3238 4250
10671 3268 4066 3258 4113
10672 2804 3964 2727 4071
10673 3171 3995 3134 4056
10674 2780 4114 3940 4145
10675 3556 4085 4009 4177
10676 3952 3981 3940 4229
10677 3179 3162 3106 3968
10678 3176 3536 3602 3603
10679 4019 4046 3921 4197
10680 3984 3914 4123 4198
10681 3495 3494 4034 4055
10682 3914 4050 3984 4094
10683 1087 3977 1046 4088
10684 4116 4145 3940 4229
10685 4020 4161 3919 4230
10686 2789 3987 4061 4243
10687 3977 4021 3917 4253
10688 3971 3923 4013 4123
10689 4033 4035 3913 4053
10690 3278 3988 4072 4128
10691 3910 3962 4169 4186
10692 3292 3650 3206 3654
10693 3985 4142 3980 4233
10694 3650 3169 3649 3115
10695 1013 2847 2705 4133
10696 2755 4021 2754 4268
10697 4008 4127 3986 4194
10698 3649 3115 3209 4072
10699 983 4015 4212 4256
10700 3111 4103 3217 4263
10701 3726 3451 3657 4074
10702 3946 4147 3941 4210
10703 3168 4014 3127 4096
10704 3514 3509 3530 4024
10705 2787 4093 3987 4249
10706 3622 3486 4091 4165
10707 3527 4098 3992 4247
10708 3954 4114 1073 4162
10709 3631 3956 3731 4179
10710 3149 3171 3132 4056
10711 3977 4005 3928 4088
10712 2729 3942 4115 4246
10713 3131 3677 3194 4154
10714 668 3939 4082 4099
10715 3926 4077 4001 4272
10716 3292 3267 3230 3653
10717 3171 3137 3995 4095
10718 3585 3575 4156 4202
10719 3111 4027 3204 4103
10720 3910 4126 4024 4186
10721 668 4173 3234 4254
10722 2697 3977 2797 4088
10723 3938 4173 3939 4201
10724 3972 4033 2805 4209
10725 1060 1058 1097 4118
10726 4068 4112 3954 4162
10727 2689 4047 2758 4235
10728 3486 3984 3488 4091
10729 4044 4060 3932 4124
10730 3963 4033 3989 4035
10731 3517 3953 3561 4167
10732 3512 3975 3515 4127
10733 3922 3989 4033 4035
10734 3984 4094 3483 4159
10735 3133 3677 3542 3163
10736 3243 3245 3247 4177
10737 678 2848 2832 4170
10738 2813 2704 1081 4010
10739 3468 4122 3470 4204
10740 4077 4162 1096 4214
10741 3505 3628 3518 4102
10742 2755 4234 4021 4268
10743 4148 4150 4107 4233
10744 3530 4105 3946 4265
10745 3622 3486 3488 4091
10746 2800 952 4003 4132
10747 3940 4075 3977 4252
10748 3929 4004 4029 4039
10749 3184 3991 665 4083
10750 3498 3500 3679 4067
10751 3628 3950 4102 4172
10752 3959 4178 3979 4182
10753 3983 4040 3931 4081
10754 2811 2812 2780 4137
10755 3918 3998 4037 4134
10756 3946 4210 4064 4264
10757 2799 666 665 4083
10758 3949 4115 4015 4212
10759 3624 3962 4111 4186
10760 1026 959 3968 4197
10761 3911 3945 4035 4097
10762 3597 3242 3563 4177
10763 4051 4110 3978 4247
10764 2774 3971 2836 4243
10765 3934 4104 4019 4168
10766 4036 3976 4117 4266
10767 3523 3528 3958 4215
10768 2816 4012 4010 4234
10769 3942 3920 4106 4195
10770 3913 4080 3978 4098
10771 3940 4141 4075 4252
10772 1099 4145 4116 4229
10773 3644 3614 3301 3559
10774 1061 3668 1052 4005
10775 3975 3912 4126 4187
10776 3605 3158 3147 4129
10777 3154 3160 4046 4107
10778 3984 3923 4091 4165
10779 1081 2813 4010 4088
10780 3913 4110 3962 4247
10781 1005 968 4057 4084
10782 3992 3962 4111 4247
10783 666 4025 3218 4083
10784 4019 4101 3921 4156
10785 3920 4041 3943 4227
10786 994 948 993 4132
10787 3447 4180 3738 4214
10788 3738 3613 3659 4166
10789 3921 4101 4019 4197
10790 3908 3969 4023 4185
10791 3946 4024 3910 4218
10792 3684 3675 3966 4094
10793 3254 3257 3258 4066
10794 3688 4048 3990 4203
10795 3624 3511 3962 4186
10796 3922 3955 4087 4219
10797 3669 1048 4052 4136
10798 3945 3911 4035 4055
10799 3982 4142 3961 4164
10800 3926 4001 4026 4183
10801 3918 4032 4093 4130
10802 2796 2797 3977 4145
10803 3933 4118 4010 4188
10804 2790 4039 4032 4262
10805 2735 2798 2804 4000
10806 3913 4035 3966 4098
10807 3495 4034 3502 4172
10808 995 4155 3444 4179
10809 3727 3728 3656 4074
10810 2805 4033 3972 4087
10811 3935 4081 4017 4160
10812 2833 2758 2761 4036
10813 2735 4000 2844 4161
10814 3911 3963 4035 4198
10815 3220 676 3285 4081
10816 4090 4091 3923 4165
10817 3962 4127 3975 4186
10818 3942 4049 3965 4218
10819 3257 3592 3706 3259
10820 3707 3257 3464 4193
10821 984 4078 3947 4133
10822 3688 3615 3990 4048
10823 4109 4201 3939 4217
10824 4010 4052 3933 4188
10825 2756 2757 4017 4020
10826 2735 2844 4000 4039
10827 3472 3967 3471 4124
10828 3919 4029 4004 4039
10829 1098 1045 1066 4144
10830 3238 3626 3689 3627
10831 3937 4018 3947 4063
10832 3258 3592 3257 3259
10833 3634 3663 3126 4138
10834 2694 665 3991 4117
10835 3704 3999 3702 4040
10836 3470 3967 3472 4204
10837 3938 4048 4027 4103
10838 3931 4012 4163 4170
10839 3956 4206 3973 4227
10840 3921 3968 4101 4197
10841 3236 3238 3237 4128
10842 1073 1072 4068 4112
10843 3719 3444 4155 4179
10844 3938 4138 3994 4263
10845 3138 4119 3957 4190
10846 3950 4184 4065 4251
10847 2755 2747 2754 4021
10848 3243 3247 4009 4177
10849 668 28 3234 4173
10850 3550 3553 3646 4128
10851 3964 4176 4021 4230
10852 3959 4126 3975 4178
10853 3487 3491 3675 4055
10854 3957 4095 3138 4190
10855 3265 3652 3689 4128
10856 3514 3530 3531 4023
10857 3469 4073 3967 4122
10858 3470 3471 3472 3967
10859 1067 1066 1065 4225
10860 3967 4086 3472 4204
10861 4009 4135 3222 4153
10862 3168 4014 4096 4173
10863 3635 3545 4048 4109
10864 658 3204 2807 4092
10865 1062 1094 1059 4136
10866 1077 4063 4078 4133
10867 1092 4162 3952 4214
10868 3141 3142 3143 4129
10869 3924 4034 3997 4142
10870 4075 4141 3917 4252
10871 3928 3958 4021 4268
10872 973 4041 974 4206
10873 2789 4061 2831 4243
10874 3966 4035 3963 4198
10875 2836 4139 4013 4243
10876 1060 1058 4118 4188
10877 3688 3990 3615 4203
10878 4011 4058 3944 4248
10879 3550 3646 3988 4128
10880 2842 2789 2788 4093
10881 4036 3909 4097 4220
10882 3482 3984 3483 4159
10883 3726 3725 3576 3968
10884 4046 4107 3160 4150
10885 3910 4053 3972 4169
10886 2846 2772 2815 4237
10887 990 1013 1001 4125
10888 3944 4001 3908 4146
10889 3926 3952 4162 4214
10890 3691 4151 3477 4203
10891 996 1005 988 3956
10892 675 674 3277 4081
10893 3464 3257 3253 4193
10894 3926 4001 4077 4144
10895 3950 3956 4184 4199
10896 2726 2731 3955 4246
10897 658 4013 3104 4092
10898 3580 3597 3246 3242
10899 3918 4004 3970 4134
10900 3926 4112 4077 4162
10901 3970 4004 3919 4205
10902 1007 3944 4058 4248
10903 949 996 3717 4084
10904 4045 4049 3965 4171
10905 1077 4078 4063 4225
10906 3631 3731 3717 4179
10907 3914 4159 4123 4196
10908 3694 3562 3580 4250
10909 3919 4020 3958 4054
10910 3163 3542 3133 3742
10911 3914 4198 3963 4237
10912 2737 3996 2732 4070
10913 3911 4035 3966 4198
10914 2740 2730 2731 4087
10915 3959 3910 4042 4169
10916 3582 4160 4040 4204
10917 1010 1024 3951 4168
10918 3941 4102 3992 4111
10919 3221 3294 3277 4223
10920 3960 4000 3918 4130
10921 2805 2782 2720 3972
10922 3968 4101 4028 4107
10923 3940 4145 4114 4229
10924 3972 4053 3913 4110
10925 3984 4123 3914 4159
10926 3659 3613 4038 4166
10927 3719 4155 3973 4179
10928 3497 3643 4009 4124
10929 3174 3602 3146 3715
10930 2815 3989 2758 4047
10931 2802 4079 2731 4246
10932 4017 4081 3931 4160
10933 2824 2846 4047 4237
10934 4042 4218 4049 4264
10935 3543 3541 3539 3994
10936 3920 4002 4115 4195
10937 2713 4049 4171 4208
10938 3957 3923 4095 4190
10939 3656 3116 1012 4074
10940 3619 4166 3738 4180
10941 681 3219 3108 3988
10942 3961 3911 4097 4142
10943 4009 4073 3247 4135
10944 3656 3116 3211 3459
10945 3963 3911 4047 4198
10946 3946 3920 4064 4227
10947 3525 3611 4008 4166
10948 2824 4047 3971 4237
10949 3704 3493 3702 3999
10950 658 3104 3204 4092
10951 3236 3237 4022 4128
10952 3547 4014 3663 4138
10953 3712 3737 3588 4144
10954 3934 4019 4104 4156
10955 3959 4169 3915 4178
10956 3959 3975 4169 4178
10957 4031 4240 2718 4242
10958 3702 3582 4040 4204
10959 2783 4089 4030 4270
10960 2797 4088 3977 4253
10961 3281 3301 3244 3644
10962 3572 3569 3568 4163
10963 2799 4083 665 4117
10964 3202 3951 4083 4232
10965 3652 3265 4072 4128
10966 4062 4104 3980 4156
10967 3948 4091 3621 4175
10968 3475 3473 3600 4060
10969 3473 3474 3472 4060
10970 3132 3130 4056 4154
10971 2738 3979 2727 4176
10972 3576 3968 3725 4101
10973 3657 3725 3726 3968
10974 3478 3998 3698 4037
10975 2836 2774 2824 3971
10976 3984 4050 3914 4198
10977 996 3956 988 4179
10978 3153 4107 3145 4148
10979 3924 4142 3982 4164
10980 3921 4104 4019 4156
10981 4114 4145 1099 4229
10982 3909 4036 3991 4266
10983 3913 4098 3978 4247
10984 3196 4013 2836 4139
10985 3573 4113 3983 4213
10986 3557 3676 3514 4187
10987 2775 4033 4070 4209
10988 3717 3439 949 4084
10989 2846 2815 4047 4237
10990 3189 3982 4164 4190
10991 3907 3976 4065 4152
10992 3959 4240 4031 4242
10993 3508 4111 4024 4186
10994 2797 2819 4088 4253
10995 3931 4163 3983 4170
10996 3168 4096 3216 4173
10997 1007 4140 3944 4248
10998 3569 3983 4040 4255
10999 3572 3569 4163 4213
11000 2755 2819 2814 4234
11001 3617 3612 3618 3981
11002 3942 4115 4002 4195
11003 3151 3167 3209 3648
11004 2771 2737 3963 4237
11005 3278 3219 3988 4128
11006 3569 3572 3573 4213
11007 4024 4111 3508 4147
11008 3913 3992 4035 4098
11009 3921 4107 4150 4233
11010 1004 1026 961 4074
11011 3963 4033 3913 4070
11012 1004 961 3106 4074
11013 3930 4099 4082 4109
11014 2727 4176 3979 4240
11015 2775 4070 2781 4209
11016 4027 4048 3916 4103
11017 1001 984 990 3947
11018 3981 4166 3952 4244
11019 2792 2841 4092 4149
11020 1070 4026 4077 4144
11021 3612 3611 4008 4194
11022 3681 3680 3565 4051
11023 3512 3975 4127 4186
11024 3570 3633 3634 4154
11025 3470 3469 3471 3967
11026 3910 4218 4042 4264
11027 3680 3565 4051 4226
11028 3716 4144 4077 4272
11029 2741 2740 2731 4219
11030 3920 3943 4041 4256
11031 2755 2814 4021 4234
11032 3956 4007 3973 4179
11033 2798 4000 2735 4161
11034 3929 4044 4060 4089
11035 1006 4041 3973 4206
11036 952 2800 2699 4132
11037 3469 3471 3967 4073
11038 3999 4223 3935 4261
11039 3512 4127 3513 4186
11040 1083 1087 3977 4145
11041 3926 3952 4214 4272
11042 3516 3515 3519 4127
11043 3930 4109 4082 4228
11044 2695 4089 2783 4270
11045 3147 3158 3146 4129
11046 2782 2720 3972 4242
11047 3981 4141 4166 4244
11048 3917 3958 4059 4238
11049 3923 4139 4095 4190
11050 4001 4174 4023 4183
11051 3926 4162 4077 4214
11052 3961 4047 3982 4235
11053 3963 3914 4080 4198
11054 3951 4168 1024 4221
11055 3593 3263 4113 4143
11056 3718 956 4019 4197
11057 3909 4065 3950 4220
11058 1006 3973 4131 4155
11059 3728 3182 3164 3211
11060 3959 4049 4045 4182
11061 3932 4135 4009 4153
11062 3974 4043 3930 4228
11063 3222 3264 3296 4153
11064 3606 3728 3182 3164
11065 3952 4162 1092 4229
11066 3586 4001 4144 4272
11067 3154 4046 3162 4107
11068 4017 4054 4029 4160
11069 2715 2714 4049 4182
11070 668 3229 4082 4200
11071 3130 3128 3994 4154
11072 4126 4169 3975 4186
11073 3929 4039 4029 4120
11074 3582 3703 4160 4204
11075 3149 3994 3177 4103
11076 3701 4029 3703 4086
11077 1004 992 1026 3968
11078 2735 4000 2793 4039
11079 3617 3981 3618 4192
11080 3196 2836 660 4139
11081 3916 4092 4027 4103
11082 3973 4041 1006 4131
11083 3176 3602 3174 3603
11084 3154 3160 4107 4150
11085 4029 4039 4017 4120
11086 3163 3677 3542 3742
11087 3919 4054 3958 4076
11088 3469 3470 3468 4122
11089 3624 3962 3511 4247
11090 3495 3494 3502 4034
11091 1078 4180 3447 4214
11092 2755 2754 4234 4268
11093 3908 3937 4018 4146
11094 3556 3555 3596 4085
11095 3932 4060 4043 4222
11096 3482 3486 3483 3984
11097 3915 4169 3975 4178
11098 4077 4144 4001 4272
11099 3574 4023 4105 4185
11100 3147 3605 3606 3164
11101 3939 4099 3938 4109
11102 3918 3978 4080 4207
11103 3950 3907 4121 4184
11104 3965 4018 3937 4271
11105 1025 952 989 4003
11106 3676 4024 3514 4187
11107 2735 2793 2844 4039
11108 2724 2725 2728 3960
11109 3546 4109 3549 4201
11110 2727 3979 2738 4240
11111 2742 2753 2752 4079
11112 3952 4166 4038 4244
11113 3979 4176 3964 4240
11114 3923 3948 4090 4189
11115 4023 4105 3969 4106
11116 3156 4139 4095 4189
11117 2758 4036 3989 4260
11118 3597 3644 3244 3598
11119 4017 3931 4054 4160
11120 2780 4114 2806 4137
11121 1071 1096 4112 4162
11122 3958 4076 4054 4238
11123 3963 4080 3966 4198
11124 3923 3982 4139 4190
11125 3970 3919 4076 4205
11126 1081 2704 1053 4010
11127 3932 4060 4044 4089
11128 3609 3527 4098 4236
11129 3995 4095 3948 4189
11130 3158 3174 3146 3715
11131 2787 3987 2789 4149
11132 3946 4064 3920 4106
11133 3103 3189 3982 4164
11134 2757 2845 2756 4017
11135 3946 4064 4218 4264
11136 3985 4150 4148 4233
11137 3702 4040 3999 4204
11138 3735 3604 3199 3175
11139 3969 4105 3723 4258
11140 3611 3515 3525 4008
11141 3967 4204 3999 4223
11142 3267 3265 3652 3689
11143 4045 4049 2714 4182
11144 3983 4163 3569 4213
11145 964 992 4046 4197
11146 2762 2753 2763 4015
11147 3140 3142 4006 4119
11148 680 4173 3988 4254
11149 1100 1081 4010 4088
11150 3200 3116 1016 3459
11151 3597 3246 3242 4177
11152 3988 3216 4096 4173
11153 4048 4103 3938 4175
11154 3158 3146 3602 3715
11155 4065 4121 3907 4184
11156 3154 3160 3162 4046
11157 3919 4029 4017 4054
11158 3915 3960 4031 4071
11159 2807 4027 2706 4149
11160 4018 4063 3937 4271
11161 4017 4029 3919 4039
11162 952 2699 1002 4132
11163 3718 963 956 4197
11164 3939 3938 4099 4173
11165 1051 1066 1080 4140
11166 3946 4227 4007 4265
11167 2793 4039 2790 4262
11168 3912 4038 4166 4244
11169 2788 2789 2787 4093
11170 3952 3926 4162 4191
11171 3447 3620 3738 4180
11172 3725 3968 3657 4197
11173 1082 3977 1087 4145
11174 4053 4121 3941 4210
11175 3952 4180 3981 4229
11176 2725 4070 3960 4209
11177 3517 4108 3953 4167
11178 3264 4085 3974 4200
11179 4082 4109 3939 4228
11180 982 4011 981 4248
11181 3914 4061 3996 4093
11182 3222 4153 4135 4270
11183 2816 2759 4012 4234
11184 3676 3510 3514 4024
11185 3918 3998 4134 4207
11186 2800 4003 2817 4132
11187 2836 2824 660 4139
11188 3921 4156 4101 4167
11189 984 3947 1001 4133
11190 3662 3978 3692 4098
11191 3947 4018 3937 4146
11192 4126 4186 3975 4187
11193 3668 3441 1052 4005
11194 3917 4141 3979 4178
11195 2833 2689 2758 4235
11196 3501 3536 4006 4067
11197 1026 992 959 4197
11198 3695 3978 3681 4134
11199 2720 4042 3972 4242
11200 1026 3968 992 4197
11201 2784 4030 2783 4089
11202 3681 3692 3662 3978
11203 4024 4186 4126 4187
11204 3608 4009 3643 4177
11205 3268 3261 3983 4113
11206 3987 3990 3925 4196
11207 3936 3965 4183 4191
11208 3917 4008 4141 4178
11209 4016 4118 3933 4188
11210 3248 4073 3967 4135
11211 3921 3980 4156 4167
11212 3918 4080 3998 4207
11213 2802 4002 2753 4079
11214 3965 4171 4049 4208
11215 2761 4036 2795 4117
11216 3988 4096 3552 4201
11217 3716 3586 4144 4272
11218 1022 985 4078 4248
11219 3148 3138 4095 4190
11220 4050 4094 3914 4198
11221 3719 4105 3973 4155
11222 3949 4125 2834 4212
11223 3648 3744 3167 3649
11224 3958 3528 4069 4215
11225 3478 3998 4037 4151
11226 3921 3980 4167 4233
11227 3973 4105 3719 4265
11228 3917 4008 3986 4194
11229 4044 4120 4086 4223
11230 3966 4035 3911 4055
11231 3948 3916 4091 4103
11232 3489 3997 3490 4165
11233 2805 2720 2730 4087
11234 2695 2784 2783 4089
11235 1087 1083 3977 4116
11236 3569 3568 4163 4255
11237 3936 4183 4038 4191
11238 3474 4086 4060 4241
11239 1058 4010 1097 4118
11240 3538 3537 3539 4056
11241 3955 4064 4002 4079
11242 2777 3947 4063 4133
11243 1008 4131 3969 4258
11244 1015 1022 985 4078
11245 3668 4005 1061 4136
11246 661 3205 4139 4235
11247 3689 3284 3238 3627
11248 3622 4091 4090 4165
11249 3952 4038 3926 4191
11250 4009 4085 3241 4177
11251 2792 4092 2807 4149
11252 3505 3506 3504 4102
11253 1008 978 4100 4131
11254 3718 3443 963 4197
11255 3690 4101 3725 4197
11256 3972 4033 3913 4053
11257 4097 4142 3945 4220
11258 3922 4053 4121 4211
11259 3510 4024 3676 4187
11260 3918 4134 3978 4207
11261 3959 4169 4042 4242
11262 1060 4118 1105 4188
11263 3955 4210 4042 4264
11264 3681 3978 3662 4247
11265 3303 3248 3250 4122
11266 3953 4101 3561 4167
11267 3200 3211 3116 3459
11268 3691 3477 3484 4203
11269 4050 4198 3971 4216
11270 3950 4121 4065 4184
11271 3156 4095 4139 4190
11272 3999 4204 3935 4223
11273 3153 4148 3985 4150
11274 3982 4139 3205 4235
11275 2766 4010 2813 4088
11276 3915 3959 4031 4169
11277 3960 3915 4031 4110
11278 4131 4155 3969 4258
11279 3154 4107 3153 4150
11280 3598 3643 4073 4177
11281 3975 3912 4008 4178
11282 3907 3955 4064 4210
11283 3218 4083 4025 4232
11284 3627 3694 3304 4250
11285 3171 3155 4095 4189
11286 3678 3663 3547 4014
11287 2775 2733 2781 4070
11288 3215 3951 3202 4221
11289 655 28 668 4173
11290 3922 4036 3976 4219
11291 3480 3998 4151 4159
11292 2824 3971 2774 4237
11293 3695 3692 3681 3978
11294 3913 3960 4070 4110
11295 3910 4042 4210 4264
11296 4009 4124 4073 4135
11297 1005 968 969 4057
11298 2702 4030 2794 4267
11299 3913 4033 3972 4209
11300 675 2692 674 4081
11301 4007 4227 3973 4265
11302 4036 4117 3976 4219
11303 4082 4099 3939 4109
11304 3946 3973 4227 4265
11305 3194 3677 3733 4154
11306 3967 4122 3999 4204
11307 3215 3161 3202 4150
11308 986 4058 4011 4248
11309 3615 3990 3691 4203
11310 3952 4180 1092 4214
11311 3712 3588 4140 4144
11312 3569 4163 3983 4255
11313 3977 4075 3917 4252
11314 3187 3106 961 4074
11315 3642 4091 4048 4175
11316 3934 4062 4184 4199
11317 1070 1098 4026 4144
11318 2805 2782 3972 4209
11319 3556 3563 3562 4085
11320 1073 1072 1043 4068
11321 2787 3987 4149 4249
11322 3495 3491 3494 4055
11323 2808 2721 2738 3979
11324 3917 3981 4141 4194
11325 3917 4141 4008 4194
11326 3663 3637 3125 3678
11327 4083 4104 3951 4150
11328 4030 4149 2794 4267
11329 984 3947 4078 4248
11330 3471 3967 4073 4124
11331 3992 4098 3527 4236
11332 3596 3555 3599 3974
11333 3941 4121 4053 4211
11334 3614 3465 3274 3467
11335 3977 4116 1083 4145
11336 3989 4036 3961 4097
11337 1070 4077 1079 4144
11338 1008 4155 4131 4258
11339 3921 4104 3980 4233
11340 4095 4139 3923 4189
11341 3929 4086 4044 4120
11342 3558 4001 4174 4185
11343 3501 3526 3517 4006
11344 3648 3167 3209 3649
11345 3662 3978 4098 4247
11346 3981 4180 3940 4229
11347 3241 3296 4009 4177
11348 988 3956 1005 4206
11349 3912 4166 4141 4244
11350 3931 3983 4163 4255
11351 3651 3206 3169 3650
11352 2701 4063 1101 4133
11353 3523 3524 3522 4238
11354 3907 4065 3976 4121
11355 659 3104 658 4013
11356 3128 4138 3994 4154
11357 3123 3637 3744 3648
11358 2795 4117 4036 4219
11359 1069 4112 4225 4245
11360 3922 4053 4033 4087
11361 3154 3145 3153 4107
11362 3104 3183 4103 4189
11363 3692 3978 3695 4207
11364 3464 3253 3255 4193
11365 3913 4035 3992 4053
11366 3139 3176 3199 4067
11367 4011 3944 4146 4248
11368 4026 4077 3926 4112
11369 3989 4035 3922 4097
11370 3468 3999 4122 4204
11371 2742 2802 2753 4079
11372 3923 4090 4095 4189
11373 2713 2714 4045 4049
11374 3597 3598 3244 4177
11375 664 665 3184 3991
11376 3626 3689 3652 4128
11377 3464 3707 3706 3257
11378 3937 4063 3947 4146
11379 4008 4141 3981 4194
11380 3608 3497 3643 4009
11381 3517 3501 4006 4108
11382 1078 1049 3447 4180
11383 3993 4057 3927 4184
11384 3977 3917 4075 4253
11385 3932 4124 4060 4222
11386 3928 4005 3977 4252
11387 4035 4053 3922 4211
11388 4029 4086 3929 4120
11389 992 3968 4046 4197
11390 3913 4110 4070 4209
11391 3529 4054 3524 4069
11392 4070 4110 3960 4209
11393 3293 3304 3238 3627
11394 3688 3615 3691 4203
11395 3943 4003 4132 4257
11396 665 666 3117 4083
11397 1081 1053 1100 4010
11398 3671 3980 4034 4224
11399 680 3234 4173 4254
11400 2743 4033 2805 4087
11401 4041 4206 3993 4227
11402 4047 4139 3971 4216
11403 3108 3988 3216 4096
11404 3670 3494 4034 4224
11405 2734 3996 2822 4093
11406 4001 3586 4174 4272
11407 2734 4093 4032 4130
11408 2702 4082 4030 4267
11409 3128 3177 3130 3994
11410 3169 3209 3649 3115
11411 3982 4139 4047 4216
11412 3922 4097 4035 4211
11413 4064 4106 3946 4218
11414 2734 3996 4093 4130
11415 4028 4101 3953 4107
11416 2799 4083 4117 4239
11417 3117 3202 3161 4083
11418 2697 2797 2819 4088
11419 4062 3950 4184 4199
11420 3931 4069 4054 4255
11421 680 3234 28 4173
11422 3546 3635 3549 4109
11423 3995 4090 3948 4095
11424 1018 964 992 4046
11425 4135 4153 3932 4270
11426 2801 2803 4044 4120
11427 3928 4059 3958 4215
11428 3478 3480 3998 4151
11429 2839 3991 3110 4269
11430 3970 4076 3986 4226
11431 3615 3642 3488 4091
11432 3920 3969 4100 4131
11433 3940 4141 3981 4244
11434 968 967 4057 4168
11435 4040 4160 3935 4204
11436 3628 3532 3584 4199
11437 3117 666 3218 4083
11438 3489 3490 3997 4181
11439 3972 4042 3910 4169
11440 3527 3992 3506 4111
11441 3521 3520 4076 4226
11442 3926 4026 4001 4144
11443 3474 4060 4037 4241
11444 3943 4152 4003 4257
11445 3653 3267 3652 3689
11446 3732 3690 3725 4197
11447 3691 3990 4151 4203
11448 2721 2727 2738 4240
11449 3220 3285 3268 4261
11450 2795 3976 4117 4219
11451 3981 4116 3940 4180
11452 1074 1096 4162 4214
11453 3489 3490 3487 4165
11454 4017 4029 3935 4160
11455 973 975 974 4041
11456 3923 4095 4090 4181
11457 1006 3973 4179 4206
11458 3543 3539 3621 4175
11459 977 983 979 4256
11460 2735 4000 2804 4071
11461 3731 4084 3956 4199
11462 3944 4026 4001 4146
11463 1067 1098 1066 4026
11464 2792 2807 2706 4149
11465 3295 3253 3464 3257
11466 2836 3196 659 4013
11467 2803 2801 4044 4223
11468 4076 4226 3520 4238
11469 3995 4067 3136 4157
11470 2744 4036 2758 4260
11471 3923 3957 4095 4181
11472 1025 962 2829 4025
11473 3976 3907 4079 4152
11474 3476 4037 3474 4060
11475 3251 3465 3255 4193
11476 2721 3979 2808 4182
11477 3138 3173 4119 4190
11478 3917 4194 3986 4238
11479 2699 2800 2817 4132
11480 3489 3997 4165 4181
11481 1011 4125 3949 4212
11482 3219 680 3108 3988
11483 3241 4009 3296 4085
11484 3500 3537 3538 3995
11485 2721 2738 3979 4240
11486 2816 2759 2832 4012
11487 3935 4086 4029 4120
11488 3584 3575 3720 4199
11489 3548 3552 4096 4201
11490 3953 3924 4148 4233
11491 955 4078 984 4133
11492 3618 3981 3619 4180
11493 663 2839 3110 4269
11494 3940 4180 4116 4229
11495 3661 3530 4147 4265
11496 2802 4002 4079 4246
11497 3461 3286 3300 4143
11498 3593 3300 3263 4143
11499 3510 4186 4024 4187
11500 3734 4005 4136 4215
11501 3501 3679 3536 4067
11502 3682 4054 4029 4205
11503 3926 4038 3952 4272
11504 3555 3974 4085 4217
11505 3132 3171 3134 4056
11506 3550 3988 3552 4201
11507 2846 2824 2774 4237
11508 3924 3957 4119 4190
11509 3956 4057 3993 4184
11510 680 3216 3988 4173
11511 3300 3594 3593 3263
11512 2830 2776 2777 4063
11513 3544 3994 3543 4175
11514 3966 4080 4098 4207
11515 3707 3705 3592 4066
11516 1010 966 1024 4168
11517 3981 4166 3619 4180
11518 3520 3516 3519 3986
11519 3111 657 3204 4027
11520 3197 3153 3152 3985
11521 3934 4104 4062 4156
11522 4047 4139 3982 4235
11523 3948 4095 4090 4189
11524 3921 3980 4104 4156
11525 3679 3500 3672 4067
11526 1005 996 949 4084
11527 3735 3199 3604 3191
11528 1099 1083 4116 4145
11529 3926 4077 4026 4144
11530 2771 2772 2737 4237
11531 3692 3610 4098 4207
11532 3913 3972 4110 4209
11533 3928 4059 4005 4252
11534 3219 680 3988 4254
11535 3688 4109 4048 4203
11536 3912 3979 4141 4178
11537 981 980 979 4100
11538 3977 4075 3940 4145
11539 3584 4062 3575 4199
11540 3171 3155 3137 4095
11541 3923 3971 4013 4139
11542 3541 3994 3544 4138
11543 3942 4064 4002 4264
11544 3153 3152 3985 4148
11545 3471 4073 3643 4124
11546 3504 4102 3992 4236
11547 3537 3995 3500 4090
11548 3725 4101 3968 4197
11549 3974 4082 3939 4228
11550 3978 4134 3695 4207
11551 3535 3606 3623 4028
11552 2692 4017 2820 4120
11553 2745 4033 2775 4260
11554 2761 2795 2694 4117
11555 3911 4050 3966 4055
11556 2757 4020 2748 4161
11557 3963 4198 4047 4237
11558 3728 3656 3211 3459
11559 3602 3605 3158 3715
11560 3474 4037 3476 4241
11561 664 2694 665 3991
11562 3525 4038 3613 4166
11563 2813 2766 2704 4010
11564 3986 3520 4226 4238
11565 3475 3600 3484 4043
11566 3688 3635 3545 4048
11567 1070 1079 1098 4144
11568 3915 4051 3962 4110
11569 4033 4053 3972 4087
11570 2820 4039 4017 4161
11571 984 982 981 4248
11572 3563 4085 3556 4177
11573 981 4011 980 4100
11574 2743 2775 2805 4033
11575 655 3119 28 4173
11576 3599 3596 3974 4222
11577 3953 3924 4119 4148
11578 3930 4082 3974 4228
11579 1053 4010 2704 4118
11580 3551 4201 3549 4217
11581 3509 4024 3508 4147
11582 664 3110 2839 3991
11583 3696 4037 4004 4241
11584 2845 4017 2692 4081
11585 4042 4169 3972 4242
11586 3722 4058 3587 4185
11587 3205 3982 3189 4139
11588 4023 4174 4001 4185
11589 3177 3994 3128 4263
11590 3734 4059 4005 4215
11591 3189 4164 3159 4190
11592 3522 4076 4054 4205
11593 3500 3995 3538 4157
11594 3576 3534 3623 4028
11595 955 984 1001 4133
11596 3921 4046 3951 4150
11597 2756 4020 4017 4259
11598 3938 4014 4173 4201
11599 4048 3916 4103 4175
11600 3704 3702 3582 4040
11601 3530 3574 4023 4105
11602 3492 3997 3490 4181
11603 3478 4037 3476 4151
11604 3966 4094 4050 4198
11605 965 4168 968 4202
11606 3937 4225 4112 4245
11607 2812 4145 4075 4253
11608 3930 4099 4027 4267
11609 3215 4150 3951 4221
11610 4023 4174 3936 4183
11611 3570 3733 3677 4154
11612 3970 3915 4051 4226
11613 3965 3937 4171 4271
11614 3709 3706 3592 3259
11615 3624 4111 3962 4247
11616 3250 3252 3294 3999
11617 988 4179 3956 4206
11618 4038 4183 3926 4191
11619 3968 4046 3921 4107
11620 3719 3729 3444 4179
11621 2801 4120 4044 4223
11622 3171 3137 3134 3995
11623 3163 3131 3677 3194
11624 3620 3447 1049 4180
11625 2795 2741 2760 3976
11626 3911 4035 3989 4097
11627 3956 4084 4057 4184
11628 4014 4138 3938 4263
11629 3127 4014 3157 4138
11630 3646 3552 3550 3988
11631 3924 3953 4108 4233
11632 4023 4106 3936 4218
11633 3924 4108 3953 4119
11634 1092 4180 3952 4229
11635 3197 3152 3210 3985
11636 2735 2724 4000 4071
11637 4044 4086 3967 4223
11638 3621 4090 3622 4091
11639 2822 2842 2788 4093
11640 3635 4048 3688 4109
11641 3912 4008 4141 4166
11642 3196 4013 4139 4189
11643 3196 3214 4013 4189
11644 3520 3986 3519 4194
11645 3914 3987 4061 4093
11646 3969 3723 4185 4258
11647 3157 4138 4014 4263
11648 3909 3961 4097 4142
11649 3922 4033 3989 4260
11650 958 2838 1023 4133
11651 3922 4036 4097 4220
11652 3987 3925 4149 4249
11653 3476 4037 3696 4241
11654 3177 4103 3994 4263
11655 3177 3149 3130 3994
11656 3103 3159 3189 4164
11657 1070 1071 1096 4112
11658 3981 4141 3940 4252
11659 3686 3533 3980 4156
11660 2833 663 662 4235
11661 3994 3938 4103 4175
11662 3474 3476 3696 4241
11663 2735 2724 2728 4000
11664 3103 4164 3982 4235
11665 2701 1090 1101 4063
11666 655 668 4099 4173
11667 3742 3133 3163 3190
11668 3215 3160 4150 4221
11669 3975 4126 3959 4169
11670 3717 3731 3439 4084
11671 3701 3485 4029 4086
11672 2845 2820 2692 4017
11673 4042 4049 3959 4242
11674 1054 4016 3743 4188
11675 1069 1102 4112 4245
11676 3931 4040 3983 4255
11677 2820 4017 2757 4161
11678 984 981 4011 4248
11679 2735 2828 4000 4130
11680 3131 3132 3133 4056
11681 3616 3612 3617 4194
11682 1073 4162 4114 4229
11683 1092 1074 4162 4214
11684 3935 4029 4017 4120
11685 3949 4100 3920 4195
11686 2754 4259 4234 4268
11687 3159 4164 4119 4190
11688 3635 4109 3688 4203
11689 1091 2693 2778 4068
11690 3303 3276 3248 3967
11691 3951 4083 4158 4251
11692 3743 1054 1093 4016
11693 2695 4044 2803 4089
11694 3488 3486 3482 3984
11695 978 980 1008 4100
11696 2733 2737 2732 4070
11697 3250 3252 3999 4122
11698 3918 4037 4004 4134
11699 3915 4110 3962 4169
11700 991 4003 952 4132
11701 1078 1092 4180 4214
11702 3945 4035 4097 4211
11703 3661 3530 3509 4147
11704 2764 2763 2765 4212
11705 3620 3619 3738 4180
11706 3701 3682 3566 4160
11707 3582 3703 3701 4160
11708 2749 2780 2806 4137
11709 1064 1077 4078 4133
11710 3197 3985 3210 4269
11711 3587 3722 3721 4058
11712 3682 4054 3566 4160
11713 3206 684 3292 3654
11714 1007 1022 1014 4140
11715 4002 4115 3942 4246
11716 3924 3980 4034 4142
11717 3925 4037 3998 4151
11718 1016 3116 1012 3459
11719 995 951 1006 4179
11720 989 962 1025 4025
11721 1076 1073 1043 4114
11722 3184 3117 3161 4083
11723 3928 4052 4010 4136
11724 3917 4059 4194 4238
11725 2836 4013 659 4243
11726 3986 4226 4076 4238
11727 4010 4088 2766 4234
11728 3504 3506 3527 3992
11729 4010 4012 3933 4052
11730 3569 4040 3704 4255
11731 1019 3451 3656 4074
11732 3698 3478 3481 3998
11733 4091 4103 3916 4175
11734 3276 3248 3967 4135
11735 2702 2794 2827 4267
11736 3534 3576 3561 4101
11737 3911 3997 4050 4055
11738 1086 3227 1056 4016
11739 3142 3141 3140 4006
11740 2795 3976 2760 4117
11741 3924 3980 4142 4233
11742 4040 4081 3935 4160
11743 3635 3601 4109 4203
11744 3910 3959 4126 4169
11745 3220 3261 3269 3983
11746 972 3993 973 4206
11747 3635 3688 3601 4203
11748 3734 3617 4005 4059
11749 4013 3923 4139 4189
11750 3681 4051 3978 4247
11751 4012 4052 3928 4069
11752 3461 3300 3593 4143
11753 3523 4059 3577 4215
11754 3909 4142 4097 4220
11755 982 986 4011 4248
11756 3541 3994 4138 4154
11757 3103 3982 3205 4235
11758 3609 3527 3610 4098
11759 2820 4017 4039 4120
11760 3134 3995 3136 4157
11761 3942 4049 4218 4264
11762 3911 3966 4050 4198
11763 1052 1062 1061 4005
11764 4045 4137 3912 4182
11765 3209 3212 3151 4096
11766 3134 4056 3995 4157
11767 3980 3686 4156 4167
11768 2786 4032 2734 4093
11769 1053 2704 2837 4118
11770 3599 3974 3555 4228
11771 3921 3985 4104 4233
11772 2779 2778 2806 4114
11773 3531 3530 3574 4023
11774 662 663 3186 4235
11775 3153 3985 3197 4150
11776 3965 3926 4183 4191
11777 3480 3481 3998 4094
11778 3982 3924 4164 4190
11779 3508 4024 3510 4186
11780 3971 4047 3911 4198
11781 2815 2758 2689 4047
11782 3236 4128 4022 4254
11783 3144 4148 4119 4164
11784 1073 4114 1076 4229
11785 3994 4138 3128 4263
11786 1064 4078 955 4133
11787 3481 3998 4094 4207
11788 2776 4245 4063 4271
11789 3982 3189 4139 4190
11790 3656 1012 3116 3459
11791 3966 3914 4094 4198
11792 3591 3594 3709 3282
11793 3719 3724 4105 4155
11794 3924 4034 3980 4224
11795 3219 3988 4128 4254
11796 3618 3981 4180 4192
11797 4075 4145 3977 4253
11798 3527 3506 3624 4111
11799 2767 4002 2802 4246
11800 2741 3976 2795 4219
11801 3951 4158 1010 4168
11802 3586 4001 3587 4144
11803 3616 3617 4059 4194
11804 4044 4135 3276 4223
11805 3931 4054 4160 4255
11806 2802 2742 2731 4079
11807 3583 3719 4105 4265
11808 2788 4093 2787 4249
11809 3926 4214 4077 4272
11810 1045 1088 1066 4140
11811 3931 4012 4069 4163
11812 2709 4245 2776 4271
11813 3210 3985 3152 4164
11814 2840 2762 2821 4132
11815 3532 4062 3584 4199
11816 997 3439 3730 4084
11817 3301 3281 3614 3644
11818 2743 4033 4087 4260
11819 3566 3524 3529 4054
11820 2818 2701 1101 4133
11821 3962 4110 4051 4247
11822 681 3219 680 3108
11823 3930 4082 4099 4267
11824 3216 3108 680 3988
11825 3979 4075 4137 4141
11826 994 973 991 4132
11827 3978 3692 4098 4207
11828 3672 3500 3538 4157
11829 3156 4139 3189 4190
11830 3510 3508 3509 4024
11831 3987 4093 3914 4196
11832 3199 3735 3175 3191
11833 2803 4044 673 4223
11834 3604 3673 3735 3191
11835 3984 3914 4094 4159
11836 3148 3138 3137 4095
11837 3619 3981 3612 4166
11838 4030 4082 2702 4153
11839 3522 4054 3682 4205
11840 3539 3541 3540 4056
11841 3911 3982 4047 4216
11842 1083 1082 1087 4145
11843 3946 4105 4023 4106
11844 4011 4100 3949 4195
11845 2778 1043 1091 4068
11846 3947 4078 4063 4133
11847 2713 2715 2714 4049
11848 3512 4186 3510 4187
11849 3264 3974 4153 4200
11850 3942 4042 4049 4264
11851 3673 3190 3135 4157
11852 3952 4191 4162 4244
11853 3942 4106 4064 4264
11854 3914 4080 3966 4094
11855 1056 4016 3227 4143
11856 2756 2748 2757 4020
11857 3557 3531 3558 4174
11858 3682 4029 3701 4205
11859 2715 2716 2714 4182
11860 3589 3713 3445 4188
11861 1105 1060 1050 4118
11862 3958 4020 4230 4268
11863 3723 3722 4185 4258
11864 2738 4075 3979 4176
11865 3650 3651 3206 3654
11866 3913 4070 4033 4209
11867 3674 3713 3589 4052
11868 4046 4150 3160 4221
11869 1006 4131 987 4155
11870 1061 4005 1062 4136
11871 2701 2777 4063 4133
11872 3948 4103 4091 4175
11873 2768 4018 4115 4208
11874 3117 4083 3218 4232
11875 2723 2722 4031 4071
11876 1102 1072 4112 4245
11877 3924 4142 3985 4233
11878 3544 3543 3545 4175
11879 3936 4174 4038 4183
11880 3914 4061 4198 4237
11881 2703 4025 2799 4239
11882 2820 2845 2757 4017
11883 1051 1065 1066 4078
11884 3719 3630 3631 4179
11885 3931 4081 4017 4259
11886 2803 673 2801 4223
11887 3924 3957 4108 4119
11888 3187 1012 3116 4074
11889 2703 666 2799 4025
11890 958 1001 1013 4133
11891 3175 3735 3604 3603
11892 3692 3684 3610 4207
11893 3966 4080 3914 4198
11894 3220 3983 3269 4170
11895 680 28 3119 4173
11896 3247 3222 4009 4135
11897 3928 4012 4010 4052
11898 953 3667 3452 4058
11899 3634 3633 3663 4138
11900 980 982 986 4011
11901 2735 4000 2728 4130
11902 3985 4164 3210 4269
11903 1006 4041 976 4131
11904 3690 3579 3686 4156
11905 1101 4063 1077 4133
11906 3478 3698 3476 4037
11907 2797 3977 4145 4253
11908 3932 4153 4009 4222
11909 4038 4191 3952 4244
11910 3248 3247 4073 4135
11911 3958 4230 4021 4268
11912 3205 3103 3189 3982
11913 3931 4081 4040 4160
11914 989 4025 4003 4231
11915 3720 3575 3585 4202
11916 3480 4094 3998 4159
11917 2759 4012 2698 4170
11918 2791 4039 2793 4262
11919 4106 4218 4064 4264
11920 3997 4034 3924 4224
11921 3536 3526 4006 4129
11922 3533 3671 3686 3980
11923 3503 4172 4102 4236
11924 2690 1000 4015 4212
11925 3627 3625 3694 4250
11926 3730 997 4084 4202
11927 3540 4056 3541 4154
11928 2810 2834 2769 4125
11929 4030 4082 3930 4267
11930 3933 4052 4012 4163
11931 2694 2799 665 4117
11932 3276 3967 3303 4223
11933 1013 2809 2705 2847
11934 2783 4030 4153 4270
11935 3921 4101 3968 4107
11936 2817 2800 2843 4003
11937 3932 4043 4030 4153
11938 3969 4105 4023 4185
11939 3595 3589 4188 4213
11940 658 657 2807 3204
11941 2824 3205 660 4139
11942 3951 4104 4083 4251
11943 3502 3494 3671 4034
11944 3227 1086 3280 4016
11945 3723 3685 3574 4185
11946 3992 4053 4035 4211
11947 2691 4114 2780 4145
11948 3947 4011 4146 4248
11949 1090 1077 1101 4063
11950 3264 4153 4082 4200
11951 3232 3297 3280 4016
11952 2827 2794 4149 4267
11953 2704 4010 2816 4118
11954 3534 3535 4028 4129
11955 3940 3977 4116 4252
11956 3926 4038 4174 4183
11957 3686 3980 3671 4167
11958 3699 3701 3485 4029
11959 3962 3975 4169 4186
11960 3242 3241 4085 4177
11961 2721 4182 2716 4240
11962 3911 4047 3971 4216
11963 3914 3971 4061 4123
11964 3929 4029 4004 4241
11965 3701 3703 3485 4086
11966 3256 4066 3999 4193
11967 3144 3142 4119 4148
11968 3699 4029 3485 4241
11969 2803 4089 4044 4262
11970 3520 3516 3986 4226
11971 3921 4107 4046 4150
11972 3154 3153 3160 4150
11973 656 4027 3111 4099
11974 4044 4120 2803 4262
11975 3967 4135 4044 4223
11976 1012 1019 3656 4074
11977 1064 955 1017 4133
11978 3559 3598 3643 4073
11979 3219 4128 3236 4254
11980 3935 4086 4120 4223
11981 4012 4170 3931 4259
11982 3644 3244 3281 3597
11983 3439 997 949 4084
11984 3687 4217 4109 4228
11985 983 1011 979 4212
11986 4119 4164 3924 4190
11987 3558 4001 3586 4174
11988 3967 3276 4135 4223
11989 2695 4044 4089 4270
11990 3925 4030 4149 4249
11991 3674 4052 3589 4163
11992 4234 4259 4012 4268
11993 3543 3544 3541 3994
11994 4083 3927 4158 4251
11995 2824 661 660 3205
11996 2791 2793 2790 4262
11997 3981 4059 4194 4252
11998 4024 4126 3936 4187
11999 3179 3154 3162 4107
12000 3479 3480 4151 4159
12001 3978 4098 4080 4207
12002 3137 3136 3134 3995
12003 3512 3975 4186 4187
12004 3526 3501 3536 4006
12005 4047 4198 3971 4237
12006 3691 3990 3479 4151
12007 2759 2832 4012 4170
12008 2792 2787 2789 4149
12009 3140 3138 3173 4119
12010 3690 3732 3579 4156
12011 3168 3108 3216 4096
12012 2768 4018 2769 4115
12013 3202 4083 3117 4232
12014 3565 3695 3681 4134
12015 4058 4185 3722 4258
12016 3688 3642 3615 4048
12017 3628 4102 3503 4172
12018 3945 4055 4035 4236
12019 3914 4061 3971 4198
12020 3551 3549 3687 4217
12021 3928 4215 3958 4268
12022 3974 3939 4217 4228
12023 3512 3510 3676 4187
12024 3675 3491 3609 4055
12025 4063 4078 3947 4225
12026 1069 4112 4026 4225
12027 3922 4036 3989 4097
12028 2751 2823 4239 4257
12029 3497 3608 3596 4009
12030 2729 2767 2802 4246
12031 2765 2834 2764 4212
12032 3143 4028 3147 4129
12033 3548 4096 4014 4201
12034 3915 3986 4127 4226
12035 3994 4103 3938 4263
12036 3187 3208 3106 4074
12037 3503 3495 4172 4236
12038 3620 3618 3619 4180
12039 3246 3289 3580 3242
12040 1097 4010 1053 4118
12041 3574 3724 3723 4105
12042 4009 4153 3974 4222
12043 2712 2806 2710 4171
12044 2754 4020 4259 4268
12045 3927 4065 3976 4152
12046 1055 1023 2838 4133
12047 3912 4191 4038 4244
12048 3668 3734 4005 4136
12049 1002 991 952 4132
12050 2708 1090 2701 4063
12051 3981 4194 3917 4252
12052 3512 3515 3513 4127
12053 3533 4062 3980 4156
12054 3954 4137 4114 4244
12055 3173 3159 4119 4190
12056 3236 4022 3235 4254
12057 2785 2695 2803 4089
12058 3479 3990 3615 4159
12059 3586 3571 4174 4272
12060 2708 1042 4063 4245
12061 2698 4170 4012 4259
12062 3519 4008 3611 4194
12063 2749 4137 4045 4182
12064 4012 4069 3928 4268
12065 1090 2708 1042 4063
12066 1093 3454 3743 4016
12067 2752 2742 4079 4257
12068 3134 3132 4056 4157
12069 4048 4091 3916 4175
12070 3965 4049 3942 4208
12071 3255 3253 3251 4193
12072 3923 3971 4139 4216
12073 2749 4045 2714 4182
12074 3671 4167 3980 4224
12075 2701 2818 2777 4133
12076 2783 4030 2702 4153
12077 3951 4168 4104 4251
12078 2705 2838 958 4133
12079 4012 4234 2759 4259
12080 3941 3992 4053 4111
12081 3732 4019 3585 4156
12082 3241 3296 3264 4085
12083 3940 4116 3981 4252
12084 3284 3293 3238 3627
12085 3242 3241 3240 4085
12086 3264 670 4082 4153
12087 2748 4020 2754 4230
12088 3600 3599 4043 4222
12089 3256 3999 3252 4193
12090 2735 2804 2724 4071
12091 3995 4056 3538 4157
12092 3597 3244 3246 4177
12093 3988 4096 4014 4173
12094 3605 3147 3158 3164
12095 4068 4112 1072 4245
12096 3911 3971 4198 4216
12097 3637 3678 3648 4096
12098 3654 3292 3650 3653
12099 3478 3479 3480 4151
12100 3144 4119 3159 4164
12101 3587 4001 3558 4185
12102 3932 4044 4124 4135
12103 1094 1087 1046 4088
12104 2774 4237 3971 4243
12105 3991 4036 4117 4266
12106 2824 661 3205 4139
12107 3924 4108 4167 4233
12108 3188 3278 681 4072
12109 3300 3282 3594 3263
12110 2820 4039 2791 4120
12111 3202 4221 3951 4232
12112 3612 3519 3611 4194
12113 3971 4123 3914 4198
12114 2719 2715 2770 4049
12115 2792 2841 2807 4092
12116 2751 2741 2742 4079
12117 3569 3704 3567 4255
12118 3222 4135 3288 4270
12119 2817 2843 2823 4003
12120 3497 4009 3596 4222
12121 3921 4167 4101 4233
12122 2758 2815 2745 3989
12123 3268 3258 3261 4113
12124 3484 3600 3599 4043
12125 3134 3133 3132 4157
12126 3951 4158 4168 4251
12127 4032 4039 3929 4262
12128 2718 2721 2716 4240
12129 4060 4086 3929 4241
12130 3133 4056 3132 4157
12131 3974 4217 3555 4228
12132 3604 3679 3672 4067
12133 3479 3691 3615 3990
12134 3534 3526 3535 4129
12135 3550 3552 3548 4201
12136 672 3276 4044 4135
12137 2824 4047 2689 4235
12138 3699 4004 3581 4205
12139 3630 3518 3629 4007
12140 2814 2739 4021 4176
12141 2748 2754 2747 4230
12142 673 4044 3276 4223
12143 3263 3262 4113 4143
12144 3973 3956 4179 4206
12145 3619 3612 3611 4166
12146 3999 4040 3935 4204
12147 2706 4149 4027 4267
12148 2759 2698 4012 4259
12149 3531 3685 3558 4185
12150 3585 4156 4019 4202
12151 3999 4122 3252 4193
12152 3489 4165 4090 4181
12153 2822 2773 2842 4061
12154 3682 3522 3524 4054
12155 1058 1048 1059 4136
12156 2709 2708 2776 4245
12157 3942 4115 4195 4208
12158 673 672 3276 4044
12159 3184 665 3117 4083
12160 961 1012 3187 4074
12161 3519 3515 3611 4008
12162 3583 3719 3724 4105
12163 2743 2775 4033 4260
12164 3955 4079 4002 4246
12165 3966 4094 4080 4207
12166 2782 3972 4209 4242
12167 983 4015 1000 4212
12168 3647 3648 3552 4096
12169 3178 3204 3104 4103
12170 3696 3581 3699 4004
12171 4057 4084 3934 4184
12172 3208 3182 3150 4074
12173 2754 2759 4234 4259
12174 2727 2722 4071 4240
12175 3546 3548 4014 4201
12176 3286 3263 3300 4143
12177 3973 3946 4105 4265
12178 2731 2742 2741 4079
12179 3478 3480 3481 3998
12180 4022 4128 3988 4254
12181 3622 4090 3489 4165
12182 2713 4045 2712 4171
12183 998 953 3452 4058
12184 2737 2822 2732 3996
12185 3989 4036 3922 4260
12186 4021 4176 2739 4230
12187 3924 4167 4108 4224
12188 4017 4020 3931 4259
12189 968 967 969 4057
12190 973 972 971 3993
12191 3295 3464 3706 3257
12192 3979 3959 4182 4240
12193 2704 2816 2837 4118
12194 2760 2751 2823 4239
12195 3917 4075 3979 4141
12196 1070 4026 1069 4112
12197 4018 4195 4115 4208
12198 3489 4090 3496 4181
12199 993 4015 983 4256
12200 964 965 4019 4168
12201 2790 2734 4032 4130
12202 2747 4021 2739 4230
12203 1015 955 1064 4078
12204 3949 4115 4018 4195
12205 4016 4113 3262 4143
12206 3924 4167 4224 4233
12207 2733 2725 2781 4070
12208 1069 4225 1102 4245
12209 3921 3951 4104 4150
12210 2785 4089 2803 4262
12211 3297 3262 4016 4113
12212 4029 4086 3485 4241
12213 3603 3602 3174 3715
12214 3560 3624 3511 4247
12215 1044 1099 4114 4145
12216 1052 1063 4005 4192
12217 1010 4158 3951 4232
12218 1062 1052 1063 4005
12219 3699 4205 4029 4241
12220 2739 2747 2814 4021
12221 3111 3204 3178 4103
12222 3567 4040 3582 4160
12223 3950 4102 4172 4220
12224 1063 4116 4005 4192
12225 4073 4124 3967 4135
12226 4042 3942 4246 4264
12227 3673 3742 3190 4157
12228 2759 2698 2832 4170
12229 4005 4059 3928 4215
12230 2807 657 2706 4027
12231 2725 2781 4070 4209
12232 3468 4122 3999 4193
12233 1015 1064 1051 4078
12234 3132 4056 3131 4154
12235 3921 4104 3985 4150
12236 3129 4138 3128 4154
12237 3504 3992 3527 4236
12238 993 983 977 4256
12239 3518 3661 3507 4147
12240 2717 2718 2716 4242
12241 3241 3243 3296 4177
12242 3990 4048 3930 4203
12243 974 972 973 4206
12244 3149 3177 3178 4103
12245 3985 4148 3152 4164
12246 3967 4124 4044 4135
12247 3296 3247 3222 4009
12248 3496 3489 3622 4090
12249 2758 3989 2745 4260
12250 4030 4089 3932 4270
12251 4045 4137 3954 4244
12252 672 4135 4044 4270
12253 3537 3622 3621 4090
12254 3567 3704 3582 4040
12255 2825 2845 2692 4081
12256 1000 983 993 4015
12257 3922 4097 4211 4220
12258 3699 3696 4004 4241
12259 2697 2813 1046 4088
12260 2695 2803 4044 4270
12261 4004 4029 3919 4205
12262 3961 4235 4164 4269
12263 4021 2814 4176 4253
12264 2785 4032 4089 4262
12265 3256 3999 4066 4261
12266 3243 4009 3296 4177
12267 4082 4153 3974 4200
12268 3227 4016 3262 4143
12269 3141 3139 3140 4006
12270 3238 3304 3237 4250
12271 1077 1065 4078 4225
12272 3912 4137 4045 4244
12273 4052 4069 4012 4163
12274 3915 3975 4127 4178
12275 2763 2690 4015 4212
12276 3468 3999 3493 4193
12277 3268 3261 3220 3983
12278 3248 4073 3249 4122
12279 2837 1106 1053 4118
12280 2732 3996 2734 4130
12281 659 3196 2836 660
12282 3974 3599 4222 4228
12283 3668 3734 3441 4005
12284 2791 4120 4039 4262
12285 3924 4224 3980 4233
12286 2721 3979 4182 4240
12287 3649 3651 3169 3650
12288 3111 3178 3217 4103
12289 1046 2813 1081 4088
12290 3632 3613 3525 4038
12291 4001 4026 3944 4144
12292 3915 4127 3986 4178
12293 3186 4164 4235 4269
12294 1008 987 4131 4155
12295 3944 4146 4078 4225
12296 3919 4020 4017 4161
12297 2844 4039 2820 4161
12298 3679 3604 3536 4067
12299 3917 4021 4176 4253
12300 3944 4026 4146 4225
12301 3732 3585 3579 4156
12302 1064 1017 1055 4133
12303 4043 4222 3599 4228
12304 3555 4085 3554 4217
12305 3195 3157 3127 4014
12306 1052 4005 3441 4192
12307 3284 3265 3267 3689
12308 4019 4168 965 4202
12309 2767 2753 2802 4002
12310 3734 4136 3578 4215
12311 2691 1044 4114 4145
12312 3743 4016 3595 4188
12313 3684 3483 3675 4094
12314 2794 4149 4030 4249
12315 2797 4145 2812 4253
12316 4162 4191 3954 4244
12317 3998 4094 3914 4196
12318 4003 4239 2823 4257
12319 3979 4075 3917 4176
12320 668 4082 2707 4099
12321 3533 4062 3532 4172
12322 3916 3987 4092 4123
12323 1006 974 4041 4206
12324 3718 4019 956 4202
12325 3945 4172 4102 4220
12326 3474 3485 4086 4241
12327 3297 3262 3227 4016
12328 3503 4102 3504 4236
12329 999 3121 962 4025
12330 684 3206 3120 3654
12331 3739 3286 3461 4143
12332 2691 1044 2779 4114
12333 4031 4071 2722 4240
12334 2814 2739 4176 4253
12335 4114 4162 3954 4229
12336 3992 4102 3941 4211
12337 3512 3513 3511 4186
12338 2808 4137 2749 4182
12339 2779 1044 1104 4114
12340 2734 2822 2788 4093
12341 3914 3998 4080 4094
12342 3987 3914 4123 4196
12343 1075 1092 4162 4229
12344 989 1020 4025 4231
12345 3250 3248 3249 4122
12346 1009 1000 2835 4212
12347 3538 4056 3542 4157
12348 2702 2783 2794 4030
12349 3921 4150 3985 4233
12350 1020 4158 4025 4231
12351 3912 4141 4137 4244
12352 3588 3586 3587 4144
12353 3469 3643 3471 4073
12354 2817 4003 2823 4257
12355 3587 3586 3558 4001
12356 3920 3973 4131 4227
12357 3928 4069 4052 4215
12358 990 981 1011 4125
12359 3191 3135 3673 3190
12360 2823 4003 2843 4239
12361 3645 4108 3517 4167
12362 3453 3737 1045 4144
12363 3542 3538 3540 4056
12364 3546 3548 3547 4014
12365 1089 3286 3739 4143
12366 3555 3556 3554 4085
12367 3474 3485 3472 4086
12368 661 2824 2689 4235
12369 3915 4071 4031 4240
12370 2722 2804 2727 4071
12371 3741 3620 1049 4180
12372 3705 3493 3704 4066
12373 3699 3581 3564 4205
12374 4027 4099 2706 4267
12375 956 4019 965 4202
12376 2734 2732 2822 3996
12377 3915 4031 4110 4169
12378 3595 4188 4016 4213
12379 3205 3189 3156 4139
12380 3517 3499 3501 4108
12381 664 3184 3110 3991
12382 3673 3542 3742 4157
12383 3104 3183 3178 4103
12384 3294 3252 3256 3999
12385 3971 4198 4061 4237
12386 3950 4121 4102 4220
12387 4012 3931 4069 4268
12388 3593 3461 3594 3300
12389 2798 4161 2748 4230
12390 3953 4167 4108 4233
12391 1053 1106 1097 4118
12392 2805 2781 2782 4209
12393 3443 88 3718 963
12394 3578 3669 4052 4136
12395 3632 4038 3525 4187
12396 3632 3557 4174 4187
12397 1061 108 3668 4136
12398 2808 2749 2714 4182
12399 3619 3618 3612 3981
12400 3441 4005 3617 4192
12401 3114 1003 4046 4221
12402 2766 2816 4010 4234
12403 3999 4066 3493 4193
12404 1007 4058 986 4248
12405 3489 3492 3490 4181
12406 679 2848 678 4118
12407 3667 3452 96 953
12408 3910 4024 4126 4218
12409 1054 1105 4016 4188
12410 3150 3143 3185 4028
12411 1061 1048 108 4136
12412 3915 4127 4051 4226
12413 3911 4050 3997 4216
12414 3149 3178 3183 4103
12415 3668 107 1061 1052
12416 3274 3301 3281 3614
12417 3986 4127 4008 4178
12418 2750 2812 4075 4253
12419 2763 2764 2690 4212
12420 963 88 3718 956
12421 3936 4126 4024 4218
12422 3111 656 657 4027
12423 2713 2714 2712 4045
12424 3926 4001 4174 4272
12425 3680 4051 3513 4127
12426 2790 4032 2785 4262
12427 3674 4052 4069 4215
12428 4018 3965 4208 4271
12429 3633 3541 3544 4138
12430 3919 4039 4000 4161
12431 3923 3997 4165 4216
12432 976 978 4131 4256
12433 4030 3930 4149 4267
12434 3953 4107 4101 4233
12435 3945 4211 4097 4220
12436 3699 4004 4205 4241
12437 3649 3647 3650 4072
12438 3554 4085 4022 4217
12439 3541 4138 3633 4154
12440 3699 3701 4029 4205
12441 4083 4251 4104 4266
12442 3734 3577 4059 4215
12443 3642 4048 3545 4175
12444 3934 4184 4084 4199
12445 3520 3521 3516 4226
12446 1006 987 995 4155
12447 1078 1092 1049 4180
12448 974 976 1006 4041
12449 3940 4114 4137 4244
12450 3529 4069 4163 4255
12451 4010 4012 3928 4234
12452 3235 3236 3237 4022
12453 3704 4040 3567 4255
12454 3110 3991 3184 4269
12455 2738 2750 4075 4176
12456 977 979 4100 4256
12457 2723 4031 2782 4209
12458 3678 4014 3548 4096
12459 3554 3625 3553 4022
12460 3533 3575 4062 4156
12461 3444 93 995 3729
12462 3483 4094 3480 4159
12463 3172 656 3111 4099
12464 3985 4142 3924 4164
12465 3934 4104 4168 4251
12466 1080 212 1015 960
12467 3605 3535 3602 4129
12468 3523 3616 4059 4238
12469 3912 4141 4008 4178
12470 2744 2761 2758 4036
12471 2739 2727 2746 4176
12472 3674 4069 4052 4163
12473 3921 4101 4107 4233
12474 3529 4163 3568 4255
12475 3518 4007 3630 4265
12476 3562 3554 3556 4085
12477 3562 3554 4085 4250
12478 3628 3503 3532 4172
12479 3686 3579 3533 4156
12480 3128 3127 3157 4138
12481 2698 676 677 4170
12482 3130 3129 3128 4154
12483 3219 3234 680 4254
12484 970 969 967 4057
12485 3948 3994 4103 4175
12486 97 3667 953 3460
12487 3933 4163 4012 4170
12488 2782 4209 4031 4242
12489 3617 3441 3734 4005
12490 2847 2809 2810 4125
12491 3533 3532 3502 4172
12492 2774 4061 4237 4243
12493 4121 4211 4102 4220
12494 4014 4096 3988 4201
12495 3221 3277 674 4223
12496 2708 4063 2776 4245
12497 4078 4146 3947 4225
12498 4094 4159 3914 4196
12499 3439 91 3717 949
12500 3914 4061 3987 4123
12501 2713 4171 2711 4208
12502 3927 4025 4083 4158
12503 3481 4094 3684 4207
12504 4057 3927 4184 4251
12505 673 2803 672 4044
12506 3302 3295 3706 3257
12507 3998 4159 4094 4196
12508 997 3439 90 3730
12509 2786 4032 4093 4249
12510 1069 1102 1072 4112
12511 3958 4215 4069 4268
12512 958 1023 1017 4133
12513 2706 2827 4149 4267
12514 3197 3110 3184 4269
12515 3917 4176 4075 4253
12516 3954 4171 4045 4191
12517 3702 3999 3468 4204
12518 2829 962 667 4025
12519 3941 4053 3992 4211
12520 2722 2718 2723 4031
12521 2735 2728 2828 4130
12522 3522 3521 3520 4076
12523 3529 3567 3566 4255
12524 3232 679 678 4118
12525 3947 4146 4078 4248
12526 3461 3739 1089 3286
12527 3468 3702 3493 3999
12528 4065 4184 3927 4251
12529 3590 4113 4016 4143
12530 2748 4161 4020 4230
12531 3923 4139 3982 4216
12532 4005 4116 3977 4252
12533 2794 2787 4149 4249
12534 2801 2803 4120 4262
12535 3156 4095 3155 4189
12536 3671 4034 3494 4224
12537 3480 3684 3481 4094
12538 3573 3591 3592 4113
12539 996 3717 91 949
12540 3482 3483 3480 4159
12541 3468 3466 4122 4193
12542 3925 4151 3998 4196
12543 3940 4116 3977 4145
12544 3987 4093 3925 4249
12545 1093 1054 1105 4016
12546 669 3264 670 4082
12547 3156 3148 4095 4190
12548 3247 3288 3222 4135
12549 3669 3713 3578 4052
12550 2711 4208 4171 4271
12551 2734 2786 2790 4032
12552 3935 4040 3999 4261
12553 3954 4191 4045 4244
12554 3188 682 3278 4072
12555 3951 4150 4046 4221
12556 3929 4089 4032 4262
12557 4044 4089 3929 4262
12558 967 970 4057 4158
12559 4005 3928 4136 4215
12560 3256 3254 4066 4193
12561 1053 1097 1058 4010
12562 3567 4040 4160 4255
12563 4050 4165 3997 4216
12564 3985 4148 3924 4233
12565 3558 3586 3571 4174
12566 3939 4082 3974 4200
12567 3680 3560 3513 4051
12568 4002 4064 3955 4264
12569 2786 2785 2790 4032
12570 3131 3194 3129 4154
12571 3969 4131 4105 4155
12572 3741 3620 4180 4192
12573 2768 2826 4018 4208
12574 2690 2762 2763 4015
12575 4029 4205 4004 4241
12576 2690 2835 1000 4212
12577 4102 4172 3945 4236
12578 3220 677 676 4170
12579 4057 4168 4158 4251
12580 3545 3642 3688 4048
12581 1084 3741 4180 4192
12582 3537 3500 3496 4090
12583 3972 4110 4031 4169
12584 4017 4039 3919 4161
12585 2747 2755 2814 4021
12586 93 951 995 3729
12587 4063 3947 4146 4225
12588 2733 2732 2725 4070
12589 3618 4180 3620 4192
12590 3244 3246 3281 3597
12591 3922 4087 4033 4260
12592 3741 1049 1084 4180
12593 87 3657 959 4197
12594 3234 3229 668 4254
12595 4109 4217 3939 4228
12596 3625 4022 3554 4250
12597 998 4058 3452 4258
12598 1104 1076 1043 4114
12599 4022 4085 3554 4250
12600 3912 4045 4191 4244
12601 3732 3718 3585 4019
12602 1055 2838 2818 4133
12603 3928 4069 4215 4268
12604 4092 4123 3987 4243
12605 3532 3575 3584 4062
12606 2710 4068 2709 4271
12607 967 4158 4057 4168
12608 3164 3605 3606 3607
12609 2818 2838 1055 1101
12610 3174 3175 3176 3603
12611 4019 4156 3934 4202
12612 949 3439 90 997
12613 2782 2723 2718 4031
12614 2706 657 656 4027
12615 4030 3932 4153 4270
12616 3662 4098 3527 4247
12617 4045 4171 3965 4191
12618 1075 1073 1076 4229
12619 3140 3144 3142 4119
12620 2791 2820 2793 4039
12621 87 3443 3657 4197
12622 3522 4076 3520 4238
12623 3239 4085 4022 4250
12624 3931 4163 4069 4255
12625 3953 4108 4006 4119
12626 3590 3573 3572 4213
12627 3652 4072 3646 4128
12628 4004 4037 3929 4241
12629 3520 3986 4194 4238
12630 2718 4031 2722 4240
12631 3726 3623 3727 4074
12632 3168 3212 3108 4096
12633 3294 3999 3256 4261
12634 3924 4148 3985 4164
12635 3635 3687 3549 4109
12636 3690 3561 4101 4167
12637 3497 4124 4009 4222
12638 214 1017 1064 955
12639 3997 3923 4165 4181
12640 3461 1095 3231 3286
12641 3632 4174 4038 4187
12642 4013 4139 3971 4243
12643 2751 4079 2742 4257
12644 3553 3551 3554 4022
12645 3146 3143 3147 4129
12646 2811 2750 2812 4075
12647 3114 4046 3160 4221
12648 3126 3128 3129 4138
12649 3491 4055 3495 4236
12650 3215 3114 3160 4221
12651 3451 3656 85 1019
12652 3595 3743 3454 4016
12653 3217 4103 3178 4263
12654 1099 4116 1085 4229
12655 2784 2794 4030 4249
12656 3484 4043 3599 4228
12657 2766 4088 2819 4234
12658 3916 4092 4013 4123
12659 3479 4151 3990 4159
12660 3202 3117 3218 4232
12661 3304 3694 3271 4250
12662 997 968 4084 4202
12663 4026 4112 3937 4225
12664 3256 3252 3254 4193
12665 1086 1056 1093 4016
12666 3718 956 89 4202
12667 3453 101 1045 3737
12668 680 3119 3216 4173
12669 3227 3280 3297 4016
12670 999 3121 4025 4232
12671 3969 4155 4105 4258
12672 656 2706 4027 4099
12673 3260 3263 3262 4113
12674 4102 4211 3992 4236
12675 4068 4171 3937 4271
12676 2839 2694 664 3991
12677 3452 4058 3722 4258
12678 3706 3302 3257 3259
12679 3186 4164 3103 4235
12680 2699 2821 1002 4132
12681 2796 2697 369 1046
12682 3707 3493 4066 4193
12683 3243 3247 3296 4009
12684 2829 667 2703 4025
12685 2709 4068 2693 4245
12686 3722 3667 3721 4058
12687 3568 3529 3674 4163
12688 3585 4019 3718 4202
12689 3508 4111 3507 4147
12690 107 3668 3441 1052
12691 3523 3577 3528 4215
12692 2786 2734 2788 4093
12693 1056 1093 4016 4143
12694 3268 3256 4066 4261
12695 991 989 4003 4231
12696 2738 2739 2750 4176
12697 3659 3613 3632 4038
12698 3993 3927 4057 4231
12699 3632 3676 3557 4187
12700 4063 4146 3937 4225
12701 1069 1068 1102 4225
12702 4006 4108 3957 4119
12703 4100 4131 978 4256
12704 2710 4171 4068 4271
12705 3917 4141 3981 4252
12706 3178 4103 3177 4263
12707 4007 4147 3946 4265
12708 3972 4169 4031 4242
12709 957 1018 992 4046
12710 3529 4069 3674 4163
12711 3945 4211 4102 4236
12712 4048 4109 3930 4203
12713 2790 2828 2734 4130
12714 672 4044 2803 4270
12715 4171 4208 3965 4271
12716 3157 3128 4138 4263
12717 3952 4166 3981 4180
12718 3588 3721 3712 4140
12719 955 1064 213 1015
12720 667 962 3121 4025
12721 3690 3686 3561 4167
12722 2723 2724 2722 4071
12723 4063 4245 3937 4271
12724 3168 3195 3127 4014
12725 3533 3579 3575 4156
12726 948 1002 2821 4132
12727 3982 4164 3961 4235
12728 1102 4225 1068 4245
12729 2844 2820 2757 4161
12730 3685 3723 3722 4185
12731 1085 4180 4116 4192
12732 953 3452 96 998
12733 1100 1094 1081 4088
12734 2798 2735 2844 4161
12735 3691 3479 3477 4151
12736 3674 3578 4052 4215
12737 669 3264 4082 4200
12738 3933 3983 4163 4170
12739 2713 2770 2715 4049
12740 3472 3471 3473 4124
12741 3497 3471 3643 4124
12742 3920 4131 4041 4227
12743 3718 89 3730 4202
12744 3734 3577 3617 4059
12745 3931 4259 4020 4268
12746 3931 4012 4259 4268
12747 3484 4203 4043 4228
12748 3717 92 3729 4179
12749 3981 4141 4008 4166
12750 3169 3209 3167 3649
12751 3939 4200 3974 4217
12752 3635 3601 3687 4109
12753 4008 4127 3975 4178
12754 3514 3510 3509 4024
12755 3579 3585 3575 4156
12756 3929 4086 4029 4241
12757 3516 4127 3986 4226
12758 3929 4037 4060 4241
12759 2789 2842 2831 4061
12760 965 956 964 4019
12761 3590 4016 3454 4143
12762 3983 4170 3933 4213
12763 1055 1017 1023 4133
12764 3154 3185 3145 4107
12765 959 3657 86 1019
12766 3194 3677 3163 3733
12767 3926 4174 4001 4183
12768 3451 86 3657 1019
12769 3717 996 92 4179
12770 1077 4063 1068 4225
12771 1043 1072 1091 4068
12772 2782 4031 2718 4242
12773 2717 4042 2720 4242
12774 3548 3678 3547 4014
12775 1073 1071 4112 4162
12776 3705 3707 3493 4066
12777 3601 3687 4109 4228
12778 3523 3616 3577 4059
12779 3551 3550 3549 4201
12780 3563 3556 3608 4177
12781 3608 3643 3598 4177
12782 2706 2827 2792 4149
12783 3567 4160 3566 4255
12784 3669 3668 108 4136
12785 2784 4089 2785 4249
12786 4003 4152 3993 4231
12787 3658 4077 4214 4272
12788 1015 1064 213 1051
12789 3716 4077 3658 4272
12790 4031 3960 4110 4209
12791 2763 2767 2765 4115
12792 3144 3173 3159 4119
12793 3578 4136 4052 4215
12794 1048 3669 108 4136
12795 2784 2794 2783 4030
12796 3980 4224 4167 4233
12797 3973 4206 4041 4227
12798 1012 961 1019 4074
12799 3248 3247 3245 4073
12800 1095 3461 1089 3286
12801 2712 2714 2749 4045
12802 3652 3647 3646 4072
12803 949 997 968 4084
12804 89 956 997 4202
12805 3917 4194 4059 4252
12806 2719 2720 2717 4042
12807 1077 1065 1064 4078
12808 3528 3529 3524 4069
12809 2768 2769 2765 4115
12810 3525 3613 3611 4166
12811 1070 1096 1079 4077
12812 1091 2693 373 2778
12813 2784 4030 4089 4249
12814 2824 2846 2689 4047
12815 4105 4131 3973 4155
12816 2816 2704 2766 4010
12817 4003 4231 4025 4239
12818 4054 4076 3919 4205
12819 3983 3933 4163 4213
12820 991 989 952 4003
12821 4002 3955 4246 4264
12822 2709 4068 4245 4271
12823 2819 2766 2813 4088
12824 1096 1047 4077 4214
12825 3554 4022 3551 4217
12826 968 965 967 4168
12827 4051 4127 3680 4226
12828 2705 2818 2838 4133
12829 1073 1071 1072 4112
12830 964 966 965 4168
12831 3207 300 957 1003
12832 980 981 982 4011
12833 953 1014 97 3460
12834 4029 4054 3919 4205
12835 2713 2770 4049 4208
12836 3668 3578 3734 4136
12837 3453 4077 3716 4144
12838 4083 4158 4025 4232
12839 3925 4093 3987 4196
12840 3667 3722 3452 4058
12841 3476 3698 3696 4037
12842 3932 4124 4009 4135
12843 3934 4168 4057 4251
12844 4041 4131 3973 4227
12845 3235 4022 3239 4200
12846 3151 3168 3125 4096
12847 3235 4022 4200 4254
12848 1006 4179 988 4206
12849 3632 3659 4038 4272
12850 2691 2779 2780 4114
12851 1075 1092 1074 4162
12852 3491 3609 4055 4236
12853 4061 3987 4123 4243
12854 3254 3253 3257 4193
12855 2812 2691 2780 4145
12856 1068 4063 1042 4245
12857 1071 1074 1096 4162
12858 2768 2826 2769 4018
12859 668 3229 669 4082
12860 3681 3560 4051 4247
12861 1079 3453 1045 4144
12862 3590 3595 4016 4213
12863 3188 682 681 3278
12864 3240 3271 3289 4250
12865 3593 4113 3590 4143
12866 3927 3993 4152 4231
12867 3476 3474 3475 4060
12868 976 977 978 4256
12869 3624 3662 3527 4247
12870 957 1003 1018 4046
12871 3953 4148 4107 4233
12872 4025 4231 3927 4239
12873 2692 2820 2801 4120
12874 976 4131 4041 4256
12875 1072 1102 1091 4245
12876 2848 2837 2816 4118
12877 3928 4088 4010 4234
12878 3465 3255 3274 3251
12879 3942 4002 4246 4264
12880 3651 3120 3206 3654
12881 1024 4221 954 4232
12882 1050 1106 679 4118
12883 87 959 963 4197
12884 976 4041 975 4256
12885 3518 3630 3661 4265
12886 3951 4158 4083 4232
12887 3452 3722 3723 4258
12888 1069 1070 1067 4026
12889 1069 4026 1067 4225
12890 92 996 951 4179
12891 3720 4084 3731 4199
12892 1019 3656 85 1012
12893 2758 2745 2744 4260
12894 4119 4148 3924 4164
12895 3988 4173 4014 4201
12896 92 951 3729 4179
12897 89 997 3730 4202
12898 3503 3504 3495 4236
12899 3590 4016 4113 4213
12900 3578 3713 3674 4052
12901 3135 3134 3136 4157
12902 3214 3156 3155 4189
12903 3586 3716 3571 4272
12904 3150 3147 3143 4028
12905 2750 4176 2739 4253
12906 2769 2736 2830 4018
12907 3464 3255 3253 3295
12908 2774 2831 4061 4243
12909 999 962 1020 4025
12910 3286 3231 3461 3300
12911 2708 2693 374 4245
12912 3219 3236 3235 4254
12913 3138 3139 3136 4067
12914 4031 4169 3959 4242
12915 3239 4022 3237 4250
12916 3601 4109 4203 4228
12917 4102 4211 3945 4220
12918 4016 4188 3933 4213
12919 2744 2795 4036 4219
12920 986 4058 998 4258
12921 4022 4085 3239 4200
12922 3662 3692 3610 4098
12923 3443 87 963 4197
12924 2813 367 1081 2704
12925 3645 3517 3561 4167
12926 3677 3163 3749 3742
12927 3472 4086 3703 4204
12928 2779 1104 372 2778
12929 3292 684 3291 3654
12930 3685 3587 3558 4185
12931 947 2809 1013 4125
12932 2750 4075 4176 4253
12933 367 1053 1081 2704
12934 3244 3242 3246 4177
12935 1082 2796 369 1046
12936 3601 4203 3484 4228
12937 3621 4091 3642 4175
12938 3590 4113 3573 4213
12939 2739 4176 2746 4230
12940 1043 1091 373 2778
12941 2696 4092 2841 4243
12942 3104 4013 3214 4189
12943 3699 3682 3701 4205
12944 3187 3116 3182 4074
12945 1075 4162 1073 4229
12946 3583 4105 3530 4265
12947 989 1020 962 4025
12948 300 3207 3114 1003
12949 4114 4229 3954 4244
12950 3934 4168 4019 4202
12951 3278 4072 3265 4128
12952 2834 4125 2700 4212
12953 3145 3142 3144 4148
12954 3644 3281 3614 3660
12955 4152 4239 4003 4257
12956 2740 2743 4087 4219
12957 3534 3535 3623 4028
12958 969 4057 970 4231
12959 3240 4085 3239 4250
12960 661 3103 3205 4235
12961 1101 1055 2818 4133
12962 3468 3493 3466 4193
12963 2798 2748 2746 4230
12964 2817 4132 4003 4257
12965 988 1005 972 4206
12966 2774 4061 2773 4237
12967 3671 3645 4167 4224
12968 3570 3677 3540 4154
12969 3730 4084 3720 4202
12970 3727 3656 3451 4074
12971 1071 1070 1069 4112
12972 3239 4085 3264 4200
12973 2766 2759 2816 4234
12974 949 968 1005 4084
12975 2844 2793 2820 4039
12976 1091 2693 4068 4245
12977 1058 1100 1053 4010
12978 1017 1055 214 1064
12979 3686 3671 3645 4167
12980 3720 3730 3439 4084
12981 3454 3590 3595 4016
12982 3972 4031 4110 4209
12983 106 3441 3741 4192
12984 2739 2738 2727 4176
12985 3217 3178 3177 4263
12986 3990 4151 3925 4196
12987 1020 999 4025 4232
12988 3971 4237 4061 4243
12989 2768 2767 2729 4115
12990 3927 4083 4025 4239
12991 3666 3723 3724 4258
12992 1010 1024 954 4232
12993 3252 4122 3251 4193
12994 3937 4112 4068 4245
12995 1084 4116 1063 4192
12996 1090 1042 1068 4063
12997 3187 298 961 3106
12998 2773 2774 2831 4061
12999 3477 3478 3476 4151
13000 2695 672 2803 4270
13001 1064 1055 1077 4133
13002 3522 3564 4076 4205
13003 106 1052 3441 4192
13004 1051 212 1015 1080
13005 1026 1019 961 4074
13006 3680 3681 3560 4051
13007 1004 961 298 3106
13008 1079 4077 3453 4144
13009 4036 4219 3922 4260
13010 2744 4219 4036 4260
13011 3499 4108 3645 4224
13012 1050 679 3298 4118
13013 2693 2710 2778 4068
13014 3593 3739 3461 4143
13015 3454 4016 1093 4143
13016 1085 1084 4180 4192
13017 1085 4116 1084 4192
13018 3162 3114 3207 4046
13019 3288 4135 672 4270
13020 3621 3622 3488 4091
13021 2702 4082 670 4153
13022 2697 2813 368 1046
13023 675 4081 3277 4261
13024 2748 2756 2754 4020
13025 3187 1012 297 3116
13026 1072 1091 4068 4245
13027 2709 2693 2708 4245
13028 4009 4124 3932 4222
13029 1018 4046 1003 4221
13030 3186 663 3110 4269
13031 4102 4121 3941 4211
13032 3186 3159 3103 4164
13033 2755 2754 2759 4234
13034 3932 4089 4044 4270
13035 3470 3472 3703 4204
13036 3703 3582 3702 4204
13037 3453 1079 102 4077
13038 3148 3173 3138 4190
13039 3572 4163 3589 4213
13040 2700 4125 947 4212
13041 1049 3447 104 1078
13042 4032 4089 3925 4249
13043 3706 3463 3295 3302
13044 2813 1081 368 1046
13045 3154 3179 3185 4107
13046 2776 2708 2701 4063
13047 2743 2730 2740 4087
13048 947 4125 1011 4212
13049 3940 4137 4075 4141
13050 667 3121 3218 4025
13051 1090 1068 1077 4063
13052 3235 3237 3239 4022
13053 2786 2784 2785 4249
13054 1020 4025 4158 4232
13055 977 4100 978 4256
13056 982 1007 986 4248
13057 3245 3301 3249 4073
13058 3572 3568 3589 4163
13059 1008 950 4155 4258
13060 970 4057 4158 4231
13061 2693 1091 374 4245
13062 3940 4137 4141 4244
13063 2806 2780 2779 4114
13064 3741 3618 3620 4192
13065 2720 2719 2726 4042
13066 375 2701 2708 1090
13067 3925 4089 4030 4249
13068 1008 987 978 4131
13069 3620 3447 104 1049
13070 3278 3236 3219 4128
13071 3446 3293 3627 3694
13072 1104 1043 372 2778
13073 2796 2812 2797 4145
13074 3176 3141 3146 4129
13075 1009 2700 947 4212
13076 976 974 975 4041
13077 3466 3707 3464 4193
13078 3687 3555 4217 4228
13079 979 978 977 4100
13080 3516 3680 4127 4226
13081 1105 1086 1093 4016
13082 3927 4152 4003 4231
13083 3516 3680 3513 4127
13084 3114 3162 3160 4046
13085 3507 3508 3506 4111
13086 1045 1079 101 3453
13087 3453 102 3658 4077
13088 993 977 975 4256
13089 3254 3258 3268 4066
13090 3196 3104 659 4013
13091 2709 2710 2693 4068
13092 4038 4174 3936 4187
13093 3969 4185 4058 4258
13094 3278 3230 3265 4072
13095 3666 3724 4155 4258
13096 3724 3719 3444 4155
13097 1049 105 3620 3741
13098 2761 2744 2795 4036
13099 3126 3127 3128 4138
13100 3743 110 1054 4188
13101 3445 3595 3589 4188
13102 1056 1107 1093 4143
13103 3453 3716 3586 4144
13104 1090 2708 375 1042
13105 3468 3466 3467 4122
13106 3281 3614 3660 3224
13107 3581 3698 3695 4134
13108 2743 4087 4219 4260
13109 961 1012 297 3187
13110 3239 3241 3264 4085
13111 2703 667 666 4025
13112 2811 2738 2750 4075
13113 4080 4094 3998 4207
13114 3491 3495 3609 4236
13115 3628 3584 3629 4199
13116 2730 2743 2805 4087
13117 2783 4153 671 4270
13118 3953 4101 4167 4233
13119 679 3232 3298 4118
13120 1099 1083 1085 4116
13121 3974 4222 4043 4228
13122 3564 3521 3522 4076
13123 4084 4184 3956 4199
13124 3658 4214 3659 4272
13125 970 4158 1020 4231
13126 4003 3927 4231 4239
13127 997 965 968 4202
13128 3221 3276 3303 4223
13129 3927 4057 4158 4251
13130 4040 4066 3999 4261
13131 987 1006 976 4131
13132 984 4078 985 4248
13133 3716 3658 3659 4272
13134 1107 3454 1093 4143
13135 1009 2835 2700 4212
13136 1096 1074 1047 4214
13137 3628 3505 3503 4102
13138 991 971 989 4231
13139 3530 3583 3574 4105
13140 3473 3475 3474 4060
13141 1042 2708 374 4245
13142 3590 3593 3591 4113
13143 3499 3517 3645 4108
13144 1098 1079 1045 4144
13145 3909 4251 4065 4266
13146 3153 3145 3152 4148
13147 1010 4158 967 4168
13148 3244 3245 3243 4177
13149 1047 102 1079 4077
13150 3133 3135 3190 4157
13151 3928 4052 4136 4215
13152 3499 3645 3670 4224
13153 3616 4194 4059 4238
13154 2741 2795 2740 4219
13155 3627 3284 3293 3693
13156 3998 4151 4159 4196
13157 3563 3598 3597 4177
13158 672 3288 3276 4135
13159 2711 4171 2710 4271
13160 2801 2820 2791 4120
13161 109 1057 3445 3669
13162 2726 4042 2719 4246
13163 4090 4165 3923 4181
13164 3214 3104 3196 4013
13165 2696 658 2807 4092
13166 3935 4081 4040 4261
13167 2711 2710 2709 4271
13168 3440 3644 3281 3597
13169 3132 3131 3130 4154
13170 3157 3172 3217 4263
13171 3302 3706 3455 3259
13172 4025 4158 3927 4231
13173 1047 3658 102 4077
13174 3664 3465 3274 3614
13175 669 4082 3229 4200
13176 3927 4117 4083 4239
13177 1076 4114 1099 4229
13178 3712 1088 100 3737
13179 4038 3926 4174 4272
13180 3525 3512 3676 4187
13181 3670 3671 3494 4224
13182 2754 4020 2756 4259
13183 3942 4218 4106 4264
13184 3601 3484 3599 4228
13185 3120 3291 684 3654
13186 2699 2840 2821 4132
13187 4032 3925 4093 4249
13188 2764 2834 2700 4212
13189 1056 1086 364 3227
13190 3479 3615 3482 4159
13191 3509 3508 3507 4147
13192 1008 950 987 4155
13193 3927 4251 4083 4266
13194 3687 3599 3555 4228
13195 3642 3621 3488 4091
13196 3741 1084 106 4192
13197 3584 3720 3731 4199
13198 3706 3463 3464 3295
13199 109 1057 3669 1048
13200 3930 4027 4149 4267
13201 3971 4123 4013 4243
13202 3954 4229 4162 4244
13203 3606 3728 3164 3607
13204 3632 4038 4174 4272
13205 1088 1045 100 3737
13206 955 985 984 4078
13207 4104 4251 3909 4266
13208 3674 4069 3528 4215
13209 3539 3540 3538 4056
13210 3156 3189 3148 4190
13211 4031 4209 3972 4242
13212 2706 4099 2707 4267
13213 3209 3115 3188 4072
13214 1052 106 1084 4192
13215 3250 3251 3252 4122
13216 1016 296 3116 3200
13217 3678 3548 3552 4096
13218 2777 2818 2847 4133
13219 2826 4208 2711 4271
13220 3271 3293 3446 3694
13221 3276 3247 3248 4135
13222 2726 2802 2731 4246
13223 3524 3566 3682 4054
13224 1061 1062 1059 4136
13225 3181 302 954 4232
13226 4005 4192 4116 4252
13227 3689 3284 3627 3693
13228 2696 2841 2831 4243
13229 1057 1054 110 4188
13230 1085 1063 1084 4116
13231 1092 1085 4180 4229
13232 3297 3261 3262 4113
13233 3576 3725 3690 4101
13234 2777 2776 2701 4063
13235 2725 2723 2781 4209
13236 2751 2817 2823 4257
13237 3242 3243 3241 4177
13238 3940 4229 4114 4244
13239 3702 3468 3470 4204
13240 3505 3504 3503 4102
13241 986 998 1008 4258
13242 3240 3241 3239 4085
13243 947 2700 2809 4125
13244 1042 374 1091 4245
13245 3714 3166 3192 3124
13246 2801 2791 2803 4262
13247 3440 3281 3246 3597
13248 4116 4180 1085 4229
13249 960 1080 1103 4140
13250 1087 1063 1083 4116
13251 3227 1086 364 3280
13252 299 1004 3106 3207
13253 3218 666 667 4025
13254 4039 4120 3929 4262
13255 960 1103 1021 4140
13256 1098 1067 1070 4026
13257 1099 1044 1083 4145
13258 4021 4234 3928 4268
13259 2703 2823 2843 4239
13260 2743 4219 2744 4260
13261 2788 2786 4093 4249
13262 3268 3285 3256 4261
13263 2740 2744 2743 4219
13264 685 3655 3291 3120
13265 2801 4120 2791 4262
13266 2689 2846 2815 4047
13267 3222 671 4153 4270
13268 1009 947 1011 4212
13269 663 664 3110 2839
13270 3931 4160 4040 4255
13271 2808 2811 2749 4137
13272 977 976 975 4256
13273 3454 1107 3739 4143
13274 3700 3223 3697 3580
13275 1049 105 3741 1084
13276 3522 3682 3564 4205
13277 3546 3549 3548 4201
13278 3652 3650 3647 4072
13279 966 1010 967 4168
13280 3943 4079 4152 4257
13281 986 1007 953 4058
13282 3911 4198 4050 4216
13283 4108 4167 3645 4224
13284 3927 4003 4152 4239
13285 3202 3181 4221 4232
13286 3460 1021 3748 4140
13287 2784 2787 2794 4249
13288 3533 3575 3532 4062
13289 1057 1058 1060 4188
13290 1060 1097 1050 4118
13291 2796 370 2691 4145
13292 2840 4132 2817 4257
13293 4078 4146 3944 4248
13294 3235 4200 3229 4254
13295 3496 3498 3492 4181
13296 3689 3653 3267 3457
13297 1004 299 957 3207
13298 3700 3597 3246 3580
13299 2695 2785 2784 4089
13300 3136 3139 3199 4067
13301 3173 3189 3159 4190
13302 3495 3502 3503 4172
13303 3929 4120 4044 4262
13304 2838 2818 377 1101
13305 4013 4123 4092 4243
13306 2826 4018 4208 4271
13307 3583 3630 3719 4265
13308 983 1000 1009 4212
13309 1078 1074 1092 4214
13310 1089 1056 363 4143
13311 978 979 980 4100
13312 3727 3451 3726 4074
13313 2814 2819 2797 4253
13314 4065 4121 3950 4220
13315 2814 2750 2739 4253
13316 3527 3662 3610 4098
13317 3709 3455 3706 3259
13318 3666 3444 94 4155
13319 3291 3462 3655 685
13320 3930 4043 4203 4228
13321 3565 3581 3695 4134
13322 3722 3587 3685 4185
13323 988 1006 951 4179
13324 1068 4225 4063 4245
13325 2705 2847 2818 4133
13326 3743 3445 110 4188
13327 2764 2835 2690 4212
13328 3689 3267 3284 3457
13329 2825 675 676 4081
13330 1056 3227 363 4143
13331 668 669 2707 4082
13332 2723 2782 2781 4209
13333 3181 3215 3202 4221
13334 3520 4194 3616 4238
13335 3930 4203 4109 4228
13336 2794 2787 2792 4149
13337 674 2801 673 4223
13338 1015 985 955 4078
13339 3609 3504 3527 4236
13340 3939 4200 4022 4254
13341 3443 3732 3725 4197
13342 3569 3567 3568 4255
13343 2826 2736 4018 4271
13344 655 668 2707 4099
13345 3249 3248 3245 4073
13346 947 1013 990 4125
13347 3578 3668 3669 4136
13348 3172 3195 3119 4173
13349 999 954 302 4232
13350 2840 2699 2817 4132
13351 370 1044 2691 4145
13352 3171 3183 3155 4189
13353 2707 4099 4082 4267
13354 3937 4146 4026 4225
13355 2772 2773 2737 4237
13356 3744 3167 3122 3123
13357 3920 4041 4131 4256
13358 3148 3155 3156 4095
13359 3971 4061 4123 4243
13360 3643 3469 3559 4073
13361 1020 4158 1010 4232
13362 3553 3626 3646 4128
13363 1014 1021 3460 4140
13364 7 679 1050 1106
13365 4022 4200 3939 4217
13366 3166 3638 3714 3192
13367 956 965 997 4202
13368 2716 2721 2808 4182
13369 2837 679 1106 4118
13370 669 670 2702 4082
13371 1077 1068 1065 4225
13372 3141 3143 3146 4129
13373 3614 3281 3274 3224
13374 3236 3265 3238 4128
13375 2813 2697 2819 4088
13376 3440 3246 3281 3275
13377 2736 2769 2826 4018
13378 3439 3731 3720 4084
13379 3200 3165 3211 3459
13380 2749 2811 2780 4137
13381 3511 3508 3510 4186
13382 986 953 998 4058
13383 1103 1088 3748 4140
13384 1046 1081 1094 4088
13385 995 94 3444 4155
13386 1001 1017 955 4133
13387 3927 4083 4117 4266
13388 2836 659 2696 4243
13389 2825 2692 675 4081
13390 3666 94 950 4155
13391 3937 4245 4068 4271
13392 3159 3210 3152 4164
13393 2826 2713 2711 4208
13394 3927 4158 4057 4231
13395 3186 3210 4164 4269
13396 3235 3239 3229 4200
13397 3467 3469 3468 4122
13398 3632 3525 3676 4187
13399 1076 1104 1044 4114
13400 3576 3690 3561 4101
13401 2796 1082 370 4145
13402 1089 363 3286 4143
13403 3934 4057 4184 4251
13404 3655 3291 3120 3654
13405 1057 110 3445 4188
13406 3104 3214 3183 4189
13407 2750 2797 2812 4253
13408 1055 2838 377 1101
13409 3460 3712 3721 4140
13410 3486 3489 3487 4165
13411 999 3121 303 962
13412 3677 3163 3733 3749
13413 3515 3516 3513 4127
13414 660 3205 3196 4139
13415 669 3229 3264 4200
13416 3116 1012 296 1016
13417 3441 3617 3618 4192
13418 3302 3455 3272 3259
13419 3155 3148 3137 4095
13420 1076 1044 1099 4114
13421 667 303 3121 962
13422 3218 4025 3121 4232
13423 656 2707 2706 4099
13424 2783 2702 670 4153
13425 4044 4135 3932 4270
13426 3286 363 3227 4143
13427 2772 2846 2774 4237
13428 989 970 1020 4231
13429 4012 3928 4234 4268
13430 3703 3472 3485 4086
13431 1066 1088 1080 4140
13432 960 1014 1022 4140
13433 3529 3568 3567 4255
13434 3268 3256 3254 4066
13435 679 3298 7 1050
13436 3165 3211 3728 3607
13437 3228 3293 3284 3693
13438 682 3188 3115 4072
13439 4162 4229 3952 4244
13440 3541 3633 3570 4154
13441 3543 3621 3642 4175
13442 3577 3616 3617 4059
13443 3506 3508 3624 4111
13444 3922 4211 4121 4220
13445 3168 3151 3212 4096
13446 3920 4131 4100 4256
13447 678 677 3269 4170
13448 3700 3246 3289 3580
13449 1002 948 994 4132
13450 3461 3710 3594 3300
13451 4116 4192 3981 4252
13452 3708 3709 3594 3282
13453 3457 3267 3284 3266
13454 3191 3673 3641 3190
13455 992 964 963 4197
13456 3165 3728 3211 3459
13457 1092 1075 1085 4229
13458 2799 4117 2760 4239
13459 1065 1051 1064 4078
13460 3658 4077 1047 4214
13461 3222 3288 671 4270
13462 3652 3646 3626 4128
13463 3655 3462 3291 3654
13464 2711 2713 2712 4171
13465 3520 3519 3616 4194
13466 3164 3158 3605 3607
13467 3211 3164 3728 3607
13468 3572 3589 3595 4213
13469 3681 3662 3560 4247
13470 3674 3528 3578 4215
13471 2743 2745 2775 4260
13472 3161 3153 3197 4150
13473 3599 3600 3596 4222
13474 377 1023 2838 1055
13475 3486 3622 3489 4165
13476 3658 1047 103 4214
13477 3461 1089 113 1095
13478 1082 1044 370 4145
13479 1088 3712 3748 4140
13480 3544 3547 3633 4138
13481 951 996 988 4179
13482 3991 4117 4083 4266
13483 3109 3749 3163 3742
13484 3230 3278 682 4072
13485 3567 3582 3566 4160
13486 3631 3729 3719 4179
13487 2842 2773 2831 4061
13488 3744 3122 3636 3123
13489 3922 4219 4087 4260
13490 1069 1072 1071 4112
13491 3240 3239 3237 4250
13492 2800 305 952 2699
13493 3660 3614 3664 3224
13494 3672 3542 3673 4157
13495 3447 103 1078 4214
13496 995 950 94 4155
13497 3215 3160 3161 4150
13498 111 3743 1093 3454
13499 3709 3708 3226 3282
13500 3593 3590 3454 4143
13501 3536 3602 3526 4129
13502 1007 985 1022 4248
13503 3208 3187 3182 4074
13504 3590 3572 3595 4213
13505 3974 4200 4085 4217
13506 3700 3289 3223 3580
13507 3231 1095 362 3286
13508 958 311 2705 1013
13509 3638 3634 3714 3192
13510 3748 1021 1103 4140
13511 3658 103 3447 4214
13512 4085 4200 4022 4217
13513 976 978 987 4131
13514 1047 1078 103 4214
13515 2783 670 671 4153
13516 2747 2739 2746 4230
13517 3496 3622 3537 4090
13518 3642 3545 3543 4175
13519 675 3285 4081 4261
13520 1075 1076 1099 4229
13521 954 4221 3181 4232
13522 3568 3674 3589 4163
13523 3632 4174 3571 4272
13524 3285 676 675 4081
13525 2790 2785 2791 4262
13526 3684 3480 3483 4094
13527 2699 305 952 1002
13528 2707 4082 2702 4267
13529 3260 3261 3258 4113
13530 3279 3594 3710 3300
13531 3164 3211 3165 3607
13532 2795 2760 2694 4117
13533 3742 3641 3673 3190
13534 3221 673 3276 4223
13535 3547 3663 3633 4138
13536 2752 2840 2817 4257
13537 3990 4159 4151 4196
13538 3220 3269 677 4170
13539 675 3277 3285 4261
13540 3730 3720 3585 4202
13541 3481 3692 3695 4207
13542 3454 1107 112 3739
13543 3565 3680 3521 4226
13544 3716 3453 3658 4077
13545 3659 3447 3738 4214
13546 3445 3743 3595 4188
13547 1024 1018 1003 4221
13548 3443 3725 3657 4197
13549 3528 3674 3529 4069
13550 1011 947 990 4125
13551 1083 1044 1082 4145
13552 3603 3174 3175 3105
13553 2689 2833 662 4235
13554 2732 2734 2728 4130
13555 3629 3584 3731 4199
13556 3118 3744 3167 3122
13557 2783 671 2695 4270
13558 3210 3159 3186 4164
13559 3709 3226 3259 3282
13560 3661 3509 3507 4147
13561 2752 2751 2742 4257
13562 2757 2748 2798 4161
13563 2835 2764 2700 4212
13564 3743 1054 111 1093
13565 3304 3271 3240 4250
13566 1006 988 974 4206
13567 3271 3293 3270 3446
13568 2722 2724 2804 4071
13569 3278 3265 3236 4128
13570 1089 1107 1056 4143
13571 3616 3519 3612 4194
13572 3730 3585 3718 4202
13573 2698 677 2832 4170
13574 1107 1089 3739 4143
13575 2827 2794 2792 4149
13576 3707 3466 3493 4193
13577 3523 3520 3616 4238
13578 3482 3480 3479 4159
13579 3582 3701 3566 4160
13580 3449 3636 3113 3123
13581 1020 1010 999 4232
13582 3955 4042 4246 4264
13583 3717 3729 3631 4179
13584 3181 3121 302 4232
13585 4063 4225 3937 4245
13586 3489 3496 3492 4181
13587 4116 4180 3981 4192
13588 3253 3252 3251 4193
13589 3555 3554 3551 4217
13590 994 991 1002 4132
13591 4064 4210 3955 4264
13592 3271 3446 3697 3694
13593 971 969 970 4231
13594 959 992 963 4197
13595 1095 1089 362 3286
13596 2736 2709 2776 4271
13597 2782 2718 2717 4242
13598 3749 3163 3733 3193
13599 3274 3664 3614 3224
13600 2809 2705 311 1013
13601 3597 3246 3440 3700
13602 3724 3574 3583 4105
13603 3600 3497 3596 4222
13604 3672 3538 3542 4157
13605 3284 3689 3457 3693
13606 2809 2700 2810 4125
13607 3607 3158 3605 3458
13608 3735 3673 3641 3191
13609 3282 3594 3279 3300
13610 3661 3583 3530 4265
13611 3196 3205 3156 4139
13612 3738 3619 3613 4166
13613 3540 3541 3570 4154
13614 3511 3510 3512 4186
13615 3140 3173 3144 4119
13616 1052 1084 1063 4192
13617 2818 2701 376 1101
13618 2696 2807 2841 4092
13619 3478 3477 3479 4151
13620 3739 1089 113 3461
13621 3484 3601 3691 4203
13622 948 2821 307 1000
13623 2782 2717 2720 4242
13624 3263 3227 3262 4143
13625 3192 3166 3638 3107
13626 2799 2694 2760 4117
13627 1101 1077 1055 4133
13628 3458 3158 3605 3715
13629 3222 670 3264 4153
13630 2726 2719 2729 4246
13631 678 2832 677 4170
13632 3463 3295 3302 3225
13633 3293 3627 3693 3446
13634 3927 4065 4251 4266
13635 2766 2819 2755 4234
13636 3174 3603 3715 3665
13637 3688 3691 3601 4203
13638 3562 3694 3625 4250
13639 3678 3552 3648 4096
13640 1079 1096 1047 4077
13641 3120 3206 3169 3651
13642 2827 2707 2702 4267
13643 3697 3446 3271 3223
13644 3637 3744 3636 3123
13645 2716 2808 2714 4182
13646 2703 2799 2823 4239
13647 1075 1099 1085 4229
13648 3464 3465 3255 3448
13649 3135 3133 3134 4157
13650 3636 3122 3113 3123
13651 2823 2799 2760 4239
13652 3526 3602 3535 4129
13653 2727 2721 2722 4240
13654 2837 366 1053 1106
13655 3251 3250 3249 4122
13656 3174 3603 3665 3105
13657 960 1080 211 1103
13658 3166 3714 3113 3124
13659 3471 3497 3473 4124
13660 3247 3276 3288 4135
13661 3591 3573 3590 4113
13662 3254 3252 3253 4193
13663 3594 3279 3708 3282
13664 3523 3522 3520 4238
13665 3660 3644 3281 3440
13666 1103 211 960 1021
13667 1068 1069 1067 4225
13668 3255 3464 3448 3295
13669 99 3748 1103 1088
13670 3110 3197 3210 4269
13671 2768 2765 2767 4115
13672 3452 3666 95 4258
13673 3131 3129 3130 4154
13674 3163 3109 3742 3190
13675 2707 669 2702 4082
13676 967 1010 970 4158
13677 301 1003 3114 4221
13678 2700 2834 2810 4125
13679 3170 3174 3158 3715
13680 301 954 1003 4221
13681 1025 11 2829 962
13682 3222 671 670 4153
13683 2710 2711 2712 4171
13684 2774 2836 2831 4243
13685 999 302 3121 4232
13686 3625 3554 3562 4250
13687 3455 3709 3708 3226
13688 3638 3192 3107 3639
13689 2744 2740 2795 4219
13690 3452 95 998 4258
13691 3463 3448 3464 3295
13692 2821 2690 307 1000
13693 3226 3708 3279 3282
13694 2821 306 2699 1002
13695 3632 3557 3571 4174
13696 3221 674 673 4223
13697 3275 3440 3246 3700
13698 3462 3291 3654 3683
13699 3474 3696 3485 4241
13700 3192 3638 3634 3639
13701 3549 3550 3548 4201
13702 3172 655 656 4099
13703 3481 3684 3692 4207
13704 3666 950 95 4258
13705 3532 3503 3502 4172
13706 3710 3594 3279 3708
13707 2704 366 1053 2837
13708 3699 3485 3696 4241
13709 3555 3551 3687 4217
13710 3228 3284 3457 3693
13711 3122 3118 3744 3636
13712 3448 3465 3255 3664
13713 950 3666 4155 4258
13714 2788 2787 2786 4249
13715 3734 3578 3577 4215
13716 3686 3645 3561 4167
13717 306 2821 948 1002
13718 970 1010 1020 4158
13719 3449 3637 3636 3123
13720 2748 2747 2746 4230
13721 1061 1059 1048 4136
13722 301 3181 954 4221
13723 3202 3218 3121 4232
13724 1001 958 1017 4133
13725 3157 3177 3128 4263
13726 3458 3607 3158 3112
13727 3446 3270 3271 3223
13728 3571 3557 3558 4174
13729 99 3748 1088 3712
13730 3735 3201 3175 3191
13731 3244 3243 3242 4177
13732 3160 3153 3161 4150
13733 3163 3194 3733 3193
13734 3290 3289 3223 3700
13735 3294 3256 3277 4261
13736 661 2689 662 4235
13737 3456 3651 3169 3649
13738 3613 3619 3611 4166
13739 3274 3273 3664 3224
13740 3563 3608 3598 4177
13741 2812 2796 2691 4145
13742 2721 2718 2722 4240
13743 1097 1106 1050 4118
13744 2698 2756 2825 4259
13745 3158 3458 3170 3715
13746 3284 3457 3266 3228
13747 3201 3735 3641 3191
13748 1093 1107 112 3454
13749 1009 1011 983 4212
13750 2768 2770 2826 4208
13751 960 1021 1014 4140
13752 3453 3588 3737 4144
13753 3699 3564 3682 4205
13754 1074 1073 1075 4162
13755 3165 3728 3459 3711
13756 1102 1068 1042 4245
13757 3290 3246 3289 3700
13758 2759 2754 2698 4259
13759 1073 1074 1071 4162
13760 1085 1084 1049 4180
13761 3671 3670 3645 4224
13762 3748 3712 3460 4140
13763 1078 1047 1074 4214
13764 3693 3228 3293 3446
13765 3175 3450 3735 3603
13766 3181 301 3114 4221
13767 3742 3109 3641 3190
13768 3228 3270 3293 3446
13769 2791 2785 2803 4262
13770 3662 3624 3560 4247
13771 972 974 988 4206
13772 3516 3521 3680 4226
13773 656 655 2707 4099
13774 3748 3460 98 1021
13775 995 987 950 4155
13776 3234 3235 3229 4254
13777 3460 1014 98 1021
13778 3463 3706 3455 3302
13779 3632 3571 3659 4272
13780 3145 3144 3152 4148
13781 3658 3447 3659 4214
13782 3641 3180 3191 3190
13783 967 965 966 4168
13784 2774 2773 2772 4237
13785 1090 376 2701 1101
13786 3601 3599 3687 4228
13787 2734 2828 2728 4130
13788 3113 3449 3714 3166
13789 3715 3170 3174 3665
13790 3453 3586 3588 4144
13791 3118 3456 3744 3636
13792 1063 1085 1083 4116
13793 3444 3666 3724 4155
13794 3262 3261 3260 4113
13795 3255 3273 3448 3664
13796 1023 377 215 1055
13797 970 989 971 4231
13798 2829 11 667 962
13799 999 1010 954 4232
13800 950 998 95 4258
13801 3200 1016 83 3459
13802 684 685 3291 3120
13803 1091 1102 1042 4245
13804 2826 2711 2736 4271
13805 3229 3239 3264 4200
13806 308 2835 1009 1000
13807 2713 2826 2770 4208
13808 1079 102 101 3453
13809 683 3206 684 3292
13810 3295 3448 3287 3225
13811 3235 3234 3219 4254
13812 3702 3470 3703 4204
13813 3295 3463 3448 3225
13814 3186 3110 3210 4269
13815 1095 3746 3461 3231
13816 679 7 2837 1106
13817 3443 87 88 963
13818 1103 1080 1088 4140
13819 3607 3164 3158 3112
13820 982 984 985 4248
13821 1068 1067 1065 4225
13822 3286 3227 3263 4143
13823 2835 308 2690 1000
13824 3441 106 107 1052
13825 1092 1085 1049 4180
13826 3495 3504 3609 4236
13827 3103 662 3186 4235
13828 3441 3618 3741 4192
13829 3711 3165 3728 3607
13830 1054 1060 1105 4188
13831 2835 2700 309 1009
13832 1016 83 295 3200
13833 3109 3180 3641 3190
13834 3194 3107 3733 3193
13835 3200 83 295 3213
13836 3109 3163 3749 3193
13837 2726 2729 2802 4246
13838 950 1008 998 4258
13839 2745 2743 2744 4260
13840 2755 2759 2766 4234
13841 95 96 3452 998
13842 661 662 3103 4235
13843 3583 3661 3630 4265
13844 3201 3641 3180 3191
13845 1095 114 3746 3231
13846 3213 3200 83 3747
13847 3183 3214 3155 4189
13848 86 87 3657 959
13849 361 114 1095 3231
13850 3202 3121 3181 4232
13851 1064 213 214 955
13852 310 2809 1013 947
13853 3665 3170 3174 3105
13854 3201 3450 3735 3175
13855 3528 3577 3578 4215
13856 1057 1060 1054 4188
13857 3459 83 3200 3747
13858 3718 88 89 956
13859 985 1007 982 4248
13860 2817 2751 2752 4257
13861 2757 2798 2844 4161
13862 679 2837 2848 4118
13863 2695 671 672 4270
13864 3651 3655 3120 3654
13865 364 363 1056 3227
13866 3290 3275 3246 3700
13867 90 89 997 3730
13868 2700 947 309 1009
13869 3169 3203 3651 3456
13870 3733 3442 3749 3193
13871 950 95 94 3666
13872 310 2809 947 2700
13873 2831 2836 2696 4243
13874 3216 3119 3195 4173
13875 3454 3739 3593 4143
13876 3173 3148 3189 4190
13877 3638 3714 3449 3166
13878 2838 1023 312 958
13879 2827 2706 2707 4267
13880 671 3288 672 4270
13881 3659 3571 3716 4272
13882 2784 2786 2787 4249
13883 110 109 1057 3445
13884 1024 1003 954 4221
13885 1103 3748 39 1021
13886 1004 298 299 3106
13887 84 85 3656 1012
13888 211 212 1080 960
13889 1061 108 107 3668
13890 304 952 1025 2800
13891 2750 2814 2797 4253
13892 98 97 1014 3460
13893 3710 3461 3746 3231
13894 94 93 995 3444
13895 367 366 1053 2704
13896 3448 3287 3255 3295
13897 3641 3640 3109 3742
13898 104 105 3620 1049
13899 3114 301 300 1003
13900 3439 90 91 949
13901 951 93 92 3729
13902 96 97 3667 953
13903 2705 2838 312 958
13904 3255 3273 3287 3448
13905 2829 304 1025 2800
13906 3200 3165 3459 3747
13907 3717 91 92 996
13908 750 3463 3455 3225
13909 3272 750 3455 3225
13910 3109 3640 3749 3742
13911 215 1023 1055 1017
13912 3457 759 3228 3693
13913 2754 2756 2698 4259
13914 3302 3455 3463 3225
13915 1088 100 99 3712
13916 3302 3272 3455 3225
13917 3203 3120 3169 3651
13918 3169 3203 3456 3118
13919 3452 3723 3666 4258
13920 3660 3440 3275 754
13921 103 104 3447 1078
13922 1093 112 111 3454
13923 1012 296 297 3116
13924 667 11 303 962
13925 748 3710 3279 3708
13926 3733 3107 3639 3193
13927 2709 2736 2711 4271
13928 759 3266 3457 3228
13929 1043 373 372 2778
13930 3442 3733 3639 3193
13931 3181 302 301 954
13932 3461 114 3746 1095
13933 3114 3215 3181 4221
13934 112 1107 1089 3739
13935 3660 3664 753 3224
13936 3607 3165 3164 3112
13937 3237 3304 3240 4250
13938 3450 3735 3641 3201
13939 1047 103 102 3658
13940 961 297 298 3187
13941 374 375 2708 1042
13942 361 362 3231 1095
13943 3275 3224 3660 754
13944 3451 85 86 1019
13945 2705 312 311 958
13946 3749 3640 3109 3193
13947 3449 3113 768 3166
13948 304 305 952 2800
13949 3112 3158 3458 3170
13950 3461 113 114 1095
13951 1023 47 377 2838
13952 750 3455 749 3272
13953 3669 108 109 1048
13954 3273 753 3664 3224
13955 3455 3708 749 3226
13956 761 3283 3462 3683
13957 3655 3120 3740 3651
13958 3107 3166 3638 769
13959 365 364 1086 3280
13960 3175 3201 3450 3105
13961 3226 749 3455 3272
13962 3708 3279 748 3226
13963 3273 3287 3448 752
13964 3457 760 3683 3266
13965 752 3448 3273 3664
13966 1081 368 367 2813
13967 3298 365 7 1050
13968 767 3122 3113 3636
13969 3223 3697 757 756
13970 1103 39 211 1021
13971 1089 363 362 3286
13972 3462 3745 3655 685
13973 1015 213 212 1051
13974 3463 750 751 3225
13975 3640 3749 3442 3193
13976 3217 3177 3157 4263
13977 39 99 3748 1103
13978 759 758 3228 3693
13979 3446 758 3270 757
13980 751 3448 3287 752
13981 760 3233 3683 3266
13982 957 299 300 3207
13983 685 3291 3462 3283
13984 766 3118 3122 3636
13985 1045 101 100 3737
13986 768 3638 3449 3166
13987 3285 3277 3256 4261
13988 3118 766 3456 3636
13989 754 3440 3275 755
13990 777 776 3112 3736
13991 3165 3200 3213 3747
13992 370 371 2691 1044
13993 3747 3165 3459 3711
13994 3458 3170 3715 3665
13995 3283 761 3233 3683
13996 3203 3740 3651 3456
13997 3655 3198 763 764
13998 3113 767 3636 3449
13999 766 3456 765 3118
14000 3224 753 3660 754
14001 761 760 3233 3683
14002 373 374 2693 1091
14003 1054 111 110 3743
14004 3113 767 3449 768
14005 376 377 2818 1101
14006 3279 3710 748 747
14007 753 752 3273 3664
14008 771 3640 3442 3193
14009 375 376 2701 1090
14010 773 3450 3641 3201
14011 3638 3107 769 3639
14012 3166 768 3638 769
14013 3640 771 3109 3193
14014 749 3708 748 3226
14015 762 3283 3462 761
14016 2796 369 370 1082
14017 1025 11 304 2829
14018 3748 98 39 1021
14019 2697 368 369 1046
14020 113 112 1089 3739
14021 3120 3203 3740 3651
14022 773 3641 3180 3201
14023 215 47 377 1023
14024 771 3442 770 3193
14025 3266 3457 760 759
14026 3641 3180 772 773
14027 3121 303 302 999
14028 3458 3170 3665 775
14029 1016 84 83 3459
14030 770 769 3107 3639
14031 105 106 3741 1084
14032 361 40 114 3299
14033 767 766 3122 3636
14034 3112 3458 3607 3736
14035 83 38 295 3213
14036 685 3462 3745 3283
14037 756 755 3290 3700
14038 3112 3165 777 3736
14039 83 38 3213 3747
14040 775 3458 3170 776
14041 1016 295 296 3200
14042 306 305 2699 1002
14043 778 777 3165 3711
14044 3198 3655 3203 3740
14045 3655 3120 3203 3740
14046 3203 765 3456 3118
14047 3203 765 3740 3456
14048 764 3198 3203 3740
14049 3198 3655 3745 685
14050 3198 3655 685 3120
14051 3201 774 3450 3105
14052 3109 771 3640 772
14053 3711 777 3165 3736
14054 3170 3665 775 3105
14055 3746 114 40 3299
14056 3112 3458 3736 776
14057 372 371 1104 2779
14058 747 3746 40 3299
14059 3198 3655 3120 3203
14060 23 686 3745 762
14061 3450 773 774 3201
14062 765 764 3203 3740
14063 2809 311 310 1013
14064 3745 686 3198 685
14065 747 3279 3710 3299
14066 2690 308 307 1000
14067 3710 3746 747 3299
14068 3458 3112 3170 776
14069 3665 3450 774 3105
14070 3745 686 685 3283
14071 2837 7 366 1106
14072 3213 38 778 3747
14073 3655 3198 764 3740
14074 775 3665 774 3105
14075 23 686 763 3745
14076 1023 312 47 2838
14077 307 306 2821 948
14078 763 3198 3655 3745
14079 947 309 310 2700
14080 1055 214 215 1017
14081 3283 3462 3745 762
14082 3283 3745 686 762
14083 3198 763 686 3745
14084 2835 309 308 1009
14085 4172 4142 3980 3909
14086 4172 3980 4142 4034
14087 4091 4189 3916 3948
14088 3916 4189 4091 4013
14089 4074 3179 3106 3968
14090 4074 3106 3179 3208
14091 4257 3976 4239 2751
14092 4257 4239 3976 4152
14093 1087 4005 4088 1062
14094 4088 4005 1087 3977
14095 4220 3976 4121 3922
14096 4220 4121 3976 4065
14097 4224 3492 3997 3670
14098 4224 3997 3492 4181
14099 4046 1004 992 957
14100 4046 992 1004 3968
14101 973 4003 4231 991
14102 4231 4003 973 3993
14103 4231 971 973 991
14104 973 971 4231 3993
14105 4250 3242 3289 3240
14106 4159 3916 4091 3984
14107 4159 4091 3916 3990
14108 4081 4223 2692 674
14109 2692 4223 4081 3935
14110 4136 1100 1058 4010
14111 4136 1058 1100 1059
14112 1025 2843 4025 2829
14113 1025 4025 2843 4003
14114 1004 3207 4046 3106
14115 4046 3207 1004 957
14116 4111 4210 4147 3910
14117 4147 4210 4111 3941
14118 4181 3995 4095 4090
14119 4181 4095 3995 3957
14120 4062 4202 3720 3934
14121 3720 4202 4062 3575
14122 2716 4242 2715 2717
14123 3292 4072 3653 3230
14124 3653 4072 3292 3650
14125 4123 4216 4050 3971
14126 4050 4216 4123 3984
14127 3591 3259 3282 3709
14128 3282 3259 3591 3260
14129 4049 2716 4242 2715
14130 4049 4242 2716 3959
14131 4188 1048 3669 1057
14132 4188 3669 1048 4052
14133 3626 4250 4022 3625
14134 4022 4250 3626 4128
14135 4022 3553 3626 3625
14136 3626 3553 4022 4128
14137 4230 3919 3958 3964
14138 4230 3958 3919 4020
14139 4083 4266 4150 3991
14140 4083 4150 4266 4104
14141 3985 4150 4266 3991
14142 3985 4266 4150 4104
14143 4157 3199 3136 3135
14144 4157 3136 3199 4067
14145 4168 1018 4221 4046
14146 3614 3249 3301 3559
14147 3301 3249 3614 3274
14148 4170 4118 3232 678
14149 4170 3232 4118 3933
14150 4179 4265 3719 3630
14151 3719 4265 4179 3973
14152 4176 4230 2727 2746
14153 4176 2727 4230 3964
14154 2804 2727 4230 2746
14155 2804 4230 2727 3964
14156 3961 663 2839 2833
14157 3961 2839 663 4269
14158 4096 3188 3209 3212
14159 4096 3209 3188 4072
14160 3261 4213 3297 3269
14161 3297 4213 3261 4113
14162 3542 3133 4056 3677
14163 4056 3133 3542 4157
14164 4039 2790 2828 2793
14165 3492 4108 3498 3499
14166 3492 3498 4108 4181
14167 2715 4242 4042 2717
14168 4042 4242 2715 4049
14169 4170 2848 2816 4118
14170 4170 2816 2848 2832
14171 4037 3581 4134 3698
14172 4037 4134 3581 4004
14173 4268 4054 4069 3958
14174 4268 4069 4054 3931
14175 4092 659 4243 2696
14176 4092 4243 659 4013
14177 3564 4226 3970 3565
14178 3970 4226 3564 4076
14179 3656 3211 4074 3728
14180 4074 3211 3656 3116
14181 4263 4099 4173 3172
14182 4263 4173 4099 3938
14183 2770 3942 4115 2729
14184 4115 3942 2770 4208
14185 4115 2768 2770 2729
14186 2770 2768 4115 4208
14187 4057 972 4231 969
14188 4057 4231 972 3993
14189 971 4231 972 969
14190 971 972 4231 3993
14191 4188 4163 4213 3589
14192 4188 4213 4163 3933
14193 953 4140 1007 1014
14194 1007 4140 953 4058
14195 4178 4240 3964 3915
14196 3964 4240 4178 3979
14197 3280 1050 365 3298
14198 3280 365 1050 1086
14199 4223 2692 2801 4120
14200 4223 2801 2692 674
14201 4193 3465 4122 3251
14202 4193 4122 3465 3466
14203 4130 2790 4039 4032
14204 4130 4039 2790 2828
14205 4261 3220 4081 3983
14206 4261 4081 3220 3285
14207 4200 668 4254 3939
14208 4200 4254 668 3229
14209 4186 3624 3508 4111
14210 4186 3508 3624 3511
14211 4185 3944 3587 4001
14212 4185 3587 3944 4058
14213 4140 4248 4078 3944
14214 4078 4248 4140 1022
14215 4188 3713 3669 4052
14216 4188 3669 3713 3445
14217 3465 4122 3249 3467
14218 3249 4122 3465 3251
14219 3249 3274 3465 3467
14220 3465 3274 3249 3251
14221 3648 3167 3123 3151
14222 3648 3123 3167 3744
14223 4259 4081 2756 2825
14224 4259 2756 4081 4017
14225 2845 2756 4081 2825
14226 2845 4081 2756 4017
14227 4207 3698 3695 3481
14228 4207 3695 3698 4134
14229 4150 3202 4083 3161
14230 4150 4083 3202 3951
14231 4259 676 2825 2698
14232 4259 2825 676 4081
14233 4224 3499 3492 3670
14234 4224 3492 3499 4108
14235 4239 3976 3927 4117
14236 4239 3927 3976 4152
14237 4168 1024 1018 966
14238 4168 1018 1024 4221
14239 4129 3158 3602 3605
14240 4129 3602 3158 3146
14241 4157 3742 3133 3542
14242 4157 3133 3742 3190
14243 3991 4117 2839 2694
14244 3991 2839 4117 4036
14245 2761 2839 4117 2694
14246 2761 4117 2839 4036
14247 4189 3196 3156 4139
14248 4189 3156 3196 3214
14249 3123 3648 4096 3637
14250 4096 3648 3123 3151
14251 4096 3125 3123 3637
14252 3123 3125 4096 3151
14253 995 3729 4179 3444
14254 4179 3729 995 951
14255 4191 4112 4162 3954
14256 4191 4162 4112 3926
14257 3460 953 4140 3667
14258 3460 4140 953 1014
14259 4193 3465 3464 3466
14260 4193 3464 3465 3255
14261 4173 3168 3195 3216
14262 4173 3195 3168 4014
14263 3602 3146 3176 3174
14264 3176 3146 3602 4129
14265 3580 4250 3242 3289
14266 3242 4250 3580 3562
14267 4265 3518 4147 3661
14268 4265 4147 3518 4007
14269 4209 2775 2805 2781
14270 4209 2805 2775 4033
14271 4185 3531 3574 4023
14272 4185 3574 3531 3685
14273 3970 4205 4134 4004
14274 3970 4134 4205 3564
14275 3581 4134 4205 4004
14276 3581 4205 4134 3564
14277 4157 3500 4067 3672
14278 4157 4067 3500 3995
14279 4160 3682 4029 3701
14280 4160 4029 3682 4054
14281 4246 2767 4115 2729
14282 4246 4115 2767 4002
14283 4194 3617 3981 3612
14284 4194 3981 3617 4059
14285 4197 3718 3732 4019
14286 4197 3732 3718 3443
14287 3634 4154 3733 3570
14288 4256 3949 4212 4100
14289 4256 4212 3949 4015
14290 4258 3724 4105 3723
14291 4258 4105 3724 4155
14292 4230 4021 2754 2747
14293 2789 4149 2841 2792
14294 2841 4149 2789 3987
14295 4142 4269 4164 3985
14296 4164 4269 4142 3961
14297 4235 4269 663 3186
14298 663 4269 4235 3961
14299 3559 4122 3469 3467
14300 3469 4122 3559 4073
14301 3714 3663 3126 3634
14302 3126 3192 3714 3634
14303 3714 3192 3126 3124
14304 4197 956 964 963
14305 4197 964 956 4019
14306 1104 2778 4114 1043
14307 4114 2778 1104 2779
14308 4254 4201 4173 3988
14309 4254 4173 4201 3939
14310 4222 3473 3497 4124
14311 4222 3497 3473 3600
14312 2796 1046 3977 2697
14313 3977 1046 2796 1082
14314 2821 1000 4015 2690
14315 4015 1000 2821 948
14316 4164 3144 3152 3159
14317 4164 3152 3144 4148
14318 4222 4153 4043 3932
14319 4222 4043 4153 3974
14320 4266 3976 3927 4065
14321 4266 3927 3976 4117
14322 4232 1024 3951 1010
14323 4232 3951 1024 4221
14324 3694 3293 3304 3271
14325 3694 3304 3293 3627
14326 1088 3737 4140 1045
14327 4140 3737 1088 3712
14328 3207 1003 4046 3114
14329 4046 1003 3207 957
14330 4223 4204 4086 3967
14331 4223 4086 4204 3935
14332 4072 683 682 3230
14333 4072 682 683 3115
14334 3459 1012 84 3656
14335 3459 84 1012 1016
14336 4165 4216 3984 3923
14337 3984 4216 4165 4050
14338 1044 2779 371 2691
14339 1044 371 2779 1104
14340 4230 4268 2754 4021
14341 2754 4268 4230 4020
14342 2785 4249 4032 2786
14343 4032 4249 2785 4089
14344 4173 655 3172 4099
14345 4173 3172 655 3119
14346 4236 4211 4035 3945
14347 4236 4035 4211 3992
14348 4257 2840 3943 2752
14349 4257 3943 2840 4132
14350 2762 3943 2840 2752
14351 2762 2840 3943 4132
14352 3694 3271 3580 3697
14353 3223 3271 3580 3289
14354 3223 3580 3271 3697
14355 3683 3233 3267 3266
14356 3683 3457 3267 3653
14357 3267 3457 3683 3266
14358 3259 3455 3226 3709
14359 3259 3226 3455 3272
14360 3124 3123 3714 3113
14361 3449 3714 3123 3113
14362 3449 3123 3714 3637
14363 3118 3744 3169 3167
14364 3118 3169 3744 3456
14365 3649 3169 3744 3167
14366 3649 3744 3169 3456
14367 3603 3105 3450 3665
14368 3450 3105 3603 3175
14369 3255 3664 3274 3273
14370 3274 3664 3255 3465
14371 3192 3634 3733 3639
14372 3192 3107 3733 3194
14373 3733 3107 3192 3639
14374 3225 3448 751 3463
14375 3225 751 3448 3287
14376 3710 3231 3300 3461
14377 3300 3231 3710 3279
14378 3275 3660 3281 3440
14379 3275 3281 3660 3224
14380 3228 3446 758 3270
14381 758 3446 3228 3693
14382 3446 3223 757 3270
14383 757 3223 3446 3697
14384 3223 3700 756 3290
14385 756 3700 3223 3697
14386 3683 3283 3291 3233
14387 3683 3291 3283 3462
14388 3736 3165 3607 3112
14389 3736 3607 3165 3711
14390 3639 3193 770 3442
14391 770 3193 3639 3107
14392 3275 3700 755 3440
14393 755 3700 3275 3290
14394 3641 3109 772 3180
14395 3641 772 3109 3640
14396 3710 3299 3231 3746
14397 3231 3299 3710 3279
14398 3747 3165 778 3213
14399 778 3165 3747 3711
14400 3299 114 3231 3746
14401 3299 3231 114 361
14402 3714 3637 3125 3663
14403 3125 3126 3714 3663
14404 3714 3126 3125 3124
14405 3271 3580 4250 3694
14406 3271 4250 3580 3289
14407 3292 3654 3683 3653
14408 3292 3267 3683 3233
14409 3683 3267 3292 3653
14410 3123 3714 3125 3124
14411 3123 3125 3714 3637
14412 3733 3192 3129 3634
14413 3129 3192 3733 3194
14414 3129 4154 3733 3634
14415 3733 4154 3129 3194
14416 3683 3292 3291 3654
14417 3291 3292 3683 3233
3 4 4 960
14418 2889 2911 2907 4280
14419 3383 3354 3338 2880
14420 3367 2872 2871 4283
14421 2889 2907 3312 4280
14422 3383 3354 2880 4276
14423 1114 2930 1201 4273
14424 2880 3383 4276 4279
14425 3312 4280 2907 4284
14426 2881 3338 3354 2880
14427 2911 2889 3341 4280
14428 3341 2889 3312 4280
14429 3354 3381 3338 4285
14430 3306 4278 3367 4283
14431 3330 3312 2887 4275
14432 3306 4273 4278 4283
14433 3351 4282 3390 4286
14434 3327 2933 4274 4286
14435 3348 2870 3306 4278
14436 3330 4275 2887 4288
14437 3367 4278 2872 4283
14438 3312 2907 2887 4275
14439 3327 4274 2933 4287
14440 3306 3348 3367 2870
14441 3312 2907 4275 4284
14442 2880 2894 2904 4276
14443 3341 2889 2911 4287
14444 3347 3310 3383 4279
14445 3347 2920 3369 4279
14446 3306 2870 3367 4278
14447 3330 3365 4275 4288
14448 2873 3369 3348 2920
14449 2873 2870 3348 4278
14450 2911 4280 3341 4287
14451 2904 2920 2880 4279
14452 2889 3330 3312 2887
14453 3369 3347 3348 2920
14454 3312 2889 2887 2907
14455 2933 2896 2925 3327
14456 2872 4278 4273 4283
14457 2880 4276 2904 4279
14458 3351 3386 3390 4282
14459 1189 4276 2934 4277
14460 3354 3338 2881 4285
14461 2881 4276 3354 4285
14462 2873 3369 2920 4279
14463 2861 2930 1114 4273
14464 3369 2873 3348 4278
14465 3386 3390 3396 3351
14466 3367 2871 2872 2870
14467 703 3390 3386 4286
14468 3356 3357 2849 4283
14469 2870 2873 3348 2920
14470 3390 4282 3386 4286
14471 2872 3367 2870 4278
14472 3330 3365 3312 4275
14473 3351 3316 4282 4286
14474 2896 3327 2933 4287
14475 3386 3351 3396 4282
14476 1108 2861 1114 4273
14477 3354 3383 3310 4279
14478 1190 4275 1200 4277
14479 3327 4274 3363 4286
14480 703 3386 4282 4286
14481 2877 2929 2849 4283
14482 3312 3341 3328 2889
14483 2877 2849 3357 4283
14484 2849 3357 3356 2877
14485 3396 732 3397 4282
14486 3328 2891 2889 4287
14487 3377 3351 3390 4286
14488 3354 4276 3383 4279
14489 2871 2872 2874 4283
14490 3327 3363 4274 4287
14491 3762 4276 1189 4277
14492 1200 1190 3761 4275
14493 3312 3328 3330 2889
14494 3347 3369 3310 4279
14495 2872 4273 2874 4283
14496 1190 2914 1184 4275
14497 1114 1201 1113 4273
14498 3397 3384 3395 4282
14499 2911 2889 2891 4287
14500 3397 3758 3384 4282
14501 3392 3397 3757 3384
14502 4281 4282 3316 4286
14503 1185 2906 2859 4274
14504 3358 4273 3306 4283
14505 1185 2906 4274 4280
14506 2873 4278 3369 4279
14507 3331 3332 3330 4288
14508 3328 2889 3341 4287
14509 2867 2870 3348 2920
14510 1192 3395 3384 4282
14511 2896 2895 2925 3323
14512 2933 4274 2899 4287
14513 2933 2925 2919 3327
14514 1113 1201 1193 4273
14515 3392 3397 3396 732
14516 1179 1201 2930 4273
14517 3348 3345 2867 2920
14518 1184 1199 1190 4275
14519 3360 3357 2871 2877
14520 3357 3367 2871 4283
14521 1193 1201 1179 4273
14522 2922 2935 2858 4273
14523 3331 3330 2887 4288
14524 3397 3392 3758 732
14525 1192 3384 3758 4282
14526 1190 2924 4275 4277
14527 703 4282 4281 4286
14528 3377 3316 3351 4286
14529 1193 3750 3767 4273
14530 3333 2884 2885 2886
14531 2934 4276 2909 4277
14532 3328 3330 2889 2888
14533 1189 2910 2934 4276
14534 2883 3372 3333 4288
14535 1184 4275 2914 4284
14536 3358 3306 3367 4283
14537 3758 3397 732 4282
14538 4274 4281 3363 4286
14539 2858 1187 4273 4278
14540 2896 2895 3323 4287
14541 3330 2889 2888 2887
14542 3309 4276 741 4277
14543 3306 3369 3348 4278
14544 3396 3351 732 4282
14545 3347 2868 2920 2880
14546 1189 2934 1183 4277
14547 3347 3339 2868 2880
14548 1185 2859 1195 4274
14549 2870 3348 3346 2867
14550 3309 4276 4277 4285
14551 2883 3333 2885 4288
14552 1179 2922 2858 4273
14553 3766 3767 3750 4273
14554 3379 1110 4273 4283
14555 3328 2891 2890 2889
14556 3351 3316 733 4282
14557 2899 2933 2862 4286
14558 2883 4285 3372 4288
14559 2883 3333 2884 2885
14560 1185 4274 1195 4280
14561 1110 1108 4273 4283
14562 3384 3397 3757 3758
14563 2874 2872 2935 4273
14564 3338 3339 2880 2879
14565 2853 2919 2925 3322
14566 2885 3331 3333 2886
14567 1111 3356 2849 4283
14568 3360 3357 3367 2871
14569 1199 4275 1184 4284
14570 2881 2882 3336 2879
14571 3339 3347 3383 2880
14572 3339 3383 3338 2880
14573 3396 3397 3386 4282
14574 3345 3348 3347 2920
14575 2881 3336 3338 2879
14576 3761 1190 1199 4275
14577 1181 4276 3763 4279
14578 2930 2922 1179 4273
14579 2919 2933 3327 4286
14580 3325 2891 2890 3328
14581 2919 701 3362 3322
14582 3332 3331 3333 2885
14583 740 3309 741 4277
14584 1180 3751 4278 4279
14585 3337 3338 3336 2879
14586 3345 3346 3348 2867
14587 2887 4275 2893 4288
14588 2858 1187 1179 4273
14589 3762 741 4276 4277
14590 3327 2925 2919 3322
14591 2882 3337 3336 2879
14592 2891 3328 3325 4287
14593 3763 1181 3752 4276
14594 2872 2870 2873 4278
14595 2849 3356 2928 2877
14596 3392 3757 3397 3758
14597 3330 3329 3331 2888
14598 2869 2871 3367 2870
14599 2932 1186 4274 4281
14600 2861 2922 2930 4273
14601 3372 2883 3336 4285
14602 2914 1190 2924 4275
14603 1190 1200 1183 4277
14604 2934 2910 2909 4276
14605 2905 1180 4278 4279
14606 2868 2867 3345 2920
14607 2877 2871 3360 2869
14608 2883 3333 3336 2882
14609 3759 4274 1186 4281
14610 2893 2887 2907 4275
14611 3327 3373 3363 4287
14612 3372 3333 3336 2883
14613 3312 737 4280 4284
14614 2883 2884 3333 2882
14615 1200 1199 3761 1190
14616 3332 2885 3333 4288
14617 1108 1114 1113 4273
14618 1108 2861 4273 4283
14619 2928 3356 3311 2877
14620 1181 2926 4276 4279
14621 3330 3328 3329 2888
14622 2869 3367 3346 2870
14623 2859 2932 1186 4274
14624 2870 3346 2869 2867
14625 3762 1189 1183 4277
14626 1190 1183 2924 4277
14627 3764 4273 1187 4278
14628 2919 3362 701 4286
14629 2880 2881 3338 2879
14630 1181 3763 1188 4279
14631 3762 740 741 4277
14632 3367 3360 2871 2869
14633 3339 2868 2880 2879
14634 1195 1196 1185 4280
14635 2935 2858 4273 4278
14636 3360 3356 3357 2877
14637 3312 4275 738 4284
14638 2896 2933 2899 4287
14639 1195 4274 3755 4280
14640 3348 3346 3367 2870
14641 2868 3345 3347 2920
14642 2909 4277 4276 4285
14643 2849 1116 1111 4283
14644 2934 2851 1183 4277
14645 3750 1187 3764 4273
14646 3761 4275 1199 4284
14647 1181 1188 2926 4279
14648 3327 3323 2925 3322
14649 3332 3333 3372 4288
14650 2849 2921 1116 4283
14651 1108 2921 2861 4283
14652 1180 1188 3751 4279
14653 2928 1111 3356 2849
14654 3315 4280 4274 4287
14655 2935 4273 2872 4278
14656 3316 4281 733 4282
14657 701 2919 2853 3322
14658 1116 2921 1108 4283
14659 1181 2910 1189 4276
14660 3379 1110 746 4273
14661 3755 3760 1196 4280
14662 732 3351 733 4282
14663 2905 2850 1180 4279
14664 2899 2862 4281 4286
14665 2904 2873 2920 4279
14666 3323 2895 3325 4287
14667 2922 390 1179 2858
14668 2932 2863 1186 4281
14669 743 3369 4278 4279
14670 1192 3384 3757 3758
14671 2919 3322 3362 4286
14672 1183 3753 3762 4277
14673 3766 746 1110 4273
14674 3360 3367 3346 2869
14675 1111 3317 3356 4283
14676 2882 3336 2883 4285
14677 1180 2850 1188 4279
14678 1110 1109 1108 4283
14679 3763 3751 1188 4279
14680 3322 701 3362 3359
14681 2889 2890 3328 2888
14682 736 4274 3315 4280
14683 3751 743 4278 4279
14684 1195 3755 1196 4280
14685 397 1184 1190 2914
14686 1192 3758 1197 4282
14687 1109 3317 1111 4283
14688 1111 3356 1115 2928
14689 2906 2859 400 1185
14690 1193 1179 3750 4273
14691 2882 2881 3336 4285
14692 2859 1186 1195 4274
14693 1185 1191 2852 4280
14694 744 743 3369 4278
14695 3756 3759 1182 4281
14696 1113 3766 1110 4273
14697 2919 3327 3322 4286
14698 1189 3762 3752 4276
14699 1185 2859 400 1195
14700 1113 1110 1108 4273
14701 3379 1109 1110 4283
14702 2891 2890 2895 3325
14703 3760 1198 1196 4284
14704 1191 4280 1196 4284
14705 4275 4277 2893 4288
14706 701 2853 700 3322
14707 3341 4280 3315 4287
14708 1183 2851 2924 4277
14709 744 3751 743 4278
14710 3363 3315 4274 4287
14711 3395 1192 1178 4282
14712 3323 3325 3373 4287
14713 2850 2926 1188 4279
14714 2893 4275 2924 4277
14715 1187 3750 1179 4273
14716 1196 1198 1191 4284
14717 390 1187 1179 2858
14718 737 3312 738 4284
14719 3323 2853 2925 3322
14720 3356 3311 1115 2928
14721 2910 1181 2926 4276
14722 1182 3759 1186 4281
14723 3751 3764 1180 4278
14724 1199 1184 1198 4284
14725 1180 3764 1187 4278
14726 1109 1111 1116 4283
14727 3356 3360 3311 2877
14728 1196 4280 3760 4284
14729 737 3341 3312 4280
14730 1199 1198 3754 4284
14731 3341 736 3315 4280
14732 1184 2914 2938 4284
14733 3363 3373 3315 4287
14734 1185 2852 2906 4280
14735 2863 1182 1186 4281
14736 3339 3345 3347 2868
14737 2893 4277 2908 4288
14738 3761 1199 3754 4284
14739 1109 1116 1108 4283
14740 3326 2890 2898 2888
14741 735 4274 3759 4281
14742 2895 2891 3325 4287
14743 2893 2924 2908 4277
14744 3335 3336 3333 2882
14745 2907 4280 2852 4284
14746 1181 1189 3752 4276
14747 701 3362 3388 4286
14748 2873 2905 4278 4279
14749 1200 3753 1183 4277
14750 2863 401 2932 1186
14751 3755 4274 736 4280
14752 3390 3385 3396 3351
14753 3761 4275 739 4277
14754 1191 2852 399 1185
14755 2884 3335 3333 2882
14756 2898 3329 3326 2888
14757 1187 2858 391 4278
14758 3362 701 3388 3359
14759 1191 1185 1196 4280
14760 3309 3354 4276 4285
14761 2852 2907 2911 4280
14762 3325 3328 3341 4287
14763 1187 118 3764 1180
14764 3764 118 3751 1180
14765 1178 1192 1197 4282
14766 2866 2867 3345 2868
14767 2871 2874 2929 4283
14768 3357 3358 3367 4283
14769 2890 2895 3325 3326
14770 3309 3381 3354 4285
14771 2853 2925 2901 3323
14772 3756 4281 1182 4282
14773 3346 2869 2867 2865
14774 2894 2926 2904 4276
14775 3762 122 3753 1183
14776 732 733 3758 4282
14777 3311 3378 2876 2877
14778 3754 1198 3760 4284
14779 1111 379 3317 1109
14780 30 687 3320 2936
14781 2895 2890 2900 3326
14782 1201 389 1179 2930
14783 703 4281 2862 4286
14784 2895 3325 3326 3324
14785 2852 2906 399 1185
14786 3339 3338 3337 2879
14787 391 2858 2905 4278
14788 1181 394 1189 2910
14789 3379 3317 1109 4283
14790 2904 4276 2926 4279
14791 1111 3317 379 3356
14792 3372 4285 3361 4288
14793 3388 3377 3390 4286
14794 3326 2900 2895 3324
14795 1191 2852 4280 4284
14796 3363 4274 735 4281
14797 2851 2934 2909 4277
14798 2874 4273 2861 4283
14799 3753 3761 739 4277
14800 734 735 3759 4281
14801 3758 3392 3757 732
14802 2865 2867 3345 2866
14803 3330 3332 3365 4288
14804 2906 2897 4274 4280
14805 2930 389 1179 2922
14806 3763 4276 742 4279
14807 738 4275 3754 4284
14808 3321 2853 3323 3322
14809 745 3306 4273 4278
14810 122 3762 1189 1183
14811 2866 3345 3344 2868
14812 2934 1189 394 2910
14813 3384 3757 1194 1192
14814 1181 3752 120 3763
14815 3311 2876 2928 2877
14816 3362 3322 3327 4286
14817 2901 2925 2895 3323
14818 120 1181 3763 1188
14819 739 4275 3365 4288
14820 3752 742 3763 4276
14821 2921 2874 2861 4283
14822 2879 3339 2868 2878
14823 2863 1182 4281 4282
14824 739 4277 4275 4288
14825 3305 700 3322 3359
14826 3325 2890 3326 3328
14827 3371 3351 3390 3377
14828 3378 3311 3360 2877
14829 3351 3390 3385 3371
14830 125 1196 3760 1198
14831 2879 3337 3339 2878
14832 733 4281 3756 4282
14833 3360 3349 2875 2869
14834 3392 3396 3389 732
14835 3345 3343 2865 2866
14836 2914 1190 397 2924
14837 3760 4280 737 4284
14838 2914 4275 2907 4284
14839 1186 2863 401 1182
14840 2897 4274 4280 4287
14841 2901 3321 2853 3323
14842 2882 2883 2881 4285
14843 3361 4285 4277 4288
14844 2908 4285 2883 4288
14845 3379 4273 3358 4283
14846 3360 2875 2877 2869
14847 1180 1187 391 4278
14848 3349 3360 3346 2869
14849 737 738 3754 4284
14850 3345 3339 3344 2868
14851 3312 3365 738 4275
14852 3358 745 3306 4273
14853 2895 2901 3323 3324
14854 734 3363 735 4281
14855 3756 128 1182 3759
14856 3309 4277 3361 4285
14857 1186 400 2859 1195
14858 392 1188 1180 2850
14859 3344 2866 2868 2878
14860 2897 4280 2911 4287
14861 3364 3396 3385 3351
14862 3371 3390 3399 3377
14863 2863 4281 703 4282
14864 2932 4274 2899 4281
14865 739 3361 4277 4288
14866 3761 3754 4275 4284
14867 3361 739 3365 4288
14868 3763 3751 119 1188
14869 2929 2921 2849 4283
14870 3323 3325 2895 3324
14871 700 3305 3393 3359
14872 3755 3759 735 4274
14873 1198 3754 124 1199
14874 3388 3362 3377 4286
14875 391 2905 1180 4278
14876 2868 3339 3344 2878
14877 734 3756 733 4281
14878 126 1196 3755 3760
14879 2915 3331 3366 2886
14880 380 1111 3356 1115
14881 700 2853 3305 3322
14882 2905 392 1180 2850
14883 3760 737 3754 4284
14884 3399 3388 3319 3377
14885 3315 736 735 4274
14886 741 3309 3354 4276
14887 2922 2874 2935 4273
14888 1190 1183 396 2924
14889 736 3755 735 4274
14890 3396 3364 732 3351
14891 4277 4285 2908 4288
14892 3335 3337 3336 2882
14893 3356 3317 3357 4283
14894 3754 738 3761 4275
14895 2861 2874 2922 4273
14896 745 4273 3764 4278
14897 3755 736 3760 4280
14898 3388 3399 3390 3377
14899 2869 3349 2875 2865
14900 2859 2932 401 1186
14901 2910 1181 394 2926
14902 703 702 3390 4286
14903 2884 2892 3335 2882
14904 2907 2914 2893 4275
14905 2909 2910 2894 4276
14906 1188 3751 119 1180
14907 128 1186 1182 3759
14908 3754 125 3760 1198
14909 701 3388 702 4286
14910 393 1188 2850 2926
14911 3390 3399 3385 3371
14912 2885 2908 2883 4288
14913 736 3341 737 4280
14914 122 1200 3753 1183
14915 1195 126 1196 3755
14916 2875 3378 3360 2877
14917 3343 3345 3344 2866
14918 3337 3339 2878 3368
14919 3369 3306 744 4278
14920 2863 2862 703 4281
14921 2914 2924 2893 4275
14922 3395 3384 403 1192
14923 698 5 3380 2937
14924 2919 701 702 4286
14925 2873 2850 2905 4279
14926 3305 2853 700 2931
14927 2895 2896 2891 4287
14928 1188 393 1181 2926
14929 3311 380 3356 1115
14930 3378 2875 2876 2877
14931 1184 397 2938 2914
14932 3755 1195 127 3759
14933 2899 4274 2897 4287
14934 3395 3386 3397 4282
14935 2906 2911 2897 4280
14936 3388 3362 3319 3377
14937 3332 3372 3361 4288
14938 2879 2882 3337 2918
14939 734 733 3316 4281
14940 3361 3309 740 4277
14941 2876 1115 3311 2928
14942 3363 4281 3316 4286
14943 2896 2899 2897 4287
14944 3366 2913 2915 2886
14945 2862 2932 2899 4281
14946 2924 1183 396 2851
14947 703 3386 704 4282
14948 704 1178 402 4282
14949 3396 3364 3389 732
14950 1111 386 1116 2849
14951 3391 3757 1194 3384
14952 3335 3337 2882 2918
14953 387 1108 1116 2921
14954 3752 121 3762 1189
14955 734 3759 3756 4281
14956 3305 2853 2931 3322
14957 1199 3754 124 3761
14958 1192 130 1197 3758
14959 2906 2897 2859 4274
14960 2908 4277 2909 4285
14961 2924 2851 2908 4277
14962 2935 2872 2858 4278
14963 384 381 1112 3355
14964 3372 3309 3361 4285
14965 3764 745 3750 4273
14966 117 3750 1187 3764
14967 386 1116 2849 2921
14968 702 3388 3390 4286
14969 3751 3763 743 4279
14970 3762 741 3752 4276
14971 2878 2879 3337 2918
14972 2938 2914 2907 4284
14973 2910 2926 2894 4276
14974 123 1200 1199 3761
14975 387 1108 2921 2861
14976 1195 1186 127 3759
14977 3310 3369 743 4279
14978 3392 3757 3391 3384
14979 2904 2926 2850 4279
14980 2931 2853 3321 3322
14981 3360 3349 3378 2875
14982 3351 3385 3364 3371
14983 3315 735 3363 4274
14984 3358 3379 746 4273
14985 2863 402 401 1182
14986 2851 2909 2908 4277
14987 1182 1197 129 4282
14988 740 3762 3753 4277
14989 2863 703 704 4282
14990 3757 130 1192 3758
14991 736 737 3760 4280
14992 3366 3334 3331 2915
14993 3314 2865 2866 2856
14994 1183 1189 395 2934
14995 1189 3752 121 1181
14996 2907 2852 2938 4284
14997 2863 704 402 4282
14998 3343 2865 2866 3314
14999 3339 3344 2878 3368
15000 388 1114 2861 2930
15001 1187 3750 117 1179
15002 398 1191 1184 4284
15003 3764 3751 744 4278
15004 738 3365 739 4275
15005 2932 2859 2899 4274
15006 746 3766 3750 4273
15007 3381 3372 3336 4285
15008 2850 2873 2904 4279
15009 3384 1194 404 1192
15010 2887 2893 2885 4288
15011 3391 1194 404 3384
15012 402 1182 2863 4282
15013 738 739 3761 4275
15014 689 3374 2902 690
15015 3767 1193 116 3750
15016 381 384 3311 3355
15017 702 703 2862 4286
15018 741 3354 742 4276
15019 1178 3395 403 1192
15020 388 1114 1108 2861
15021 2897 2899 2859 4274
15022 3399 3319 3371 3377
15023 3761 123 1200 3753
15024 2882 2892 3335 2918
15025 3392 3389 731 732
15026 3379 3358 3317 4283
15027 3395 1178 704 4282
15028 744 3306 745 4278
15029 3752 741 742 4276
15030 3311 384 381 1115
15031 3359 3388 3362 3319
15032 706 705 3305 3394
15033 731 3757 3392 732
15034 3327 3363 3316 4286
15035 743 742 3310 4279
15036 701 3393 3388 3359
15037 1178 1182 402 4282
15038 740 3753 739 4277
15039 398 1184 2938 4284
15040 1182 129 3756 4282
15041 3316 3363 734 4281
15042 2872 2873 2905 4278
15043 3764 744 745 4278
15044 2872 2905 2858 4278
15045 1110 3379 378 1109
15046 2931 3321 3305 3322
15047 2891 2897 2911 4287
15048 3758 733 3756 4282
15049 2866 3344 3343 3314
15050 3379 3317 378 1109
15051 2934 395 1183 2851
15052 746 3379 41 1110
15053 1191 1198 1184 4284
15054 2911 2906 2852 4280
15055 740 739 3361 4277
15056 3396 3389 3364 3385
15057 3750 1193 116 1179
15058 2876 3311 384 3355
15059 384 1115 2876 2928
15060 2918 3337 2878 3368
15061 743 3763 742 4279
15062 3757 130 1194 1192
15063 2865 3343 3349 2864
15064 3750 745 746 4273
15065 3349 2875 2865 2864
15066 1115 3311 384 2876
15067 2916 2866 3344 2878
15068 2901 3321 3323 3324
15069 1187 390 391 2858
15070 2908 2909 2883 4285
15071 2865 3314 2864 2856
15072 1115 385 1111 2928
15073 41 3766 746 1110
15074 2929 2874 2921 4283
15075 2853 3321 2901 2931
15076 693 692 2917 3376
15077 3361 3365 3332 4288
15078 3763 119 120 1188
15079 385 1111 2928 2849
15080 2859 401 400 1186
15081 2927 384 1112 3355
15082 2901 2895 2900 3324
15083 3342 3349 3343 2864
15084 3343 2865 3314 2864
15085 731 3757 3387 3392
15086 3326 2890 2900 2898
15087 3344 2916 2878 3368
15088 704 15 402 1178
15089 2901 2900 3350 3324
15090 118 119 3751 1180
15091 2919 2862 2933 4286
15092 3325 3341 3373 4287
15093 216 1113 1193 3767
15094 1112 381 382 3355
15095 121 122 3762 1189
15096 1186 128 127 3759
15097 3752 120 121 1181
15098 2916 3344 3353 3368
15099 3352 3329 3326 2898
15100 379 380 1111 3356
15101 1187 118 117 3764
15102 3314 3342 3343 2864
15103 5 382 3380 2937
15104 3395 704 3386 4282
15105 2885 2893 2908 4288
15106 3357 3317 3358 4283
15107 2855 693 2917 3376
15108 3389 3364 731 732
15109 3321 2901 3350 3324
15110 1193 42 216 3767
15111 3391 3387 3757 3392
15112 2876 2875 3378 2860
15113 15 704 3395 1178
15114 379 378 3317 1109
15115 3315 3373 3341 4287
15116 2863 2932 2862 4281
15117 3349 3378 2875 2860
15118 746 745 3358 4273
15119 3327 3316 3362 4286
15120 3381 3309 3372 4285
15121 2862 2919 702 4286
15122 3366 3308 3334 2915
15123 2891 2896 2897 4287
15124 2903 2923 2901 3321
15125 2881 2883 2909 4285
15126 2918 3335 3337 3370
15127 3349 3378 2860 3318
15128 3353 3314 3344 2916
15129 698 2927 2937 3380
15130 389 390 1179 2922
15131 2918 2878 2855 3368
15132 3366 3352 3308 2913
15133 3320 687 3350 2936
15134 129 128 1182 3756
15135 3370 2918 2855 3368
15136 3378 2876 3318 3355
15137 1201 1114 48 2930
15138 2900 3350 2903 2901
15139 404 405 1194 3391
15140 731 3757 3765 3387
15141 3750 116 117 1179
15142 394 395 1189 2934
15143 3394 700 699 2931
15144 3326 2900 3382 2898
15145 3359 707 3388 3319
15146 2918 2892 3335 3370
15147 3314 696 2864 2856
15148 2916 2855 2878 3368
15149 3394 699 3305 2931
15150 1188 392 393 2850
15151 1113 42 115 3767
15152 1110 41 3766 1113
15153 3337 2918 3370 3368
15154 3326 3382 2900 3324
15155 1194 405 131 3391
15156 130 129 1197 3758
15157 2912 3375 691 2854
15158 3384 404 403 1192
15159 707 3388 3393 3359
15160 1196 126 125 3760
15161 124 123 1199 3761
15162 3305 700 3394 2931
15163 694 693 2855 3313
15164 3342 3314 696 2864
15165 3362 3316 3377 4286
15166 2900 3382 3350 3324
15167 2902 3308 3352 2913
15168 1113 216 42 3767
15169 2854 2912 3375 2915
15170 2876 3378 3311 3355
15171 2860 3349 3318 3342
15172 3757 1194 131 3391
15173 3387 3757 3765 3391
15174 1178 1197 1182 4282
15175 2916 3353 694 2855
15176 3382 3350 2857 2900
15177 3389 731 3387 3392
15178 3314 695 696 2856
15179 124 125 3754 1198
15180 3353 694 2855 3313
15181 2855 2916 3353 3368
15182 3305 3393 706 3394
15183 1112 383 384 2927
15184 3352 3326 3382 2898
15185 3305 699 3320 2931
15186 695 2916 3353 694
15187 706 3393 3305 3359
15188 3318 697 2860 3342
15189 696 697 3342 2864
15190 2852 399 398 1191
15191 2917 2892 2918 3370
15192 2901 3350 2903 3321
15193 2923 3320 699 2931
15194 3382 2857 3352 2898
15195 1195 127 126 3755
15196 698 697 2860 3318
15197 3370 2855 3313 3368
15198 3768 131 405 3391
15199 123 122 1200 3753
15200 381 380 3311 1115
15201 3318 2876 2927 3355
15202 3342 697 2860 2864
15203 2927 698 2860 3380
15204 1180 391 392 2905
15205 3378 2876 2860 3318
15206 2906 400 399 1185
15207 3320 705 699 3305
15208 3768 3757 131 3391
15209 2903 2857 3350 2900
15210 3334 3375 2912 2915
15211 3768 3398 3765 3391
15212 3350 2936 687 2903
15213 2876 384 2927 3355
15214 3313 2855 3353 3368
15215 709 3385 708 3371
15216 2857 3382 2900 2898
15217 3398 3768 405 3391
15218 2855 2917 2918 3370
15219 3350 2857 688 3307
15220 2917 3340 2912 2892
15221 1181 393 394 2926
15222 41 115 3766 1113
15223 396 397 1190 2924
15224 3393 3305 700 3394
15225 3385 709 3364 3371
15226 397 398 1184 2938
15227 3308 2902 2854 2913
15228 1194 131 130 3757
15229 709 3364 3389 3385
15230 3319 707 3388 3399
15231 3380 698 2860 3318
15232 2857 688 2903 3350
15233 693 2855 3313 3376
15234 2857 689 688 3307
15235 3765 730 24 3387
15236 3376 692 2917 3340
15237 1201 48 389 2930
15238 2892 3340 3335 3370
15239 3765 3757 3768 3391
15240 3340 692 2917 2912
15241 1114 48 216 1201
15242 687 2903 688 3350
15243 2913 3352 2902 2898
15244 3308 3374 2902 3352
15245 3352 2857 2902 2898
15246 692 3375 691 2912
15247 3320 2903 2936 3350
15248 2917 3340 2892 3370
15249 705 699 30 3320
15250 3393 706 707 3359
15251 3308 690 691 2854
15252 2902 3374 3308 690
15253 395 396 1183 2851
15254 2927 1112 382 3355
15255 3305 705 699 3394
15256 692 3340 3375 2912
15257 3379 378 41 1110
15258 115 3766 1113 3767
15259 1108 387 388 2861
15260 3376 2917 2855 3370
15261 2923 2901 3321 2931
15262 708 707 3319 3399
15263 405 43 131 3768
15264 2857 3307 3382 3352
15265 403 15 3395 1178
15266 2855 3313 3376 3370
15267 690 3308 2902 2854
15268 710 709 3364 3389
15269 2927 2860 2876 3318
15270 3387 710 731 3389
15271 1111 385 386 2849
15272 3399 3319 708 3371
15273 710 731 24 3387
15274 3380 2860 2927 3318
15275 3398 43 3768 730
15276 3307 3350 2857 3382
15277 3320 2936 2903 2923
15278 3387 3765 3398 3391
15279 1114 388 48 2930
15280 3307 2857 2902 3352
15281 382 383 1112 2927
15282 2902 3374 3307 3352
15283 24 731 3765 3387
15284 1116 386 387 2921
15285 3398 730 3765 3387
15286 3340 3375 2912 3334
15287 3399 708 3385 3371
15288 43 405 3398 3768
15289 710 3364 731 3389
15290 2927 3380 3318 3355
15291 699 2936 30 3320
15292 3375 3308 691 2854
15293 5 383 382 2937
15294 3380 2927 382 3355
15295 1193 116 42 3767
15296 3320 699 2936 2923
15297 1115 384 385 2928
15298 2917 3376 3340 3370
15299 2927 382 383 3380
15300 2937 2927 383 3380
15301 2937 383 382 3380
15302 3768 3398 730 3765
15303 4276 2880 2881 3354
15304 4276 2881 2880 2894
15305 4273 3767 1113 3766
15306 4273 1113 3767 1193
15307 2880 3347 4279 2920
15308 2880 4279 3347 3383
15309 2881 4276 2909 2894
15310 2881 2909 4276 4285
15311 4283 2877 2871 3357
15312 4283 2871 2877 2929
15313 3331 4288 2885 3332
15314 1113 1201 216 1193
15315 216 1201 1113 1114
15316 4286 2899 4274 4281
15317 4286 4274 2899 2933
15318 3323 2896 3327 2925
15319 3331 2887 2888 2886
15320 2888 2887 3331 3330
15321 4279 3354 742 3310
15322 4279 742 3354 4276
15323 4285 3338 3336 3381
15324 4285 3336 3338 2881
15325 3323 4287 3327 2896
15326 3327 4287 3323 3373
15327 3333 2886 2915 2884
15328 2915 2886 3333 3331
15329 3333 3334 2915 3331
15330 2888 2913 3366 2886
15331 3366 3331 2888 2886
15332 2888 3331 3366 3329
15333 3326 2888 3328 2890
15334 3328 2888 3326 3329
15335 4277 3761 1200 3753
15336 4277 1200 3761 4275
15337 1195 3759 4274 1186
15338 4274 3759 1195 3755
15339 700 3359 701 3322
15340 701 3359 700 3393
15341 2865 3345 3346 3343
15342 2865 3346 3345 2867
15343 4282 129 3758 1197
15344 4282 3758 129 3756
15345 3346 2865 3349 2869
15346 3349 2865 3346 3343
15347 4284 398 2852 2938
15348 4284 2852 398 1191
15349 2931 3320 3321 2923
15350 2931 3321 3320 3305
15351 2903 3321 3320 2923
15352 3320 3321 2903 3350
15353 2866 3314 2916 3344
15354 2866 2916 3314 2856
15355 3308 2913 2915 3366
15356 2915 2913 3308 2854
15357 2915 3308 3375 2854
15358 2915 3375 3308 3334
15359 2916 3314 695 3353
15360 695 3314 2916 2856
15361 3349 2864 2860 2875
15362 2860 2864 3349 3342
15363 2902 3307 689 2857
15364 2902 689 3307 3374
15365 2885 3331 2887 4288
15366 2887 3331 2885 2886
15367 2915 3333 3335 3334
15368 3335 3333 2915 2884
15369 2915 2892 3335 2884
15370 3366 2888 2898 2913
15371 2898 2888 3366 3329
15372 2898 3352 3366 2913
15373 3366 3352 2898 3329
15374 2915 2912 3340 2892
15375 3340 2912 2915 3334
15376 3340 3335 2915 2892
15377 2915 3335 3340 3334
3 5 4 2190
15378 4289 4310 4317 4361
15379 4336 4348 4300 4353
15380 2023 4307 4300 4337
15381 2256 4340 4314 4349
15382 1347 1349 4337 4378
15383 4289 4317 4321 4361
15384 4292 4313 4311 4315
15385 2055 4302 2032 4353
15386 1406 4331 1739 4379
15387 4317 4326 1332 4395
15388 4307 4337 1349 4378
15389 4302 4322 2032 4353
15390 1236 1235 1240 4314
15391 1330 1332 4326 4395
15392 4323 4339 4296 4355
15393 4301 4296 4339 4355
15394 4311 4313 4291 4315
15395 4289 4310 4304 4317
15396 4313 4315 4292 4320
15397 1397 2052 876 4351
15398 1431 4329 4316 4395
15399 1745 4298 4407 4409
15400 876 2052 2017 4351
15401 1745 4316 4298 4409
15402 2266 4315 4333 4392
15403 4300 4307 2023 4348
15404 2290 4323 4306 4336
15405 4293 4317 4310 4361
15406 4291 4315 4313 4320
15407 1236 1235 4314 4359
15408 2263 4314 2256 4340
15409 1407 1406 1739 4379
15410 2242 1235 2285 4314
15411 1431 4298 4329 4395
15412 1404 1739 1407 1406
15413 1397 2045 2052 4351
15414 2266 2241 4333 4381
15415 4298 1330 4326 4395
15416 1347 4337 4300 4378
15417 2290 2279 4323 4336
15418 4304 4310 4293 4317
15419 1208 1240 1235 4314
15420 4316 4329 4298 4395
15421 520 4300 4348 4353
15422 1413 4329 1434 4376
15423 1424 4301 1400 4354
15424 4296 4355 4301 4363
15425 1410 4354 1402 4376
15426 4289 4339 4323 4355
15427 4292 4315 4295 4320
15428 875 4319 4297 4393
15429 4321 4407 4298 4409
15430 1757 4301 4331 4354
15431 2040 1374 1375 4358
15432 1757 4331 1740 4354
15433 4297 4319 875 4396
15434 1741 1410 1743 4354
15435 2260 2265 2280 4349
15436 1347 4322 4300 4337
15437 1427 4325 4320 4362
15438 1365 1776 1379 4401
15439 4292 4320 4295 4325
15440 4295 4315 4292 4333
15441 4299 4332 525 4375
15442 525 4332 4299 4381
15443 1350 4325 1427 4362
15444 2290 4336 4306 4388
15445 2017 882 876 4351
15446 525 4381 4299 4412
15447 875 871 4319 4393
15448 1419 4322 1347 4337
15449 1391 4309 1230 4326
15450 1407 1739 1737 4379
15451 1331 1332 4317 4326
15452 4298 4326 4317 4395
15453 1346 1431 4316 4395
15454 1375 1374 2040 2038
15455 1403 1424 1400 4354
15456 4301 4316 1400 4354
15457 2242 1208 1235 4314
15458 514 4307 2012 4334
15459 1391 1417 1230 4309
15460 2052 2045 1397 2068
15461 1417 1210 1230 4309
15462 1743 1768 1410 1741
15463 1368 4369 2027 4390
15464 1216 1242 4305 4343
15465 2256 4314 2263 4349
15466 1419 1348 1347 4322
15467 1747 1745 4407 4409
15468 1410 1743 4354 4376
15469 1460 2045 1397 4351
15470 4295 4292 4325 4333
15471 1427 1350 4320 4325
15472 2265 2280 4349 4359
15473 1412 1413 1434 4376
15474 1331 1330 1332 4326
15475 4314 4340 4290 4349
15476 1448 4377 4341 4386
15477 1346 1431 1401 4316
15478 4300 4337 4307 4378
15479 2264 4340 4305 4404
15480 2272 4340 4311 4350
15481 1460 2045 1376 1436
15482 4297 4396 875 4405
15483 2023 4300 2030 4337
15484 4296 4323 4355 4363
15485 2257 4315 4311 4374
15486 2290 2286 2279 4336
15487 525 4342 4381 4412
15488 1400 4301 1424 4366
15489 1460 1376 2045 4351
15490 2030 4322 4300 4353
15491 1375 2039 2040 4358
15492 1368 1367 2027 4369
15493 4307 4312 1783 4348
15494 1216 4305 1242 4404
15495 2040 1374 4358 4397
15496 2030 4300 4322 4337
15497 2290 2286 4336 4388
15498 4303 4315 4291 4320
15499 1344 1349 1347 4378
15500 4309 4326 1391 4372
15501 1721 2012 514 4307
15502 4297 4328 4396 4405
15503 4294 4306 4325 4391
15504 1393 4309 1391 4372
15505 520 2030 4300 4353
15506 2045 1460 1397 1436
15507 2274 2266 4315 4381
15508 1783 4312 4307 4344
15509 2260 4314 2265 4349
15510 4311 4315 2257 4392
15511 2062 4324 4302 4342
15512 864 4303 4377 4386
15513 1330 4298 1431 4395
15514 2257 4311 2255 4374
15515 1316 4377 1448 4386
15516 4298 4316 1748 4329
15517 2040 1375 2038 2039
15518 2055 2013 4302 4357
15519 1436 1397 2045 2068
15520 1748 4298 1745 4316
15521 2023 2024 4307 4337
15522 2272 4311 2258 4350
15523 2030 4322 2067 4337
15524 1404 1741 1739 4354
15525 864 4332 4303 4386
15526 1410 1402 1405 4376
15527 4303 4291 4335 4411
15528 2017 2052 2045 4351
15529 1236 4314 1240 4402
15530 1749 1722 4312 4363
15531 1236 4359 4314 4402
15532 520 2291 521 4353
15533 876 882 860 4351
15534 1424 4301 4339 4366
15535 4342 4357 2241 4381
15536 1735 4312 1783 4344
15537 4303 4320 4291 4411
15538 4289 4301 4339 4355
15539 1374 1375 1442 2038
15540 4307 4337 2012 4369
15541 4295 4315 4303 4320
15542 1722 4348 4312 4363
15543 1394 2057 4369 4401
15544 1424 4339 4301 4370
15545 4305 4340 4314 4404
15546 1331 4326 4317 4372
15547 875 879 4393 4405
15548 1365 1379 1356 4401
15549 2263 2256 2264 4340
15550 4306 4318 4292 4325
15551 2262 4333 4306 4392
15552 1341 4346 4339 4370
15553 875 4393 4297 4405
15554 1783 4312 1749 4348
15555 1721 4307 514 4334
15556 2017 882 4351 4375
15557 1780 4329 4316 4376
15558 1348 1343 1347 4368
15559 876 860 1397 4351
15560 4295 4357 4342 4381
15561 2016 2032 4322 4353
15562 1364 4382 4319 4389
15563 1221 1230 4309 4326
15564 1366 1734 4344 4379
15565 2030 2016 4322 4353
15566 2256 4311 4340 4349
15567 1211 4308 1396 4338
15568 2264 2288 4305 4400
15569 1388 4319 4308 4389
15570 4290 4314 4349 4356
15571 4318 4325 1423 4362
15572 2016 2055 2032 4353
15573 1749 4312 1722 4348
15574 2013 4342 4302 4357
15575 2250 856 2240 4328
15576 4294 4325 4306 4333
15577 1431 4298 1330 4384
15578 4311 4350 4340 4383
15579 4293 4310 4304 4387
15580 4311 4290 4340 4349
15581 4291 4356 4328 4396
15582 2013 2062 4302 4342
15583 2258 4311 2255 4392
15584 2027 1367 1368 1373
15585 2030 4300 2023 4348
15586 4292 4333 4315 4392
15587 4301 4331 1424 4370
15588 4302 4353 2055 4357
15589 4291 4382 4335 4411
15590 1397 860 1317 4351
15591 2255 4311 2257 4392
15592 1741 1739 1750 1404
15593 2274 4381 4315 4408
15594 4289 4304 4310 4398
15595 1368 2027 2028 4390
15596 4293 4321 4317 4361
15597 4318 4325 4306 4391
15598 1423 4318 1339 4325
15599 1343 4300 1347 4368
15600 1375 2039 4358 4365
15601 1415 1316 1448 4386
15602 2032 4322 4302 4358
15603 2242 2285 2265 4314
15604 2023 2030 2024 4337
15605 2012 4334 4307 4369
15606 1747 4407 4321 4409
15607 4299 4381 4342 4412
15608 1748 4316 1780 4329
15609 2045 1376 1436 2046
15610 2017 2053 882 4375
15611 2257 2255 2253 4374
15612 1722 4348 4363 4399
15613 1434 4329 1755 4376
15614 4306 4325 4292 4333
15615 2012 4337 2024 4369
15616 2023 2024 2012 4307
15617 1241 2283 2287 4404
15618 2025 2012 2024 4369
15619 4314 4356 4290 4402
15620 1354 1353 4307 4334
15621 2287 2246 534 4343
15622 4295 4320 4303 4411
15623 4320 4382 4291 4411
15624 4324 4342 2062 4412
15625 2030 2031 2067 4322
15626 2013 2062 4342 4412
15627 1423 4325 1350 4362
15628 1776 1782 1764 4334
15629 1392 4312 4307 4378
15630 4351 4375 882 4403
15631 2012 4307 2024 4337
15632 1392 4307 1349 4378
15633 2258 2272 2255 4311
15634 2274 4315 2278 4408
15635 1393 1391 1331 4372
15636 4308 4319 1388 4338
15637 2240 4328 856 4330
15638 1434 1323 1217 4329
15639 526 525 4332 4375
15640 2287 1216 1241 4404
15641 4298 4326 1330 4384
15642 884 866 864 4303
15643 1391 4326 1331 4372
15644 1221 4326 4309 4380
15645 1330 1431 1346 4395
15646 1357 4345 4304 4362
15647 1244 4327 1231 4380
15648 4307 4312 1392 4344
15649 884 4303 864 4367
15650 1350 1423 1339 4325
15651 1357 4304 1335 4362
15652 875 879 871 4393
15653 2264 2288 2267 4305
15654 2032 4302 2062 4358
15655 1776 1365 1733 4344
15656 2258 4350 4311 4392
15657 4293 4317 4298 4326
15658 1777 4327 1786 4343
15659 1396 4308 1211 4364
15660 1735 1749 1783 4312
15661 1444 1394 2057 4369
15662 1449 4299 1369 4351
15663 2278 2274 2266 4315
15664 4294 4302 4353 4368
15665 2027 4369 2026 4390
15666 4298 4317 4293 4407
15667 4334 4369 2057 4401
15668 1772 4298 4385 4407
15669 1377 1366 1734 4344
15670 4320 4325 1350 4410
15671 4341 4377 4303 4386
15672 1353 1349 4307 4369
15673 2264 4305 2267 4404
15674 2283 2246 2287 4404
15675 4318 4391 1338 4394
15676 1349 1354 1353 4307
15677 865 4377 1316 4386
15678 1776 1782 4334 4344
15679 1338 4318 4339 4391
15680 4303 4315 4295 4381
15681 1353 4307 4334 4369
15682 4317 4321 4293 4407
15683 1349 4337 4307 4369
15684 875 871 886 4319
15685 1425 4302 4360 4368
15686 1383 4319 1364 4382
15687 1444 2057 2049 4369
15688 2062 2032 2055 4302
15689 4320 4325 4292 4362
15690 1425 4302 4322 4358
15691 2055 2013 2062 4302
15692 2256 4311 2272 4340
15693 4294 4353 4302 4357
15694 1242 4305 4343 4380
15695 4291 4315 4303 4408
15696 4291 4303 4335 4413
15697 2253 4315 2257 4374
15698 1332 1331 4317 4372
15699 2262 2259 4333 4392
15700 1410 1405 1743 4376
15701 1364 4319 1388 4389
15702 2272 2256 2255 4311
15703 4297 4349 4314 4356
15704 4291 4319 4356 4396
15705 2057 2027 2049 4369
15706 1736 4331 4312 4379
15707 1731 1733 1776 1365
15708 520 521 2030 4353
15709 4289 4355 4321 4366
15710 4339 4346 4296 4370
15711 1431 4329 4298 4384
15712 1425 4322 4302 4368
15713 1410 1741 1404 4354
15714 1755 1412 1434 4376
15715 4313 4320 1427 4382
15716 1368 2028 2027 1373
15717 1231 4327 4326 4380
15718 1434 1217 1218 4329
15719 4291 4303 4330 4408
15720 4343 4361 1763 4407
15721 4323 4339 4289 4391
15722 526 4332 887 4375
15723 1211 1396 1325 4338
15724 1377 1734 1366 4379
15725 1427 4320 4313 4362
15726 1758 4312 1736 4331
15727 1434 1218 1755 4329
15728 1362 4302 1425 4358
15729 4299 4324 1369 4351
15730 4321 4355 4301 4366
15731 1770 4301 4355 4363
15732 4303 4332 864 4367
15733 1363 4313 1427 4382
15734 875 4396 4328 4405
15735 1228 1211 1325 4338
15736 855 526 887 4375
15737 2258 2255 2257 4392
15738 1787 4321 1761 4355
15739 520 4300 2030 4348
15740 1414 1341 4339 4370
15741 4315 4381 4303 4408
15742 4297 4356 4314 4402
15743 1389 4319 878 4338
15744 4306 4333 2262 4388
15745 1415 865 1316 4386
15746 1362 4324 4302 4358
15747 1419 4322 4337 4390
15748 4290 4314 4305 4340
15749 2062 4302 4324 4358
15750 4298 4321 4317 4407
15751 1225 4308 4352 4364
15752 4327 4343 1763 4407
15753 4290 4308 4345 4364
15754 2264 4305 4340 4400
15755 4322 4353 4302 4368
15756 4293 4326 4298 4327
15757 1382 1383 1364 4382
15758 1773 1777 1763 4327
15759 1343 1347 4300 4378
15760 1425 1362 1360 4302
15761 1335 4304 1357 4372
15762 1404 1739 1750 1407
15763 1777 1786 1729 4343
15764 1392 1354 1349 4307
15765 1739 1737 1766 1407
15766 1763 4327 1777 4343
15767 2067 4337 4322 4390
15768 4296 4301 4339 4370
15769 1221 1231 1230 4326
15770 1394 4369 4334 4401
15771 1225 4352 4308 4402
15772 1425 4302 1360 4360
15773 2239 4310 2277 4347
15774 1748 1745 1780 4316
15775 1341 4346 4370 4378
15776 4326 4327 1232 4385
15777 1354 4307 1392 4344
15778 886 4319 871 4338
15779 2287 534 1216 4343
15780 1393 1417 1391 4309
15781 2031 2030 2016 4322
15782 2256 2255 4311 4349
15783 1430 1424 4331 4370
15784 1343 1344 1347 4378
15785 2050 4334 2012 4369
15786 1770 1757 4301 4363
15787 1338 4391 4346 4394
15788 1216 1248 1242 4343
15789 1219 1319 1396 4364
15790 526 2021 525 4375
15791 4289 4301 4355 4366
15792 1396 1211 1219 4364
15793 1338 4339 1341 4346
15794 2250 874 856 4328
15795 2047 4342 525 4412
15796 1741 1750 1410 1404
15797 2017 2064 2053 4375
15798 4289 4317 4304 4373
15799 1369 4324 4299 4371
15800 4308 4290 4345 4389
15801 4294 4333 4357 4360
15802 2058 4322 2032 4358
15803 1757 4331 4301 4363
15804 4316 4354 1742 4376
15805 2264 2267 2263 4404
15806 1735 4312 4344 4379
15807 1338 4339 4346 4391
15808 1208 4314 2242 4404
15809 4296 4363 4301 4370
15810 2034 2057 1394 4401
15811 2021 2047 525 4412
15812 1757 1770 4301 4409
15813 4306 4336 4323 4391
15814 1447 1765 1737 1407
15815 4306 4323 4289 4391
15816 4294 4325 4333 4360
15817 1424 1414 4339 4370
15818 864 4303 866 4377
15819 888 882 2053 4375
15820 2254 4311 2255 4349
15821 871 4338 4319 4393
15822 1358 4345 1357 4362
15823 1221 1231 4326 4380
15824 4306 4323 2290 4406
15825 2254 2255 4311 4374
15826 4296 4339 4323 4391
15827 1748 4298 1772 4407
15828 4310 4289 4347 4361
15829 1362 4302 4324 4371
15830 4314 4359 4297 4402
15831 4321 4347 4289 4361
15832 2281 2268 4310 4340
15833 1743 1742 4354 4376
15834 1369 4299 1372 4371
15835 1378 1447 1737 1407
15836 4321 4395 4366 4409
15837 2017 4351 2064 4375
15838 2276 532 4343 4361
15839 1402 4354 4316 4376
15840 1735 1736 4312 4379
15841 856 4328 877 4330
15842 2280 2275 2260 4349
15843 4290 4345 4313 4383
15844 4322 4358 2058 4365
15845 1772 4298 1748 4385
15846 4295 4357 4333 4360
15847 2025 2050 2012 4369
15848 2256 2254 2255 4349
15849 1432 2063 4365 4390
15850 884 866 4303 4413
15851 4326 1232 4384 4385
15852 1770 4355 4301 4409
15853 520 2030 2023 4348
15854 886 878 4319 4338
15855 1737 1765 1447 1378
15856 1388 1396 4308 4338
15857 860 4351 882 4403
15858 1425 4322 1429 4358
15859 4298 4293 4327 4407
15860 1739 1766 1750 1407
15861 1216 1242 1241 4404
15862 1335 4304 4372 4373
15863 1339 4318 1338 4394
15864 2289 525 4342 4381
15865 1759 4355 4323 4363
15866 4294 4336 4300 4353
15867 4332 4341 4303 4386
15868 4323 4336 2279 4399
15869 878 852 886 4319
15870 2260 2263 4314 4349
15871 4300 4336 4294 4346
15872 1364 1383 1388 4319
15873 1758 1736 1738 4331
15874 526 2292 887 4332
15875 4297 4319 4308 4338
15876 4295 4333 4325 4360
15877 4290 4308 4352 4402
15878 4299 4341 1372 4371
15879 1758 4312 4331 4363
15880 1243 1719 1218 4329
15881 1392 1349 1344 4378
15882 1403 1430 1424 4331
15883 4301 4366 4395 4409
15884 1427 4313 1363 4362
15885 1396 1395 4308 4364
15886 1351 4337 1349 4369
15887 2281 2272 2268 4340
15888 1360 4302 1362 4371
15889 1390 4309 1393 4345
15890 1211 4308 1225 4364
15891 4313 4345 4304 4383
15892 2280 2275 4349 4405
15893 1357 1335 1358 4362
15894 2049 2027 2060 1373
15895 2052 1397 1327 2068
15896 2050 514 2012 4334
15897 2055 523 2013 4357
15898 2239 4310 4347 4361
15899 1427 4320 1350 4410
15900 1412 1755 1784 4376
15901 4308 4290 4356 4402
15902 884 4303 4367 4413
15903 4315 4291 4374 4408
15904 4291 4349 4328 4356
15905 1227 4308 1211 4338
15906 865 864 4377 4386
15907 2270 4367 4332 4381
15908 1773 4327 1763 4407
15909 2038 1374 2040 2041
15910 1784 1405 1412 4376
15911 4325 4294 4391 4394
15912 2066 4324 2062 4412
15913 4293 4304 4317 4372
15914 1230 1210 1221 4309
15915 4290 4304 4345 4383
15916 1776 4334 1764 4401
15917 4296 4370 4346 4378
15918 1209 1786 4327 4343
15919 2254 4311 4349 4374
15920 4299 4341 4342 4381
15921 2277 4347 4310 4406
15922 2026 2028 2027 4390
15923 1417 1210 4309 4364
15924 4290 4349 4311 4356
15925 2013 2066 2062 4412
15926 2050 2057 2019 4401
15927 873 4319 4335 4396
15928 1242 4343 1248 4380
15929 4330 4374 4291 4408
15930 4345 4364 4308 4389
15931 1407 1737 1378 4379
15932 4297 4338 4308 4402
15933 875 4319 886 4396
15934 2064 2070 4375 4412
15935 4312 4348 4296 4363
15936 2012 1721 513 4307
15937 532 1763 4343 4361
15938 1415 858 865 4386
15939 1743 1742 1741 4354
15940 1240 4314 1208 4404
15941 4341 4377 1448 4411
15942 1390 4364 4345 4389
15943 1444 1367 1394 4369
15944 1404 1750 1408 1407
15945 4290 4352 4308 4364
15946 4294 4360 4302 4368
15947 1366 1392 4312 4344
15948 1740 4331 1739 4354
15949 1372 1369 1449 4299
15950 1358 4313 1359 4345
15951 4295 4342 4341 4381
15952 4304 4345 1357 4372
15953 1765 1378 1737 4379
15954 2270 4367 4381 4408
15955 1785 1405 1784 4376
15956 1395 4364 1390 4389
15957 4301 4289 4339 4366
15958 2027 1444 1367 1373
15959 1380 1775 2061 4401
15960 1412 1784 1785 1405
15961 2050 4334 2057 4401
15962 4319 4382 4356 4389
15963 1738 4331 1736 4379
15964 1393 4345 4309 4372
15965 1418 1366 1392 4312
15966 1414 1341 1338 4339
15967 4305 4314 4290 4352
15968 4301 4321 4366 4409
15969 1354 4334 4307 4344
15970 4297 4328 4349 4356
15971 1388 4319 1383 4338
15972 4296 4363 4348 4399
15973 1746 1761 1787 4321
15974 2046 2041 2042 4397
15975 2276 2239 532 4361
15976 1229 4305 1222 4352
15977 1217 4329 1323 4384
15978 1227 4308 4338 4402
15979 2034 1444 1394 2057
15980 4303 4381 4367 4408
15981 2046 1376 1461 2041
15982 1397 1317 1460 4351
15983 2276 4361 4343 4400
15984 2012 513 2023 4307
15985 2040 2041 1374 4397
15986 1738 1739 1740 4331
15987 4291 4330 4303 4413
15988 1424 4339 1337 4366
15989 1418 4331 4312 4370
15990 1377 1378 1734 4379
15991 1218 1217 1243 4329
15992 1213 1391 1230 4326
15993 1393 1390 1417 4309
15994 2266 2274 2241 4381
15995 1213 1313 1391 4326
15996 1360 4360 4302 4371
15997 1229 4305 4352 4404
15998 1366 4344 4312 4379
15999 4296 4336 4300 4346
16000 4318 4362 1423 4373
16001 1363 4313 1358 4362
16002 4305 4380 4352 4387
16003 1442 1374 2038 2041
16004 4301 4395 4316 4409
16005 4299 4351 1449 4403
16006 2267 2288 2246 4305
16007 4323 4336 4296 4391
16008 1217 1323 1329 4384
16009 1244 1224 4327 4380
16010 1735 1736 1749 4312
16011 2243 529 530 4323
16012 2027 2049 1444 1373
16013 4298 4327 4326 4385
16014 868 882 4375 4403
16015 4290 4345 4309 4364
16016 1358 4313 4345 4362
16017 1418 1366 4312 4379
16018 1417 4309 1390 4364
16019 1220 4309 1210 4364
16020 4290 4352 4314 4402
16021 1423 1350 1427 4362
16022 2060 2027 2028 1373
16023 1383 4319 1389 4338
16024 1400 4366 1399 4395
16025 1425 4360 1426 4368
16026 523 4342 2013 4357
16027 1326 1239 1726 1218
16028 4300 4294 4353 4368
16029 1400 1424 1399 4366
16030 4332 4367 4303 4381
16031 1339 4325 4318 4394
16032 1333 1335 4372 4373
16033 1749 1758 1722 4363
16034 1223 4314 1229 4352
16035 2253 2278 2257 4315
16036 4289 4318 4306 4391
16037 1717 4323 1759 4355
16038 4290 4313 4311 4383
16039 4326 4327 4293 4380
16040 1336 4318 1423 4373
16041 2031 2067 4322 4390
16042 531 2239 2277 4347
16043 4303 4295 4341 4381
16044 2023 1762 31 4348
16045 4308 4319 4297 4356
16046 1725 1776 1764 4401
16047 2240 2251 4328 4330
16048 886 871 878 4338
16049 2284 2266 2241 4333
16050 1376 1443 1461 2041
16051 1249 1243 4329 4385
16052 4295 4325 4320 4410
16053 1759 4363 4323 4399
16054 4317 4326 4293 4372
16055 4292 4318 4306 4398
16056 860 1317 4351 4403
16057 2046 1436 2045 2068
16058 1752 1379 1776 4401
16059 1765 1734 1378 4379
16060 1749 4312 1758 4363
16061 4306 4318 4289 4398
16062 2271 4332 525 4381
16063 4299 4342 4341 4371
16064 2284 4333 2241 4357
16065 2246 4305 2288 4400
16066 1424 1414 1337 4339
16067 4341 4342 4295 4371
16068 4290 4311 4313 4356
16069 1427 1363 1358 4362
16070 2268 2277 4310 4406
16071 1372 4299 1449 4403
16072 4292 4325 4318 4362
16073 1402 4316 1401 4376
16074 4306 4333 4292 4392
16075 2046 1376 2041 4397
16076 1388 1383 1389 4338
16077 2260 2256 2263 4349
16078 4309 4293 4326 4372
16079 1396 1319 1395 4364
16080 1338 4318 1336 4339
16081 2243 4323 530 4347
16082 4352 4380 4309 4387
16083 4345 4372 4304 4387
16084 1449 1369 1428 4351
16085 4302 4294 4357 4360
16086 4290 4309 4352 4364
16087 4293 4361 4343 4407
16088 1227 4338 4393 4402
16089 1219 1211 1225 4364
16090 1748 4298 4329 4385
16091 1243 1214 1753 4385
16092 1425 1429 1371 4358
16093 2275 2251 2254 4374
16094 1359 1358 1363 4313
16095 1355 1427 1350 4410
16096 530 529 1717 4323
16097 1434 1326 1726 1218
16098 2239 4347 531 4361
16099 1429 4358 4322 4365
16100 4292 4315 4311 4392
16101 2276 2239 4361 4400
16102 1374 1442 1443 2041
16103 1343 4300 4346 4378
16104 4295 4303 4341 4411
16105 1351 4369 1368 4390
16106 4291 4311 4349 4356
16107 1766 1408 1750 1407
16108 1209 1729 1786 4343
16109 868 882 888 4375
16110 1717 1779 1759 4323
16111 1229 4352 4314 4404
16112 4293 4343 4327 4407
16113 4340 4350 4310 4383
16114 4297 4393 4338 4402
16115 4306 4292 4350 4392
16116 1779 1759 4323 4399
16117 2270 4332 2271 4381
16118 4294 4300 4346 4368
16119 4300 4336 4296 4348
16120 1423 4362 1335 4373
16121 4293 4321 4361 4407
16122 4295 4357 4360 4371
16123 525 524 2289 4342
16124 1747 1748 1772 4407
16125 1355 4320 1427 4410
16126 4291 4320 4313 4382
16127 1335 1357 1333 4372
16128 1444 2034 2049 2057
16129 1752 1776 1725 4401
16130 1383 1451 1389 4319
16131 4291 4313 4311 4356
16132 4307 4334 1721 4344
16133 1233 1217 1329 4384
16134 4289 4321 4317 4366
16135 4309 4345 1390 4364
16136 2239 2268 2277 4310
16137 1776 1733 1782 4344
16138 4298 4326 4384 4385
16139 1327 2020 881 2052
16140 4302 4360 4357 4371
16141 2290 2261 2262 4306
16142 1430 4331 1418 4370
16143 4309 4372 4345 4387
16144 1229 1242 1222 4305
16145 1425 1360 1426 4360
16146 2058 2032 2054 4358
16147 4311 4313 4292 4383
16148 1371 1362 1425 4358
16149 4325 4391 4318 4394
16150 1388 1396 1395 4308
16151 2261 4306 2290 4406
16152 1717 530 4323 4347
16153 4291 4349 4311 4374
16154 4316 4354 4301 4409
16155 4292 4311 4350 4392
16156 877 856 874 4328
16157 1735 4344 1734 4379
16158 1757 1738 1740 4331
16159 4313 4320 4292 4362
16160 1783 4307 1721 4344
16161 1393 1357 4345 4372
16162 1762 1783 1749 4348
16163 1218 1719 1755 4329
16164 2057 4334 2050 4369
16165 1210 1220 1221 4309
16166 2034 2019 2057 4401
16167 1372 4386 4299 4403
16168 1413 1323 1434 4329
16169 1432 2063 2037 4365
16170 1406 4331 1403 4354
16171 1768 1750 1410 1741
16172 1353 1351 1349 4369
16173 2250 2240 2251 4328
16174 4335 4377 4303 4411
16175 4309 4326 4293 4380
16176 2262 2259 2284 4333
16177 1773 1763 4361 4407
16178 1369 4324 1428 4351
16179 4289 4323 4306 4406
16180 1765 1766 1737 1407
16181 2271 4332 2270 4367
16182 1775 1380 2061 1439
16183 1220 1221 4309 4352
16184 4293 4304 4372 4387
16185 1343 4346 4300 4368
16186 4311 4315 4291 4374
16187 1244 1224 1209 4327
16188 1332 1334 4317 4366
16189 4312 4331 1418 4379
16190 1362 4324 1369 4371
16191 4321 4347 1761 4355
16192 2246 4343 4305 4400
16193 4312 4348 4307 4378
16194 523 2241 4342 4357
16195 4289 4373 4304 4398
16196 1362 1370 4324 4358
16197 1436 1327 1397 2068
16198 1324 1383 1382 4335
16199 1351 4337 4369 4390
16200 1338 1339 1336 4318
16201 2273 4353 2245 4388
16202 1377 1366 1378 4379
16203 1336 1423 1335 4373
16204 2278 4315 2253 4408
16205 1229 1242 4305 4404
16206 1429 4322 1419 4365
16207 4310 4361 2239 4400
16208 4290 4305 4352 4387
16209 1211 1227 1225 4308
16210 526 525 2271 4332
16211 4303 866 4377 4413
16212 4304 4362 4313 4383
16213 1385 1427 4320 4382
16214 2290 4306 2262 4388
16215 877 4330 4328 4396
16216 4303 4377 4335 4413
16217 4315 4374 2253 4408
16218 1719 4329 1243 4385
16219 1742 1744 1740 4354
16220 4300 4353 4322 4368
16221 1333 4317 1334 4373
16222 4304 1335 4362 4373
16223 883 887 857 4332
16224 1249 4329 1217 4384
16225 1249 1214 1243 4385
16226 2290 4323 2243 4406
16227 1773 1763 1723 4361
16228 2275 4328 2251 4374
16229 4290 4352 4309 4387
16230 1223 1240 1229 4314
16231 1443 2041 1376 4397
16232 1747 4321 1746 4409
16233 1333 4372 4317 4373
16234 4290 4304 4383 4387
16235 1395 1388 4308 4389
16236 1428 4351 4324 4397
16237 1356 4334 1354 4344
16238 1404 1406 1403 4354
16239 1782 1721 4334 4344
16240 4291 4356 4319 4382
16241 2063 1432 1437 4390
16242 1223 4352 1225 4402
16243 4292 4350 4311 4383
16244 2278 2266 2257 4315
16245 1388 1325 1396 4338
16246 1384 4335 4382 4411
16247 1220 4352 4309 4364
16248 1761 4347 4321 4361
16249 2029 4365 2063 4390
16250 1764 1782 1721 4334
16251 2042 2044 4351 4397
16252 1419 4365 4322 4390
16253 2251 4330 2252 4374
16254 1761 4321 1781 4361
16255 1332 4366 4317 4395
16256 1240 4314 1223 4402
16257 1336 4339 4318 4373
16258 4294 4333 4306 4388
16259 2037 1441 1432 4365
16260 4319 4338 4297 4393
16261 1400 4316 1402 4354
16262 4303 4341 4332 4381
16263 4322 4365 2031 4390
16264 1375 2037 1442 2038
16265 525 2047 524 4342
16266 2260 2263 2265 4314
16267 2052 1327 2020 2068
16268 1357 1390 1393 4345
16269 2275 4328 4349 4405
16270 1757 1738 4331 4363
16271 1385 1363 1427 4382
16272 4314 4352 1223 4402
16273 1461 1436 1376 2046
16274 1372 4341 4299 4386
16275 4304 4290 4345 4387
16276 1754 4329 1780 4376
16277 2257 4315 2266 4392
16278 2249 4336 2291 4348
16279 142 1230 1391 1417
16280 1342 1352 4325 4360
16281 142 1230 1417 1210
16282 4304 4345 4313 4362
16283 4300 4296 4346 4378
16284 1246 885 870 4338
16285 1228 1227 1211 4338
16286 1375 2037 1441 1442
16287 1359 4345 4313 4389
16288 1443 1374 2041 4397
16289 1785 1743 1405 4376
16290 4309 4345 4290 4387
16291 1345 4312 1392 4378
16292 1395 4308 4364 4389
16293 1332 1399 1334 4366
16294 1363 1359 4313 4389
16295 1242 1248 1224 4380
16296 1225 4352 1220 4364
16297 4299 4332 4341 4381
16298 4328 4330 2251 4374
16299 4324 4351 2044 4397
16300 1721 514 1764 4334
16301 4309 4352 1221 4380
16302 4319 4356 4308 4389
16303 1227 1225 4308 4402
16304 4359 4393 879 4405
16305 1334 1333 1332 4317
16306 1783 513 1721 4307
16307 1729 1248 534 4343
16308 1245 4359 1236 4402
16309 1332 4317 1333 4372
16310 522 2055 4353 4357
16311 2292 857 887 4332
16312 1418 4312 1345 4370
16313 1440 2034 1394 4401
16314 4302 4357 4342 4371
16315 1396 140 1319 1219
16316 1721 514 2012 513
16317 1347 1349 1351 4337
16318 1338 4346 1340 4394
16319 2062 4324 2043 4358
16320 1337 4339 1336 4373
16321 1361 1372 4341 4371
16322 4317 4321 4298 4395
16323 4310 4293 4361 4400
16324 1245 4393 4359 4402
16325 141 1210 1417 4364
16326 2246 2267 4305 4404
16327 1400 1401 1402 4316
16328 1319 141 1417 4364
16329 1219 1396 140 1211
16330 886 852 873 4319
16331 141 1219 1210 4364
16332 4295 4342 4357 4371
16333 1332 1399 4366 4395
16334 1770 4355 1759 4363
16335 141 1319 1219 4364
16336 1348 4322 1425 4368
16337 4301 4355 4321 4409
16338 2273 2284 2241 4357
16339 1243 1753 1719 4385
16340 2070 2021 4375 4412
16341 2292 2247 857 4332
16342 2026 4369 4337 4390
16343 534 1248 1216 4343
16344 1370 1428 4324 4397
16345 2261 4350 4306 4406
16346 2273 4357 4353 4388
16347 4308 4356 4290 4389
16348 1428 1376 4351 4397
16349 4300 4348 4296 4378
16350 2285 1235 2248 4359
16351 1381 1752 1775 4401
16352 4291 4328 4349 4374
16353 1401 1431 1413 4376
16354 1242 1222 4305 4380
16355 1377 1365 1366 4344
16356 1437 1432 2063 1441
16357 4300 4307 4348 4378
16358 878 885 1457 4338
16359 1390 4345 1359 4389
16360 2037 1375 1441 4365
16361 1332 1333 1331 4372
16362 1361 4341 1387 4371
16363 1448 4341 1372 4386
16364 1213 143 1230 1391
16365 2289 4342 2241 4381
16366 2037 2063 1432 1441
16367 4293 4372 4309 4387
16368 143 1213 1313 1391
16369 2064 4375 4351 4412
16370 4317 4366 4321 4395
16371 2023 31 1762 513
16372 2281 4340 4310 4400
16373 4320 4295 4410 4411
16374 1431 4329 1413 4376
16375 1385 1384 4382 4411
16376 2281 4310 2239 4400
16377 1758 1749 1736 4312
16378 879 4359 861 4393
16379 1726 1755 1434 1218
16380 1395 1390 1359 4389
16381 1453 853 872 4335
16382 4319 4335 4291 4382
16383 4293 4387 4305 4400
16384 1418 1392 1345 4312
16385 870 878 871 4338
16386 1362 1371 1370 4358
16387 2294 2273 2245 4388
16388 4305 1222 4352 4380
16389 1380 2061 1440 4401
16390 2281 2268 2239 4310
16391 4293 4310 4387 4400
16392 1375 2037 2038 2039
16393 4313 4362 4292 4383
16394 1735 1783 1721 4344
16395 4294 4346 4336 4391
16396 4289 4339 4318 4391
16397 4310 4347 4289 4406
16398 1757 1744 1770 4409
16399 1400 1346 1401 4316
16400 1361 1372 1387 4341
16401 2243 2290 2279 4323
16402 2050 1764 514 4334
16403 1356 1354 1365 4344
16404 2058 2031 4322 4365
16405 1350 1342 1352 4325
16406 1246 1457 885 4338
16407 4318 4362 4304 4398
16408 1361 1369 1372 4371
16409 857 4332 2247 4367
16410 4296 4336 4323 4399
16411 2272 2258 2268 4350
16412 1717 4347 4323 4355
16413 4290 4340 4305 4387
16414 1249 4329 4384 4385
16415 4304 4373 4318 4398
16416 2273 2294 2284 4388
16417 1398 4386 1372 4403
16418 1337 4366 4339 4373
16419 1233 1249 1217 4384
16420 1731 1776 1752 1379
16421 4304 4362 4318 4373
16422 2284 2262 4333 4388
16423 1348 1419 1429 4322
16424 139 1211 1325 1228
16425 1742 1780 4316 4376
16426 1460 1428 1376 4351
16427 515 1764 2050 4334
16428 1209 1248 1729 4343
16429 2252 4374 4330 4408
16430 1238 1246 870 4338
16431 877 4328 875 4396
16432 1341 4370 1345 4378
16433 2037 2039 1375 4365
16434 4290 4311 4340 4383
16435 2043 2062 2066 4324
16436 4296 4348 4312 4378
16437 4313 4345 4290 4389
16438 2032 2062 2054 4358
16439 1211 1396 139 1325
16440 4325 4360 1352 4410
16441 1387 4371 4341 4410
16442 1775 2061 517 1439
16443 531 4347 1761 4361
16444 1758 4331 1738 4363
16445 2054 2058 4358 4365
16446 515 4334 2050 4401
16447 1381 1379 1752 4401
16448 1350 4325 1339 4394
16449 1412 1785 1411 1405
16450 4293 4305 4343 4400
16451 1742 4316 1745 4409
16452 2289 2271 525 4381
16453 2032 2031 2016 4322
16454 532 1723 1763 4361
16455 1754 1748 1780 4329
16456 1410 1404 1402 4354
16457 1346 4316 1400 4395
16458 1363 4313 4382 4389
16459 1313 1330 4326 4384
16460 1363 4382 1364 4389
16461 1757 1758 1738 4363
16462 1351 1367 1368 4369
16463 1236 1240 1226 4402
16464 1775 1380 1381 4401
16465 1330 1331 1313 4326
16466 1773 4361 1723 4407
16467 1371 1375 1374 4358
16468 871 870 4338 4393
16469 1727 1234 1786 4327
16470 1371 4358 1429 4365
16471 1229 4314 1240 4404
16472 1775 517 1774 1439
16473 1394 1353 4334 4369
16474 4313 4290 4356 4389
16475 2043 4324 2044 4397
16476 1746 1747 1781 4321
16477 1389 878 1457 4338
16478 2045 2042 2044 4351
16479 1228 1325 1457 4338
16480 1453 872 1324 4335
16481 2250 2244 874 4405
16482 865 858 864 4386
16483 4356 4382 4313 4389
16484 4296 4346 4339 4391
16485 1785 1784 1743 4376
16486 855 2065 526 4375
16487 2289 524 2241 4342
16488 2250 874 4328 4405
16489 1764 4334 515 4401
16490 1784 1756 1755 1412
16491 4318 4339 4289 4373
16492 1772 4385 4327 4407
16493 4314 4352 4305 4404
16494 1379 1381 1380 4401
16495 1425 1348 1429 4322
16496 4323 4347 2243 4406
16497 4299 4342 4324 4412
16498 4293 4327 4343 4380
16499 1384 4377 4335 4411
16500 884 4367 880 4413
16501 523 2241 524 4342
16502 146 1434 1323 1217
16503 1735 1734 1736 4379
16504 1742 1745 1744 4409
16505 1316 1448 4377 4411
16506 1352 4360 1360 4371
16507 515 2050 2019 4401
16508 4343 4361 4293 4400
16509 4323 4363 4296 4399
16510 2268 4310 4350 4406
16511 4294 4336 4388 4391
16512 2028 1437 1368 4390
16513 1398 1372 1449 4403
16514 4306 4388 4336 4391
16515 879 861 859 4393
16516 2248 1235 1215 4359
16517 1756 1784 1785 1412
16518 2240 2252 2251 4330
16519 4359 4393 4297 4402
16520 2050 1764 515 514
16521 4310 4289 4398 4406
16522 1766 1765 1447 1407
16523 1770 1759 1757 4363
16524 2242 4314 2263 4404
16525 1747 1746 1745 4409
16526 4336 4346 4296 4391
16527 1394 1440 1444 2034
16528 1763 533 532 4343
16529 2245 4353 4336 4388
16530 2070 2021 2064 4375
16531 2252 2253 4374 4408
16532 2279 4336 2249 4399
16533 859 1237 1212 4393
16534 1228 1457 1246 4338
16535 1781 1761 1746 4321
16536 869 2269 4330 4367
16537 1247 861 2293 4359
16538 1244 1234 1232 4327
16539 4292 4306 4350 4398
16540 1352 4360 4371 4410
16541 862 858 1398 4386
16542 1244 1231 1224 4380
16543 1343 1340 4346 4368
16544 2249 2291 520 4348
16545 1334 4317 4366 4373
16546 4304 4362 4383 4398
16547 1375 4358 1371 4365
16548 873 886 4319 4396
16549 1779 4323 529 4399
16550 1423 1336 1339 4318
16551 1448 1372 1415 4386
16552 4299 4324 4342 4371
16553 1331 1391 1313 4326
16554 1213 4326 1232 4384
16555 4289 4347 4321 4355
16556 2286 2290 2262 4388
16557 1430 1418 1345 4370
16558 2063 1437 2028 4390
16559 2023 31 520 4348
16560 2279 529 4323 4399
16561 1350 1342 4325 4394
16562 875 877 874 4328
16563 2239 531 532 4361
16564 4292 4383 4362 4398
16565 1222 1221 4352 4380
16566 2274 2270 4381 4408
16567 2279 1779 529 4399
16568 1343 4346 1341 4378
16569 4305 4293 4380 4387
16570 864 4332 857 4367
16571 1786 1234 1209 4327
16572 1440 2061 2034 4401
16573 4293 4343 4305 4380
16574 2271 2247 4332 4367
16575 1735 1733 1734 4344
16576 2043 2066 2044 4324
16577 1340 4346 4368 4394
16578 864 883 4332 4386
16579 875 4328 874 4405
16580 1343 1426 1340 4368
16581 4303 4377 4341 4411
16582 1385 4382 4320 4411
16583 4309 4380 4293 4387
16584 1347 1351 1419 4337
16585 2058 2029 2031 4365
16586 1373 1368 2028 1437
16587 1727 4327 1772 4385
16588 4294 4388 4306 4391
16589 1430 1406 1418 4331
16590 1380 1775 1381 1439
16591 1215 1247 2293 4359
16592 2030 2067 2024 4337
16593 4319 4291 4335 4396
16594 884 864 857 4367
16595 531 1761 1723 4361
16596 1340 4368 1426 4394
16597 1418 4331 1406 4379
16598 1426 4368 4360 4394
16599 2044 4324 2066 4412
16600 2291 4336 2245 4353
16601 2250 4328 2275 4405
16602 1313 4326 1213 4384
16603 4302 4342 4324 4371
16604 1352 1350 4325 4410
16605 4306 4398 4289 4406
16606 146 1434 1217 1218
16607 878 870 885 4338
16608 2240 2250 252 856
16609 2273 522 2245 4353
16610 4291 4313 4356 4382
16611 2032 2058 2031 4322
16612 1316 1386 1448 4411
16613 526 2271 2292 4332
16614 1227 4393 1245 4402
16615 1329 1313 144 4384
16616 880 4367 4330 4413
16617 2265 2263 2242 4314
16618 4291 4330 4328 4374
16619 855 883 863 4375
16620 1220 1222 1221 4352
16621 1723 1761 1781 4361
16622 1345 4370 4312 4378
16623 1398 862 199 858
16624 2266 4333 2284 4392
16625 1786 1777 1727 4327
16626 1773 1772 4327 4407
16627 4341 4410 4295 4411
16628 1213 144 1313 4384
16629 1338 1341 1340 4346
16630 1323 1329 145 1217
16631 2044 4351 4324 4412
16632 522 4353 2273 4357
16633 2293 861 2282 4359
16634 203 872 852 1451
16635 1781 4321 1747 4407
16636 1781 4361 4321 4407
16637 2285 2248 2265 4359
16638 857 864 883 4332
16639 522 523 2055 4357
16640 4324 4358 1370 4397
16641 1408 1410 1750 1404
16642 1231 1232 1213 4326
16643 4351 4375 4299 4412
16644 532 533 2276 4343
16645 4330 4291 4396 4413
16646 4328 4330 4291 4396
16647 1749 1722 1762 4348
16648 1232 4327 1234 4385
16649 516 2061 1775 4401
16650 4339 4366 4289 4373
16651 1428 1369 1370 4324
16652 1385 4320 1355 4411
16653 2250 2275 2244 4405
16654 2284 4333 2259 4392
16655 873 875 886 4396
16656 869 4330 880 4367
16657 1356 1394 4334 4401
16658 1343 1341 1344 4378
16659 1350 1339 1342 4394
16660 1220 1225 1223 4352
16661 1337 1338 1336 4339
16662 2029 2037 2063 4365
16663 4297 4308 4356 4402
16664 2029 2031 4365 4390
16665 437 1234 1727 4385
16666 1235 1236 1215 4359
16667 4289 4323 4347 4355
16668 1764 515 1725 4401
16669 4330 4396 877 4413
16670 1226 1240 1223 4402
16671 1370 1369 1362 4324
16672 1755 4329 1754 4376
16673 1773 1772 1727 4327
16674 4289 4347 4323 4406
16675 4317 4289 4366 4373
16676 2059 518 1774 1439
16677 2271 2270 2247 4367
16678 4295 4360 4325 4410
16679 1353 1356 1394 4334
16680 2245 4336 2286 4388
16681 870 136 1238 1212
16682 1217 1249 1243 4329
16683 870 1238 4338 4393
16684 1217 1329 145 1233
16685 2061 1380 1440 1439
16686 1402 1401 1405 4376
16687 880 4330 877 4413
16688 2043 4358 4324 4397
16689 880 856 877 4330
16690 1234 4327 1727 4385
16691 872 867 873 4335
16692 1765 1737 1734 4379
16693 872 203 1324 1451
16694 1334 4366 1337 4373
16695 517 2059 1774 1439
16696 2253 2251 2252 4374
16697 1426 4360 1342 4394
16698 529 1779 1717 4323
16699 2286 2249 2279 4336
16700 1214 1234 437 4385
16701 2252 4330 2269 4408
16702 1245 1236 1226 4402
16703 1407 1378 1406 4379
16704 2256 2272 2264 4340
16705 531 1723 532 4361
16706 861 2282 4359 4405
16707 1415 1398 858 4386
16708 1753 1243 436 1214
16709 2025 2057 2050 4369
16710 4297 4349 4328 4405
16711 864 863 883 4386
16712 1346 1332 1330 4395
16713 1358 1359 1357 4345
16714 856 253 2240 869
16715 1780 1745 1742 4316
16716 1213 1233 144 4384
16717 202 1453 853 872
16718 2040 2039 2054 4358
16719 1233 1329 144 4384
16720 2269 2240 253 869
16721 1453 853 4335 4377
16722 1414 1345 1341 4370
16723 1213 1230 1231 4326
16724 4375 4386 863 4403
16725 1345 1392 1344 4378
16726 2243 2279 529 4323
16727 437 1727 1753 4385
16728 4292 4362 4318 4398
16729 865 864 866 4377
16730 862 4386 1398 4403
16731 2249 4336 4348 4399
16732 2282 854 2244 4405
16733 1342 4360 4325 4394
16734 4330 4367 2269 4408
16735 1387 4341 1448 4411
16736 4317 4372 4304 4373
16737 854 874 2244 4405
16738 868 4375 863 4403
16739 1397 860 197 1317
16740 1432 1429 1419 4365
16741 202 1453 872 1324
16742 2270 2271 2274 4381
16743 2040 4358 2043 4397
16744 1375 1371 1429 4365
16745 867 873 4335 4396
16746 1371 1370 4358 4397
16747 870 1212 1238 4393
16748 1781 1723 4361 4407
16749 1333 1334 1335 4373
16750 876 860 197 1397
16751 2254 2253 2255 4374
16752 1419 4337 1351 4390
16753 1735 1721 1782 4344
16754 880 869 856 4330
16755 2284 2294 2262 4388
16756 4312 4363 4296 4370
16757 2059 517 2061 1439
16758 2243 4347 2277 4406
16759 2040 2054 2043 4358
16760 1361 1352 4371 4410
16761 2240 2269 2252 4330
16762 1387 4410 4341 4411
16763 1777 1773 1727 4327
16764 868 860 882 4403
16765 4295 4371 4360 4410
16766 136 870 859 1212
16767 861 4359 879 4405
16768 2292 2271 2247 4332
16769 1385 1427 1355 4320
16770 1348 1425 1426 4368
16771 1327 196 1397 881
16772 2250 2244 251 874
16773 4304 4383 4310 4398
16774 1415 1398 199 858
16775 1741 1740 1739 4354
16776 1725 1775 1752 4401
16777 1223 1229 1222 4352
16778 4289 4318 4373 4398
16779 1361 4371 1387 4410
16780 1432 4365 1419 4390
16781 523 524 2013 4342
16782 861 854 2282 4405
16783 4296 4312 4370 4378
16784 2291 2286 2245 4336
16785 1787 4355 1770 4409
16786 1214 437 1753 4385
16787 1403 1400 1402 4354
16788 1354 1356 1353 4334
16789 2062 2043 2054 4358
16790 1362 1369 1361 4371
16791 1774 1381 1775 1439
16792 1339 1338 1340 4394
16793 4335 4396 4291 4413
16794 869 880 884 4367
16795 1363 1382 1364 4382
16796 523 2273 2241 4357
16797 1352 1360 1361 4371
16798 1371 4358 1374 4397
16799 1415 1372 1398 4386
16800 874 252 2250 856
16801 1355 4410 1387 4411
16802 1334 1337 1336 4373
16803 1361 1387 1352 4410
16804 4332 4375 4299 4386
16805 1386 1387 1448 4411
16806 4341 4371 4295 4410
16807 1247 1237 861 4359
16808 1414 1424 1430 4370
16809 1390 1395 1319 4364
16810 1225 1220 1219 4364
16811 4301 4363 4331 4370
16812 1370 1376 1428 4397
16813 1431 1330 1329 4384
16814 2276 4343 2246 4400
16815 2268 2295 2277 4406
16816 2275 2250 2251 4328
16817 522 2273 523 4357
16818 2016 2030 521 4353
16819 1355 4320 4410 4411
16820 4299 4341 4332 4386
16821 2266 2284 2259 4392
16822 1421 1442 1441 2036
16823 1238 1227 4338 4393
16824 1451 852 204 878
16825 1395 1364 1388 4389
16826 1430 1403 1406 4331
16827 862 868 863 4403
16828 1386 1385 1355 4411
16829 859 1212 870 4393
16830 4294 4353 4357 4388
16831 1355 1387 1386 4411
16832 2042 2043 2044 4397
16833 4310 4383 4304 4387
16834 1413 1431 1323 4329
16835 2268 2261 2295 4406
16836 1380 1440 1394 4401
16837 862 863 4386 4403
16838 1384 4335 1382 4382
16839 853 867 4335 4413
16840 1742 1743 1780 4376
16841 4290 4383 4340 4387
16842 2295 2243 2277 4406
16843 4297 4393 4359 4405
16844 865 200 1415 1316
16845 200 1415 858 865
16846 434 1726 1239 1218
16847 1755 1754 1784 4376
16848 1717 1759 1770 4355
16849 853 867 872 4335
16850 1226 1223 1225 4402
16851 1729 1763 1777 4343
16852 2026 2027 2025 4369
16853 2248 1215 2293 4359
16854 1360 1362 1361 4371
16855 2259 4350 2258 4392
16856 4298 4384 4329 4385
16857 1722 4363 1759 4399
16858 2054 4358 2039 4365
16859 2246 533 534 4343
16860 2277 2243 530 4347
16861 1442 1321 1443 2048
16862 1243 435 1218 1719
16863 4336 4353 4294 4388
16864 4324 4351 4299 4412
16865 2275 2254 2260 4349
16866 436 1243 1753 1719
16867 1209 1729 439 1786
16868 2268 4350 2261 4406
16869 1319 1417 1390 4364
16870 1385 1386 1384 4411
16871 1432 1441 1375 4365
16872 4296 4348 4336 4399
16873 528 1779 2279 4399
16874 2246 2283 2267 4404
16875 2034 2061 2019 4401
16876 1229 1240 1208 4404
16877 1219 1220 1210 4364
16878 1717 1761 530 4347
16879 4330 4367 4303 4413
16880 1245 1237 4359 4393
16881 2258 2259 2261 4350
16882 1731 1450 1724 1732
16883 1389 1451 204 878
16884 4331 4363 4312 4370
16885 1227 1245 1226 4402
16886 522 2055 2016 4353
16887 1317 1449 4351 4403
16888 853 4335 4377 4413
16889 1389 1457 1325 4338
16890 1227 1226 1225 4402
16891 4340 4305 4387 4400
16892 4360 4368 4294 4394
16893 2261 2290 2295 4406
16894 853 1453 201 4377
16895 1368 1437 1432 4390
16896 2059 518 1439 1328
16897 4327 4385 4298 4407
16898 2045 2064 2017 4351
16899 4325 4360 4294 4394
16900 1338 1337 1414 4339
16901 1232 1249 4384 4385
16902 2065 2021 526 4375
16903 4310 4340 4387 4400
16904 1384 1453 4335 4377
16905 1389 1325 1388 4338
16906 1449 1428 1317 4351
16907 1245 1212 1237 4393
16908 258 2017 876 2052
16909 1238 1228 1246 4338
16910 4294 4357 4333 4388
16911 2252 2278 2253 4408
16912 1227 1228 1238 4338
16913 1741 1742 1740 4354
16914 196 876 1397 881
16915 854 251 2244 874
16916 2276 533 2246 4343
16917 2254 2256 2260 4349
16918 1750 1410 1720 1768
16919 1729 439 534 1248
16920 1371 1374 1370 4397
16921 527 520 31 4348
16922 2280 4359 2282 4405
16923 1372 1448 1387 4341
16924 2013 4342 2047 4412
16925 888 257 2053 882
16926 1412 1405 1413 4376
16927 4299 4375 4351 4403
16928 1382 1384 1324 4335
16929 2057 2025 2027 4369
16930 1342 1360 1352 4360
16931 854 875 874 4405
16932 2036 1442 2037 2038
16933 530 531 2277 4347
16934 1424 1337 1399 4366
16935 1393 1333 1357 4372
16936 1442 2037 1441 2036
16937 2054 2039 2058 4365
16938 2026 4337 2067 4390
16939 1342 1426 1360 4360
16940 2013 524 2047 4342
16941 1346 1400 1399 4395
16942 853 201 865 4377
16943 2264 4340 2281 4400
16944 4346 4294 4368 4394
16945 1341 1345 1344 4378
16946 1215 1237 1247 4359
16947 1781 1773 1723 4407
16948 1753 1772 1748 4385
16949 2295 2290 2243 4406
16950 2031 2029 2067 4390
16951 2276 2246 2288 4400
16952 1446 1774 518 1439
16953 530 1761 531 4347
16954 1366 1354 1392 4344
16955 1348 1426 1343 4368
16956 1782 1733 1735 4344
16957 1453 1324 1384 4335
16958 1758 1759 1722 4363
16959 4310 4398 4350 4406
16960 1435 1436 2046 2068
16961 1313 1329 1330 4384
16962 882 258 2017 876
16963 1241 1208 2283 4404
16964 1394 1367 1353 4369
16965 2245 2286 2294 4388
16966 2269 869 254 4367
16967 2247 2269 254 4367
16968 2028 2029 2063 4390
16969 534 533 1729 4343
16970 1363 1364 1359 4389
16971 2244 2282 250 854
16972 2289 2241 2274 4381
16973 2280 2282 2244 4405
16974 1229 1241 1242 4404
16975 2248 2293 2282 4359
16976 515 516 1725 4401
16977 1419 1351 1368 4390
16978 4310 4340 4383 4387
16979 1248 1729 439 1209
16980 1755 1719 1754 4329
16981 1357 1359 1390 4345
16982 1453 1316 201 4377
16983 2283 1208 2242 4404
16984 1331 1333 1393 4372
16985 516 1775 1725 4401
16986 1787 1770 1746 4409
16987 2070 2044 2066 4412
16988 1340 1426 1342 4394
16989 2280 2265 2248 4359
16990 1384 1382 1385 4382
16991 2264 2272 2281 4340
16992 1460 1317 1428 4351
16993 2279 528 529 1779
16994 1340 1341 1343 4346
16995 435 1755 1218 1719
16996 1244 1209 1234 4327
16997 1334 1399 1337 4366
16998 1318 1444 1440 2034
16999 1410 1411 1720 1768
17000 2264 2281 2288 4400
17001 884 880 866 4413
17002 1450 1422 1724 1732
17003 1753 1727 1772 4385
17004 1727 438 1786 1234
17005 254 857 2247 4367
17006 1738 1736 1737 4379
17007 1212 859 135 1237
17008 515 2019 516 4401
17009 1435 1436 1461 2046
17010 2017 2053 257 882
17011 867 4396 4335 4413
17012 441 2283 1241 1208
17013 1242 1224 1222 4380
17014 881 2020 259 2052
17015 2067 2026 2024 4337
17016 1335 1423 1358 4362
17017 2249 520 527 4348
17018 2021 2070 2047 4412
17019 2270 2269 4367 4408
17020 4346 4391 4294 4394
17021 2249 4348 527 4399
17022 1408 1410 1320 1750
17023 1787 1717 1770 4355
17024 1403 1402 1404 4354
17025 1766 1765 1718 1447
17026 877 4396 867 4413
17027 254 869 857 4367
17028 4303 4367 4330 4408
17029 1762 527 31 4348
17030 2283 441 2242 1208
17031 865 201 1316 4377
17032 1245 1237 1236 4359
17033 1719 1748 1754 4329
17034 1436 1435 1327 2068
17035 1726 434 1755 1218
17036 1320 1410 1720 1750
17037 2019 2061 516 4401
17038 2268 2258 2261 4350
17039 527 4348 1722 4399
17040 4299 4386 4375 4403
17041 1756 1785 1411 1412
17042 1423 1427 1358 4362
17043 2049 2018 1438 2060
17044 2270 2252 2269 4408
17045 1325 1457 138 1228
17046 1443 2015 1461 2041
17047 861 879 854 4405
17048 4306 4350 4398 4406
17049 2046 1461 2015 2041
17050 885 1457 205 878
17051 1443 1376 1374 4397
17052 875 854 879 4405
17053 2257 2259 2258 4392
17054 2251 2253 2254 4374
17055 2294 2286 2262 4388
17056 1238 1245 1227 4393
17057 1437 2063 1314 1441
17058 4310 4383 4350 4398
17059 2280 2244 2275 4405
17060 1732 1450 1422 1377
17061 2042 2041 2040 4397
17062 2286 2291 2249 4336
17063 2048 1442 2036 2038
17064 855 888 2065 4375
17065 1314 2063 2014 1441
17066 1228 1457 138 1246
17067 438 1209 1786 1234
17068 1450 1724 1730 1731
17069 2053 2065 888 4375
17070 1233 1213 1232 4384
17071 2044 2064 2045 4351
17072 861 250 2282 854
17073 853 4377 866 4413
17074 2064 2021 2053 4375
17075 1379 1380 1356 4401
17076 853 866 867 4413
17077 1438 1444 1318 2049
17078 2020 1327 2051 2068
17079 2046 2051 1435 2068
17080 880 877 867 4413
17081 1233 1232 1249 4384
17082 1447 1409 1766 1407
17083 859 135 1237 861
17084 1223 1222 1220 4352
17085 1399 1332 1346 4395
17086 1221 1224 1231 4380
17087 518 1446 1439 1328
17088 1457 1389 205 878
17089 2242 2263 2267 4404
17090 2274 2278 2270 4408
17091 1421 1442 2036 2048
17092 4350 4383 4292 4398
17093 863 868 855 4375
17094 881 259 876 2052
17095 1367 1351 1353 4369
17096 1334 1336 1335 4373
17097 1232 1234 1214 4385
17098 2281 2239 2276 4400
17099 2060 1438 1373 1445
17100 1442 1421 1321 2048
17101 1356 1380 1394 4401
17102 1756 1412 1433 1326
17103 1779 1722 1759 4399
17104 1418 1378 1366 4379
17105 2291 2245 521 4353
17106 1785 1720 1411 1768
17107 1378 1418 1406 4379
17108 859 871 879 4393
17109 1232 1214 1249 4385
17110 2271 2289 2274 4381
17111 1421 1441 2014 2036
17112 1440 2022 2034 2061
17113 1409 1766 1718 1447
17114 534 439 1216 1248
17115 2048 2015 1443 2041
17116 2013 2047 2066 4412
17117 528 2279 2249 4399
17118 2259 2257 2266 4392
17119 2293 1247 249 861
17120 2018 1438 1318 2049
17121 2282 2280 2248 4359
17122 527 1762 1722 4348
17123 1765 1751 1718 1447
17124 2061 516 1775 517
17125 1413 1405 1401 4376
17126 1246 885 137 870
17127 1720 1411 1410 1320
17128 1752 1381 1322 1379
17129 1363 1385 1382 4382
17130 863 858 862 4386
17131 1729 533 1763 4343
17132 1440 1416 1318 2033
17133 2051 1327 1435 2068
17134 862 1398 198 4403
17135 1420 1443 2015 1461
17136 863 864 858 4386
17137 1430 1345 1414 4370
17138 2028 2063 2035 1437
17139 526 887 2 855
17140 2015 1435 1461 2046
17141 2029 2039 2037 4365
17142 1732 1422 1724 1751
17143 2014 1314 1441 1421
17144 1238 1246 137 870
17145 1352 1355 1350 4410
17146 2065 526 2 855
17147 1381 1774 1446 1439
17148 1366 1365 1354 4344
17149 1359 1364 1395 4389
17150 1222 1224 1221 4380
17151 255 887 2292 857
17152 1757 1759 1758 4363
17153 2292 2247 255 857
17154 1422 1724 1730 1450
17155 1317 198 1398 4403
17156 1408 1766 1409 1407
17157 1317 860 198 4403
17158 877 875 873 4396
17159 2249 527 528 4399
17160 1736 1734 1737 4379
17161 2033 2018 1318 2049
17162 871 859 870 4393
17163 1375 1429 1432 4365
17164 1440 1416 2033 2022
17165 2022 2033 1440 2034
17166 2060 2018 1438 1445
17167 1384 1316 1453 4377
17168 1215 1236 1237 4359
17169 2063 2037 2014 1441
17170 2282 2293 249 861
17171 860 862 198 4403
17172 855 868 888 4375
17173 256 2065 855 888
17174 1751 1732 1422 1315
17175 2270 2269 2247 4367
17176 2037 2014 1441 2036
17177 527 1722 528 4399
17178 1417 141 142 1210
17179 1230 143 142 1391
17180 867 877 873 4396
17181 1319 140 141 1219
17182 1728 1381 1322 1752
17183 521 2245 522 4353
17184 1377 1422 1732 1315
17185 2033 1318 1440 2034
17186 1412 1411 1756 1433
17187 1396 139 140 1211
17188 1778 1456 1239 1326
17189 1237 134 1247 861
17190 1456 433 1239 148
17191 1435 2015 2051 2046
17192 1239 1456 148 1326
17193 2029 2028 2026 4390
17194 1339 1340 1342 4394
17195 144 143 1213 1313
17196 2029 2026 2067 4390
17197 1727 437 438 1234
17198 1241 2283 440 2287
17199 1238 1212 1245 4393
17200 1235 443 2285 2248
17201 433 1456 1239 1778
17202 1239 1726 1778 1326
17203 1315 1718 1751 1447
17204 1235 1215 443 2248
17205 1752 1728 1381 1775
17206 1744 1746 1770 4409
17207 1775 1728 1381 1774
17208 1314 2035 2063 1437
17209 1325 138 139 1228
17210 1744 1745 1746 4409
17211 2029 2058 2039 4365
17212 195 1327 2020 881
17213 869 884 857 4367
17214 1747 1772 1773 4407
17215 1374 1376 1370 4397
17216 1432 1419 1368 4390
17217 521 522 2016 4353
17218 872 203 202 1324
17219 2018 2060 2035 1445
17220 865 866 853 4377
17221 1241 1229 1208 4404
17222 1247 134 249 861
17223 1760 1756 1411 1433
17224 1730 1422 1450 1322
17225 2043 2042 2040 4397
17226 1389 204 205 878
17227 1726 1778 433 1239
17228 1754 1780 1743 4376
17229 1434 146 147 1218
17230 1322 1730 1728 1752
17231 2063 2014 2035 1314
17232 137 136 1238 870
17233 1773 1781 1747 4407
17234 1216 1241 440 2287
17235 1387 1355 1352 4410
17236 2021 2065 2053 4375
17237 1784 1754 1743 4376
17238 1247 444 1215 2293
17239 1774 1728 1381 1446
17240 144 145 1329 1233
17241 1317 1398 1449 4403
17242 201 200 865 1316
17243 1420 2015 1435 1461
17244 1314 1445 2035 1437
17245 199 198 862 1398
17246 868 862 860 4403
17247 2020 260 195 881
17248 2242 2267 2283 4404
17249 2065 256 2053 888
17250 1756 1411 1785 1760
17251 53 1457 885 1246
17252 1327 1458 195 2020
17253 1458 1327 2051 2020
17254 2247 254 255 857
17255 1720 1411 1455 1760
17256 1755 434 435 1218
17257 1753 436 437 1214
17258 457 458 1728 1452
17259 1411 1720 1785 1760
17260 1323 145 146 1217
17261 2270 2278 2252 4408
17262 1321 1421 448 2048
17263 2036 448 1421 2048
17264 1779 528 1722 4399
17265 1247 249 49 2293
17266 1216 14 439 534
17267 1458 2069 260 2020
17268 198 197 860 1317
17269 876 259 258 2052
17270 2288 2281 2276 4400
17271 1458 260 195 2020
17272 444 1215 2293 2248
17273 1456 1769 1433 1326
17274 876 197 196 1397
17275 1314 2014 449 1421
17276 1421 2014 449 2036
17277 2059 518 1328 2056
17278 1420 1321 447 2048
17279 1720 1411 1320 1455
17280 880 867 866 4413
17281 199 200 1415 858
17282 2015 1420 447 2048
17283 2269 253 254 869
17284 1381 1322 1452 1728
17285 1318 452 1438 2018
17286 446 1420 2015 1435
17287 135 134 1237 861
17288 2282 249 250 861
17289 2292 887 2 526
17290 1327 195 196 881
17291 2035 2014 450 1314
17292 1445 2035 450 1314
17293 1318 1416 453 2033
17294 2018 1318 452 2033
17295 1328 454 1416 2056
17296 1209 439 438 1786
17297 1321 448 447 2048
17298 1435 2015 446 2051
17299 1421 449 448 2036
17300 1422 460 1724 1751
17301 1457 53 138 1246
17302 1724 1730 459 1422
17303 1239 148 147 1326
17304 518 1446 1328 1459
17305 1453 201 202 853
17306 1718 1315 1409 1447
17307 1767 463 1720 1454
17308 2240 252 253 856
17309 204 203 852 1451
17310 2033 1416 453 2022
17311 2017 257 258 882
17312 464 1720 1455 1760
17313 1730 458 1452 1728
17314 1422 1730 459 1322
17315 464 465 1760 1455
17316 1452 1381 1728 1446
17317 251 252 2250 874
17318 2065 2 256 855
17319 451 1438 2018 1445
17320 1458 1327 1435 2051
17321 517 2059 518 1774
17322 2035 451 2018 1445
17323 2035 450 451 1445
17324 534 1216 14 2287
17325 1420 447 446 2015
17326 2022 1416 454 2056
17327 1416 454 453 2022
17328 134 249 49 1247
17329 1435 446 445 2051
17330 885 137 53 1246
17331 2051 2069 1458 2020
17332 1769 465 466 1433
17333 2047 2070 2066 4412
17334 148 433 64 1456
17335 1320 1720 463 1454
17336 453 452 1318 2033
17337 1315 461 1718 1409
17338 449 450 2014 1314
17339 2242 441 442 1208
17340 205 53 1457 885
17341 518 1774 1446 1771
17342 1760 1769 1756 1433
17343 2244 250 251 854
17344 2283 440 441 1241
17345 1409 1718 1766 1767
17346 1446 457 456 1771
17347 1456 433 64 1778
17348 1328 455 454 2056
17349 461 462 1718 1409
17350 1730 458 459 1322
17351 1446 1774 1728 1771
17352 1411 1455 1760 1433
17353 1730 1452 458 1322
17354 463 464 1720 1320
17355 518 1328 2056 1459
17356 518 1446 1459 1771
17357 2053 256 257 888
17358 1751 1422 460 1315
17359 1728 457 1452 1771
17360 1724 459 460 1422
17361 259 260 2020 881
17362 462 463 1767 1454
17363 1322 1730 1452 1728
17364 519 518 1459 1771
17365 1718 1751 461 1315
17366 2056 518 1459 519
17367 1459 17 455 519
17368 1215 444 443 2248
17369 1438 452 451 2018
17370 1320 464 1720 1455
17371 1446 1452 457 1771
17372 456 17 1459 519
17373 1726 433 434 1239
17374 135 136 859 1212
17375 436 435 1243 1719
17376 1446 1728 1452 1771
17377 2069 54 445 1458
17378 1216 440 14 2287
17379 465 1769 1760 1433
17380 1767 1409 462 1454
17381 1409 462 1718 1767
17382 1247 49 444 2293
17383 460 461 1751 1315
17384 466 1456 1769 1433
17385 64 466 1456 1778
17386 445 2069 1458 2051
17387 1435 445 1458 2051
17388 1760 1455 465 1433
17389 2 255 887 2292
17390 1459 455 2056 519
17391 1459 1446 456 1771
17392 519 1459 456 1771
17393 442 443 2285 1235
17394 466 1456 1778 1769
17395 2056 1328 455 1459
17396 4333 4381 4315 2266
17397 4315 4381 4333 4295
17398 4354 1757 1744 1740
17399 4349 4359 4405 4297
17400 4405 4359 4349 2280
17401 4354 1424 4331 1403
17402 4354 4331 1424 4301
17403 4349 4359 4314 2265
17404 4314 4359 4349 4297
17405 1745 4407 1748 1747
17406 1748 4407 1745 4298
17407 4333 4381 4357 4295
17408 4357 4381 4333 2241
17409 4314 2285 4359 1235
17410 4314 4359 2285 2265
17411 4340 2263 4404 2264
17412 4340 4404 2263 4314
17413 4392 2262 4350 4306
17414 4392 4350 2262 2259
17415 2261 4350 2262 4306
17416 2261 2262 4350 2259
17417 4335 852 873 872
17418 4335 873 852 4319
17419 4409 4298 4395 4316
17420 4409 4395 4298 4321
17421 1347 4368 4322 1348
17422 4322 4368 1347 4300
17423 4348 2291 4353 4336
17424 4348 4353 2291 520
17425 4409 1757 4354 4301
17426 4409 4354 1757 1744
17427 887 4375 883 855
17428 883 4375 887 4332
17429 4375 4412 525 4299
17430 525 4412 4375 2021
17431 4354 1406 1739 1404
17432 4354 1739 1406 4331
17433 4395 4301 1400 4366
17434 4395 1400 4301 4316
17435 4343 2287 4305 1216
17436 4343 4305 2287 2246
17437 4404 4305 2287 1216
17438 4404 2287 4305 2246
17439 4327 1231 1232 1244
17440 4327 1232 1231 4326
17441 1739 4379 1738 1737
17442 1738 4379 1739 4331
17443 1365 1731 1379 1776
17444 1365 1379 1731 1450
17445 4340 2268 4350 2272
17446 4340 4350 2268 4310
17447 4396 4297 4356 4328
17448 4396 4356 4297 4319
17449 1444 2027 4369 2049
17450 4369 2027 1444 1367
17451 1377 1365 1732 1450
17452 1731 1732 1365 1450
17453 1731 1365 1732 1733
17454 4382 1383 4335 1382
17455 4382 4335 1383 4319
17456 4409 1742 4354 1744
17457 4409 4354 1742 4316
17458 4348 1783 2023 1762
17459 4348 2023 1783 4307
17460 513 2023 1783 1762
17461 513 1783 2023 4307
17462 4376 1431 4316 1401
17463 4376 4316 1431 4329
17464 1451 878 4319 852
17465 4319 878 1451 1389
17466 4412 2064 2044 4351
17467 4412 2044 2064 2070
17468 1326 1218 147 1239
17469 147 1218 1326 1434
17470 4351 4397 2045 2042
17471 4351 2045 4397 1376
17472 2046 2045 4397 2042
17473 2046 4397 2045 1376
17474 4374 2275 4349 2254
17475 4374 4349 2275 4328
17476 2024 4369 2026 2025
17477 2026 4369 2024 4337
17478 4327 4380 1209 4343
17479 4327 1209 4380 1224
17480 1248 1209 4380 4343
17481 1248 4380 1209 1224
17482 4409 1787 4321 1746
17483 4409 4321 1787 4355
17484 4384 1323 1431 4329
17485 4384 1431 1323 1329
17486 1776 4344 4401 1365
17487 1776 4401 4344 4334
17488 1356 4401 4344 1365
17489 1356 4344 4401 4334
17490 869 2240 4330 2269
17491 869 4330 2240 856
17492 2242 1235 442 2285
17493 442 1235 2242 1208
17494 1761 4355 1717 1787
17495 1717 4355 1761 4347
17496 1743 1768 1405 1410
17497 1743 1405 1768 1785
17498 1411 1405 1768 1410
17499 1411 1768 1405 1785
17500 4357 2284 4388 2273
17501 4357 4388 2284 4333
17502 4319 4335 1451 852
17503 872 4335 1451 1324
17504 872 1451 4335 852
17505 4385 1719 1748 1753
17506 4385 1748 1719 4329
17507 4386 883 4375 863
17508 4386 4375 883 4332
17509 4393 861 1237 4359
17510 4393 1237 861 859
17511 1373 2049 1438 2060
17512 1373 1438 2049 1444
17513 1397 881 2052 1327
17514 2052 881 1397 876
17515 2041 1442 2048 2038
17516 2041 2048 1442 1443
17517 1756 1326 1434 1412
17518 1434 1326 1756 1726
17519 1434 1755 1756 1412
17520 1756 1755 1434 1726
17521 4411 1316 1384 4377
17522 4411 1384 1316 1386
17523 2049 1318 2034 1444
17524 2049 2034 1318 2033
17525 1730 1450 1752 1322
17526 1730 1752 1450 1731
17527 1379 1752 1450 1322
17528 1379 1450 1752 1731
17529 1445 2060 1437 1373
17530 1445 1437 2060 2035
17531 2028 1437 2060 1373
17532 2028 2060 1437 2035
17533 1377 1732 1447 1315
17534 1751 1732 1447 1765
17535 1751 1447 1732 1315
17536 1326 1769 1756 1726
17537 1326 1756 1769 1433
17538 1778 1326 1769 1456
17539 1769 1326 1778 1726
17540 1420 2048 1443 1321
17541 1443 2048 1420 2015
17542 1408 1454 1750 1320
17543 1720 1750 1454 1320
17544 1720 1454 1750 1767
17545 2056 1416 2059 2022
17546 2056 2059 1416 1328
17547 1439 1416 2059 1328
17548 260 1458 54 2069
17549 54 1458 260 195
17550 1365 1732 4344 1377
17551 1365 4344 1732 1733
17552 1734 4344 1732 1377
17553 1734 1732 4344 1733
17554 4335 1451 1383 4319
17555 4335 1383 1451 1324
17556 1734 1732 1378 1377
17557 1734 1378 1732 1765
17558 1447 1378 1732 1377
17559 1447 1732 1378 1765
17560 1454 1750 1409 1408
17561 1454 1409 1750 1767
17562 1766 1409 1750 1408
17563 1766 1750 1409 1767
17564 1416 2059 1440 1439
17565 1416 1440 2059 2022
17566 2061 1440 2059 1439
17567 2061 2059 1440 2022
3 6 4 1212
17568 1498 4422 2335 4424
17569 1477 2348 2390 1478
17570 1492 2379 2335 4422
17571 2297 4417 4419 4422
17572 2077 2093 2354 4415
17573 1476 2390 2348 1478
17574 2077 2093 2123 2354
17575 2390 1476 1477 1478
17576 2335 1515 4424 4433
17577 2123 2077 2354 4434
17578 2347 2348 2390 1477
17579 1477 2347 2348 1478
17580 1465 4415 4419 4422
17581 2386 2335 1492 2379
17582 2093 2356 4415 4420
17583 1498 2335 1515 4424
17584 1478 2348 1476 4431
17585 2390 1476 2348 4432
17586 2093 2356 2354 4415
17587 2093 4415 2113 4420
17588 1489 1492 2335 4422
17589 2379 1490 2380 4427
17590 1476 4431 2348 4432
17591 1490 2386 1492 2379
17592 1522 4419 4417 4422
17593 1492 1490 2379 4427
17594 2382 2380 1494 4438
17595 2297 4419 2358 4422
17596 4415 2358 4419 4422
17597 1489 2335 1498 4422
17598 2386 2335 1489 1492
17599 2379 1490 2386 2380
17600 1476 2390 1477 4432
17601 1492 2379 4422 4427
17602 1515 2329 2335 1489
17603 1522 1465 4419 4422
17604 1515 2335 1498 1489
17605 1494 2380 1493 4438
17606 2077 4419 4415 4434
17607 1492 1489 2386 1490
17608 1470 1788 1801 4417
17609 1494 1514 2380 2385
17610 1494 1514 1490 2380
17611 2121 2355 2093 4420
17612 1466 1477 2412 4432
17613 2412 2304 1466 4432
17614 2077 4415 2357 4434
17615 2125 2103 2300 4429
17616 2304 2412 1466 1507
17617 2354 2357 2077 4415
17618 2328 2331 1486 4435
17619 1515 2329 1486 4433
17620 2355 2356 2093 4420
17621 1486 4433 2328 4435
17622 1470 1812 1788 4419
17623 1493 2380 4427 4438
17624 1494 1490 1493 2380
17625 1470 1801 1526 4417
17626 2382 1495 1496 556
17627 901 2349 896 4429
17628 1493 2380 1490 4427
17629 2348 1478 2345 4431
17630 2077 2357 2354 4434
17631 2364 2345 2343 1480
17632 2412 2304 2384 1507
17633 2412 1477 2390 4432
17634 2345 2348 2347 1478
17635 2304 2384 1507 894
17636 2334 2329 2331 1486
17637 1480 2343 2364 4430
17638 1486 2329 1515 1489
17639 1788 4417 1470 4419
17640 2380 1514 2397 2385
17641 2397 1490 1514 2380
17642 2345 1480 2364 4431
17643 1497 4417 1801 4438
17644 1479 2345 2347 1478
17645 1470 503 1812 4419
17646 2307 2382 1496 556
17647 1544 1470 1526 4417
17648 1495 556 2382 4438
17649 2328 1486 2329 4433
17650 2121 2093 2113 4420
17651 2333 2339 2331 1484
17652 2355 2354 2093 2356
17653 2344 2343 2345 1480
17654 2358 2399 4415 4419
17655 2077 505 4415 4419
17656 505 1465 4415 4419
17657 1480 1482 2343 4430
17658 1796 1470 1788 1801
17659 2412 1466 1507 1477
17660 2347 2390 2412 1477
17661 1480 4430 2364 4431
17662 2329 2328 2331 1486
17663 901 4425 2349 4429
17664 2382 1494 2380 2385
17665 2343 1482 1483 4435
17666 556 1495 1496 1527
17667 1482 1480 2343 1483
17668 1495 556 1802 1527
17669 2331 1484 1486 4435
17670 2345 1478 1480 4431
17671 2307 1496 2385 1501
17672 2343 4430 1482 4435
17673 1480 2345 2344 1519
17674 2089 2087 2121 4439
17675 2343 2344 2342 1483
17676 2303 4427 2380 4438
17677 2397 2386 1490 2380
17678 557 2307 1496 556
17679 1507 1466 2304 893
17680 1495 1802 556 4438
17681 2087 2355 2121 4439
17682 1495 1496 1494 2382
17683 1796 1526 1470 1801
17684 4415 4419 2357 4434
17685 2329 2386 2335 1489
17686 554 1801 4417 4427
17687 1486 2334 2329 1488
17688 2344 2343 1480 1519
17689 1479 2344 2345 1519
17690 2385 1496 1494 1501
17691 2303 2380 2382 4438
17692 1478 1479 2345 1480
17693 2343 2344 1483 1519
17694 2096 4419 2077 4434
17695 894 1507 2304 893
17696 2386 2329 2334 1488
17697 2347 1477 1479 1478
17698 2342 2333 1483 1505
17699 1483 1480 2343 1519
17700 2125 2104 2103 4429
17701 2399 2357 4415 4419
17702 2339 2331 1484 1487
17703 1480 1479 2345 1519
17704 2343 1483 2333 4435
17705 4417 4427 1801 4438
17706 2363 2300 2413 4429
17707 889 2119 512 4429
17708 1490 1488 2386 2397
17709 1801 4427 554 4438
17710 2366 2348 4431 4432
17711 1476 1508 4431 4432
17712 2354 2394 2123 4434
17713 2339 2333 1505 1484
17714 1505 2333 1483 1484
17715 4428 4431 1508 4432
17716 2093 2077 2113 4415
17717 1497 4427 4417 4438
17718 2331 2333 1484 4435
17719 2362 2109 2341 4437
17720 2386 2329 1488 1489
17721 2093 2085 2123 2354
17722 2346 2344 2345 1479
17723 1495 2382 1494 4438
17724 2358 2297 2399 4419
17725 503 2081 1812 4419
17726 1488 2329 1486 1489
17727 2334 2410 1491 1488
17728 2412 2390 2304 4432
17729 2333 2343 2342 1483
17730 2404 2307 1496 557
17731 1796 1788 1470 1812
17732 897 2296 4425 4432
17733 1531 2410 2398 2339
17734 2342 2333 1505 2339
17735 2087 2089 2359 4439
17736 2331 1486 1484 1487
17737 1489 1488 2386 1490
17738 4421 4425 889 4429
17739 2366 4431 4428 4432
17740 1489 1498 1492 4422
17741 2373 2410 1491 2334
17742 1484 1505 2339 1487
17743 2121 2355 4420 4439
17744 1789 1497 1801 4438
17745 508 4418 4416 4420
17746 2333 1483 1484 4435
17747 2077 2096 505 4419
17748 2093 2121 2087 2355
17749 4421 4423 1539 4428
17750 889 4421 1540 4425
17751 2362 2108 2109 4437
17752 1483 2344 2342 1519
17753 2093 2085 2354 2355
17754 2334 2386 1488 2397
17755 1470 504 503 4419
17756 1477 1500 2347 1479
17757 1496 557 556 1792
17758 2087 2359 2355 4439
17759 505 1522 1465 4419
17760 889 512 4421 4429
17761 1500 2346 2347 1479
17762 1491 2373 2334 2397
17763 1488 1490 1514 2397
17764 2104 2341 2109 4437
17765 1524 2384 2310 894
17766 1534 4422 4417 4427
17767 2084 2394 2124 4434
17768 2321 4416 4423 4426
17769 1488 1491 2334 2397
17770 1536 4416 508 4418
17771 1526 1545 1497 1806
17772 2315 2317 2091 2316
17773 2399 2357 2358 4415
17774 2084 2123 2302 2394
17775 1513 1539 4423 4428
17776 889 512 1540 4421
17777 2389 2347 2412 1477
17778 2393 2125 2103 2300
17779 1522 4417 1534 4422
17780 2315 2091 2317 2318
17781 2341 2109 2362 2363
17782 1806 1789 1497 1801
17783 2092 2376 2316 4436
17784 1473 4421 1539 4428
17785 1487 1491 2410 1488
17786 1545 1789 1497 1806
17787 1514 2372 2385 1501
17788 2349 4425 4421 4429
17789 2356 2357 2354 4415
17790 2317 2091 4436 4439
17791 1479 2346 2344 1519
17792 2091 2316 2317 4436
17793 2310 898 1524 894
17794 2092 2115 2376 4436
17795 2384 1524 1507 894
17796 1508 4428 4423 4431
17797 1497 1526 1806 1801
17798 2346 2406 2344 1519
17799 1464 4423 4416 4426
17800 1503 2404 1496 557
17801 2407 2342 2344 1519
17802 2321 4416 4414 4423
17803 2331 2339 2410 1487
17804 2341 2104 2109 2363
17805 1531 2410 2339 1487
17806 2381 4417 4422 4427
17807 1544 4417 1497 4427
17808 2123 2302 2394 2354
17809 2365 4426 4423 4431
17810 2304 893 1466 4432
17811 1473 1539 1513 4428
17812 1491 1531 2410 2398
17813 4423 4428 2365 4431
17814 2366 2390 2348 4432
17815 2349 2392 896 4429
17816 2346 2345 2347 1479
17817 2310 2389 2384 1524
17818 1491 1488 1514 2397
17819 1494 1514 2385 1501
17820 2092 2376 2115 4437
17821 2321 4414 2332 4423
17822 1469 4418 508 4420
17823 2376 4436 2115 4437
17824 1470 503 1796 1812
17825 897 891 2296 4432
17826 503 504 2081 4419
17827 2104 4429 2341 4437
17828 1792 556 1496 1527
17829 2384 2389 2412 1507
17830 1514 2372 1501 1533
17831 2394 2084 2124 550
17832 2382 556 555 4438
17833 897 4425 891 4432
17834 1508 4423 1509 4431
17835 2354 2085 2353 2355
17836 2297 2381 4417 4422
17837 2317 2318 2091 4439
17838 4416 4418 2322 4420
17839 2105 2084 2124 4434
17840 1524 2389 2384 1507
17841 2077 2123 2105 4434
17842 2396 2372 2371 1533
17843 2117 1797 2081 4434
17844 2347 2389 1500 1477
17845 2385 2396 2307 1501
17846 2124 2394 550 4434
17847 1512 1464 4416 4426
17848 555 556 1802 4438
17849 1536 508 1469 4418
17850 2372 1514 1491 1533
17851 2089 2091 2315 2318
17852 2372 2397 1514 2385
17853 1491 2301 2372 1533
17854 2324 2377 4424 4433
17855 1532 4418 4424 4433
17856 2385 2372 2396 1501
17857 2381 4422 2379 4427
17858 1496 2307 2404 1502
17859 4423 4426 1509 4431
17860 4426 4430 2325 4433
17861 2104 2109 2108 4437
17862 508 4420 4416 4439
17863 557 1496 1503 1792
17864 2393 2363 2125 2300
17865 1470 503 1523 1796
17866 2092 2316 2091 4436
17867 2398 2375 1531 2339
17868 2335 4422 2411 4424
17869 2411 4422 2403 4424
17870 1511 1510 4426 4433
17871 1522 1534 1465 4422
17872 4416 4420 2322 4439
17873 1510 4430 4426 4433
17874 2302 2123 2085 2354
17875 2321 4418 4416 4426
17876 1476 1477 1466 4432
17877 2315 2091 2090 2316
17878 1492 4422 1534 4427
17879 1799 4419 2081 4434
17880 1501 2396 2307 1502
17881 1502 2404 1496 1503
17882 2346 2406 1519 1504
17883 2324 2330 4418 4424
17884 2342 2407 1506 1519
17885 2324 4424 4418 4433
17886 1539 4421 4414 4423
17887 1505 1531 2375 2339
17888 2332 4414 2337 4423
17889 2373 1491 2410 2398
17890 2307 1496 1501 1502
17891 2081 1797 1799 4434
17892 2337 4423 4421 4428
17893 4416 4418 1512 4426
17894 2372 2396 1501 1533
17895 2343 2370 4430 4435
17896 1506 1483 2342 1519
17897 1531 1491 2410 1487
17898 2375 2408 1505 2339
17899 4414 4421 2337 4423
17900 1464 4414 4416 4423
17901 2368 2407 2406 1468
17902 2381 2378 4417 4427
17903 902 891 897 4425
17904 1536 1512 1464 4416
17905 2321 4423 2369 4426
17906 1516 1534 4417 4427
17907 1462 2396 2371 1533
17908 4421 4429 2107 4437
17909 1505 2408 2342 2339
17910 2376 2317 2316 4436
17911 2330 4420 4418 4424
17912 4415 4420 2403 4424
17913 4418 4426 2325 4433
17914 1519 1479 2346 1504
17915 1511 4426 4418 4433
17916 2091 2318 2089 4439
17917 2325 4418 2323 4426
17918 895 2300 2103 4429
17919 2116 2108 2109 2362
17920 2346 2347 2389 1500
17921 2399 2357 4419 4434
17922 1799 1812 2081 4419
17923 891 4425 902 4432
17924 1503 1811 2404 557
17925 2085 2084 2123 2302
17926 2089 2091 2090 2315
17927 2321 2323 4418 4426
17928 2339 1505 1531 1487
17929 1485 4433 1486 4435
17930 2383 893 2304 4432
17931 2119 2107 512 4429
17932 552 4417 1788 4419
17933 1491 2301 2373 2372
17934 1492 1493 1490 4427
17935 2324 2327 2377 4433
17936 1519 2406 2407 1468
17937 2318 2355 2359 4439
17938 2344 2406 2407 1519
17939 2378 554 4417 4427
17940 1499 1475 1525 4432
17941 2371 2372 2301 1533
17942 1792 1802 556 1527
17943 891 902 1475 4432
17944 2089 2318 2359 4439
17945 509 1464 4414 4416
17946 2403 4422 4415 4424
17947 1524 1500 2389 1507
17948 2396 2404 2307 1502
17949 1470 4417 1522 4419
17950 1532 1511 4418 4433
17951 1789 1801 554 4438
17952 2310 2388 2389 1524
17953 2369 4423 2365 4426
17954 2377 2335 2411 4424
17955 1499 1525 4425 4432
17956 1501 2396 1462 1533
17957 2403 4420 2330 4424
17958 2320 4414 2321 4416
17959 2092 2115 2108 4437
17960 901 889 890 4425
17961 1788 552 553 4417
17962 1512 4416 1536 4418
17963 2326 4426 2365 4431
17964 899 2074 2103 2393
17965 1506 2408 2342 1505
17966 2297 4417 552 4419
17967 2074 2125 2103 2393
17968 2342 1483 1506 1505
17969 2374 2375 1531 2398
17970 2321 2320 2332 4414
17971 2365 4423 2338 4428
17972 2335 2379 2381 4422
17973 2091 2092 2090 2316
17974 895 2103 2079 4429
17975 1463 1505 1531 2375
17976 2315 2088 2089 2359
17977 2124 2084 2106 550
17978 1481 4430 1480 4431
17979 2383 2296 891 4432
17980 2297 2358 2381 4422
17981 1473 4425 4421 4428
17982 2404 1502 1471 1503
17983 1521 2301 2374 2373
17984 1523 1526 1470 1796
17985 1532 4424 1515 4433
17986 1495 1494 1493 4438
17987 2301 1491 1520 1533
17988 2404 1502 1538 1471
17989 2117 4419 2096 4434
17990 507 2113 506 4415
17991 2337 2338 4423 4428
17992 2107 4429 2104 4437
17993 2406 2368 1468 1537
17994 1510 4430 4433 4435
17995 2326 4430 4426 4431
17996 2404 1811 1503 558
17997 507 2113 4415 4420
17998 2341 4429 2340 4437
17999 1505 1463 2408 2375
18000 1478 1476 1508 4431
18001 553 554 1801 4417
18002 2403 4415 2356 4420
18003 4418 4420 1469 4424
18004 2322 4418 2330 4420
18005 2366 2365 4428 4431
18006 2341 2413 2340 4429
18007 511 4414 1539 4421
18008 2321 2332 2369 4423
18009 2297 553 552 4417
18010 2325 4426 2326 4430
18011 2325 4433 4430 4435
18012 553 2378 554 4417
18013 891 1475 1466 4432
18014 1510 4433 1485 4435
18015 509 4414 2099 4416
18016 2125 2109 2104 2363
18017 1479 1500 2346 1504
18018 2323 2325 2324 4418
18019 2337 4421 4425 4428
18020 2337 4425 2391 4428
18021 2362 2360 2116 2316
18022 4415 4422 1518 4424
18023 505 506 2077 4415
18024 1520 2371 2301 1533
18025 2117 2081 4419 4434
18026 1511 1510 1512 4426
18027 192 1466 891 1475
18028 4426 4430 1509 4431
18029 2393 2103 895 2300
18030 2301 1521 1491 2373
18031 2322 4416 2321 4418
18032 1513 4423 1508 4428
18033 2090 2088 2089 2315
18034 2107 4421 512 4429
18035 2324 4418 2325 4433
18036 897 2296 901 4425
18037 1532 4418 1469 4424
18038 2318 2315 2089 2359
18039 1472 2389 2388 1524
18040 889 1540 890 4425
18041 2404 1811 558 557
18042 1527 1802 1495 1528
18043 2072 4421 2107 4437
18044 2340 4429 4421 4437
18045 1495 1528 1802 4438
18046 1473 1540 4421 4425
18047 2405 4425 2296 4432
18048 1503 1471 2404 558
18049 2367 4420 2355 4439
18050 1516 4417 1544 4427
18051 1471 1538 2404 558
18052 1511 1512 4418 4426
18053 1464 510 509 4414
18054 1472 1500 2389 1524
18055 1539 511 510 4414
18056 2336 2337 2332 4414
18057 893 891 1466 4432
18058 1500 2389 2346 1504
18059 2330 2403 2356 4420
18060 549 2106 2084 550
18061 1503 1811 1471 558
18062 2337 4414 2336 4421
18063 2124 550 1797 4434
18064 2319 4416 2322 4439
18065 2323 2322 2321 4418
18066 2092 2091 2115 4436
18067 4425 4428 1499 4432
18068 2081 1799 1797 1791
18069 1531 1463 2375 2374
18070 1464 1539 4414 4423
18071 1468 1504 2406 1537
18072 2327 2328 2329 4433
18073 2394 2302 2084 550
18074 1496 1503 1792 1527
18075 2073 4420 508 4439
18076 2117 2081 2096 4419
18077 2338 2332 2337 4423
18078 2325 4430 2370 4435
18079 1800 1796 503 1812
18080 2297 2381 2378 4417
18081 2338 2365 2369 4423
18082 2103 895 899 2393
18083 2367 2322 4420 4439
18084 1498 1515 1532 4424
18085 893 2383 891 4432
18086 893 192 1466 891
18087 2322 2324 2330 4418
18088 2343 2370 2364 4430
18089 2340 2349 4421 4429
18090 1516 1544 1497 4427
18091 1518 4415 1465 4422
18092 507 4415 1518 4420
18093 507 506 1518 4415
18094 1808 1802 1528 4438
18095 1481 1509 4430 4431
18096 1469 4420 1518 4424
18097 895 2079 892 4429
18098 1509 1508 1513 4423
18099 2124 1797 2117 4434
18100 1504 2406 1519 1468
18101 1501 1462 2396 1502
18102 2092 2116 2360 2316
18103 1812 2081 503 2110
18104 2392 2300 892 4429
18105 2073 2121 2113 4420
18106 2368 2406 2305 1537
18107 505 1465 506 4415
18108 1796 503 1523 1800
18109 2401 2310 898 1524
18110 1540 512 1473 4421
18111 2336 4421 4414 4437
18112 2336 2340 4421 4437
18113 2121 4420 2073 4439
18114 504 1470 1522 4419
18115 901 897 271 2296
18116 1524 898 190 894
18117 2072 4414 511 4421
18118 2113 2077 506 4415
18119 509 510 2099 4414
18120 2354 2357 2394 4434
18121 2324 2377 2330 4424
18122 2405 4428 4425 4432
18123 2388 2305 2389 1472
18124 2072 2107 2104 4437
18125 2340 2392 2349 4429
18126 1507 1524 190 894
18127 1788 1812 1799 4419
18128 191 1466 1507 893
18129 894 191 1507 893
18130 2087 2089 2088 2359
18131 1526 1796 1806 1801
18132 2305 2346 2389 1504
18133 4414 4416 2320 4436
18134 2353 2302 2085 2354
18135 1518 4420 4415 4424
18136 1506 2407 2299 1468
18137 1491 1521 2301 1520
18138 2368 2299 2407 1468
18139 1788 553 1801 4417
18140 1519 2407 1506 1468
18141 1518 4422 1498 4424
18142 2342 2407 2408 1506
18143 1463 1531 1521 2374
18144 2379 2380 2303 4427
18145 2100 508 4416 4439
18146 1463 2408 1506 1505
18147 1538 2311 2404 558
18148 2359 2353 2087 2355
18149 2333 2370 2343 4435
18150 2299 2408 1506 1535
18151 1808 1789 1802 4438
18152 2326 2369 2365 4426
18153 1812 1799 2081 1791
18154 2383 2405 2296 4432
18155 895 892 2300 4429
18156 2321 2369 2323 4426
18157 901 2296 2349 4425
18158 2119 889 892 4429
18159 1545 1808 1789 1806
18160 1516 1492 1534 4427
18161 1481 1482 1480 4430
18162 2072 510 511 4414
18163 2326 2325 2323 4426
18164 2408 1506 1535 1463
18165 2302 549 2084 550
18166 2319 2317 4436 4439
18167 1509 4423 1464 4426
18168 2125 2074 2409 2393
18169 1485 1515 1486 4433
18170 2092 2116 2097 2360
18171 2081 2117 2078 1797
18172 1499 4425 1473 4428
18173 2111 2360 2313 2316
18174 1542 2401 898 1524
18175 2362 2109 2116 2361
18176 2118 2109 2125 2409
18177 2297 552 2399 4419
18178 2381 2379 2378 4427
18179 2336 4414 2320 4437
18180 2079 2119 892 4429
18181 2319 2320 2321 4416
18182 1520 1462 2371 1533
18183 2337 4421 2349 4425
18184 2099 4416 4414 4436
18185 2364 2348 2345 4431
18186 2366 2365 2338 4428
18187 2384 2304 274 894
18188 1464 1539 510 4414
18189 1504 2305 2406 1537
18190 1471 1538 322 1030
18191 1525 890 1540 4425
18192 509 1536 1464 4416
18193 2299 2408 2407 1506
18194 1518 1465 1498 4422
18195 2356 2355 2367 4420
18196 2319 2322 2367 4439
18197 2331 2328 2333 4435
18198 1532 1511 1469 4418
18199 1516 1534 1522 4417
18200 2299 1506 1468 1535
18201 1803 2124 550 1797
18202 1462 2311 2396 1502
18203 2083 2302 2085 2352
18204 2326 2365 2364 4431
18205 1482 4430 1510 4435
18206 2353 2087 2086 2359
18207 2376 2320 4436 4437
18208 2376 2336 2320 4437
18209 509 508 1536 4416
18210 2360 2111 2092 2316
18211 2326 2364 4430 4431
18212 1502 2311 2404 1538
18213 1544 1522 1470 4417
18214 4414 4436 2320 4437
18215 2296 897 272 891
18216 2302 2085 2352 2353
18217 1532 1469 1518 4424
18218 554 4427 2303 4438
18219 2088 2086 2087 2359
18220 503 1800 1812 2110
18221 2409 2363 2125 2393
18222 2105 2096 2077 4434
18223 1542 1472 2388 1524
18224 1478 1481 1480 4431
18225 2072 4414 4421 4437
18226 1791 2081 1812 2110
18227 504 1522 505 4419
18228 2090 2313 2315 2316
18229 896 2392 892 4429
18230 2321 2322 2319 4416
18231 508 507 1469 4420
18232 1482 1510 1485 4435
18233 2349 901 271 2296
18234 2097 2111 2092 2360
18235 2391 2337 2349 4425
18236 2383 2296 272 891
18237 1499 1473 1513 4428
18238 1482 1484 1483 4435
18239 2367 2322 2330 4420
18240 1534 1492 1498 4422
18241 2363 2125 2109 2409
18242 2320 4416 2319 4436
18243 2392 269 892 2300
18244 2304 2383 273 893
18245 1486 1484 1485 4435
18246 2370 2325 2326 4430
18247 550 2106 2124 1803
18248 1512 1509 1464 4426
18249 2104 2079 2103 4429
18250 2375 1463 318 2374
18251 1797 2078 2081 1791
18252 2337 2391 2338 4428
18253 2103 2079 262 895
18254 1523 1474 1526 1796
18255 550 549 2106 1803
18256 1527 1467 1802 1528
18257 2363 2109 2362 2361
18258 2116 2360 2362 2361
18259 2125 2074 2118 2409
18260 2336 2341 2340 4437
18261 2325 2328 4433 4435
18262 2378 2303 554 4427
18263 2381 2411 2335 4422
18264 2099 4436 4414 4437
18265 890 897 901 4425
18266 1509 4426 1510 4430
18267 1472 2388 313 1542
18268 2099 2115 4436 4437
18269 2405 2391 4425 4428
18270 179 1538 1471 1030
18271 509 2100 508 4416
18272 557 1503 1811 1792
18273 1469 507 1518 4420
18274 1799 552 1788 4419
18275 2366 2348 2365 4431
18276 2377 2411 2403 4424
18277 1525 902 890 4425
18278 313 2388 2401 1542
18279 2362 2341 2376 4437
18280 2401 898 900 1542
18281 889 896 892 4429
18282 2358 2357 2356 4415
18283 894 2304 274 893
18284 2404 2396 2311 1502
18285 508 2073 507 4420
18286 2352 2085 2086 2353
18287 1796 1474 1526 1806
18288 2095 2116 2109 2361
18289 2320 2336 2332 4414
18290 1481 1508 1509 4431
18291 2390 2383 2304 4432
18292 322 1538 1471 558
18293 2325 2370 2328 4435
18294 2302 549 2400 2071
18295 1031 313 2401 1542
18296 2100 2073 508 4439
18297 2400 2084 2302 2071
18298 2302 2085 2084 2083
18299 549 2084 2106 2071
18300 2314 2088 2315 2359
18301 2086 2088 2351 2359
18302 1510 1511 1485 4433
18303 1473 1499 1525 4425
18304 2087 2086 2085 2353
18305 1481 1509 1510 4430
18306 2096 504 505 4419
18307 2337 2340 2349 4421
18308 502 1523 503 1800
18309 2353 2086 2351 2359
18310 2078 2117 2124 1797
18311 1538 179 322 1030
18312 2090 2088 2315 2314
18313 2083 2085 2086 2352
18314 2340 2337 2336 4421
18315 2319 2318 2317 4439
18316 2116 2097 2360 2361
18317 2396 2371 2311 1462
18318 2305 2406 2346 1504
18319 2091 2100 4436 4439
18320 2074 2103 263 899
18321 2377 2403 2330 4424
18322 512 511 1473 4421
18323 2299 2368 316 1468
18324 2381 2358 2411 4422
18325 509 2099 2100 4416
18326 316 2299 1468 1535
18327 2319 4436 4416 4439
18328 2403 2358 2356 4415
18329 322 1471 1030 558
18330 2361 2363 2109 2409
18331 2081 504 2096 4419
18332 1535 317 2299 2375
18333 1523 502 1795 1800
18334 2109 2118 2361 2409
18335 2100 4416 2099 4436
18336 2071 2400 2084 2083
18337 2302 2084 549 2071
18338 893 2383 273 891
18339 2399 4419 551 4434
18340 552 551 2399 4419
18341 1462 2371 181 1520
18342 2382 555 2303 4438
18343 2366 4428 2405 4432
18344 1796 1523 1795 1800
18345 1468 2368 315 1537
18346 2078 2124 1803 1797
18347 552 1799 551 4419
18348 1538 322 2311 558
18349 1799 551 4419 4434
18350 2297 2378 553 4417
18351 2097 2116 2095 2361
18352 892 262 2079 895
18353 2355 2318 2367 4439
18354 1504 1472 2305 1537
18355 1464 1513 1539 4423
18356 2084 2400 2302 2083
18357 2367 2330 2356 4420
18358 902 1525 193 1475
18359 2332 2338 2369 4423
18360 1502 1462 2311 1538
18361 2315 2313 2090 2314
18362 2313 2101 2090 2314
18363 1532 1515 1511 4433
18364 2296 2405 2391 4425
18365 1467 1793 1802 1528
18366 2099 4414 2072 4437
18367 2324 2322 2323 4418
18368 512 2107 511 4421
18369 2301 1521 319 1520
18370 2107 2072 511 4421
18371 1808 1802 1793 1528
18372 896 269 892 2392
18373 2078 2124 2106 1803
18374 901 270 896 2349
18375 4416 4436 2100 4439
18376 2388 313 314 1472
18377 1525 194 1540 890
18378 2349 270 896 2392
18379 1473 511 1539 4421
18380 1513 1508 1499 4428
18381 317 1535 1463 2375
18382 2371 2301 320 1520
18383 1497 1493 4427 4438
18384 1465 1518 506 4415
18385 55 889 2119 512
18386 1513 1464 1509 4423
18387 1791 1812 1800 2110
18388 1516 1522 1544 4417
18389 2309 2409 2074 2393
18390 1473 1525 1540 4425
18391 2115 2099 2072 4437
18392 1791 2078 2081 2112
18393 1497 1493 1516 4427
18394 1530 1811 1471 1503
18395 2413 2300 2392 4429
18396 194 1525 902 890
18397 2301 319 1521 2374
18398 902 897 890 4425
18399 554 2303 555 4438
18400 1462 321 2311 1538
18401 2324 2325 2327 4433
18402 2102 2074 264 2309
18403 2109 2118 2095 2361
18404 895 892 269 2300
18405 1796 1790 1474 1806
18406 1802 1789 555 4438
18407 2079 2107 2119 4429
18408 1475 1476 1466 4432
18409 1534 1498 1465 4422
18410 900 1031 2401 1542
18411 507 2073 2113 4420
18412 1472 313 188 1542
18413 2088 2090 2101 2314
18414 180 321 1462 1538
18415 2371 181 321 1462
18416 2371 320 181 1520
18417 2305 315 2368 1537
18418 1472 314 2305 1537
18419 2088 2122 2351 2314
18420 1512 1510 1509 4426
18421 2072 2099 510 4414
18422 1545 1526 1474 1806
18423 1475 1499 1476 4432
18424 2091 2089 2100 4439
18425 2366 2405 2390 4432
18426 1532 1518 1498 4424
18427 2325 2328 2327 4433
18428 900 898 189 1542
18429 1530 1471 1811 1794
18430 1798 1808 1517 1545
18431 554 555 1789 4438
18432 1799 1797 551 4434
18433 2376 2320 2317 4436
18434 2072 2104 2108 4437
18435 2409 2074 2118 2309
18436 1474 1523 1790 1796
18437 899 267 2074 2393
18438 2317 2320 2319 4436
18439 1512 1469 1511 4418
18440 2370 2326 2364 4430
18441 2314 2351 2088 2359
18442 891 902 193 1475
18443 1481 1478 1508 4431
18444 1528 1517 1808 1545
18445 1523 1541 1790 1796
18446 2309 2074 267 2393
18447 1512 1536 1469 4418
18448 1463 318 317 2375
18449 55 889 512 1540
18450 2369 2326 2323 4426
18451 2311 2371 321 1462
18452 1798 1808 1545 1806
18453 1805 1030 1471 558
18454 1541 1523 1795 1796
18455 2379 2303 2378 4427
18456 2086 2088 2122 2351
18457 2074 2102 2118 2309
18458 1521 182 319 1520
18459 2388 314 2305 1472
18460 2349 2296 2391 4425
18461 2110 1791 2081 2112
18462 2105 2124 2117 4434
18463 2368 315 316 1468
18464 2121 2073 2089 4439
18465 1493 1492 1516 4427
18466 1510 1482 1481 4430
18467 895 263 2103 899
18468 2090 2111 2101 2313
18469 2075 2306 2312 2360
18470 188 314 313 1472
18471 319 183 1521 2374
18472 2091 2100 2099 4436
18473 2306 2075 2097 2360
18474 2079 2119 261 892
18475 1794 1471 1811 558
18476 1468 185 316 1535
18477 188 313 1031 1542
18478 2370 2333 2328 4435
18479 194 889 1540 890
18480 503 502 1800 2110
18481 1805 1471 1794 558
18482 2119 889 261 892
18483 2118 2102 2080 2309
18484 315 186 1468 1537
18485 2365 2348 2364 4431
18486 1795 1790 1541 1796
18487 2074 267 264 2309
18488 2086 2351 2352 2353
18489 1542 898 189 1524
18490 1497 1528 1495 4438
18491 1529 1792 1503 1527
18492 2405 2366 2391 4428
18493 2360 2312 2111 2313
18494 2400 2302 2083 2352
18495 899 895 268 2393
18496 1503 1530 1811 1529
18497 2313 2298 2101 2314
18498 2361 2118 2387 2409
18499 1482 1485 1484 4435
18500 264 267 2074 899
18501 190 191 1507 894
18502 2376 2341 2336 4437
18503 2409 2118 2387 2309
18504 2075 2094 2306 2097
18505 2391 2366 2338 4428
18506 1497 1495 1493 4438
18507 191 192 1466 893
18508 1545 1517 1798 1474
18509 1809 2078 1797 1791
18510 1511 1515 1485 4433
18511 550 551 1797 4434
18512 181 321 320 2371
18513 184 317 1535 1463
18514 2095 2118 2387 2361
18515 2094 2387 2306 2095
18516 1798 1545 1474 1806
18517 1803 1809 2078 1797
18518 891 193 192 1475
18519 2097 2094 2306 2095
18520 2393 895 268 2300
18521 1807 1811 1530 1529
18522 2390 2405 2383 4432
18523 2392 2340 2413 4429
18524 187 314 1472 1537
18525 183 319 318 2374
18526 317 184 318 1463
18527 2122 2350 2308 2351
18528 2311 321 322 1538
18529 2351 2098 2086 2352
18530 2105 2117 2096 4434
18531 2095 2387 2306 2361
18532 2091 2099 2115 4436
18533 535 536 2071 1804
18534 1543 57 1810 496
18535 2399 551 2357 4434
18536 1792 1503 1811 1529
18537 2118 2080 2387 2309
18538 2394 551 550 4434
18539 2118 2387 2080 2095
18540 2104 2107 2079 4429
18541 2101 2111 2298 2313
18542 180 322 321 1538
18543 180 321 181 1462
18544 10 1030 1805 558
18545 2299 316 317 1535
18546 2089 2073 2100 4439
18547 2383 272 273 891
18548 2102 264 266 2309
18549 2357 551 2394 4434
18550 2106 1804 549 2071
18551 2298 2350 2101 2314
18552 2351 2122 2350 2314
18553 276 2401 898 900
18554 2312 2298 2111 2313
18555 186 316 315 1468
18556 184 183 318 1463
18557 1030 1471 178 1805
18558 900 56 1031 1542
18559 263 264 2074 899
18560 2319 2367 2318 4439
18561 889 55 194 1540
18562 2094 2080 2387 2095
18563 1474 1523 1541 1790
18564 1807 1792 1811 1529
18565 2083 2086 2098 2352
18566 180 179 322 1538
18567 1030 10 322 558
18568 498 1807 1529 1467
18569 2101 2350 2122 2314
18570 549 1804 2106 1803
18571 2312 2298 2114 2111
18572 1031 2401 50 900
18573 2072 2108 2115 4437
18574 186 185 316 1468
18575 2083 2098 2395 2352
18576 2075 2312 2114 2111
18577 2306 546 2387 2094
18578 2122 2308 2098 2351
18579 544 2298 543 2114
18580 190 189 898 1524
18581 2350 2308 2098 2122
18582 2122 2088 2101 2314
18583 181 320 182 1520
18584 187 314 188 1472
18585 276 2401 2310 898
18586 2305 314 315 1537
18587 1471 178 179 1030
18588 2098 2086 2122 2351
18589 1809 2078 1791 2112
18590 2080 2387 546 2094
18591 1525 193 194 902
18592 1805 1471 178 1543
18593 541 2082 2098 2395
18594 545 2312 544 2075
18595 2312 545 2306 2075
18596 1793 1798 1808 1517
18597 2308 2098 2351 2352
18598 50 313 2401 1031
18599 2312 2298 544 2114
18600 183 182 319 1521
18601 2298 2350 2076 2101
18602 1471 1805 1794 1543
18603 541 2308 2098 542
18604 1467 499 1793 1517
18605 547 2387 546 2080
18606 889 261 55 2119
18607 1474 1517 1798 500
18608 2094 2306 545 2075
18609 499 1798 1793 1517
18610 1807 498 1793 1467
18611 546 2306 545 2094
18612 2395 2082 2098 2083
18613 2076 543 2350 2298
18614 2079 261 262 892
18615 2298 2114 2111 2101
18616 2112 1791 538 539
18617 499 1793 498 1467
18618 543 542 2076 2350
18619 2114 544 2312 2075
18620 536 1804 2106 2071
18621 2098 2308 2395 2352
18622 266 265 264 2102
18623 1474 501 500 1790
18624 1790 1798 1474 1806
18625 185 317 316 1535
18626 189 56 900 1542
18627 499 1798 1517 500
18628 2395 2308 2098 541
18629 2078 1809 537 538
18630 901 271 270 2349
18631 2071 2082 2400 2083
18632 2395 2400 2083 2352
18633 1523 502 1541 1795
18634 500 1798 1474 1790
18635 1794 1811 1530 1807
18636 2112 2110 1791 539
18637 187 315 314 1537
18638 2103 262 263 895
18639 540 18 502 1795
18640 502 1795 1800 540
18641 2110 1800 1791 539
18642 1031 50 56 900
18643 548 2400 1804 2071
18644 548 535 2082 2071
18645 186 315 187 1537
18646 267 266 264 2309
18647 4 2402 547 2120
18648 538 1809 1791 2112
18649 272 271 897 2296
18650 1530 497 1794 1807
18651 1804 2400 548 549
18652 1807 1530 497 1529
18653 317 185 184 1535
18654 497 1530 1794 496
18655 2114 2298 2076 2101
18656 2304 273 274 893
18657 1803 2106 537 536
18658 2101 2350 2076 2122
18659 2350 2098 2076 2122
18660 549 1804 2400 2071
18661 2400 548 2082 2071
18662 502 1800 2110 540
18663 1803 1804 2106 536
18664 1810 1805 323 1543
18665 497 498 1807 1529
18666 895 269 268 2300
18667 1541 502 18 1795
18668 539 2110 1800 540
18669 501 1541 18 1795
18670 2298 2076 543 2114
18671 2082 2395 2400 2083
18672 2402 4 266 2120
18673 1541 501 1790 1795
18674 548 2082 25 2395
18675 2395 2082 25 541
18676 265 266 4 2120
18677 2078 1809 538 2112
18678 1030 178 323 1805
18679 1794 1530 1471 1543
18680 535 2082 25 548
18681 2080 2120 2402 2102
18682 1031 56 188 1542
18683 2402 547 2120 2080
18684 2102 266 2402 2309
18685 270 269 896 2392
18686 323 10 1030 1805
18687 2384 274 275 894
18688 547 2402 2387 2080
18689 1474 1541 501 1790
18690 2310 275 276 898
18691 178 323 1805 1543
18692 2401 276 50 900
18693 535 548 1804 2071
18694 1543 1810 1794 496
18695 1810 1794 1805 1543
18696 2395 548 2082 2400
18697 268 267 899 2393
18698 1794 1530 1543 496
18699 4433 2335 2329 2327
18700 4433 2329 2335 1515
18701 4429 901 889 896
18702 4429 889 901 4425
18703 1496 2385 2382 2307
18704 2382 2385 1496 1494
18705 1526 4417 1497 1544
18706 1497 4417 1526 1801
18707 4429 2125 2363 2300
18708 4429 2363 2125 2104
18709 1486 1488 2331 2334
18710 1486 2331 1488 1487
18711 2410 2331 1488 2334
18712 2410 1488 2331 1487
18713 4434 2084 2123 2105
18714 4434 2123 2084 2394
18715 2355 2085 2087 2093
18716 2355 2087 2085 2353
18717 2389 1477 1507 1500
18718 1507 1477 2389 2412
18719 4429 2363 2341 2413
18720 4429 2341 2363 2104
18721 4432 1508 1499 1476
18722 4432 1499 1508 4428
18723 1491 2397 2372 2373
18724 2372 2397 1491 1514
18725 4422 2403 2358 2411
18726 4422 2358 2403 4415
18727 4432 1525 902 1475
18728 4432 902 1525 4425
18729 2310 894 275 898
18730 275 894 2310 2384
18731 4433 2377 2335 2327
18732 4433 2335 2377 4424
18733 2316 2116 2376 2092
18734 2316 2376 2116 2362
18735 4437 2376 2108 2092
18736 4437 2108 2376 2362
18737 2376 2116 2108 2092
18738 2376 2108 2116 2362
18739 2373 1521 2398 2374
18740 2373 2398 1521 1491
18741 1531 2398 1521 2374
18742 1531 1521 2398 1491
18743 1504 2389 1472 1500
18744 1504 1472 2389 2305
18745 4438 1808 1497 1528
18746 4438 1497 1808 1789
18747 1545 1497 1808 1528
18748 1545 1808 1497 1789
18749 2401 1524 2388 2310
18750 2388 1524 2401 1542
18751 1535 2375 2408 1463
18752 2408 2375 1535 2299
18753 2316 2111 2090 2313
18754 2316 2090 2111 2092
18755 2361 2097 2306 2095
18756 2361 2306 2097 2360
18757 319 1520 320 2301
18758 320 1520 319 182
18759 183 2374 1463 1521
18760 1463 2374 183 318
18761 2075 2360 2111 2097
18762 2111 2360 2075 2312
18763 1528 1793 1517 1467
18764 1528 1517 1793 1808
18765 1467 1527 1792 1529
18766 1792 1807 1467 1529
18767 1467 1807 1792 1793
18768 2350 2098 542 2076
18769 2350 542 2098 2308
18770 1803 2078 537 2106
18771 1803 537 2078 1809
18772 2309 2080 2402 2102
18773 2309 2402 2080 2387
18774 1543 323 57 178
18775 1543 57 323 1810
18776 2120 266 2102 265
18777 2120 2102 266 2402
18778 1792 1467 1802 1527
18779 1802 1467 1792 1793
3 7 4 1064
18780 1555 4452 2491 4458
18781 1555 2491 4452 4457
18782 1556 2495 1557 4457
18783 2459 1557 1556 2495
18784 2533 492 2451 4448
18785 2533 1823 492 4448
18786 1555 1556 1557 4457
18787 2499 1557 2495 4457
18788 1933 2472 4441 4451
18789 1933 4441 2472 4444
18790 2459 2499 1557 2495
18791 1547 2451 2523 493
18792 1571 4452 1555 4458
18793 1547 2451 492 4448
18794 2513 2484 494 2523
18795 1912 1936 1952 4444
18796 2451 4448 1547 4454
18797 1557 1571 1555 4458
18798 2523 494 2513 1572
18799 2465 1556 1578 2522
18800 2419 1578 1546 2522
18801 1572 2501 2523 1547
18802 2450 2533 2451 4448
18803 2501 2451 2523 1547
18804 1574 1547 4448 4454
18805 2499 2459 1557 4461
18806 2453 1558 2457 2458
18807 493 1547 2451 492
18808 493 2451 2523 1818
18809 1933 2472 1952 4444
18810 1556 1546 1578 2522
18811 1569 2482 2454 2481
18812 1933 1932 4441 4444
18813 2495 1556 2459 2522
18814 2523 1572 1547 493
18815 2419 2522 1546 4457
18816 1547 492 1574 4448
18817 1546 2522 1556 4457
18818 1572 2523 494 493
18819 1556 2522 2495 4457
18820 2452 2457 2453 4461
18821 2453 1558 1579 2457
18822 2486 2523 2451 1818
18823 2422 1952 1942 2471
18824 2450 1823 2533 4448
18825 2451 1547 2488 4454
18826 2508 2465 1578 2522
18827 2523 2484 494 1832
18828 1554 4446 1167 4457
18829 492 2533 2451 1818
18830 1912 1952 2422 4444
18831 2488 1547 2501 4459
18832 1933 1932 1914 4441
18833 2436 2475 1931 4455
18834 2488 4454 1547 4459
18835 2495 2491 2499 4457
18836 2501 2488 2451 1547
18837 2454 1562 1569 2481
18838 2451 493 492 1818
18839 1933 4441 1914 4451
18840 493 2523 494 1832
18841 2465 1558 1556 2459
18842 1931 1926 2475 2436
18843 2422 1952 2472 4444
18844 1568 2482 2501 2454
18845 1823 2533 492 1818
18846 1909 563 1940 2479
18847 2419 2508 1578 2522
18848 2459 1556 2465 2522
18849 1912 1952 1942 2422
18850 2464 4453 1820 4460
18851 2464 1820 2463 4460
18852 1568 2501 2482 1572
18853 2475 4451 1931 4455
18854 1952 2422 2472 2471
18855 1562 2454 2452 2481
18856 1912 1157 1936 4444
18857 2452 4450 1561 4461
18858 1569 2482 1568 2454
18859 1559 2452 1561 4461
18860 1821 2463 1820 4460
18861 2465 2458 1558 2459
18862 2481 2452 1562 2457
18863 1556 1578 1575 2465
18864 563 2479 1909 4453
18865 2493 1162 2516 4446
18866 1931 2475 1926 4451
18867 2501 2523 2513 1572
18868 1562 2452 2454 4459
18869 1562 1561 1559 2452
18870 1562 1569 1568 2454
18871 1820 2464 1825 4453
18872 2457 1558 1579 2458
18873 2513 2536 2482 1572
18874 1931 1924 2436 4455
18875 2475 1926 2480 2436
18876 2473 2472 4441 4444
18877 1557 2459 1558 4461
18878 2450 2460 1823 4448
18879 2472 1946 1933 2470
18880 1568 2501 1547 4459
18881 1558 1557 1556 2459
18882 1556 1575 1558 2465
18883 1931 1924 1926 2436
18884 1823 2450 2462 2460
18885 1578 1551 2538 2508
18886 2458 2453 1558 2459
18887 2467 1909 1940 2479
18888 1156 1554 1167 4457
18889 2538 2465 1575 2508
18890 1580 4446 1554 4457
18891 1561 2452 1562 4459
18892 1919 2496 2506 2456
18893 1156 1167 4446 4457
18894 1568 2454 2501 4459
18895 486 4441 1587 4443
18896 1572 1568 2501 1547
18897 2508 1578 1159 2419
18898 1561 4450 2452 4459
18899 1924 1922 2433 2435
18900 1558 2459 2453 4461
18901 1580 4452 4446 4457
18902 1823 2460 1815 4448
18903 2480 1926 1924 2436
18904 2506 1920 1919 2456
18905 1578 1551 1575 2538
18906 1933 1946 2472 4451
18907 1587 4443 4441 4447
18908 1578 1546 1158 2419
18909 1562 2454 1568 4459
18910 1825 2479 563 4453
18911 2458 1558 1575 2465
18912 1578 1158 1159 2419
18913 2496 1919 2506 4453
18914 2470 2472 1946 2475
18915 1931 1926 1946 4451
18916 1919 1920 2506 4453
18917 2513 2482 2501 1572
18918 1568 2482 1569 1572
18919 1922 2433 2435 2434
18920 2538 1575 1578 2508
18921 1162 2493 1156 4446
18922 1816 1940 563 2479
18923 1554 1550 1167 4446
18924 1919 2496 1921 4456
18925 2465 1578 1575 2508
18926 1940 1920 1909 2467
18927 1167 1162 1156 4446
18928 4441 4443 486 4451
18929 1912 2422 1160 4444
18930 1922 4455 1956 4456
18931 2472 1946 2475 4451
18932 1932 1933 1952 4444
18933 2433 1924 2435 4455
18934 2536 2513 1582 1572
18935 2474 4441 2472 4451
18936 2482 2536 1569 1572
18937 2451 2447 4448 4454
18938 2496 1919 1921 2456
18939 1156 4446 2493 4457
18940 1922 2435 4455 4456
18941 2496 1921 2434 2456
18942 2515 1912 1942 2422
18943 1940 1816 562 2478
18944 2465 1575 2458 2526
18945 1922 1919 1921 4456
18946 1815 4448 2460 4460
18947 2440 4440 2439 4445
18948 1912 1160 1157 4444
18949 1579 2527 2457 2458
18950 2433 1922 1923 2434
18951 1919 4453 2496 4456
18952 1926 2475 1946 4451
18953 2508 1551 2538 2428
18954 2440 4443 4440 4445
18955 1924 2480 2436 2433
18956 2473 2472 2474 4441
18957 2434 2435 1922 4456
18958 4441 4444 1581 4446
18959 1924 1922 1923 2433
18960 1919 1909 1920 4453
18961 563 1825 1816 2479
18962 2440 4443 4445 4449
18963 2533 2486 2451 1818
18964 2533 2450 2462 1823
18965 4446 4452 2493 4457
18966 2443 4450 4449 4454
18967 2510 2464 1825 2463
18968 1940 1816 2478 2479
18969 2460 2463 1815 4460
18970 1580 1550 1554 4446
18971 1582 1569 2536 1572
18972 1946 1929 1933 2470
18973 484 1581 4441 4444
18974 1549 4443 1587 4447
18975 485 1932 484 4441
18976 2511 2538 1551 2428
18977 1163 1551 2508 2428
18978 484 1581 4444 4446
18979 484 4444 1588 4446
18980 1549 486 1587 4443
18981 1933 1929 1942 2471
18982 2513 494 1582 1572
18983 484 1588 1581 4446
18984 2481 1569 2482 2530
18985 2481 1562 1570 2528
18986 2439 4440 2502 4462
18987 2513 1582 494 2485
18988 2433 2436 1924 4455
18989 1579 1576 2527 2458
18990 490 19 4442 4460
18991 1163 1551 1159 2508
18992 2470 1926 2480 2475
18993 1551 1578 1159 2508
18994 484 4441 1932 4444
18995 4440 4445 4442 4462
18996 1946 1926 2470 2475
18997 19 4442 1820 4453
18998 4445 4449 1563 4454
18999 2532 2492 2512 4441
19000 2419 1546 1158 4457
19001 4449 4450 1563 4454
19002 2513 494 2484 2485
19003 1565 4445 4443 4449
19004 2440 4445 2441 4449
19005 1576 1579 1558 2458
19006 2464 2479 1825 4453
19007 1575 1576 2458 2526
19008 2489 4447 2440 4449
19009 2478 1816 2520 2479
19010 4440 4442 2502 4462
19011 490 1820 19 4460
19012 1585 4443 1565 4445
19013 2462 2533 1823 1833
19014 2530 1584 2504 2416
19015 2434 2496 2435 4456
19016 1820 4442 19 4460
19017 1575 1576 1558 2458
19018 485 484 1581 4441
19019 1583 4454 4448 4462
19020 1585 4440 4443 4445
19021 490 19 1591 4442
19022 1942 2515 2422 2471
19023 4442 4445 1553 4462
19024 2438 2502 4440 4442
19025 1942 1937 1912 2515
19026 1553 4442 4440 4445
19027 2440 4447 4443 4449
19028 1821 1815 2463 4460
19029 2538 1575 2465 2526
19030 2464 2463 2461 4460
19031 2538 1577 1575 2526
19032 2512 4444 4441 4446
19033 1160 2422 1157 4444
19034 1573 1547 4454 4459
19035 2437 2435 2438 4440
19036 2492 4441 2532 4452
19037 2437 4440 2440 4443
19038 1579 1548 2528 2527
19039 2439 2438 2502 4440
19040 2443 4449 4445 4454
19041 4441 4447 2532 4452
19042 2479 2464 1825 2510
19043 1579 1570 1562 2528
19044 2437 2439 2440 4440
19045 1820 4453 4442 4460
19046 1549 4443 4447 4449
19047 1549 1565 4443 4449
19048 2467 1920 2506 2456
19049 1563 1567 4445 4454
19050 2532 4441 2494 4447
19051 2451 2488 2447 4454
19052 2444 4449 2443 4450
19053 4450 4454 2443 4459
19054 2500 2528 1548 2527
19055 2435 4440 2437 4455
19056 2538 1551 1577 2511
19057 1940 562 1816 563
19058 1583 1567 4454 4462
19059 2527 2528 1579 2457
19060 2433 2435 2436 4455
19061 2440 2439 2441 4445
19062 2492 2512 4441 4446
19063 2515 1937 1912 1164
19064 1920 1921 1919 2456
19065 2445 2452 4450 4459
19066 2523 2486 2484 1832
19067 2461 4453 2464 4460
19068 2443 2441 4445 4449
19069 1566 4441 1581 4452
19070 2481 1570 1569 2530
19071 2527 1576 2500 2424
19072 2435 2438 4440 4456
19073 2445 4450 2443 4459
19074 2489 2494 2440 4447
19075 1914 4441 486 4451
19076 2439 4445 4440 4462
19077 1585 4440 487 4443
19078 1551 1577 1575 2538
19079 2485 2513 1582 2536
19080 1562 1570 1569 2481
19081 490 4442 1591 4460
19082 1588 4444 1154 4446
19083 2422 2472 2473 4444
19084 2494 4443 2440 4447
19085 4441 1566 4447 4452
19086 2482 1569 2536 2530
19087 489 4440 1553 4442
19088 1580 1555 4452 4457
19089 2526 2538 1577 2511
19090 2515 1160 1912 2422
19091 1576 1586 2500 2424
19092 4441 4446 1581 4452
19093 2533 1823 1833 1818
19094 4440 4455 2435 4456
19095 564 563 1909 4453
19096 1569 1552 2536 2530
19097 1583 4445 1567 4462
19098 1835 495 1027 2524
19099 1590 2524 2485 2423
19100 2492 4446 4441 4452
19101 1563 4454 4450 4459
19102 1946 1926 1929 2470
19103 2511 1551 1589 2428
19104 2414 4444 2512 4446
19105 1565 1585 1549 4443
19106 2525 2511 1589 2428
19107 2479 1825 1816 2510
19108 2450 2451 2447 4448
19109 2461 4442 4453 4460
19110 1918 4442 19 4453
19111 2480 1924 1925 2433
19112 2467 1917 1940 1943
19113 2504 2536 1552 2530
19114 495 1590 2524 2485
19115 1570 1584 2530 2416
19116 487 1585 1911 4440
19117 1956 4455 4440 4456
19118 1934 4440 489 4442
19119 1591 4442 1553 4462
19120 487 4440 1911 4443
19121 2446 4450 2452 4461
19122 1166 1155 1154 4446
19123 1591 1583 4460 4462
19124 1166 4444 2414 4446
19125 1583 1574 4448 4454
19126 1942 1937 2515 2535
19127 2467 1940 2478 2479
19128 1166 1154 4444 4446
19129 2507 2461 4442 4453
19130 2515 1912 1160 1164
19131 1581 1566 1587 4441
19132 2494 4441 2474 4451
19133 1565 1563 4445 4449
19134 1587 4441 1566 4447
19135 564 1825 563 4453
19136 1583 1553 4445 4462
19137 1591 4460 4442 4462
19138 2532 4447 2490 4452
19139 4445 4454 1567 4462
19140 1940 562 1917 2478
19141 2500 1548 1576 2527
19142 2473 4441 2512 4444
19143 1925 1926 1924 2480
19144 2499 2491 2448 4458
19145 2495 2522 2419 4457
19146 1914 1587 486 4441
19147 2493 1162 337 2516
19148 488 1553 489 4440
19149 4440 4443 2437 4455
19150 1576 1586 1548 2500
19151 2467 1940 1917 2478
19152 564 19 1820 4453
19153 2536 1582 2485 2423
19154 1573 4454 1563 4459
19155 2443 2441 2442 4445
19156 1917 2467 2477 1943
19157 1549 4447 1564 4449
19158 2493 4452 2491 4457
19159 1583 4448 491 4460
19160 2480 1928 1926 2470
19161 1816 2520 2479 2510
19162 2443 4445 2442 4454
19163 2490 2448 4452 4458
19164 1576 2527 2458 2526
19165 1582 1590 2485 2423
19166 1567 1565 1563 4445
19167 1588 1154 1155 4446
19168 1582 1569 1552 2536
19169 2507 2496 4453 4456
19170 1921 1923 1922 2434
19171 2416 2528 1548 2500
19172 2489 2448 2490 4447
19173 490 1583 491 4460
19174 1591 1553 1583 4462
19175 1551 1159 170 1163
19176 1580 1555 1571 4452
19177 485 1914 1932 4441
19178 1579 1548 1570 2528
19179 1583 1567 1574 4454
19180 2474 2494 2532 4441
19181 2438 4442 4440 4456
19182 1166 2516 1162 4446
19183 2496 2506 2507 4453
19184 2528 1548 1570 2416
19185 1587 1914 485 4441
19186 1548 1579 1576 2527
19187 2536 1552 1582 2423
19188 1567 1583 1553 4445
19189 495 494 1582 2485
19190 1578 1159 170 1551
19191 2448 4447 2489 4458
19192 2526 1577 1576 2424
19193 1585 1553 4440 4445
19194 1573 1547 1574 4454
19195 2491 4452 2448 4458
19196 1157 2422 2521 4444
19197 1934 1956 4440 4456
19198 1161 2414 1166 4444
19199 2491 2490 2448 4452
19200 1949 486 4443 4451
19201 1934 488 489 4440
19202 1570 2481 2528 2530
19203 1158 1159 169 1578
19204 2514 4443 2494 4451
19205 2525 1589 1163 2428
19206 2438 2507 2502 4442
19207 494 1819 2484 2485
19208 1590 495 1582 2485
19209 2468 1928 2480 2470
19210 1825 1837 1816 2510
19211 1576 1575 1577 2526
19212 4440 4442 1934 4456
19213 2490 4447 2448 4458
19214 1583 4448 4460 4462
19215 2446 2448 4458 4461
19216 2471 1942 2515 2535
19217 2445 2452 2446 4450
19218 1911 1585 488 4440
19219 1546 1158 169 1578
19220 2448 2444 2446 4450
19221 2444 2443 2445 4450
19222 2444 2448 2489 4449
19223 484 1154 1588 4444
19224 1834 562 1816 2478
19225 2443 2444 2441 4449
19226 1549 1564 1565 4449
19227 2474 2512 2473 4441
19228 1552 1569 1570 2530
19229 1954 1154 484 4444
19230 2477 2467 1917 2478
19231 2526 1576 2527 2424
19232 1914 486 1587 485
19233 1564 4450 4449 4458
19234 1577 2526 2511 2424
19235 2423 2536 1552 2504
19236 1586 1576 1577 2424
19237 1027 495 1028 2524
19238 2493 4446 2492 4452
19239 2441 2489 2440 4449
19240 1551 1163 1589 2428
19241 1551 1589 1577 2511
19242 1581 4446 1580 4452
19243 564 1918 19 4453
19244 495 1835 1819 2524
19245 2437 2440 2514 4443
19246 492 1823 491 4448
19247 2446 2448 4450 4458
19248 2530 2528 1570 2416
19249 2448 4449 2444 4458
19250 2448 2489 4449 4458
19251 2448 2444 4450 4458
19252 1929 1926 1928 2470
19253 2521 2414 1161 4444
19254 1156 2493 2531 4457
19255 1156 1162 337 2493
19256 2514 2437 4443 4455
19257 2499 4458 2448 4461
19258 1588 1155 1550 4446
19259 1833 1823 2462 1831
19260 1949 1931 4451 4455
19261 2447 4454 2442 4462
19262 2446 2499 2448 4461
19263 2490 4452 4447 4458
19264 2414 2473 2512 4444
19265 1557 1560 4458 4461
19266 2507 4442 2438 4456
19267 1911 4440 1956 4455
19268 1161 1166 1154 4444
19269 2507 2464 2461 4453
19270 2447 4448 4454 4462
19271 1563 4449 1564 4450
19272 1566 4447 4452 4458
19273 2454 2452 2445 4459
19274 1590 1582 1552 2423
19275 2460 4448 2449 4460
19276 492 491 1574 4448
19277 1911 4443 4440 4455
19278 2456 2467 1920 2466
19279 2520 1834 1816 2478
19280 582 1955 581 2417
19281 1819 494 2484 1832
19282 1949 4451 4443 4455
19283 490 1591 1583 4460
19284 1591 19 489 4442
19285 1566 4452 1571 4458
19286 2520 1837 1824 2421
19287 1548 1584 1570 2416
19288 2497 2510 1837 2463
19289 1815 491 1823 4448
19290 564 1820 1825 4453
19291 1158 1546 168 4457
19292 2414 2516 1166 4446
19293 4445 2442 4454 4462
19294 1561 4450 1560 4461
19295 1591 489 1553 4442
19296 2502 2507 2461 4442
19297 1560 1571 1557 4458
19298 1167 1550 1155 4446
19299 1566 1581 1580 4452
19300 2514 4443 4451 4455
19301 1585 1553 488 4440
19302 2517 1917 561 2478
19303 2511 1589 332 2525
19304 2439 2442 4445 4462
19305 1584 1548 175 2416
19306 2460 2450 2449 4448
19307 1166 1162 1155 4446
19308 1163 1165 1589 2525
19309 1546 1556 1555 4457
19310 2497 1837 1821 2463
19311 1921 2434 2456 2455
19312 1815 491 4448 4460
19313 1580 1554 1555 4457
19314 4447 4449 2489 4458
19315 1561 1560 1559 4461
19316 1918 4442 4453 4456
19317 1560 4450 1564 4458
19318 2446 4458 4450 4461
19319 1815 490 491 4460
19320 2507 4453 4442 4456
19321 1821 1820 1815 4460
19322 1934 4442 1918 4456
19323 2440 2494 2514 4443
19324 1956 1911 1934 4440
19325 487 486 1549 4443
19326 2493 2516 2492 4446
19327 2521 1157 340 2422
19328 2439 2437 2438 4440
19329 1940 1920 2467 1943
19330 1933 1914 1946 4451
19331 1921 1923 2434 1948
19332 1834 561 1917 2478
19333 494 495 1819 2485
19334 1923 1925 1924 2433
19335 2532 2494 2490 4447
19336 1816 1837 1824 2520
19337 168 1546 1554 4457
19338 2449 4448 2447 4462
19339 1923 1925 2433 2432
19340 1563 4450 1561 4459
19341 2520 1816 1837 2510
19342 1912 1937 346 1164
19343 1918 4453 1919 4456
19344 1937 1942 1938 2535
19345 2521 1161 1157 4444
19346 2453 2459 2499 4461
19347 2419 1158 2531 4457
19348 487 1585 488 1911
19349 1837 2520 2510 2421
19350 1918 489 19 4442
19351 2439 2502 2442 4462
19352 1920 1921 2456 1927
19353 2466 2467 1920 1943
19354 2508 334 1163 2428
19355 4449 4450 2444 4458
19356 2488 2443 4454 4459
19357 1918 1934 489 4442
19358 2434 1923 2433 2432
19359 1550 1580 1581 4446
19360 1560 1563 1564 4450
19361 1948 1923 2434 2432
19362 2471 1929 1942 1938
19363 2431 2468 1928 2480
19364 2461 2463 2460 4460
19365 2472 2475 2474 4451
19366 1949 1914 486 4451
19367 2488 2445 2443 4459
19368 1568 1547 1573 4459
19369 1029 332 1589 2525
19370 1156 2531 1158 4457
19371 1552 177 1590 2423
19372 1548 1586 174 2500
19373 2433 1925 2431 2432
19374 1159 334 1163 2508
19375 2495 2493 2491 4457
19376 1561 1562 1568 4459
19377 1158 168 1156 4457
19378 2524 1835 1819 2518
19379 1925 2431 2480 2433
19380 1927 2456 1920 2466
19381 1563 1561 1573 4459
19382 2531 1156 337 2493
19383 1928 1925 2431 2480
19384 1833 2487 2533 1818
19385 2449 2447 2442 4462
19386 2446 2452 2453 4461
19387 1821 1831 1826 2537
19388 487 1949 486 4443
19389 2434 1921 1948 2455
19390 2471 1929 1938 2469
19391 2524 1819 495 2485
19392 562 1834 1917 2478
19393 168 1554 1156 4457
19394 1564 4447 1566 4458
19395 2468 2469 1950 2470
19396 2441 2439 2442 4445
19397 1587 1566 1549 4447
19398 1927 1921 2456 2455
19399 2492 2532 2490 4452
19400 2469 2471 1929 2470
19401 1952 1936 1932 4444
19402 1911 1949 4443 4455
19403 1928 1926 1925 2480
19404 2500 1586 330 2424
19405 1821 1813 1837 2497
19406 2508 1159 335 2419
19407 2504 1552 176 1584
19408 2514 2494 2474 4451
19409 1167 1155 1162 4446
19410 1567 1563 1573 4454
19411 1934 1922 1956 4456
19412 1577 331 1586 2424
19413 1585 487 1549 4443
19414 2432 2434 1948 2455
19415 2426 2517 561 2478
19416 2449 2502 2461 4462
19417 561 1834 2426 2478
19418 1834 1816 1822 2520
19419 2443 2442 2447 4454
19420 2416 1548 329 2500
19421 1938 1942 2471 2535
19422 2494 2489 2490 4447
19423 1550 1167 167 1554
19424 2521 2422 2473 4444
19425 2501 2454 2488 4459
19426 1571 1564 1566 4458
19427 2486 2533 2487 1818
19428 485 1581 1587 4441
19429 2506 2479 2464 4453
19430 1589 332 172 2511
19431 1588 1155 166 1550
19432 1158 335 1159 2419
19433 1557 1558 1559 4461
19434 2449 2461 4460 4462
19435 2512 2474 2532 4441
19436 331 1577 2511 2424
19437 1564 4449 4447 4458
19438 1954 484 1932 4444
19439 2520 1822 1834 2503
19440 495 1590 1028 2524
19441 1586 330 174 2500
19442 2469 1929 1950 2470
19443 1584 328 2504 2416
19444 1548 329 175 2416
19445 2521 2473 2414 4444
19446 58 1835 495 1027
19447 1949 1931 1946 4451
19448 1819 2484 2485 2483
19449 1157 1954 1936 4444
19450 1167 166 1155 1550
19451 2497 1821 1813 2415
19452 1552 327 2423 2504
19453 1821 1826 1813 2415
19454 2504 176 328 1584
19455 327 177 1552 2423
19456 1577 1589 172 2511
19457 2486 2418 2484 1832
19458 2447 2449 2450 4448
19459 1162 1166 338 2516
19460 1954 1154 60 484
19461 1161 1157 340 2521
19462 2486 1827 1817 1818
19463 1160 340 1157 2422
19464 1949 487 1911 4443
19465 1565 1564 1563 4449
19466 488 1934 1911 4440
19467 2493 2492 2491 4452
19468 1931 1956 1924 4455
19469 2469 1938 2471 2535
19470 2449 4460 4448 4462
19471 2535 1916 1937 2427
19472 1588 1550 1581 4446
19473 2415 2497 1821 2463
19474 1566 1564 1549 4447
19475 1819 2484 2483 1832
19476 1589 1165 1029 2525
19477 2524 1590 1028 2423
19478 1919 1934 1918 4456
19479 2485 2524 1819 2518
19480 561 1917 2517 1947
19481 1817 2486 1818 1832
19482 1585 1565 1553 4445
19483 2533 2462 2487 1833
19484 2478 2520 1834 2503
19485 1566 1580 1571 4452
19486 2436 2435 2437 4455
19487 2492 2414 2512 4446
19488 1925 1923 1941 2432
19489 2486 2487 1827 1818
19490 1937 2515 2535 2427
19491 2507 2438 2496 4456
19492 346 1160 1912 1164
19493 1822 1816 1824 2520
19494 1574 491 1583 4448
19495 1833 1827 2487 1818
19496 2435 2496 2438 4456
19497 2466 1927 2456 2455
19498 2461 2460 2449 4460
19499 4450 4458 1560 4461
19500 1165 171 1163 1589
19501 332 331 172 2511
19502 1920 1927 2466 1943
19503 1157 1154 1954 4444
19504 2514 2436 2437 4455
19505 2462 2519 1814 2537
19506 1916 345 1937 2427
19507 1588 60 1154 484
19508 1911 1931 1949 4455
19509 1577 172 331 2511
19510 2492 2516 2414 4446
19511 1918 1909 1919 4453
19512 576 565 2534 559
19513 2444 2445 2446 4450
19514 1941 2431 1925 2432
19515 2486 1817 2418 1832
19516 1158 1156 336 2531
19517 177 1028 1590 2423
19518 1826 1814 2519 2537
19519 2444 2489 2441 4449
19520 2443 2447 2488 4454
19521 1565 1567 1553 4445
19522 1815 1820 490 4460
19523 1554 1167 167 1156
19524 1548 174 329 2500
19525 1584 175 328 2416
19526 1917 2517 2477 2478
19527 1577 331 173 1586
19528 1934 1919 1922 4456
19529 1552 176 327 2504
19530 2414 1161 339 2521
19531 1824 1822 2520 2421
19532 1029 332 172 1589
19533 342 1937 2515 1164
19534 1157 348 1936 1954
19535 565 27 559 576
19536 1909 1918 564 4453
19537 2492 2490 2491 4452
19538 495 1028 58 1027
19539 577 2429 1945 576
19540 1936 1954 1932 4444
19541 2515 1937 342 2427
19542 2414 338 1166 2516
19543 1154 1155 166 1588
19544 2467 2466 2477 1943
19545 1166 1161 339 2414
19546 2515 341 1160 2422
19547 2464 2507 2506 4453
19548 2419 2531 2495 4457
19549 1831 2462 1814 2537
19550 1938 1929 1950 2469
19551 2475 2514 2474 4451
19552 1938 1916 1937 2535
19553 171 1551 1163 1589
19554 1573 1574 1567 4454
19555 348 1157 1154 1954
19556 1586 331 330 2424
19557 560 561 2426 1947
19558 2462 1814 2487 1833
19559 1946 1914 1949 4451
19560 2462 1814 1833 1831
19561 345 342 1937 2427
19562 1826 1831 1814 2537
19563 2515 1160 341 1164
19564 562 1834 561 1917
19565 2535 2509 1916 2427
19566 1937 342 345 1164
19567 1836 2484 2418 1832
19568 2478 1834 2426 2503
19569 2483 2484 1836 1832
19570 2503 2520 1822 2421
19571 561 2517 2426 1947
19572 1555 1554 1546 4457
19573 170 169 1159 1578
19574 1571 1560 1564 4458
19575 1561 1563 1560 4450
19576 2453 2499 2446 4461
19577 2468 1910 2430 1928
19578 169 168 1158 1546
19579 1554 167 168 1156
19580 2419 1158 336 2531
19581 2425 1910 2430 2468
19582 1028 177 327 2423
19583 2477 2517 1917 1951
19584 1951 2517 1917 1947
19585 2483 1836 1819 1832
19586 2442 2502 2449 4462
19587 327 177 176 1552
19588 2425 2509 1950 2469
19589 2445 2488 2454 4459
19590 2519 1814 2487 2462
19591 2415 1826 2519 2537
19592 1561 1568 1573 4459
19593 1560 1557 1559 4461
19594 2421 2510 1837 2497
19595 1165 1163 333 2525
19596 1836 2484 2483 2418
19597 328 327 176 2504
19598 1813 1824 1837 2421
19599 330 329 174 2500
19600 329 175 174 1548
19601 1927 1915 2498 2466
19602 2431 1930 1925 1928
19603 2420 2498 1915 2466
19604 560 2426 561 1828
19605 329 328 175 2416
19606 331 173 172 1577
19607 1916 343 345 2427
19608 1943 2477 1917 1951
19609 1927 1948 1921 2455
19610 1822 1828 1834 2503
19611 2421 1837 1813 2497
19612 2531 2493 2495 4457
19613 1027 325 1835 2524
19614 1911 1956 1931 4455
19615 1813 2421 569 1824
19616 345 346 1937 1164
19617 560 2426 2429 1947
19618 1154 166 60 1588
19619 1167 167 166 1550
19620 1157 1161 1154 4444
19621 583 1910 1930 2430
19622 2525 1163 333 2428
19623 1165 1029 59 1589
19624 2509 1916 1938 2535
19625 170 171 1551 1163
19626 2421 1813 569 2497
19627 331 330 173 1586
19628 575 12 2518 1830
19629 2505 581 580 1913
19630 337 336 1156 2531
19631 2417 582 1955 2430
19632 2466 1927 1915 1943
19633 1828 2426 1834 2503
19634 2498 1927 2466 2455
19635 1910 1930 2430 1928
19636 2418 2487 573 1827
19637 2426 2517 2429 1947
19638 1927 2498 1944 2455
19639 2432 1948 2505 2455
19640 1834 561 2426 1828
19641 1955 1913 581 2417
19642 1913 2505 581 2417
19643 2430 582 1930 583
19644 1944 1948 1927 2455
19645 2431 1925 1930 1941
19646 2487 572 1827 1814
19647 2487 572 1814 2519
19648 347 348 1936 1157
19649 1822 567 1828 2503
19650 1813 1826 570 2415
19651 1941 2417 2431 2432
19652 2505 2417 1941 2432
19653 1590 1028 58 495
19654 2429 1945 576 2534
19655 1938 1950 2509 2469
19656 570 2497 1813 2415
19657 1948 2505 1941 2432
19658 1814 1827 2487 1833
19659 2420 2498 579 1915
19660 1930 2417 2431 1941
19661 2469 1950 2425 2468
19662 2524 1028 326 2423
19663 344 343 345 1916
19664 1941 1923 1948 2432
19665 1160 347 346 1912
19666 2487 572 573 1827
19667 1154 60 348 1954
19668 1813 569 2497 570
19669 2518 1830 1819 575
19670 1944 1915 2498 1927
19671 1822 1824 568 2421
19672 2519 571 1814 1826
19673 51 1029 1165 2525
19674 1817 1836 2418 1832
19675 2518 1819 2485 2483
19676 328 176 175 1584
19677 2420 2476 2477 1951
19678 2503 1822 568 2421
19679 1817 2418 573 1827
19680 330 174 173 1586
19681 2509 1938 2469 2535
19682 2505 1913 1944 1948
19683 567 2426 1828 2503
19684 341 340 1160 2422
19685 2509 584 2425 1939
19686 2476 2517 2477 1951
19687 584 2509 585 1939
19688 2421 1824 568 569
19689 2476 577 1935 578
19690 1165 59 171 1589
19691 578 2420 579 1915
19692 327 326 1028 2423
19693 2498 579 1915 1944
19694 580 579 2498 1944
19695 1826 2519 571 2415
19696 570 1826 571 2415
19697 2505 580 2498 1944
19698 571 1814 572 2519
19699 1950 2509 1939 1938
19700 582 1930 1955 2430
19701 342 345 343 2427
19702 585 2529 8 1953
19703 1029 59 51 1165
19704 335 334 1159 2508
19705 2417 1955 1930 2430
19706 1029 51 332 2525
19707 2468 1950 1910 1928
19708 2509 2529 1916 2427
19709 1930 2417 2430 2431
19710 1910 2425 1950 2468
19711 325 1835 2524 2518
19712 580 2505 1913 1944
19713 1822 568 567 2503
19714 576 1945 559 2534
19715 1941 1913 2505 1948
19716 575 1819 2518 2483
19717 1836 1819 575 2483
19718 2429 1945 1935 577
19719 574 1836 2483 2418
19720 1935 2429 577 2476
19721 2426 566 567 1828
19722 1910 2430 583 2425
19723 1029 172 59 1589
19724 1158 336 335 2419
19725 2426 2429 2534 560
19726 1910 2425 584 1939
19727 2417 1913 2505 1941
19728 560 1829 2426 1828
19729 2483 575 1836 574
19730 1830 325 12 2518
19731 2529 343 8 1953
19732 338 337 1162 2516
19733 574 2418 573 1817
19734 1835 58 324 1027
19735 344 8 343 1953
19736 1916 1939 2509 1938
19737 1916 2529 343 2427
19738 2417 1930 1955 1941
19739 2534 1829 2426 560
19740 2529 1953 1939 1916
19741 2425 583 1910 584
19742 566 2534 1829 2426
19743 339 338 1166 2414
19744 58 177 1028 1590
19745 2476 2420 1915 1951
19746 1945 559 2534 560
19747 1027 1028 326 2524
19748 1935 2476 1915 1951
19749 2509 2529 1939 1916
19750 324 325 1830 1835
19751 1953 585 2529 1939
19752 2426 1829 566 1828
19753 2517 2476 2429 1947
19754 324 325 1835 1027
19755 2417 1955 1913 1941
19756 565 566 2534 1829
19757 2509 2529 585 1939
19758 1835 1830 1819 2518
19759 12 324 325 1830
19760 1835 325 1830 2518
19761 1935 1945 2429 1947
19762 1165 333 51 2525
19763 334 333 1163 2428
19764 2429 1945 560 1947
19765 2418 574 1836 1817
19766 1935 2429 2476 1947
19767 340 339 1161 2521
19768 326 325 1027 2524
19769 1829 2534 559 560
19770 341 342 2515 1164
19771 2429 1945 2534 560
19772 2534 559 565 1829
19773 4458 2499 1557 4461
19774 4457 1557 2491 2499
19775 4457 2491 1557 1555
19776 4458 2491 1557 2499
19777 4458 1557 2491 1555
19778 2471 1952 1933 2472
19779 2471 1933 1952 1942
19780 4461 1558 1579 2453
19781 1579 1558 4461 1559
19782 1579 2457 4461 2453
19783 1818 2523 1832 2486
19784 1818 1832 2523 493
19785 4455 1922 1924 2435
19786 4455 1924 1922 1956
19787 2479 4453 2467 1909
19788 2479 2467 4453 2506
19789 1920 2467 4453 1909
19790 1920 4453 2467 2506
19791 4456 2434 1921 1922
19792 4456 1921 2434 2496
19793 4455 2475 2514 2436
19794 4455 2514 2475 4451
19795 2528 1562 2457 2481
19796 2528 2457 1562 1579
19797 1933 2470 2471 2472
19798 2471 2470 1933 1929
19799 1912 1157 347 1936
19800 1912 347 1157 1160
19801 2463 1825 1820 2464
19802 2463 1820 1825 1821
19803 2463 1815 2537 2460
19804 2463 2537 1815 1821
19805 1831 1815 2537 1821
19806 4441 4443 2494 4447
19807 2494 4443 4441 4451
19808 1584 2530 1552 1570
19809 1552 2530 1584 2504
19810 4462 2461 4442 2502
19811 4462 4442 2461 4460
19812 2463 1837 1825 2510
19813 2463 1825 1837 1821
19814 2470 1928 1950 2468
19815 2470 1950 1928 1929
19816 1821 2415 2537 1826
19817 1821 2537 2415 2463
19818 1944 2455 2505 1948
19819 2505 2455 1944 2498
19820 2418 1827 2486 2487
19821 2486 1827 2418 1817
19822 1943 1951 2466 2477
19823 1943 2466 1951 1915
19824 2420 2466 1951 2477
19825 2420 1951 2466 1915
19826 2430 1928 2431 2468
19827 2431 1928 2430 1930
19828 1947 2476 1951 2517
19829 1947 1951 2476 1935
19830 2476 1915 578 1935
19831 578 1915 2476 2420
19832 1939 2425 1950 1910
19833 1939 1950 2425 2509
19834 1953 343 1916 2529
19835 1953 1916 343 344
19836 1579 1562 2452 2457
19837 2452 1562 1579 1559
19838 2452 4461 1579 2457
19839 1579 4461 2452 1559
19840 1823 1815 2462 1831
19841 1823 2462 1815 2460
19842 2537 2462 1815 1831
19843 2537 1815 2462 2460
3 8 4 2224
19844 1257 4489 1272 4540
19845 1599 4476 1117 4502
19846 1862 4473 1860 4508
19847 4497 4533 4475 4548
19848 1616 4498 4469 4535
19849 4473 4493 1860 4508
19850 1676 4502 4519 4522
19851 2161 4493 4473 4508
19852 2161 4473 2149 4508
19853 1257 1272 1261 4540
19854 4472 1271 4529 4553
19855 1986 2010 4491 4566
19856 4472 1271 4494 4529
19857 4475 4533 2170 4548
19858 2197 4474 2165 4558
19859 4481 4500 1287 4563
19860 1609 4487 4524 4528
19861 4472 4529 4490 4553
19862 4507 4515 2137 4533
19863 2165 4474 4500 4558
19864 1889 1862 1864 4473
19865 1137 1118 1636 4502
19866 4472 4494 1271 4547
19867 2171 4533 4497 4548
19868 4471 4486 4467 4503
19869 4489 4514 1272 4540
19870 1862 1871 1860 4473
19871 1889 4473 1864 4516
19872 1860 4473 1871 4493
19873 4469 4498 1616 4527
19874 1609 4524 1642 4528
19875 1642 4524 4482 4528
19876 1257 1840 4489 4540
19877 1864 4473 1862 4495
19878 4476 4492 4465 4534
19879 2165 4500 4506 4558
19880 2171 2170 4533 4548
19881 2231 4492 4472 4523
19882 2142 1893 2144 4537
19883 2144 2142 1868 1893
19884 4473 4493 2161 4525
19885 2190 2198 4517 4566
19886 4463 4490 4472 4529
19887 1871 4493 4473 4542
19888 1864 4473 4495 4516
19889 2149 2161 2151 4473
19890 4472 4492 4476 4534
19891 1616 4535 4469 4579
19892 2198 4521 4517 4566
19893 4471 4503 4467 4518
19894 4482 4524 4487 4528
19895 2191 2198 4486 4517
19896 1118 4483 1593 4502
19897 4463 4472 4494 4529
19898 4481 4500 4470 4540
19899 2188 4493 4478 4525
19900 4465 4519 4502 4522
19901 1987 4539 4496 4566
19902 1263 4481 1287 4563
19903 2183 1857 2132 4536
19904 4471 4467 4486 4517
19905 2006 4513 4477 4551
19906 2208 4489 2145 4495
19907 1118 1593 1636 4502
19908 2137 4515 4507 4569
19909 1676 4502 1637 4519
19910 4489 4495 2208 4586
19911 1886 1858 4493 4536
19912 1117 4476 1151 4502
19913 1853 4478 1872 4496
19914 4472 4492 2231 4509
19915 1986 4491 4484 4566
19916 1886 4493 4478 4536
19917 2161 2151 4473 4567
19918 1273 4489 2199 4514
19919 1614 4503 4498 4535
19920 2187 4478 2188 4536
19921 4472 4490 4463 4534
19922 4468 4515 4507 4533
19923 2213 4515 4497 4533
19924 1262 1292 4500 4514
19925 4490 4529 1271 4553
19926 1132 4483 1118 4502
19927 1137 1132 1118 4502
19928 2161 2221 4493 4508
19929 4486 4517 2198 4521
19930 4475 4497 4468 4533
19931 1145 4483 1132 4501
19932 2161 4473 4525 4567
19933 2001 4513 2006 4551
19934 2213 2137 4515 4533
19935 4473 2149 4508 4549
19936 1635 1254 4482 4557
19937 4469 4527 1616 4579
19938 1862 4495 4473 4508
19939 1262 4514 4500 4540
19940 1987 4496 4491 4566
19941 4483 4497 4475 4548
19942 2161 2149 2221 4508
19943 1122 4497 2193 4515
19944 4498 4535 4503 4582
19945 2188 4478 4493 4536
19946 4472 4463 4494 4511
19947 1254 1635 4482 4543
19948 2180 4501 4492 4523
19949 1132 4501 4483 4559
19950 1614 4498 4503 4555
19951 4484 4491 1986 4526
19952 2131 4492 2180 4501
19953 1609 4487 1643 4524
19954 1599 1639 4476 4502
19955 1299 4481 1899 4540
19956 4497 4515 1129 4571
19957 2189 4478 4517 4525
19958 1135 4492 4476 4554
19959 2224 4509 1277 4547
19960 1144 4492 1135 4554
19961 1145 4497 4483 4501
19962 2190 4517 4539 4566
19963 4495 4508 2149 4549
19964 1987 2004 4491 4496
19965 4483 4501 4497 4548
19966 1651 4498 1616 4535
19967 1856 2132 1857 4536
19968 1871 4473 4504 4542
19969 1257 1261 1876 4540
19970 471 4518 4542 4561
19971 1986 1959 2010 4566
19972 2128 4510 596 4539
19973 2161 4525 2151 4567
19974 2170 4475 2167 4533
19975 4476 4492 4472 4553
19976 2187 4510 4478 4536
19977 1967 1856 1903 4510
19978 1637 4502 4483 4519
19979 4474 4506 4500 4558
19980 4492 4509 4472 4553
19981 4478 4493 1886 4542
19982 1872 4496 4478 4552
19983 4464 4499 4473 4567
19984 1288 1254 1601 4557
19985 2225 2191 2198 4486
19986 1281 4472 1271 4547
19987 4500 4514 4470 4540
19988 1878 2214 1891 4573
19989 4475 4505 2167 4533
19990 1609 1643 1642 4524
19991 1281 1285 1271 4472
19992 1639 4476 4502 4522
19993 4497 4515 4468 4533
19994 1281 1278 1285 4472
19995 1140 4476 4492 4559
19996 2128 4478 4510 4539
19997 2213 2193 4497 4515
19998 2131 1139 4492 4501
19999 4483 4519 4465 4548
20000 1288 1295 1254 4557
20001 4475 4468 4497 4520
20002 2187 2128 4478 4510
20003 4468 4515 4497 4571
20004 1635 1601 1254 4557
20005 1673 4541 1989 4591
20006 1129 4497 1122 4515
20007 1889 4504 4473 4516
20008 1871 4473 1889 4504
20009 1856 1857 2132 1870
20010 4471 4517 4521 4566
20011 4478 4496 1853 4510
20012 4516 4540 4470 4570
20013 4476 4492 4553 4554
20014 1639 4502 1638 4522
20015 1278 4472 1281 4547
20016 1295 4482 1254 4557
20017 1140 1151 4476 4559
20018 1987 1962 2004 4496
20019 1662 4518 4503 4535
20020 4470 4500 4481 4577
20021 2174 2199 4489 4514
20022 4471 4467 4517 4518
20023 1140 4476 1135 4492
20024 4473 4499 4464 4504
20025 2199 4489 1273 4537
20026 4475 4519 4483 4548
20027 1664 1646 4491 4526
20028 1967 594 1856 4510
20029 4499 4504 4473 4525
20030 1612 4519 4498 4555
20031 1868 2142 2173 1893
20032 594 2132 1856 4510
20033 1877 4481 4516 4540
20034 1886 1872 1853 4478
20035 2149 4473 2151 4567
20036 1651 1614 1616 4498
20037 1886 4493 1858 4542
20038 1285 4472 1278 4553
20039 1986 2010 1992 4491
20040 2147 2208 2145 4495
20041 2197 2211 4474 4558
20042 4478 4510 1886 4536
20043 1856 2132 2182 1870
20044 1627 1673 1989 4591
20045 1132 4483 4502 4559
20046 1271 4472 1285 4553
20047 1899 4481 1847 4540
20048 4507 4515 4468 4569
20049 4509 4553 4492 4554
20050 2128 2188 2187 4478
20051 1878 4565 2220 4573
20052 2230 4533 4505 4572
20053 1962 4496 1987 4539
20054 1299 1899 1847 4540
20055 2155 4499 4480 4558
20056 4468 4475 4533 4574
20057 1149 1131 4497 4530
20058 2164 4475 4548 4560
20059 2164 4505 4475 4560
20060 1856 4510 2132 4536
20061 1890 4481 468 4580
20062 1886 4478 1853 4510
20063 1986 4484 1959 4566
20064 468 1890 467 4481
20065 4474 4538 2211 4556
20066 1614 4503 1613 4555
20067 596 4510 4496 4539
20068 2006 4477 4512 4569
20069 1614 4498 1651 4535
20070 1144 4509 4492 4554
20071 4474 4463 4494 4589
20072 1610 4487 4528 4555
20073 4465 4501 4483 4548
20074 2176 2231 4492 4509
20075 1612 4488 4519 4555
20076 1299 1899 4481 4557
20077 1145 1131 4483 4497
20078 1677 1639 4522 4564
20079 2225 4505 4486 4572
20080 471 4542 1888 4561
20081 1144 1140 1135 4492
20082 1877 4540 4516 4570
20083 4483 4502 4465 4519
20084 1878 2220 2214 4573
20085 2197 4474 2211 4556
20086 2225 4486 2198 4521
20087 2164 2167 4475 4505
20088 4473 4508 4495 4549
20089 2202 4511 4472 4547
20090 1151 4502 4476 4559
20091 4476 4472 4534 4553
20092 2159 4548 4485 4560
20093 2192 1891 2214 4573
20094 1864 4516 4495 4570
20095 4464 4516 4506 4567
20096 1610 4487 1609 4528
20097 1148 1129 1122 4515
20098 4463 4474 4494 4538
20099 1592 4490 1274 4564
20100 1149 4497 1129 4530
20101 2149 4495 2147 4508
20102 1886 4518 4478 4542
20103 2200 2212 4494 4556
20104 2180 4492 2179 4523
20105 1252 1299 1847 4540
20106 1611 1676 4519 4522
20107 4481 4524 468 4580
20108 4470 4516 4481 4540
20109 4516 4549 4506 4567
20110 4486 4503 4471 4535
20111 1890 468 1881 4580
20112 2170 2164 4475 4548
20113 1135 1140 1151 4476
20114 1872 4478 1886 4518
20115 4467 4504 4499 4525
20116 1638 4502 1676 4522
20117 4463 4511 4472 4534
20118 2149 2147 2148 4508
20119 1278 4509 4472 4547
20120 4465 4492 4523 4534
20121 4476 4534 4490 4553
20122 4474 4529 4463 4589
20123 1127 1125 1594 4479
20124 4471 4518 1648 4535
20125 1862 1889 1871 4473
20126 4487 4555 1644 4578
20127 4472 4509 1278 4553
20128 1257 1876 1840 4540
20129 2149 4549 4473 4567
20130 2164 2167 2170 4475
20131 4475 4497 4483 4520
20132 4495 4549 2208 4586
20133 2230 2167 4505 4533
20134 4476 4522 1639 4564
20135 1593 4483 1118 4530
20136 4474 4463 4529 4545
20137 1967 595 594 4510
20138 1298 4556 4494 4589
20139 4503 4518 4471 4535
20140 1899 1890 1847 4481
20141 2131 2179 2180 4492
20142 1614 1631 4503 4535
20143 2188 4493 2222 4536
20144 2153 4499 4558 4567
20145 4473 4525 4504 4542
20146 1272 1257 1273 4489
20147 1855 1886 4510 4536
20148 1872 4478 4518 4552
20149 4468 4497 4530 4571
20150 1986 4491 1992 4526
20151 2194 2195 4500 4514
20152 1879 4536 2183 4565
20153 1637 1636 1593 4502
20154 1958 2001 2006 4551
20155 4497 1129 4530 4571
20156 2231 2178 4472 4509
20157 1620 4513 4484 4579
20158 4472 4523 4492 4534
20159 2225 4486 4521 4572
20160 2231 2178 2202 4472
20161 1273 1272 4489 4514
20162 1596 1664 1646 4491
20163 1637 1593 4483 4502
20164 1664 4526 4491 4576
20165 2185 4493 2221 4565
20166 1662 1595 4503 4518
20167 4492 4501 1139 4559
20168 2212 2211 4538 4556
20169 1610 4528 4488 4555
20170 2220 1878 2214 4565
20171 2009 1975 1973 1675
20172 4471 4535 1648 4576
20173 1903 1967 4510 4581
20174 468 4481 1645 4524
20175 4468 4520 4475 4574
20176 4471 4539 4517 4566
20177 1254 4482 1295 4543
20178 2212 4538 4494 4556
20179 1847 4481 1890 4540
20180 2171 4497 4501 4548
20181 2215 2213 4497 4533
20182 4490 4522 1606 4528
20183 4464 4473 4516 4567
20184 2147 4495 2149 4549
20185 2215 2236 2213 4533
20186 1596 4491 4526 4587
20187 2000 1147 1153 4590
20188 2144 2142 2173 1868
20189 1975 1973 1675 4587
20190 2187 596 2128 4510
20191 2154 2153 4558 4567
20192 1886 1839 4518 4542
20193 4479 4512 1665 4588
20194 2128 2189 2188 4478
20195 2006 4512 4477 4513
20196 1621 4484 1620 4513
20197 1890 4481 1877 4540
20198 4501 4523 4465 4559
20199 2165 2197 2210 4500
20200 1611 4519 4488 4522
20201 1887 1858 4493 4542
20202 1274 4490 1592 4543
20203 1149 1129 1131 4530
20204 594 595 2132 4510
20205 1662 1648 4518 4535
20206 4490 4534 4472 4553
20207 2221 2185 2222 4493
20208 4494 4538 4474 4556
20209 1656 1627 1673 1989
20210 1857 4536 1879 4565
20211 4465 4522 4476 4534
20212 2192 2214 2220 4573
20213 1857 2183 1879 4536
20214 2236 2137 2213 4533
20215 4477 4512 1633 4513
20216 4463 4529 4494 4589
20217 2231 2179 4492 4523
20218 1145 1131 1132 4483
20219 4497 4520 4468 4530
20220 1872 1886 1839 4518
20221 1592 1274 1605 4564
20222 1620 4477 1633 4513
20223 1656 1989 1673 4541
20224 1608 1606 4522 4528
20225 2159 2164 4548 4560
20226 2175 4492 1119 4509
20227 4473 4549 4516 4567
20228 2147 4495 2148 4508
20229 2229 4486 2169 4531
20230 2194 2195 2210 4500
20231 4512 4541 1673 4591
20232 2139 2175 1119 4509
20233 2210 2209 4506 4586
20234 2197 2165 2211 4558
20235 1645 468 467 4481
20236 4486 4505 2169 4531
20237 1994 1989 4541 4591
20238 2174 4489 2208 4586
20239 1287 1262 1292 4500
20240 4500 4563 4481 4577
20241 2208 4495 2147 4549
20242 4465 4492 4476 4559
20243 2202 4472 2178 4547
20244 2199 2143 2174 4489
20245 1596 4491 1646 4526
20246 1903 4510 1854 4581
20247 4483 4497 1131 4530
20248 4489 4570 4495 4586
20249 4493 4508 2221 4565
20250 2135 4497 1136 4501
20251 4476 4522 4490 4534
20252 1651 4535 1616 4579
20253 1648 4518 4471 4552
20254 2199 2143 4489 4537
20255 4514 4540 4489 4570
20256 2145 2208 2174 4489
20257 2224 2178 4509 4547
20258 1606 4490 1677 4522
20259 4495 4570 4470 4586
20260 1118 4483 1131 4530
20261 2161 2221 2222 4493
20262 1975 1675 1626 4587
20263 1992 4526 4491 4587
20264 1899 467 4481 4557
20265 1677 4522 4490 4564
20266 2180 4501 4523 4548
20267 1621 1620 4484 4579
20268 1887 1886 1858 4542
20269 2185 4536 4493 4565
20270 4477 4551 4507 4569
20271 2189 4478 2128 4539
20272 1594 1125 1647 4479
20273 2190 2198 2191 4517
20274 1291 1271 4494 4547
20275 2222 4493 2185 4536
20276 2230 4505 2167 4572
20277 1273 4489 1257 4537
20278 1286 4490 1271 4553
20279 1647 4479 1125 4541
20280 2188 2222 2184 4536
20281 4495 4516 4470 4570
20282 1899 467 1890 4481
20283 4470 4516 4495 4549
20284 1860 4508 4493 4565
20285 4463 4474 4538 4545
20286 4483 4501 4465 4559
20287 1269 4500 4556 4563
20288 1648 4552 4471 4576
20289 4492 4465 4523 4559
20290 2001 4484 4513 4551
20291 1136 4497 1145 4501
20292 1848 1893 2142 4537
20293 1878 1891 1865 4573
20294 1122 1129 1149 4497
20295 4505 4572 4533 4574
20296 1614 1631 1613 4503
20297 4488 4528 4487 4555
20298 1888 4542 4504 4561
20299 1596 4526 1646 4587
20300 4492 4523 4501 4559
20301 2228 4505 2225 4572
20302 2176 2231 2179 4492
20303 2131 1139 2175 4492
20304 4471 4517 4486 4521
20305 1665 4512 4479 4541
20306 467 1645 4481 4557
20307 1959 4484 4521 4566
20308 1660 1593 1118 4530
20309 1660 1118 1130 4530
20310 1633 1665 4512 4588
20311 1980 4512 1997 4569
20312 4499 4464 4558 4567
20313 1997 4512 4479 4569
20314 4473 4493 4525 4542
20315 2155 4480 4499 4531
20316 4463 4490 4528 4534
20317 2210 4506 4500 4586
20318 1863 4495 1862 4508
20319 1286 1271 4490 4529
20320 1856 2182 2132 594
20321 1994 4541 4512 4591
20322 2189 4517 4478 4539
20323 4474 4529 4482 4545
20324 4498 4469 4535 4582
20325 2142 1894 1893 1848
20326 4482 4529 1295 4543
20327 2211 4538 4474 4558
20328 2145 4495 4489 4546
20329 4483 4465 4502 4559
20330 1253 1605 1274 4564
20331 2213 2193 2215 4497
20332 4467 4542 4518 4561
20333 4480 4487 4464 4532
20334 1278 1277 4509 4547
20335 1860 1871 1887 4493
20336 1958 4507 4551 4569
20337 4470 4540 4514 4570
20338 1279 1298 1251 4556
20339 4486 4521 4469 4535
20340 2224 2177 1277 4509
20341 1119 4492 1144 4509
20342 1655 1675 1973 4587
20343 1887 4493 1871 4542
20344 4504 4525 4467 4542
20345 471 4518 1839 4542
20346 1121 2135 1136 4501
20347 1279 4494 2200 4547
20348 1127 1133 1125 4479
20349 4548 4560 4475 4583
20350 4483 4520 4497 4530
20351 1612 4498 1614 4555
20352 4464 4487 4480 4545
20353 4522 4528 4490 4534
20354 2180 2179 2237 4523
20355 2210 2165 4500 4506
20356 2159 4485 2217 4523
20357 2225 2169 4486 4505
20358 4500 4514 2195 4586
20359 4506 4558 4464 4567
20360 4482 4528 4487 4545
20361 4495 4516 4473 4549
20362 1621 4484 4513 4526
20363 2217 4523 4485 4548
20364 1959 4484 1990 4521
20365 1963 1147 2000 4590
20366 4464 4504 4499 4532
20367 4485 4560 4548 4583
20368 1637 4483 1661 4519
20369 1130 1118 1131 4530
20370 2231 2176 2178 4509
20371 1859 1860 4493 4565
20372 4482 4529 4474 4589
20373 1136 2193 1122 4497
20374 1133 4541 4479 4590
20375 4465 4502 4476 4522
20376 1291 4494 1279 4547
20377 2210 2209 2165 4506
20378 4491 4496 2004 4575
20379 2137 602 4515 4569
20380 2161 4493 2222 4525
20381 4465 4476 4502 4559
20382 2194 2210 2196 4500
20383 1647 1665 1594 4479
20384 2196 1293 4500 4556
20385 1286 4529 4490 4543
20386 1644 4487 1610 4555
20387 1610 1644 1609 4487
20388 1840 1257 4489 4537
20389 1255 2194 4500 4514
20390 4469 4521 4484 4535
20391 1859 4493 4536 4565
20392 4486 4505 4469 4572
20393 4482 4463 4528 4545
20394 4486 4469 4521 4572
20395 4488 4528 4522 4534
20396 4488 4534 4465 4583
20397 2141 1848 2142 4537
20398 2225 2228 2169 4505
20399 1642 4482 1635 4543
20400 2170 2171 2164 4548
20401 4463 4528 4488 4534
20402 471 1595 4518 4561
20403 1599 1638 1639 4502
20404 4496 4510 4478 4539
20405 1867 2216 2192 1891
20406 2169 4531 4505 4560
20407 2161 2222 2223 4525
20408 4474 4556 4500 4563
20409 4480 4499 4464 4558
20410 4472 4509 2178 4547
20411 2232 1297 1258 4509
20412 2149 2151 4549 4567
20413 1299 1260 1899 4557
20414 1295 4482 1266 4529
20415 1626 1675 1655 4587
20416 1151 1135 4476 4550
20417 2193 1136 2135 4497
20418 4477 1633 4512 4588
20419 4488 1608 4522 4528
20420 1647 1665 4479 4541
20421 1897 1967 1903 4581
20422 474 1845 4552 4575
20423 1594 1127 4479 4571
20424 2006 1978 4512 4513
20425 1629 1661 4483 4519
20426 1623 1633 4512 4513
20427 2201 4494 2238 4511
20428 2001 4513 4484 4526
20429 1614 1651 1631 4535
20430 4480 4531 2155 4584
20431 1642 4528 4482 4543
20432 1662 1648 4535 4576
20433 2159 2162 4485 4523
20434 1982 4496 596 4510
20435 1612 4488 1611 4519
20436 1642 4482 4524 4557
20437 1269 4556 1265 4563
20438 1133 1147 4541 4590
20439 4503 4555 4498 4582
20440 4470 4549 4495 4586
20441 1145 1149 1131 4497
20442 1125 4479 1133 4541
20443 1859 4493 1858 4536
20444 4478 4539 4518 4552
20445 1595 4503 4518 4561
20446 2176 4492 2175 4509
20447 1145 1132 1142 4501
20448 2210 4500 2195 4586
20449 2159 2217 4485 4548
20450 4473 4504 4464 4516
20451 4488 4519 4465 4522
20452 4486 4469 4505 4582
20453 2164 2163 4505 4560
20454 2200 1279 1251 4556
20455 1142 4501 1132 4559
20456 2156 2155 4480 4558
20457 2192 1867 1891 4573
20458 4485 4511 2162 4584
20459 4499 4525 4473 4567
20460 2157 2155 4531 4584
20461 1269 1265 4500 4563
20462 1962 596 4496 4539
20463 2166 2238 2201 4494
20464 1594 4571 4479 4588
20465 2000 1997 1963 4590
20466 2213 2137 602 4515
20467 4470 4516 4506 4577
20468 4467 4499 4504 4532
20469 4481 1645 4524 4557
20470 4467 4532 4486 4568
20471 2130 2199 2174 4514
20472 2174 4514 4489 4586
20473 1144 1124 4509 4554
20474 2171 4497 2135 4501
20475 1963 4541 1147 4590
20476 4463 4511 4485 4584
20477 4485 4465 4534 4583
20478 2184 2222 2185 4536
20479 4480 4464 4499 4532
20480 2179 2131 2175 4492
20481 1861 4508 1860 4565
20482 4486 4532 4531 4568
20483 1630 4520 4530 4588
20484 1621 4513 1622 4526
20485 474 4552 4491 4575
20486 1251 2129 2200 4556
20487 4484 4521 4471 4535
20488 2202 4511 2162 4523
20489 2233 1122 2193 4515
20490 4469 4486 4535 4582
20491 1841 4504 1889 4516
20492 1870 1857 2183 1879
20493 1121 2181 2135 4501
20494 4463 4562 4538 4584
20495 2164 2163 2167 4505
20496 1980 1997 1991 4569
20497 2205 2229 2169 4531
20498 1620 4477 4513 4579
20499 1624 4576 4535 4579
20500 4465 4523 4501 4548
20501 1253 1274 1286 4564
20502 1662 4535 1624 4576
20503 4463 4480 4538 4562
20504 1629 4519 4483 4520
20505 1129 4515 1148 4571
20506 4471 4521 4486 4535
20507 4538 4562 4480 4584
20508 4506 4516 4470 4549
20509 4463 4485 4562 4584
20510 1958 2006 1991 4569
20511 1274 4490 1286 4564
20512 4465 4548 4519 4583
20513 2187 2188 2184 4536
20514 1615 1616 4498 4527
20515 1623 1620 1633 4513
20516 4467 4517 4478 4525
20517 2162 4511 4485 4523
20518 2230 4507 4533 4572
20519 1847 1890 1877 4540
20520 1266 4529 4482 4589
20521 1608 1611 4488 4522
20522 4477 4513 4484 4551
20523 1291 1271 1268 4494
20524 4482 4545 4524 4577
20525 2205 4531 2169 4560
20526 1133 1153 1147 4590
20527 4487 4528 4463 4545
20528 4463 4482 4528 4529
20529 2154 4558 2152 4567
20530 1279 1291 1298 4494
20531 2168 4546 1867 4573
20532 1969 1970 476 4544
20533 1855 1886 1853 4510
20534 2226 2189 4517 4525
20535 2175 1139 1119 4492
20536 2147 4495 2145 4546
20537 1646 1664 1621 4526
20538 2202 2201 4511 4547
20539 1266 4482 4563 4589
20540 4518 4539 4471 4552
20541 1286 1270 4529 4543
20542 2159 4485 2162 4584
20543 1868 1867 2168 4546
20544 2179 2175 2176 4492
20545 1859 1860 1858 4493
20546 1664 1621 4526 4576
20547 4463 4538 4511 4584
20548 4479 4512 1997 4541
20549 4464 4506 4516 4577
20550 1612 1614 1613 4555
20551 4467 4518 4503 4561
20552 1598 4561 4504 4578
20553 2194 2196 1255 4500
20554 1594 4479 1665 4588
20555 4556 4563 4474 4589
20556 4486 4466 4531 4532
20557 1637 1629 1661 4483
20558 1986 2001 4484 4526
20559 1868 2168 2144 4546
20560 4490 4528 1606 4543
20561 2203 2151 4525 4567
20562 4519 4548 4475 4583
20563 4479 4541 1997 4590
20564 2147 2148 4495 4573
20565 2141 2172 2142 1848
20566 1899 1260 467 4557
20567 1615 4498 4520 4527
20568 2150 2149 2151 4549
20569 1993 1989 1656 4541
20570 1894 2142 2172 1848
20571 2231 2202 2162 4523
20572 2203 4525 4499 4567
20573 4482 4524 4481 4577
20574 1980 2006 1978 4512
20575 2147 4495 2146 4573
20576 2226 2223 2189 4525
20577 1986 1990 1959 4484
20578 1271 1268 4494 4529
20579 4504 4532 4464 4578
20580 2210 2196 4500 4556
20581 1598 4578 4504 4580
20582 4465 4519 4488 4583
20583 2148 4508 4495 4573
20584 1619 1624 4535 4579
20585 1121 1136 1145 4501
20586 2155 4499 2160 4531
20587 4475 4505 4498 4583
20588 4486 4503 4466 4532
20589 4481 4516 4464 4580
20590 1295 1266 4482 4563
20591 2229 2191 4486 4568
20592 1975 1626 4585 4587
20593 4503 1632 4555 4561
20594 4478 4496 4539 4552
20595 4463 4528 4490 4529
20596 1628 4512 1665 4541
20597 1663 1630 4530 4588
20598 2225 2169 2229 4486
20599 1894 2173 2142 1893
20600 4466 4498 4555 4582
20601 2161 2203 2151 4525
20602 1853 1872 1845 4496
20603 1610 4488 1612 4555
20604 1841 1871 1889 4504
20605 1639 1638 1659 4522
20606 4481 4516 4470 4577
20607 4467 4525 4478 4542
20608 1151 1143 1135 4550
20609 4481 4464 4524 4580
20610 1606 1677 4490 4564
20611 4533 4572 4507 4574
20612 1969 476 1640 4544
20613 1262 1272 4514 4540
20614 1639 4550 4476 4564
20615 1127 1128 1133 4479
20616 1132 1131 1118 4483
20617 2232 1126 1297 4509
20618 2152 4558 4506 4567
20619 4467 4503 4486 4532
20620 2225 2229 2191 4486
20621 1663 4571 1594 4588
20622 1962 596 1982 4496
20623 2196 1293 1255 4500
20624 471 1888 1666 4561
20625 4505 4582 4498 4583
20626 1656 1600 1993 4541
20627 4468 4477 4507 4569
20628 4503 4555 4532 4561
20629 2156 4480 2155 4584
20630 1663 4530 4571 4588
20631 1997 4569 4479 4590
20632 1592 4490 1606 4543
20633 1149 1145 1136 4497
20634 1845 4496 4552 4575
20635 1138 4502 1151 4559
20636 2212 2197 2211 4556
20637 1662 1624 1648 4576
20638 1128 1133 4479 4590
20639 471 1839 1888 4542
20640 2146 4495 2147 4546
20641 1615 4498 1612 4519
20642 1994 1979 1989 4591
20643 1893 4537 1869 4546
20644 1278 1281 1277 4547
20645 1295 4529 1270 4543
20646 1988 4585 1657 4591
20647 1620 1618 1633 4477
20648 4491 4544 474 4575
20649 2210 4500 2197 4556
20650 4482 4529 4463 4545
20651 1859 1861 1860 4565
20652 1128 4479 1127 4571
20653 4488 4522 4465 4534
20654 1677 1639 1659 4522
20655 2166 4494 2212 4538
20656 2002 1657 1988 4585
20657 4508 4565 1861 4573
20658 1608 4488 1610 4528
20659 1845 4496 1872 4552
20660 4468 4507 4477 4527
20661 1255 4500 1292 4514
20662 1593 1629 4483 4530
20663 1148 1122 1152 4515
20664 1897 1903 1854 4581
20665 1596 4544 4491 4587
20666 4469 4535 4484 4579
20667 1640 1969 4544 4587
20668 2210 2197 2196 4556
20669 4491 4526 4484 4576
20670 1638 1637 1676 4502
20671 2191 4517 4486 4568
20672 4466 4582 4505 4583
20673 2224 2178 2177 4509
20674 1619 1651 1616 4579
20675 1606 1677 1659 4522
20676 2134 1250 1279 4547
20677 4466 4555 4503 4582
20678 1866 1867 4546 4573
20679 601 4507 1958 4569
20680 2203 4499 2153 4567
20681 1267 1265 1269 4556
20682 2156 2154 2155 4558
20683 1891 1867 2216 1908
20684 4478 4517 4467 4518
20685 1642 4524 1645 4557
20686 2004 2010 1987 4491
20687 1977 4585 1988 4591
20688 1621 1620 1622 4513
20689 4487 4524 4482 4545
20690 1618 4477 1620 4579
20691 1292 1262 1272 4514
20692 1987 4491 2010 4566
20693 4494 4556 4474 4589
20694 2192 2168 2216 1867
20695 1136 1122 1149 4497
20696 2139 1119 1126 4509
20697 2228 2230 2167 4572
20698 4482 4557 1295 4563
20699 2002 1988 1977 4585
20700 4494 4511 2201 4547
20701 1863 1864 1862 4495
20702 1629 1661 4519 4520
20703 4504 4542 4467 4561
20704 2158 4511 2238 4538
20705 470 4504 1598 4561
20706 1861 1862 1860 4508
20707 1864 1906 4516 4570
20708 4484 4526 1621 4576
20709 1621 4484 4576 4579
20710 1599 1117 1636 4502
20711 1888 1871 4504 4542
20712 4482 4481 4563 4577
20713 4484 4566 4491 4576
20714 2153 2160 2155 4499
20715 1269 4500 1293 4556
20716 1630 1617 4520 4588
20717 1643 4487 1644 4578
20718 4489 4537 2143 4546
20719 1258 1277 2177 4509
20720 1636 1117 1137 4502
20721 1990 4521 4484 4551
20722 2145 4489 2143 4546
20723 1866 1867 1868 4546
20724 1997 4541 1963 4590
20725 1667 468 4524 4580
20726 1142 1139 4501 4559
20727 2228 2167 4505 4572
20728 2158 2162 4511 4584
20729 1658 1657 2002 4585
20730 4485 4534 4488 4583
20731 2139 1126 2232 4509
20732 1659 1608 1606 4522
20733 2200 4494 2201 4547
20734 1598 4504 470 4580
20735 4484 4535 4471 4576
20736 1856 1855 4510 4536
20737 1992 4491 4544 4587
20738 1122 2233 1152 4515
20739 1643 4524 4487 4578
20740 1864 1905 1906 4570
20741 2173 1894 1868 1893
20742 2139 2176 2175 4509
20743 1128 4479 4571 4590
20744 1258 1278 1277 4509
20745 4482 4528 4529 4543
20746 1625 1657 4585 4591
20747 1858 1886 1855 4536
20748 1264 1295 4557 4563
20749 2004 4496 1962 4575
20750 1286 4490 1274 4543
20751 1986 2001 1990 4484
20752 1674 1989 1988 4591
20753 2004 1972 1992 4544
20754 1971 4544 1969 4587
20755 1300 1259 2199 1273
20756 4496 4510 1982 4581
20757 1124 1126 1144 4509
20758 1612 1610 1611 4488
20759 4477 4512 4479 4588
20760 4464 4516 4481 4577
20761 2159 2217 2162 4523
20762 2129 2212 2200 4556
20763 2168 1867 2192 4573
20764 4466 4498 4582 4583
20765 2150 2147 2149 4549
20766 2146 4495 4546 4573
20767 1865 1891 1867 4573
20768 1633 4477 1618 4588
20769 4466 4555 4498 4583
20770 4498 4505 4475 4574
20771 1632 4561 1598 4578
20772 4469 4551 4507 4579
20773 1857 1859 4536 4565
20774 2160 2153 2203 4499
20775 2229 4486 4531 4568
20776 1975 2009 1658 1675
20777 4487 4463 4528 4562
20778 4466 4505 4486 4531
20779 1259 2199 1273 4537
20780 4480 4466 4560 4562
20781 1888 4504 470 4561
20782 1613 4503 1632 4555
20783 4476 4550 1135 4554
20784 1283 4509 1124 4554
20785 4480 4466 4531 4560
20786 1999 1849 4544 4575
20787 1607 1606 4528 4543
20788 2144 2143 4537 4546
20789 4477 4507 4551 4579
20790 4468 4530 4520 4588
20791 1291 1281 1271 4547
20792 1967 1903 1885 1897
20793 4507 4527 4469 4579
20794 4490 4529 4528 4543
20795 2154 2152 2153 4567
20796 1594 1663 1127 4571
20797 1123 1127 1663 4571
20798 1250 1291 1279 4547
20799 1994 4512 1979 4591
20800 2194 1280 2130 4514
20801 2225 4521 2127 4572
20802 1656 1673 1600 4541
20803 1849 1970 1999 4544
20804 4468 4477 4569 4588
20805 4477 4527 4507 4579
20806 2001 1990 4484 4551
20807 2146 2147 2145 4546
20808 1652 1656 1600 1993
20809 4505 4533 4475 4574
20810 2001 1976 4513 4526
20811 4483 4519 4475 4520
20812 1644 1632 1598 4578
20813 2202 2201 2238 4511
20814 1265 1287 4500 4563
20815 2160 4499 2203 4568
20816 1988 1657 1674 4591
20817 1974 4526 1992 4587
20818 2144 2173 2168 1868
20819 4490 4522 4476 4564
20820 4500 4506 4474 4577
20821 1888 470 1666 4561
20822 1642 1607 4528 4543
20823 2183 4536 2185 4565
20824 1982 4510 1967 4581
20825 1905 4540 1877 4570
20826 1674 1627 1989 4591
20827 2150 4549 2151 4567
20828 1972 4544 2004 4575
20829 1966 4569 1997 4590
20830 2226 4525 4517 4568
20831 4465 4485 4548 4583
20832 1962 597 596 4539
20833 1119 1144 1126 4509
20834 1667 468 1645 4524
20835 2134 1279 2200 4547
20836 1626 1675 1975 4585
20837 2158 2159 2162 4584
20838 4498 4519 1615 4520
20839 2131 2180 2181 4501
20840 1593 1660 1629 4530
20841 1853 4510 4496 4581
20842 4484 4471 4521 4566
20843 594 1856 2182 1904
20844 1893 1869 1868 4546
20845 4499 4525 2203 4568
20846 2004 1992 4491 4544
20847 1663 1594 1634 4588
20848 4487 4528 4488 4562
20849 4480 4464 4545 4558
20850 1263 4557 4481 4563
20851 1875 4489 1840 4570
20852 471 1666 1595 4561
20853 4478 4525 4493 4542
20854 2157 4531 4560 4584
20855 1595 1631 1662 4503
20856 1602 1969 1640 4587
20857 4477 4527 1618 4588
20858 1901 4495 4546 4570
20859 476 1970 1849 4544
20860 1661 1615 1612 4519
20861 158 1636 1137 1118
20862 2152 2154 2165 4558
20863 2152 4506 2209 4549
20864 4482 4474 4563 4589
20865 1854 4510 1853 4581
20866 1609 1644 1643 4487
20867 2147 2146 2148 4573
20868 4477 4468 4527 4588
20869 1658 1975 1675 4585
20870 2143 2145 2174 4489
20871 2233 2193 2213 4515
20872 1278 4509 1296 4553
20873 1627 1674 1657 4591
20874 4495 4508 1863 4573
20875 4466 4480 4532 4562
20876 2159 2164 2217 4548
20877 4478 4518 4467 4542
20878 2180 2237 2217 4523
20879 1889 1864 1906 4516
20880 4482 4563 4545 4577
20881 1662 4503 1631 4535
20882 2158 2238 2166 4538
20883 4480 4538 2156 4558
20884 1599 1653 156 1117
20885 2232 1258 2177 4509
20886 1851 474 4544 4575
20887 599 1959 1990 4521
20888 4475 4560 4505 4583
20889 4466 4480 4531 4532
20890 1845 474 1851 4575
20891 1863 1862 1861 4508
20892 2158 4511 4538 4584
20893 4512 4513 1978 4591
20894 4487 4464 4532 4578
20895 1132 4502 1138 4559
20896 2001 1978 2006 4513
20897 2170 2167 2230 4533
20898 1676 1637 1661 4519
20899 4488 4528 4463 4562
20900 428 1874 1848 4537
20901 2152 2165 4506 4558
20902 2205 2157 2155 4531
20903 4535 4576 4484 4579
20904 2198 2190 598 4566
20905 1867 1868 2168 1902
20906 1638 1676 1659 4522
20907 4479 4512 4477 4569
20908 1619 4535 1651 4579
20909 4472 4511 4494 4547
20910 2004 4544 4491 4575
20911 1596 474 4491 4544
20912 2132 4510 2187 4536
20913 1856 1857 1855 4536
20914 4486 4466 4503 4582
20915 2166 2201 2212 4494
20916 4469 4484 4521 4551
20917 1276 4553 4550 4564
20918 4464 4524 4545 4577
20919 1602 1640 1655 4587
20920 4487 4532 4480 4562
20921 1121 1142 1139 4501
20922 1971 1970 1969 4544
20923 1978 1980 4512 4591
20924 2156 4538 4480 4584
20925 1661 1612 1611 4519
20926 2200 2212 2201 4494
20927 1596 1646 1672 4587
20928 2002 1975 2009 1658
20929 2171 2215 2135 4497
20930 2150 2152 2209 4549
20931 1608 1659 1611 4522
20932 2171 4501 2180 4548
20933 4484 4513 4477 4579
20934 1627 1656 1674 1989
20935 4524 4578 1667 4580
20936 1858 1860 1887 4493
20937 597 1962 1987 4539
20938 1297 1283 1258 4509
20939 2160 4531 4499 4568
20940 2180 4523 2217 4548
20941 1608 1611 1610 4488
20942 4479 4468 4515 4569
20943 1856 1854 1903 4510
20944 1286 1274 1270 4543
20945 1658 1625 1657 4585
20946 2144 2145 2143 4546
20947 1268 4494 4529 4589
20948 2214 1878 2186 4565
20949 4463 4538 4480 4545
20950 1140 4492 1139 4559
20951 4484 4471 4566 4576
20952 1602 476 1640 1969
20953 1967 1897 1983 4581
20954 1975 4585 4526 4587
20955 1857 1879 1859 4565
20956 1296 4553 4509 4554
20957 1263 1264 4557 4563
20958 1594 1665 1634 4588
20959 1975 4526 1974 4587
20960 1282 1848 2141 4537
20961 1618 4527 4477 4579
20962 4550 4553 1276 4554
20963 2234 2168 2173 1902
20964 1256 1283 1124 4554
20965 4466 4486 4505 4582
20966 4545 4558 4464 4577
20967 595 1967 1982 4510
20968 1974 1986 1992 4526
20969 474 1649 4491 4552
20970 1629 4520 4483 4530
20971 4463 4534 4488 4562
20972 599 600 2127 4551
20973 4464 4481 4524 4577
20974 2195 2194 2130 4514
20975 1999 1873 1849 4575
20976 1254 1295 1270 4543
20977 1615 1617 1616 4527
20978 1273 1257 1290 4537
20979 2011 1656 1652 1993
20980 1265 1263 1287 4563
20981 2231 2237 2179 4523
20982 1615 4519 1661 4520
20983 2189 2190 4517 4539
20984 1260 1671 467 4557
20985 4480 4562 4560 4584
20986 1291 1268 1298 4494
20987 1643 1644 1598 4578
20988 2181 2171 2135 4501
20989 4488 4534 4485 4562
20990 4505 4574 4498 4582
20991 1146 1965 1652 1993
20992 1611 1676 1661 4519
20993 4463 4485 4511 4534
20994 4475 4519 4498 4520
20995 4463 4494 4511 4538
20996 599 2127 4521 4551
20997 1840 1290 1257 4537
20998 1663 1634 1630 4588
20999 1287 1269 1265 4500
21000 2004 1992 2010 4491
21001 2163 2205 2169 4560
21002 4464 4524 4487 4545
21003 1628 1673 4512 4541
21004 4466 4532 4487 4562
21005 1286 1270 1271 4529
21006 4474 4545 4563 4577
21007 4479 4515 4468 4571
21008 2194 1255 1280 4514
21009 597 2128 596 4539
21010 4474 4545 4482 4563
21011 2183 2186 1879 4565
21012 1615 4520 1617 4527
21013 1898 1894 2172 1848
21014 1288 1254 150 1601
21015 2208 2147 2150 4549
21016 2157 4531 2205 4560
21017 1124 1283 1126 4509
21018 2199 1259 2133 4537
21019 1652 1141 1146 1993
21020 1869 1840 4489 4537
21021 1659 1676 1611 4522
21022 1617 4527 4520 4588
21023 4498 4527 4469 4574
21024 2193 2135 2215 4497
21025 1993 1994 1989 4541
21026 2189 2128 2190 4539
21027 2157 2156 2155 4584
21028 1117 157 1636 1137
21029 1978 1979 1980 4591
21030 2185 2183 2184 4536
21031 2137 2230 4507 4533
21032 1118 158 1636 1593
21033 1636 1599 157 1117
21034 4466 4505 4531 4560
21035 1653 1143 156 1117
21036 1286 1271 1285 4553
21037 1958 4507 601 4551
21038 4467 4499 4532 4568
21039 1297 1126 1283 4509
21040 4485 4523 4465 4548
21041 4470 4506 4500 4577
21042 2204 4507 2230 4572
21043 1631 1632 1613 4503
21044 1982 1962 4496 4581
21045 4466 4487 4532 4555
21046 4491 4552 4496 4575
21047 1984 1873 1999 4575
21048 1600 1141 1652 1993
21049 1852 4496 1845 4575
21050 1957 476 1969 1970
21051 1997 4512 1994 4541
21052 2232 2177 2139 4509
21053 1608 1610 1609 4528
21054 1293 1269 1255 4500
21055 1667 4578 1598 4580
21056 1997 1980 1994 4512
21057 2132 2187 2184 4536
21058 2204 601 4507 4551
21059 1986 1976 2001 4526
21060 4465 4523 4485 4534
21061 2183 2227 1870 1879
21062 1298 4494 1268 4589
21063 4481 4524 4482 4557
21064 1885 1983 1967 1897
21065 4467 4532 4504 4561
21066 2192 2216 2214 1891
21067 1132 1137 1138 4502
21068 1628 1633 1665 4512
21069 4470 4514 4500 4586
21070 1975 1658 2002 4585
21071 4466 4487 4555 4562
21072 1637 1593 1629 4483
21073 1888 470 471 1666
21074 2011 1656 1993 1989
21075 4500 4506 4470 4586
21076 2220 4565 4508 4573
21077 1632 4503 1595 4561
21078 2152 4506 4549 4567
21079 4531 4532 4499 4568
21080 1144 1119 1140 4492
21081 4520 4527 4468 4588
21082 4475 4520 4498 4574
21083 2203 2153 2151 4567
21084 1962 4575 4496 4581
21085 1286 4490 4553 4564
21086 2198 598 599 4521
21087 1877 1881 1906 4516
21088 1147 1125 1133 4541
21089 4469 4572 4505 4574
21090 1635 150 1254 1601
21091 4503 4535 4486 4582
21092 4464 4487 4524 4578
21093 4467 4486 4517 4568
21094 2159 4560 4485 4584
21095 1295 1266 1270 4529
21096 1596 474 1649 4491
21097 1664 1596 1649 4491
21098 2163 2169 4505 4560
21099 1959 4521 599 4566
21100 1603 4550 1639 4564
21101 1647 1628 1665 4541
21102 2137 4507 601 4569
21103 1980 1979 1994 4512
21104 4474 4506 4558 4577
21105 1664 4491 1649 4576
21106 4499 4531 4480 4532
21107 1853 4496 1852 4581
21108 4468 4569 4479 4588
21109 4463 4485 4534 4562
21110 4480 4463 4545 4562
21111 1861 1863 4508 4573
21112 1141 1993 1600 4541
21113 152 1605 1592 1274
21114 2209 4549 4506 4586
21115 1868 2173 2168 1902
21116 2204 600 601 4551
21117 1616 1614 1615 4498
21118 1991 601 1958 4569
21119 1605 152 1253 1274
21120 2199 2133 2143 4537
21121 4464 4558 4506 4577
21122 1638 1636 1637 4502
21123 1901 1869 1875 4546
21124 1869 4537 4489 4546
21125 2168 2234 1867 1902
21126 1863 1866 1901 4573
21127 1285 1278 1296 4553
21128 1138 1117 1151 4502
21129 599 4521 598 4566
21130 4484 4551 4469 4579
21131 2182 2183 2227 1870
21132 1663 1660 160 1123
21133 1660 1123 1663 4530
21134 2158 4538 2156 4584
21135 2133 1282 2141 4537
21136 4466 4505 4560 4583
21137 1904 1856 2182 1870
21138 1595 1632 1631 4503
21139 4466 4532 4503 4555
21140 1282 428 1848 4537
21141 1979 4512 1980 4591
21142 4526 4585 1626 4587
21143 2224 1277 1250 4547
21144 1866 4546 1901 4573
21145 1123 1660 160 1130
21146 1873 1984 1999 1964
21147 2198 598 4521 4566
21148 1136 355 1122 2193
21149 1662 1648 1595 4518
21150 1878 1879 2186 4565
21151 1123 1660 1130 4530
21152 476 1957 1892 1970
21153 4474 4558 4545 4577
21154 1607 1606 1608 4528
21155 2166 2212 2211 4538
21156 1869 4489 1875 4546
21157 2148 2221 2149 4508
21158 1854 1853 1852 4581
21159 4472 4511 4523 4534
21160 1869 1874 1840 4537
21161 1901 1864 4495 4570
21162 1298 1267 4556 4589
21163 1660 1118 159 1130
21164 2164 2159 2163 4560
21165 2220 2214 2186 4565
21166 4474 4563 4500 4577
21167 4477 4551 4484 4579
21168 1841 470 4504 4580
21169 1875 1840 1876 4570
21170 2190 4539 598 4566
21171 2205 2160 2229 4531
21172 1635 1254 151 4543
21173 599 4521 1990 4551
21174 1140 1138 1151 4559
21175 1592 1635 151 4543
21176 4479 4569 4477 4588
21177 2200 2201 2134 4547
21178 1295 1264 1266 4563
21179 2204 4551 4507 4572
21180 1841 4504 4516 4580
21181 475 1851 474 4544
21182 2160 2229 4531 4568
21183 1120 1148 4515 4590
21184 1593 1118 159 1660
21185 2152 4549 2150 4567
21186 4469 4527 4507 4574
21187 1120 1152 603 4515
21188 1852 1853 1845 4496
21189 1136 355 2193 2135
21190 4480 4560 4531 4584
21191 2158 2166 2156 4538
21192 1999 4544 1972 4575
21193 1128 4515 1148 4590
21194 1872 4518 472 4552
21195 2214 2186 1878 1880
21196 4550 4553 4476 4564
21197 1139 1140 1119 4492
21198 4485 4560 4466 4562
21199 2127 4521 4551 4572
21200 2127 2225 2198 4521
21201 598 2190 597 4539
21202 357 2131 2181 1121
21203 4489 4546 4495 4570
21204 1609 1642 1607 4528
21205 4487 4545 4463 4562
21206 1976 1978 4513 4585
21207 2228 2225 2127 4572
21208 358 2175 2131 1139
21209 4507 4527 4468 4574
21210 1135 4550 1134 4554
21211 1663 4530 1123 4571
21212 1613 1632 1644 4555
21213 1982 596 595 4510
21214 1892 1849 476 1970
21215 4480 4545 4487 4562
21216 2137 2236 2230 4533
21217 1123 161 1663 1127
21218 2141 2142 2133 4537
21219 1851 4544 1849 4575
21220 598 4539 597 4566
21221 2011 1652 1965 1993
21222 163 1141 1600 4541
21223 473 1872 472 4552
21224 2155 2160 2205 4531
21225 4479 4571 4468 4588
21226 1622 1646 1621 4526
21227 1121 1145 1142 4501
21228 2227 2183 2186 1879
21229 469 1598 470 4580
21230 1120 1128 1148 4590
21231 1846 1983 1897 4581
21232 1999 1970 1972 4544
21233 1863 1901 1864 4495
21234 1273 1280 1272 4514
21235 1599 1636 1638 4502
21236 1618 1616 4527 4579
21237 1642 1643 1645 4524
21238 472 1839 471 4518
21239 1296 4509 1283 4554
21240 4466 4560 4485 4583
21241 2183 2132 2184 4536
21242 4466 4485 4562 4583
21243 1615 1614 1612 4498
21244 4476 4553 4550 4554
21245 1255 1287 1292 4500
21246 2137 2230 2204 4507
21247 1987 597 4539 4566
21248 1876 4540 1905 4570
21249 1592 151 1274 4543
21250 1594 1663 161 1127
21251 2186 1878 1880 1879
21252 2158 2162 2238 4511
21253 1976 1977 1978 4585
21254 1254 1274 151 4543
21255 1651 1619 1624 4535
21256 2211 2156 4538 4558
21257 4517 4525 4467 4568
21258 1647 163 1600 4541
21259 2187 595 596 4510
21260 2165 2209 2152 4506
21261 2131 357 1139 1121
21262 2226 2203 4525 4568
21263 4481 4557 4482 4563
21264 1606 1605 1677 4564
21265 4560 4562 4485 4584
21266 2163 2169 2167 4505
21267 4520 4527 4498 4574
21268 2129 1293 2196 4556
21269 1891 2214 1878 1880
21270 1840 1874 1290 4537
21271 602 2137 601 4569
21272 1262 1261 1272 4540
21273 2001 1976 1978 4513
21274 1873 1999 1849 1896
21275 1135 1143 1134 4550
21276 1284 4550 1276 4554
21277 4504 4561 4532 4578
21278 1142 1140 1139 4559
21279 2187 2132 595 4510
21280 1966 1991 1997 4569
21281 1255 1292 1280 4514
21282 2173 2142 2172 1894
21283 4466 4488 4555 4583
21284 4475 4498 4519 4583
21285 2195 4514 2174 4586
21286 1984 1873 4575 4581
21287 4464 4516 4504 4580
21288 1984 4575 1962 4581
21289 4499 4467 4525 4568
21290 4491 4566 4471 4576
21291 1846 1897 1873 4581
21292 1147 1963 1141 4541
21293 1888 1871 1841 4504
21294 1841 1889 1906 4516
21295 2127 4551 600 4572
21296 1630 4520 1629 4530
21297 1966 4515 602 4569
21298 1974 1975 1976 4526
21299 1666 470 1598 4561
21300 2203 2223 2226 4525
21301 2217 2171 2180 4548
21302 1130 1131 1129 4530
21303 2237 2231 2162 4523
21304 2181 2180 2171 4501
21305 1117 1138 1137 4502
21306 1957 476 477 1602
21307 2134 2224 1250 4547
21308 1623 4513 4512 4591
21309 4469 4507 4572 4574
21310 4466 4555 4488 4562
21311 4490 4476 4553 4564
21312 2238 2162 2202 4511
21313 2142 2144 2143 4537
21314 2135 1136 356 1121
21315 1128 4571 4515 4590
21316 1263 1264 1260 4557
21317 2148 2220 4508 4573
21318 594 1856 1904 1842
21319 2162 2217 2237 4523
21320 1677 1603 1639 4564
21321 4488 4562 4485 4583
21322 428 1290 1874 4537
21323 1851 1852 1845 4575
21324 4513 4526 1976 4585
21325 2220 2221 4508 4565
21326 1595 472 471 4518
21327 1252 1262 1263 4540
21328 1658 1675 1626 4585
21329 2168 2234 2216 1867
21330 1854 1856 1855 4510
21331 1256 1296 1283 4554
21332 2178 2176 2177 4509
21333 4488 4555 4487 4562
21334 1267 1251 1298 4556
21335 4469 4574 4505 4582
21336 4538 4545 4474 4558
21337 4468 4571 4530 4588
21338 1966 4515 4569 4590
21339 1276 4550 1275 4564
21340 467 1671 1645 4557
21341 2226 4517 2191 4568
21342 1963 1993 1141 4541
21343 4466 4562 4488 4583
21344 1649 4552 1648 4576
21345 1976 4526 1975 4585
21346 1957 476 1602 1969
21347 4496 4575 1852 4581
21348 2129 1251 1293 4556
21349 1621 1619 1620 4579
21350 1607 1642 1635 4543
21351 162 1594 1127 1125
21352 1987 598 597 4566
21353 219 1284 1256 4554
21354 594 1998 1967 1842
21355 1603 1653 1639 4550
21356 4480 4545 4538 4558
21357 1282 2133 1259 4537
21358 1891 2216 2214 1908
21359 1861 1865 1863 4573
21360 1134 1284 219 4554
21361 1888 1887 1871 4542
21362 1648 472 4518 4552
21363 1875 1869 1840 4489
21364 1296 1278 1283 4509
21365 476 1849 475 4544
21366 1602 477 1957 1969
21367 1651 1662 1631 4535
21368 1286 4553 1276 4564
21369 1129 1123 4530 4571
21370 1642 1645 1601 4557
21371 163 1125 1141 4541
21372 2168 2146 4546 4573
21373 1859 1858 1857 4536
21374 1648 473 472 4552
21375 2150 4549 2209 4586
21376 2130 2174 2195 4514
21377 1623 1633 1628 4512
21378 1841 4516 1906 4580
21379 1848 1874 1893 4537
21380 1959 599 598 4566
21381 4507 4468 4533 4574
21382 1984 1964 1873 4581
21383 1908 1867 2216 1882
21384 1148 4515 1128 4571
21385 1139 358 2175 1119
21386 2204 600 4551 4572
21387 1905 1876 1877 4540
21388 1592 1606 1607 4543
21389 1988 1989 1979 4591
21390 4471 4552 4491 4576
21391 4485 4523 4511 4534
21392 1649 4491 4552 4576
21393 599 1990 600 4551
21394 1887 1839 1886 4542
21395 1596 475 474 4544
21396 4507 4551 4469 4572
21397 2236 2215 2170 4533
21398 1618 1619 1616 4579
21399 1888 1841 470 4504
21400 1152 2233 603 4515
21401 475 1849 1851 4544
21402 1629 1615 1661 4520
21403 1622 4526 4513 4585
21404 1652 1141 164 1146
21405 1647 1125 163 4541
21406 1275 153 1253 4564
21407 2209 2210 2195 4586
21408 1896 1873 1999 1964
21409 2135 356 2181 1121
21410 1885 1983 2003 1967
21411 1628 1623 4512 4591
21412 2217 2164 2171 4548
21413 2189 2190 2191 4517
21414 2150 2208 4549 4586
21415 1854 1855 1853 4510
21416 1846 1873 1983 4581
21417 1275 1276 1284 4550
21418 2221 2148 2220 4508
21419 2169 2228 2167 4505
21420 1148 1152 1120 4515
21421 1623 1625 4513 4591
21422 1866 1865 1867 4573
21423 1841 469 470 4580
21424 1849 1873 1851 4575
21425 2141 1282 1907 1848
21426 1147 1963 351 1141
21427 1142 1132 1138 4559
21428 2223 2203 2161 4525
21429 1622 4513 1625 4585
21430 2157 4560 2159 4584
21431 1906 4516 1881 4580
21432 1973 1975 1974 4587
21433 1625 1622 1623 4513
21434 474 1845 473 4552
21435 1266 4563 1265 4589
21436 1626 4526 1622 4585
21437 1625 4585 4513 4591
21438 1613 1610 1612 4555
21439 1872 1839 472 4518
21440 4464 4504 4578 4580
21441 1275 1603 153 4564
21442 1984 2004 1962 4575
21443 4469 4551 4521 4572
21444 1594 162 1647 1125
21445 428 1282 1290 4537
21446 1958 601 600 4551
21447 1966 603 602 4515
21448 1268 4529 1266 4589
21449 1640 1596 1672 4587
21450 2214 2126 1891 1908
21451 2189 2191 2226 4517
21452 1971 1969 1973 4587
21453 1983 1873 1964 4581
21454 2126 2214 2216 1908
21455 1626 1646 1622 4526
21456 1620 1623 1622 4513
21457 4469 4498 4574 4582
21458 1674 1656 2011 1989
21459 2229 2226 2191 4568
21460 1267 1266 1265 4589
21461 2195 2174 2208 4586
21462 1255 1269 1287 4500
21463 2157 2205 2163 4560
21464 1130 1129 1123 4530
21465 1665 1633 1634 4588
21466 153 1605 1253 4564
21467 1141 1963 351 1993
21468 1124 219 1256 4554
21469 2211 2156 2166 4538
21470 2139 2175 359 1119
21471 1971 1992 4544 4587
21472 2140 2141 1282 1907
21473 4468 4527 4520 4574
21474 1124 1134 219 4554
21475 2152 2150 2151 4567
21476 1892 1996 1849 1970
21477 2234 2216 1867 1882
21478 1999 1849 1996 1970
21479 4503 4532 4467 4561
21480 4506 4549 4470 4586
21481 1655 1672 1626 4587
21482 1264 1295 1288 4557
21483 431 1261 1252 4540
21484 1600 1141 164 1652
21485 2001 1958 1990 4551
21486 1150 1653 1668 4550
21487 1841 1906 1881 4580
21488 1134 4550 1284 4554
21489 1634 1617 1630 4588
21490 2228 2204 2230 4572
21491 1999 1849 1896 1996
21492 1964 1873 1983 1846
21493 1266 1268 1270 4529
21494 2211 2154 2156 4558
21495 1983 1964 1984 4581
21496 1618 4527 1617 4588
21497 1134 1150 1294 4550
21498 1270 1274 1254 4543
21499 1286 1276 1253 4564
21500 476 475 1640 4544
21501 1271 1270 1268 4529
21502 1143 1653 1150 4550
21503 1630 1629 1660 4530
21504 1144 1135 1124 4554
21505 1134 1294 1284 4550
21506 2150 2209 2208 4586
21507 2220 2185 2221 4565
21508 474 473 1649 4552
21509 4464 4578 4524 4580
21510 153 1603 1605 4564
21511 2002 1658 1597 1657
21512 1275 4550 1603 4564
21513 603 2213 602 4515
21514 1640 4544 1596 4587
21515 2157 2163 2159 4560
21516 603 4515 1966 4590
21517 2137 2204 601 4507
21518 431 1252 1847 4540
21519 1845 1872 473 4552
21520 1668 1275 1294 4550
21521 2177 2176 2139 4509
21522 4515 4571 4479 4590
21523 1880 2227 2186 1879
21524 1261 431 1876 4540
21525 1283 1278 1258 4509
21526 1129 1148 1128 4571
21527 1967 1983 1982 4581
21528 1893 1874 1869 4537
21529 1967 1885 1903 1842
21530 599 2127 2198 4521
21531 1630 1617 1629 4520
21532 1277 1281 1250 4547
21533 350 1965 1146 1993
21534 1908 2126 1891 1838
21535 1275 1668 1603 4550
21536 2226 2160 2203 4568
21537 4479 4569 4515 4590
21538 2007 603 1966 4590
21539 63 467 1260 1671
21540 1141 1125 1147 4541
21541 2201 2202 2178 4547
21542 1651 1624 1662 4535
21543 2003 1885 1967 1842
21544 2211 2165 2154 4558
21545 1985 1988 2002 1657
21546 1601 1671 1288 4557
21547 1882 1867 2234 1902
21548 1996 1892 1957 1970
21549 1628 1627 1623 4591
21550 1119 359 2139 1126
21551 2168 2192 2146 4573
21552 1597 1985 2002 1657
21553 472 1595 1648 4518
21554 1624 1649 1648 4576
21555 1601 149 1288 1671
21556 1660 1663 1630 4530
21557 1855 1857 1858 4536
21558 1613 1644 1610 4555
21559 469 1667 1598 4580
21560 1264 1263 1265 4563
21561 1963 1997 1994 4541
21562 2190 2128 597 4539
21563 1974 1976 1986 4526
21564 2009 1658 1675 1961
21565 1643 1667 1645 4524
21566 1618 1620 1619 4579
21567 149 1260 1288 1671
21568 1892 1957 476 477
21569 1128 1127 1123 4571
21570 1852 4575 1873 4581
21571 420 2194 1280 2130
21572 2148 2192 2220 4573
21573 1971 1992 1972 4544
21574 1146 1141 350 1993
21575 1846 1983 1885 1897
21576 1628 1647 1673 4541
21577 2204 2127 600 4572
21578 431 1847 1876 4540
21579 2177 414 2224 1277
21580 1666 1632 1595 4561
21581 1633 1618 1634 4588
21582 1288 1671 1260 4557
21583 1979 1978 1977 4591
21584 2140 1282 1289 1907
21585 1868 1894 2173 1902
21586 1609 1607 1608 4528
21587 1991 602 601 4569
21588 2168 2146 2144 4546
21589 1901 1875 1864 4570
21590 1277 2177 414 1258
21591 2197 2129 2196 4556
21592 1282 1259 1290 4537
21593 415 1250 2224 1277
21594 1977 1988 1979 4591
21595 1281 1291 1250 4547
21596 1634 1618 1617 4588
21597 1299 432 1252 1847
21598 1982 1984 1962 4581
21599 1971 1972 1970 4544
21600 1859 1878 1861 4565
21601 1967 1998 2003 1842
21602 2183 2185 2186 4565
21603 1650 1675 1658 1961
21604 1658 2009 2002 1961
21605 1873 1852 1851 4575
21606 2145 2144 2146 4546
21607 1904 2182 594 593
21608 1150 220 1134 1294
21609 1869 1866 1868 4546
21610 1617 1618 1616 4527
21611 1598 1632 1666 4561
21612 1286 1285 1276 4553
21613 1273 1290 1259 4537
21614 1284 1134 220 1294
21615 1994 1993 1963 4541
21616 155 1668 1150 1653
21617 1256 1283 218 1124
21618 1885 2005 1983 1846
21619 1960 1988 1674 1989
21620 2129 2197 2212 4556
21621 2213 603 2233 4515
21622 469 468 1667 4580
21623 1272 1280 1292 4514
21624 1865 1866 1863 4573
21625 1276 4553 1296 4554
21626 360 1297 2232 1126
21627 2152 2151 2153 4567
21628 2200 417 2129 1251
21629 432 1299 1899 1847
21630 2142 2143 2133 4537
21631 1627 1657 1625 4591
21632 1143 155 1150 1653
21633 1904 1998 594 1842
21634 1839 1887 1888 4542
21635 2011 1656 1674 1604
21636 1142 1138 1140 4559
21637 1876 1847 1877 4540
21638 1668 1275 154 1294
21639 2236 2170 2230 4533
21640 2207 2227 2186 1880
21641 1603 1275 154 1668
21642 1251 1269 1293 4556
21643 2000 1966 1997 4590
21644 1607 1635 1592 4543
21645 1966 602 1991 4569
21646 1128 1120 1133 4590
21647 1968 1957 477 1969
21648 1269 1251 1267 4556
21649 2224 2134 2178 4547
21650 420 2194 1255 1280
21651 1602 1968 477 1969
21652 1621 1664 1624 4576
21653 1253 1276 1275 4564
21654 1840 1290 429 1257
21655 1152 1122 354 2233
21656 469 1881 468 4580
21657 1971 1974 1992 4587
21658 2224 1250 415 2134
21659 1894 1884 2218 1844
21660 1615 1629 1617 4520
21661 2005 1885 1983 2003
21662 417 2200 1279 1251
21663 1840 429 1290 1874
21664 2233 1122 354 2193
21665 2227 1880 1843 1879
21666 1153 353 2007 1120
21667 2158 2157 2159 4584
21668 1126 218 1283 1124
21669 1960 1988 1657 1674
21670 1266 1264 1265 4563
21671 1284 1276 1296 4554
21672 1600 1673 1647 4541
21673 473 1648 1649 4552
21674 1674 2011 1960 1989
21675 2227 2219 2182 1870
21676 1668 1294 1150 4550
21677 360 2232 2139 1126
21678 1153 1120 2007 4590
21679 2192 2148 2146 4573
21680 1129 1128 1123 4571
21681 1878 1859 1879 4565
21682 2000 1153 2007 4590
21683 1892 1849 1996 1895
21684 1999 1972 1984 4575
21685 2011 1656 1604 1652
21686 594 1998 1904 593
21687 1864 1875 1905 4570
21688 2002 1658 1961 1597
21689 2136 2234 2173 1902
21690 2196 2129 418 1293
21691 1854 1852 1897 4581
21692 1869 1901 1866 4546
21693 1961 1658 1650 1597
21694 2216 2234 2206 1882
21695 1262 1252 1261 4540
21696 1964 1983 2005 1846
21697 1999 1896 1964 1996
21698 2199 2130 421 1300
21699 1975 2002 1977 4585
21700 1251 418 2129 1293
21701 475 1596 1640 4544
21702 1960 1657 1641 1674
21703 1972 2004 1984 4575
21704 2214 1891 1838 1880
21705 1996 1849 1896 1895
21706 2178 2134 2201 4547
21707 2160 2226 2229 4568
21708 1640 1672 1655 4587
21709 1902 1894 2173 1844
21710 2126 2214 1891 1838
21711 2158 2156 2157 4584
21712 2219 2227 1843 1870
21713 1959 1987 2010 4566
21714 1902 2173 2136 1844
21715 2126 2216 2206 1908
21716 157 158 1636 1137
21717 1153 2007 353 2000
21718 1124 1135 1134 4554
21719 1880 2207 2227 1843
21720 1959 598 1987 4566
21721 1870 2227 1843 1879
21722 1990 1958 600 4551
21723 1875 1876 1905 4570
21724 1282 2141 423 2133
21725 1150 1134 1143 4550
21726 1297 360 217 1126
21727 1250 1279 416 2134
21728 220 219 1134 1284
21729 1599 156 157 1117
21730 1965 1652 165 1146
21731 1289 426 2140 1907
21732 159 158 1118 1593
21733 2186 2214 2207 1880
21734 1254 151 150 1635
21735 2234 2136 1882 1902
21736 154 153 1275 1603
21737 1668 1653 1603 4550
21738 151 152 1592 1274
21739 1604 2011 1652 1965
21740 606 1900 605 2207
21741 1670 1602 1981 1969
21742 1625 1658 1626 4585
21743 152 153 1605 1253
21744 150 149 1288 1601
21745 1977 1976 1975 4585
21746 1626 1622 1625 4585
21747 1283 1297 217 1126
21748 1261 431 430 1876
21749 2172 2218 2173 1894
21750 1664 1649 1624 4576
21751 1677 1605 1603 4564
21752 1284 1294 1275 4550
21753 1907 1282 427 1848
21754 1143 156 155 1653
21755 1288 1260 1264 4557
21756 1623 1627 1625 4591
21757 1841 1881 469 4580
21758 1960 2011 1674 1604
21759 2209 2195 2208 4586
21760 2130 1280 421 1300
21761 1897 1852 1873 4581
21762 1279 2200 416 2134
21763 1645 1671 1601 4557
21764 1908 2216 2206 1882
21765 1850 2140 426 1907
21766 1150 1668 62 1294
21767 2133 423 1282 1259
21768 1985 2002 1961 1597
21769 1908 2206 2126 1882
21770 2228 2127 2204 4572
21771 1907 1850 2140 1898
21772 1971 1973 1974 4587
21773 2207 2214 1838 1880
21774 1289 1282 427 1907
21775 1120 1153 1133 4590
21776 2126 2214 1838 2207
21777 159 160 1660 1130
21778 161 162 1594 1127
21779 2234 2136 2206 1882
21780 2011 1604 1995 1965
21781 165 349 1965 1146
21782 1652 165 1669 1965
21783 1904 2219 2182 593
21784 1296 1276 1285 4553
21785 1256 1284 1296 4554
21786 160 161 1663 1123
21787 1141 351 350 1993
21788 2220 2186 2185 4565
21789 1641 1985 1597 1657
21790 1260 149 63 1671
21791 1122 355 354 2193
21792 1297 1258 413 2232
21793 608 2206 2136 1882
21794 1647 162 163 1125
21795 1298 1268 1267 4589
21796 359 360 2139 1126
21797 1902 2136 1882 1844
21798 1267 1268 1266 4589
21799 2140 2235 2172 1898
21800 607 2126 2206 1882
21801 2126 1908 1882 1838
21802 1983 1984 1982 4581
21803 1654 1981 2009 1961
21804 1602 1670 1968 1969
21805 1981 1968 1670 1969
21806 1258 2177 413 2232
21807 428 427 1282 1848
21808 1297 52 360 2232
21809 6 603 1152 2233
21810 2177 413 414 1258
21811 2199 422 2133 1259
21812 1141 164 163 1600
21813 1895 1996 1892 591
21814 2227 2138 2219 1843
21815 1252 432 431 1847
21816 2235 2140 1850 1898
21817 607 2126 1882 1838
21818 1882 2136 608 1844
21819 2140 426 2235 1850
21820 1842 2003 1885 587
21821 1259 2199 422 1300
21822 2007 1966 2000 4590
21823 1842 1998 2003 587
21824 1850 1884 2235 1898
21825 2224 414 415 1277
21826 1840 429 430 1257
21827 1650 479 1654 1961
21828 1904 1883 2219 593
21829 588 2005 1885 1846
21830 1995 1604 482 483
21831 1838 1900 2207 1880
21832 2235 1884 2218 1898
21833 478 1968 1670 1981
21834 2219 1843 1883 1870
21835 1652 164 165 1146
21836 605 604 2138 1843
21837 357 358 2131 1139
21838 1964 1896 1873 1846
21839 591 1996 1892 1957
21840 62 220 1150 1294
21841 1136 356 355 2135
21842 1885 2005 588 2003
21843 1668 62 155 1150
21844 607 2206 608 1882
21845 1299 63 432 1899
21846 1981 1654 479 1961
21847 217 52 360 1297
21848 353 6 2007 1120
21849 1960 1641 481 482
21850 1900 606 2126 2207
21851 593 1998 1904 586
21852 425 426 2140 1289
21853 1650 480 1961 1597
21854 2138 2227 2207 1843
21855 2181 356 357 1121
21856 358 359 2175 1119
21857 2218 2172 2235 1898
21858 1668 154 62 1294
21859 1985 1961 480 1597
21860 1641 481 1985 1960
21861 217 218 1283 1126
21862 1654 479 478 1981
21863 425 426 2235 2140
21864 2003 588 1885 587
21865 424 2140 1282 1289
21866 429 428 1290 1874
21867 2005 588 589 1846
21868 477 1670 1968 1602
21869 1153 353 352 2000
21870 349 61 165 2008
21871 608 2136 609 1844
21872 1850 426 2235 611
21873 1669 165 61 2008
21874 1895 590 1996 591
21875 424 2140 2141 1282
21876 1963 351 352 1147
21877 1602 1654 1670 1981
21878 591 1892 592 1957
21879 1900 2126 1838 2207
21880 1842 1904 1998 586
21881 1957 1892 592 477
21882 61 483 1669 2008
21883 592 1957 477 1968
21884 349 350 1965 1146
21885 589 1964 2005 1846
21886 1641 1960 1604 482
21887 482 1960 1604 1995
21888 1900 2207 1880 1843
21889 2235 426 425 611
21890 587 1842 1998 586
21891 1883 29 593 586
21892 593 1904 1883 586
21893 604 2219 2138 1843
21894 590 1964 1896 1996
21895 481 1985 480 1597
21896 480 479 1650 1961
21897 589 1964 1896 590
21898 1896 1964 589 1846
21899 16 425 426 611
21900 1896 590 1996 1895
21901 607 2126 1838 606
21902 2194 419 420 1255
21903 606 2126 1838 1900
21904 218 219 1256 1124
21905 1654 478 1670 1981
21906 20 592 477 1968
21907 1597 481 1985 1641
21908 483 1995 1604 1669
21909 2129 417 418 1251
21910 1250 416 415 2134
21911 2138 1900 605 1843
21912 1674 1641 1960 1604
21913 609 1884 2218 610
21914 2138 605 1900 2207
21915 20 477 1670 1968
21916 427 426 1289 1907
21917 2218 609 2136 1844
21918 1960 2011 1604 1995
21919 2218 1884 609 1844
21920 2207 1900 2138 1843
21921 1670 20 1968 478
21922 413 52 1297 2232
21923 604 2219 1843 1883
21924 1995 1669 2008 1965
21925 1850 2235 1884 610
21926 1152 354 6 2233
21927 1280 421 420 2130
21928 2235 2218 1884 610
21929 29 2219 1883 593
21930 422 423 2133 1259
21931 2219 604 29 1883
21932 2199 421 422 1300
21933 2196 418 419 1293
21934 2200 416 417 1279
21935 423 424 2141 1282
21936 2140 424 425 1289
21937 1850 2235 610 611
21938 1669 483 1995 2008
21939 2197 4474 4500 2165
21940 2197 4500 4474 4556
21941 4550 1599 1639 4476
21942 4550 1639 1599 1653
21943 4546 1893 2144 1868
21944 4546 2144 1893 4537
21945 2188 4525 2189 2223
21946 2189 4525 2188 4478
21947 4556 1279 4494 2200
21948 4556 4494 1279 1298
21949 1870 2132 2183 1857
21950 1870 2183 2132 2182
21951 4557 1635 1642 4482
21952 4557 1642 1635 1601
21953 1967 1856 1842 1903
21954 1967 1842 1856 594
21955 4540 1299 1263 1252
21956 4540 1263 1299 4481
21957 4533 2171 2215 2170
21958 4533 2215 2171 4497
21959 4500 1262 4481 1287
21960 4500 4481 1262 4540
21961 1263 4481 1262 1287
21962 1263 1262 4481 4540
21963 4471 4566 4552 4539
21964 4471 4552 4566 4491
21965 4496 4552 4566 4539
21966 4496 4566 4552 4491
21967 2153 4558 2155 2154
21968 2155 4558 2153 4499
21969 4523 2202 4472 2231
21970 4523 4472 2202 4511
21971 4580 1890 4516 1881
21972 4580 4516 1890 4481
21973 1877 4516 1890 1881
21974 1877 1890 4516 4481
21975 2006 4551 4569 1958
21976 4569 4551 2006 4477
21977 1876 1257 430 1261
21978 1876 430 1257 1840
21979 4519 4555 4583 4498
21980 4583 4555 4519 4488
21981 4578 4555 4532 4487
21982 4578 4532 4555 4561
21983 4564 1592 1606 1605
21984 4564 1606 1592 4490
21985 4525 2222 2188 4493
21986 4525 2188 2222 2223
21987 1599 4550 1117 4476
21988 1151 1117 4550 4476
21989 1151 4550 1117 1143
21990 4557 1299 1263 4481
21991 4557 1263 1299 1260
21992 4570 1906 1877 1905
21993 4570 1877 1906 4516
21994 4569 1980 2006 1991
21995 4569 2006 1980 4512
21996 4539 4518 4517 4478
21997 4539 4517 4518 4471
21998 4573 1878 1861 1865
21999 4573 1861 1878 4565
22000 4578 1632 4555 1644
22001 4578 4555 1632 4561
22002 4591 1673 1628 1627
22003 4591 1628 1673 4512
22004 4570 1840 4540 4489
22005 4570 4540 1840 1876
22006 4579 1624 1621 1619
22007 4579 1621 1624 4576
22008 4538 2238 4494 4511
22009 4538 4494 2238 2166
22010 1265 4589 4556 1267
22011 4556 4589 1265 4563
22012 1899 1260 63 467
22013 1899 63 1260 1299
22014 4514 4570 4586 4470
22015 4586 4570 4514 4489
22016 1121 2131 4501 1139
22017 1121 4501 2131 2181
22018 1147 2000 352 1963
22019 1147 352 2000 1153
22020 1875 4546 4570 1901
22021 4570 4546 1875 4489
22022 4578 1667 1643 4524
22023 4578 1643 1667 1598
22024 1653 1117 4550 1143
22025 4550 1117 1653 1599
22026 1901 4573 4495 1863
22027 4495 4573 1901 4546
22028 1973 1675 1654 2009
22029 1654 1675 1973 1655
22030 1654 1981 1973 2009
22031 4585 1978 4591 1977
22032 4585 4591 1978 4513
22033 1848 1898 2141 2172
22034 1848 2141 1898 1907
22035 2140 2141 1898 2172
22036 2140 1898 2141 1907
22037 4590 603 1120 2007
22038 4590 1120 603 4515
22039 4587 1646 1626 4526
22040 4587 1626 1646 1672
22041 2130 1300 1273 1280
22042 1273 1300 2130 2199
22043 1273 4514 2130 1280
22044 2130 4514 1273 2199
22045 1120 603 6 2007
22046 1120 6 603 1152
22047 1255 2196 419 1293
22048 1255 419 2196 2194
22049 1844 2173 2218 1894
22050 1844 2218 2173 2136
22051 1961 1675 1654 1650
22052 1961 1654 1675 2009
22053 1960 1657 1985 1641
22054 1960 1985 1657 1988
22055 1965 1604 1669 1652
22056 1965 1669 1604 1995
22057 2219 1904 1870 1883
22058 1870 1904 2219 2182
22059 2218 1898 1894 2172
22060 1894 1898 2218 1884
22061 2008 165 1965 1669
22062 2008 1965 165 349
22063 1973 1654 1602 1981
22064 1602 1654 1973 1655
22065 1602 1969 1973 1981
22066 1973 1602 4587 1969
22067 4587 1602 1973 1655
3 9 4 7158
22068 2978 2966 643 2294
22069 2273 643 2966 2294
22070 1998 2783 594 1967
22071 1967 1982 2784 595
22072 2978 642 2286 2294
22073 1982 2695 2784 595
22074 577 2783 1998 1967
22075 596 2785 2803 1962
22076 2978 618 2966 2294
22077 2966 2974 644 2241
22078 2966 2273 2294 2284
22079 2294 619 2966 2284
22080 2820 2845 2692 1959
22081 580 2820 598 1959
22082 598 2820 2692 1959
22083 577 2783 2794 1998
22084 2791 2801 597 1987
22085 2286 642 2245 2294
22086 2845 2820 581 1959
22087 2785 596 578 1962
22088 1967 2784 2783 595
22089 1967 2784 1982 578
22090 2132 671 690 2184
22091 3288 690 671 2184
22092 2191 2198 3277 2225
22093 2974 2966 619 2241
22094 1982 2784 2695 578
22095 1967 577 2784 578
22096 579 2803 2785 1962
22097 2198 3277 674 2191
22098 2273 2966 644 2284
22099 598 2801 2820 1987
22100 2695 2783 2784 595
22101 2236 2230 3269 2137
22102 580 598 2820 1987
22103 2187 3288 671 2184
22104 618 619 2966 2294
22105 2695 2785 2803 596
22106 2284 2966 644 2241
22107 2191 3277 694 2225
22108 5 1176 2937 2193
22109 544 2640 2638 2013
22110 578 596 1982 1962
22111 678 697 2236 2213
22112 2190 674 693 2191
22113 1990 2825 2845 599
22114 597 2803 2791 1962
22115 671 2132 2187 2184
22116 3277 693 674 2191
22117 2791 579 580 1987
22118 1959 581 2845 599
22119 679 698 3232 2193
22120 1990 2845 581 599
22121 2820 580 581 1959
22122 689 670 2183 2182
22123 579 2785 578 1962
22124 2845 2692 1959 599
22125 2213 679 3232 2193
22126 2182 689 669 2227
22127 2640 2583 2638 2013
22128 2277 701 613 2239
22129 675 3277 2198 2225
22130 2188 672 3276 2128
22131 2286 618 2978 2294
22132 580 598 1987 1959
22133 647 2977 622 2247
22134 3341 3798 736 737
22135 620 2974 619 2241
22136 2284 619 2966 2241
22137 672 691 2187 2188
22138 2132 2183 670 2182
22139 2055 2640 2682 522
22140 2638 545 544 2013
22141 670 689 669 2182
22142 3220 2228 2204 2230
22143 646 2961 2274 2289
22144 2138 669 688 2227
22145 594 2702 2783 1998
22146 697 678 3232 2213
22147 701 614 613 2239
22148 698 679 3298 2193
22149 527 3234 30 528
22150 2190 693 2189 2191
22151 2981 647 622 2247
22152 3298 679 698 3232
22153 607 530 2923 529
22154 2243 32 699 2279
22155 2641 2589 2640 543
22156 2213 3232 698 2193
22157 543 2589 2640 2055
22158 691 3288 672 2187
22159 700 701 613 2277
22160 2791 2801 2803 597
22161 2188 2187 672 2128
22162 3232 698 697 2213
22163 673 3221 2189 2190
22164 2977 647 2271 2247
22165 2183 670 3222 2132
22166 3277 675 694 2225
22167 2636 2675 2635 2047
22168 1998 2702 2827 586
22169 609 531 2919 608
22170 3269 678 2236 2137
22171 2193 1176 2937 2135
22172 2055 543 2589 522
22173 2794 2783 2702 1998
22174 2274 645 2974 2241
22175 2274 621 2961 2271
22176 2820 2692 2801 598
22177 2189 3221 693 2190
22178 2187 691 3288 2184
22179 2284 644 2273 2241
22180 2978 642 648 2286
22181 523 2640 544 2013
22182 3269 696 2230 2236
22183 3234 30 28 527
22184 2974 620 2274 2241
22185 545 2638 2583 2013
22186 699 2923 530 529
22187 674 693 3221 2190
22188 2230 677 3269 2137
22189 2636 545 524 2047
22190 523 2055 2682 522
22191 2756 1990 582 600
22192 2583 2640 523 2013
22193 2845 2756 2825 1990
22194 647 622 2977 2981
22195 692 673 2189 2128
22196 670 3222 689 2183
22197 2138 2219 669 2227
22198 3234 687 30 528
22199 2702 1998 593 586
22200 643 2966 644 2273
22201 2132 690 2183 2184
22202 1990 2756 2825 600
22203 2704 2007 603 1966
22204 525 2635 2675 2047
22205 674 2190 2198 2191
22206 2675 2636 524 2047
22207 2007 2704 585 1966
22208 3394 700 612 2243
22209 577 2784 2783 1967
22210 584 2816 2832 602
22211 3394 699 700 2243
22212 2228 3220 696 2230
22213 1707 1934 488 489
22214 1704 469 470 1841
22215 545 2583 2636 524
22216 2612 2611 2370 2325
22217 2188 3276 692 2128
22218 689 688 669 2227
22219 2601 2317 2320 2602
22220 2370 2612 2325 2328
22221 621 646 2961 2271
22222 690 3222 671 2132
22223 582 2698 2756 600
22224 3222 690 2183 2132
22225 2692 598 1959 599
22226 2055 2682 2640 523
22227 602 2832 584 1991
22228 2317 2601 2600 2602
22229 2807 1804 549 566
22230 574 557 2799 2703
22231 699 2923 2931 530
22232 531 2853 2919 608
22233 2634 2637 2387 2593
22234 2128 673 2189 2190
22235 2608 2612 2611 2370
22236 3229 688 687 2138
22237 2274 2961 646 2271
22238 2612 2611 2325 2328
22239 2055 2589 2640 522
22240 2785 2791 2803 579
22241 2862 610 609 2933
22242 2215 697 698 2213
22243 2756 2845 581 1990
22244 1698 1849 475 476
22245 669 3229 604 2138
22246 2228 676 3220 2204
22247 697 2215 2236 2213
22248 603 2816 2704 1966
22249 2395 632 657 2400
22250 2188 691 2187 2184
22251 510 1688 2072 511
22252 691 672 3276 2188
22253 2839 571 555 2694
22254 544 543 2640 2055
22255 1967 2783 594 595
22256 584 2832 2759 1991
22257 579 2791 2803 1962
22258 2277 612 700 2243
22259 3285 2228 2225 2127
22260 530 2923 2931 607
22261 595 1982 2695 596
22262 702 615 614 2276
22263 2827 1998 586 576
22264 2611 2608 2370 2325
22265 1998 2827 2702 576
22266 687 3234 527 528
22267 3269 678 697 2236
22268 3221 692 673 2189
22269 700 613 612 2277
22270 2274 2961 645 2289
22271 2146 2147 2888 2145
22272 2785 2695 2784 578
22273 662 2297 636 2378
22274 2277 700 701 531
22275 2189 2188 692 2128
22276 2378 637 663 2303
22277 612 613 700 3394
22278 582 1958 2698 600
22279 2634 2637 546 2387
22280 2266 620 619 2241
22281 549 2696 2807 566
22282 2436 2727 2721 2435
22283 527 668 3234 604
22284 2148 2147 2149 2886
22285 2759 2816 2832 584
22286 530 2853 531 608
22287 677 3220 2204 2230
22288 545 2583 524 2013
22289 32 2243 2290 2279
22290 2317 2319 2320 2602
22291 2637 2306 2387 2593
22292 2438 2718 2723 2435
22293 311 2511 2424 1041
22294 694 693 3277 2191
22295 2203 2153 2160 2918
22296 530 2931 2853 608
22297 2937 698 5 2193
22298 2742 2501 2523 2753
22299 2562 2252 621 2278
22300 2824 568 552 569
22301 696 677 3269 2230
22302 2239 702 614 2276
22303 573 556 572 2799
22304 618 619 2294 2284
22305 2016 2589 2659 543
22306 581 1959 1990 599
22307 2489 2494 2490 2712
22308 2523 2484 2486 2751
22309 2931 530 607 608
22310 2348 2345 2609 2364
22311 696 3269 697 2236
22312 2023 629 655 541
22313 2523 2484 2751 2752
22314 2205 2855 2160 2155
22315 532 531 2919 609
22316 2145 2174 2887 2143
22317 2694 572 556 2799
22318 2047 2635 2636 546
22319 2435 2723 2438 2496
22320 616 2288 615 2276
22321 2747 2430 2748 2431
22322 2886 2148 2147 2888
22323 596 2803 597 1962
22324 2343 2655 2609 2370
22325 2264 2557 2288 2540
22326 668 687 3234 604
22327 504 2081 1695 503
22328 2182 2183 689 2227
22329 1998 2794 577 576
22330 2430 2417 2748 2431
22331 546 2637 2306 2387
22332 2146 2148 2192 2888
22333 541 2023 629 520
22334 601 2759 2832 1991
22335 2746 2747 2748 2431
22336 571 572 555 2694
22337 527 30 2249 528
22338 2435 2727 2721 2722
22339 2698 2825 2756 600
22340 1693 505 506 2077
22341 2727 2436 2433 2435
22342 2289 2274 646 2271
22343 2523 2451 2501 2742
22344 2278 2252 621 2270
22345 637 662 636 2378
22346 2192 2890 2146 2888
22347 2482 2501 2454 2753
22348 2600 2319 2317 2602
22349 655 25 31 2023
22350 671 3222 690 3288
22351 2589 2641 2659 543
22352 2862 609 2919 2933
22353 2540 2557 2288 615
22354 690 689 3222 2183
22355 2742 2523 2486 2751
22356 2751 2742 2523 2752
22357 2794 2784 2783 577
22358 2844 2757 580 2505
22359 598 597 2801 1987
22360 2175 2929 2849 2179
22361 2197 2210 2909 2165
22362 695 3285 2228 2225
22363 674 675 3277 2198
22364 2507 2723 2781 2506
22365 2508 2538 2465 2777
22366 26 32 648 2249
22367 675 3285 2225 2127
22368 599 1990 2825 600
22369 2185 690 2222 2184
22370 2886 2147 2150 2208
22371 2276 615 616 703
22372 2609 2618 2345 2348
22373 673 3276 672 2128
22374 585 2704 2816 1966
22375 2243 700 2277 530
22376 2286 648 32 2249
22377 2717 2437 2718 2439
22378 2502 2782 2805 2507
22379 2225 2198 675 2127
22380 680 32 26 2249
22381 2961 646 645 2289
22382 2163 2205 2157 2916
22383 2670 2588 2680 2388
22384 532 533 610 2862
22385 2243 2277 612 2295
22386 2444 2770 2441 2489
22387 2494 2489 2713 2712
22388 2395 632 631 657
22389 2174 2130 2914 2199
22390 2609 2343 2370 2364
22391 3264 689 669 670
22392 2023 655 629 520
22393 2890 2895 2216 2234
22394 2833 554 571 570
22395 2841 2807 2696 566
22396 2494 2808 2749 2714
22397 657 632 658 2400
22398 2452 2454 2445 2768
22399 2243 699 700 530
22400 680 28 30 527
22401 547 526 2065 2021
22402 569 2824 568 2846
22403 528 527 687 605
22404 700 2853 531 530
22405 2893 2195 2174 2208
22406 2277 613 612 2295
22407 3276 673 692 2128
22408 2266 2257 2547 2278
22409 2856 2163 2916 2169
22410 2723 2507 2496 2506
22411 547 546 2635 2021
22412 2836 567 568 2774
22413 2219 2182 669 2227
22414 2449 2720 2805 2502
22415 2547 620 2266 2278
22416 2707 29 31 513
22417 574 557 573 2799
22418 687 668 3229 604
22419 567 2696 550 566
22420 2559 2569 2250 2561
22421 2441 2442 2439 2719
22422 2155 2205 2855 2878
22423 2151 2203 2161 2892
22424 2425 2755 2766 2819
22425 2185 2186 690 2183
22426 2651 2323 2606 2325
22427 2855 2160 2155 2918
22428 2746 2748 2417 2431
22429 2219 669 604 2138
22430 663 553 662 2378
22431 2770 2441 2489 2715
22432 1176 5 355 2193
22433 622 911 1 2247
22434 2160 2917 2203 2918
22435 2150 2152 2884 2209
22436 701 702 614 2239
22437 2660 2376 2336 2601
22438 2333 2621 2612 2331
22439 2454 2452 2765 2767
22440 620 2547 2542 2278
22441 2153 2151 2152 2892
22442 2322 2324 2651 2649
22443 2655 2608 2609 2370
22444 2542 2252 2562 2278
22445 569 553 2689 570
22446 2443 2444 2445 2770
22447 2157 2866 2163 2916
22448 2195 2893 2885 2208
22449 2338 2332 2369 2614
22450 571 555 554 2839
22451 2442 2443 2447 2719
22452 2717 2716 2437 2439
22453 2435 2718 2723 2722
22454 2892 2153 2203 2918
22455 571 554 2833 2839
22456 2055 2640 544 523
22457 2321 2604 2602 2322
22458 2589 2682 2640 522
22459 601 2832 602 1991
22460 2915 2149 2150 2886
22461 2344 2342 2623 2343
22462 2431 2727 2739 2480
22463 640 665 639 2307
22464 2131 2175 2849 2179
22465 2303 638 664 2382
22466 2424 2511 311 2705
22467 2919 2925 609 608
22468 2885 2150 2884 2209
22469 2458 2457 2453 2769
22470 629 630 541 542
22471 2504 2530 2416 2835
22472 2150 2885 2886 2208
22473 2151 2152 2892 2884
22474 2836 568 2824 2774
22475 629 2030 521 542
22476 541 2030 629 542
22477 2269 911 622 2247
22478 648 618 2978 2286
22479 2689 2824 552 569
22480 699 612 32 2243
22481 2205 2157 2916 2878
22482 2509 2425 2766 2819
22483 2550 2275 2254 2553
22484 2590 4 238 912
22485 2637 2638 545 2312
22486 602 584 2816 1966
22487 619 2284 2266 2241
22488 2209 2210 2908 2195
22489 2505 2432 2455 2798
22490 2718 2716 2437 2717
22491 2713 2489 2494 2714
22492 2660 2632 2341 2596
22493 2239 2277 701 531
22494 2255 2257 2548 2556
22495 2753 2454 2482 2763
22496 2502 2717 2782 2438
22497 2499 2453 2446 2769
22498 671 3222 670 2132
22499 2506 2723 2781 2725
22500 2439 2717 2441 2719
22501 694 675 3285 2225
22502 911 254 1 2247
22503 2342 2623 2662 2344
22504 2540 2565 614 2268
22505 2662 2623 2342 2343
22506 574 2483 2843 2823
22507 2913 2148 2149 2886
22508 2273 2245 643 2294
22509 2923 607 529 606
22510 2268 2277 613 2239
22511 2279 699 2243 529
22512 3220 695 676 2228
22513 2250 2251 2569 2559
22514 2362 2341 2632 2596
22515 543 2016 2589 522
22516 2251 2254 2550 2559
22517 2253 2254 2548 2550
22518 614 2281 2540 2268
22519 680 30 28 3234
22520 2823 574 2799 2703
22521 554 663 664 2303
22522 2156 2155 2879 2878
22523 2382 639 665 2307
22524 662 637 663 2378
22525 2569 2240 2250 2561
22526 2362 2376 2596 2598
22527 2023 25 31 513
22528 2743 2805 2460 2730
22529 2198 598 675 599
22530 2458 2465 2847 2777
22531 690 3288 691 2184
22532 529 528 2936 1779
22533 2502 2439 2717 2438
22534 546 2635 2634 547
22535 2888 2889 2146 2145
22536 2607 2608 2326 2364
22537 912 2590 4 547
22538 1312 2858 414 2224
22539 2263 2256 2552 2567
22540 548 2807 1804 549
22541 2376 2660 2596 2598
22542 2562 621 2542 2278
22543 2807 548 658 549
22544 698 2215 2213 2193
22545 2730 2449 2450 2726
22546 2704 2837 2816 603
22547 2152 2153 2892 2882
22548 546 525 2635 2021
22549 2911 2142 2889 2143
22550 2144 2889 2142 2143
22551 2369 2338 2663 2365
22552 598 675 674 2198
22553 2806 2532 2512 2749
22554 2472 2691 2780 2812
22555 2155 2156 2157 2878
22556 2614 2332 2369 2605
22557 2562 621 2252 2270
22558 2716 2715 2440 2439
22559 2589 2659 2672 521
22560 2714 2494 2713 2712
22561 2413 2300 2632 2584
22562 2552 2564 2263 2567
22563 2341 2362 2660 2596
22564 278 2588 2670 2388
22565 556 555 572 2694
22566 2606 2369 2605 2326
22567 521 2659 629 542
22568 2916 695 2856 2169
22569 545 2306 2637 2312
22570 2241 2274 645 2289
22571 2023 655 25 541
22572 2249 30 32 2279
22573 2233 3298 679 2193
22574 2047 525 2635 546
22575 2153 2154 2155 2918
22576 2868 2157 2156 2878
22577 525 2675 524 2047
22578 2439 2437 2718 2438
22579 2342 2662 2621 2339
22580 2837 2704 2007 603
22581 2154 2153 2882 2918
22582 2606 2611 2651 2325
22583 2833 2689 553 570
22584 581 580 2757 2505
22585 2605 2369 2323 2604
22586 2257 2542 2547 2278
22587 2746 2727 2739 2431
22588 678 3269 677 2137
22589 3220 677 696 2230
22590 1041 2424 311 2809
22591 646 621 2977 2271
22592 2286 2245 642 2291
22593 2268 613 614 2239
22594 2247 907 2981 2292
22595 669 688 689 3264
22596 2251 2240 2250 2569
22597 2255 2253 2254 2548
22598 2435 2433 2727 2722
22599 2537 2462 2519 2744
22600 2203 2912 2161 2892
22601 2148 2146 2147 2888
22602 2614 2369 2338 2605
22603 2275 2244 2568 2539
22604 2321 2369 2332 2603
22605 554 2378 663 2303
22606 2474 2808 2811 2749
22607 609 2896 2925 2933
22608 2490 2713 2489 2712
22609 2618 2609 2617 2348
22610 2599 2317 2316 2598
22611 657 658 632 3204
22612 2663 2605 2369 2365
22613 2325 2606 2608 2326
22614 543 2640 2641 544
22615 2879 2155 2154 2918
22616 2929 2877 2849 2179
22617 2605 2607 2606 2326
22618 2323 2605 2604 2606
22619 2439 2717 2442 2502
22620 695 3220 696 2228
22621 2185 690 2854 2222
22622 2748 2756 2757 581
22623 2152 2154 2882 2165
22624 2526 2511 2424 2705
22625 2710 2693 2778 2516
22626 531 2919 701 532
22627 2343 2342 2655 2333
22628 2342 2662 2655 2333
22629 2234 2890 2891 2168
22630 2592 2590 912 547
22631 2255 2254 2256 2551
22632 582 581 2748 2417
22633 31 29 2707 668
22634 2130 2914 2893 2174
22635 609 2925 2896 2136
22636 2659 2589 2016 521
22637 2458 2465 2526 2847
22638 2783 671 594 595
22639 2689 2824 569 2846
22640 629 2672 2659 521
22641 2362 2360 2596 2595
22642 414 2922 2858 1312
22643 637 638 663 2303
22644 2297 636 661 662
22645 572 571 2519 2761
22646 2321 2369 2603 2605
22647 532 2919 702 2862
22648 2732 2725 2506 2733
22649 2607 2605 2369 2326
22650 2150 2884 2915 2886
22651 2717 2720 2442 2502
22652 2559 2275 2550 2553
22653 2170 2230 696 2236
22654 2665 2320 2332 2603
22655 2898 2192 2148 2888
22656 567 2831 2696 566
22657 2916 2157 2866 2878
22658 2362 2316 2596 2597
22659 2288 616 2246 2276
22660 2981 647 2247 2292
22661 2853 700 2931 530
22662 2316 2362 2360 2597
22663 701 702 2239 532
22664 2369 2338 2605 2663
22665 657 548 658 2807
22666 2312 2637 2638 2613
22667 2844 2757 2820 580
22668 3354 741 742 3803
22669 2805 2461 2502 2507
22670 2739 2750 2468 2470
22671 2362 2376 2660 2596
22672 2805 2461 2449 2502
22673 27 29 513 586
22674 2254 2255 2550 2551
22675 2596 2360 2362 2597
22676 642 648 2286 2291
22677 581 2757 2748 2417
22678 2625 2412 2390 2304
22679 2254 2255 2548 2550
22680 2186 689 690 2183
22681 2323 2369 2605 2606
22682 1172 3298 2233 2193
22683 2483 2817 2843 2823
22684 2704 2837 2007 1173
22685 1804 2807 565 566
22686 2192 2890 2168 2146
22687 2878 2855 2155 2918
22688 629 2030 541 520
22689 520 629 2030 521
22690 2324 2322 2330 2649
22691 674 597 598 2190
22692 675 676 2127 599
22693 2836 2696 550 567
22694 2324 2651 2622 2611
22695 2583 2675 2636 524
22696 2206 2136 2925 608
22697 2452 2454 2768 2767
22698 2884 2152 2892 2882
22699 2262 2572 2261 2290
22700 3232 678 679 2213
22701 2370 2608 2609 2364
22702 2382 664 2303 555
22703 2344 2623 2664 2345
22704 583 2759 601 1991
22705 552 2297 661 662
22706 2831 2841 566 2789
22707 2717 2441 2715 2439
22708 2652 2632 2300 2584
22709 2229 694 2916 2169
22710 2910 2197 2129 2196
22711 2439 2442 2717 2719
22712 2228 3285 676 2127
22713 2536 2482 2530 2690
22714 32 30 699 2279
22715 2168 2890 2891 2144
22716 2130 2908 2194 2195
22717 2288 2281 2264 2540
22718 2603 2369 2332 2605
22719 2550 2254 2251 2549
22720 569 2497 2758 2815
22721 2607 2369 2605 2365
22722 2886 2913 2148 2888
22723 2161 2854 2221 2915
22724 2775 2805 2461 2743
22725 2565 2540 2272 2268
22726 2480 2431 2727 2433
22727 2937 698 2193 2135
22728 671 672 3288 2187
22729 2806 2778 2512 2492
22730 696 2228 2230 2167
22731 2682 643 644 2273
22732 31 25 655 513
22733 2276 616 2246 703
22734 2747 2814 2425 2468
22735 2348 2609 2617 2364
22736 2229 2916 2205 2169
22737 2645 2625 2617 2348
22738 2719 2443 2447 2726
22739 662 553 2297 2378
22740 2568 2559 2275 2539
22741 2376 2320 2336 2601
22742 2879 2868 2156 2878
22743 1998 594 2702 593
22744 2925 2919 2853 608
22745 2514 2494 2808 2749
22746 2739 2750 2814 2468
22747 2651 2324 2323 2325
22748 2885 2209 2195 2208
22749 2540 2281 2272 2268
22750 2342 2655 2662 2343
22751 615 2281 614 2276
22752 2866 2159 2163 2856
22753 2858 2224 2134 2178
22754 2550 2256 2254 2551
22755 2438 2723 2782 2507
22756 2550 2254 2275 2559
22757 2719 2447 2442 2726
22758 2617 2607 2365 2364
22759 2131 2849 2877 2179
22760 2435 2723 2496 2722
22761 599 676 2127 600
22762 2313 2315 2620 2314
22763 622 2574 911 2269
22764 3229 669 688 2138
22765 2480 2738 2750 2470
22766 2715 2716 2717 2439
22767 526 2635 525 2021
22768 1932 1711 485 484
22769 2336 2320 2332 2665
22770 638 639 664 2382
22771 2866 2868 2157 2158
22772 2788 2789 2842 2517
22773 2149 2147 2150 2886
22774 584 2425 2766 2509
22775 2234 2216 2890 2168
22776 2222 690 691 2184
22777 665 555 556 2694
22778 2321 2369 2605 2604
22779 2465 2458 2830 2777
22780 2161 2151 2892 2915
22781 690 2902 2186 2185
22782 2608 2607 2609 2364
22783 2770 2445 2443 2729
22784 552 553 2689 569
22785 2348 2617 2645 2366
22786 671 672 2187 595
22787 2520 2773 2737 2772
22788 2855 2916 2205 2229
22789 2473 2691 2780 2472
22790 2369 2321 2323 2604
22791 2288 2281 2540 615
22792 2872 2874 2935 2176
22793 2827 2702 2707 586
22794 598 2692 675 599
22795 2695 672 595 596
22796 2324 2651 2611 2325
22797 2701 2522 2419 2776
22798 1177 8 2704 585
22799 311 2424 2705 2809
22800 629 630 655 541
22801 2808 2475 2474 2811
22802 2174 2907 2887 2143
22803 2895 2216 2234 2206
22804 2255 2548 2550 2551
22805 2892 2203 2917 2918
22806 2562 2240 2544 2269
22807 2635 2590 2634 547
22808 585 2816 584 1966
22809 2662 2657 2621 2339
22810 2300 2363 2413 2632
22811 2814 2425 2755 2747
22812 2195 2130 2893 2174
22813 2549 2251 2550 2559
22814 2313 2315 2599 2620
22815 2599 2600 2317 2598
22816 2879 2154 2882 2918
22817 2623 2681 2662 2344
22818 554 2833 553 570
22819 2768 2454 2445 2767
22820 2492 2532 2806 2712
22821 3221 693 674 3277
22822 2328 2333 2612 2331
22823 2457 2527 2528 2834
22824 2362 2363 2594 2596
22825 693 2855 2226 2229
22826 2925 2895 2136 2206
22827 2512 2778 2806 2414
22828 2370 2655 2612 2333
22829 2390 2348 2645 2366
22830 2506 2496 2723 2725
22831 632 658 2400 2302
22832 2611 2622 2324 2327
22833 2584 2413 2392 2653
22834 2645 2625 2348 2390
22835 2336 2660 2601 2665
22836 2016 543 2055 522
22837 2137 678 2236 2213
22838 2592 2387 2309 2581
22839 2482 2536 2762 2690
22840 648 32 26 680
22841 2376 2362 2316 2598
22842 569 2497 570 2758
22843 542 2016 2659 543
22844 2808 2494 2514 2714
22845 2326 2369 2607 2365
22846 2264 2256 2263 2567
22847 2716 2437 2514 2721
22848 2307 640 665 666
22849 2707 27 29 513
22850 647 2271 2247 2292
22851 582 2698 1958 583
22852 2703 2843 574 2829
22853 2224 2935 2858 2177
22854 2889 2146 2890 2888
22855 2748 2756 581 582
22856 2174 2914 2907 2199
22857 2887 2888 2147 2145
22858 2376 2317 2601 2598
22859 2742 2451 2501 2753
22860 2608 2370 2326 2364
22861 2279 30 699 529
22862 2537 2462 2744 2740
22863 2544 2569 2240 2562
22864 2437 2721 2718 2435
22865 2583 2636 2638 545
22866 2804 2434 2455 2724
22867 2944 728 21 3769
22868 2154 2156 2879 2211
22869 238 2592 2590 912
22870 2322 2323 2604 2651
22871 2669 2377 2622 2327
22872 2698 2759 601 583
22873 655 25 2707 513
22874 1177 2704 2813 585
22875 2705 2526 2538 2847
22876 3221 673 674 2190
22877 2889 2142 2891 2144
22878 657 658 548 2400
22879 2249 680 30 527
22880 2718 2717 2439 2438
22881 2245 643 642 522
22882 2449 2447 2450 2726
22883 2159 2867 2866 2158
22884 2830 2458 2453 2769
22885 2605 2603 2321 2604
22886 2461 2460 2805 2730
22887 2814 2797 2469 2750
22888 2646 2391 2338 2614
22889 597 2801 674 598
22890 2609 2623 2343 2345
22891 2657 2662 2342 2339
22892 2382 665 664 555
22893 674 673 597 2190
22894 2209 2885 2150 2208
22895 2603 2320 2321 2602
22896 553 552 2689 662
22897 2550 2548 2253 2549
22898 2559 2250 2275 2539
22899 2895 2890 2891 2234
22900 2663 2607 2605 2365
22901 593 2707 2702 586
22902 2224 2858 2935 2178
22903 2922 414 1310 1312
22904 2513 2523 2753 2752
22905 2717 2715 2441 2719
22906 2238 2870 2873 2202
22907 2836 567 551 568
22908 2360 2313 2597 2613
22909 2556 2551 2255 2576
22910 671 2132 594 595
22911 2260 2280 2554 2553
22912 2244 2275 2250 2539
22913 2323 2369 2606 2326
22914 2977 621 646 2961
22915 2817 2484 2485 2840
22916 2704 367 8 1177
22917 2550 2254 2256 2552
22918 2210 2908 2883 2209
22919 2455 2466 2498 2828
22920 533 532 702 2862
22921 2170 696 697 2236
22922 2887 2889 2145 2143
22923 2162 2867 2865 2159
22924 2735 2455 2432 2798
22925 2147 2886 2887 2208
22926 2221 2149 2161 2915
22927 2890 2192 2898 2888
22928 2459 2465 2458 2830
22929 2908 2885 2209 2195
22930 2428 2511 2538 2705
22931 29 2707 593 586
22932 2731 2533 2450 2740
22933 2504 2530 2835 2690
22934 2743 2537 2463 2744
22935 675 674 2692 598
22936 2705 2424 2526 2809
22937 2417 2505 2757 2798
22938 2210 2883 2909 2165
22939 2594 2363 2632 2596
22940 2632 2300 2363 2652
22941 680 30 32 2249
22942 546 2047 525 2021
22943 2547 2258 2257 2259
22944 2262 618 619 2259
22945 2298 2312 2639 2643
22946 701 613 3393 700
22947 2480 2727 2738 2436
22948 2761 2519 572 2795
22949 2596 2316 2362 2598
22950 2511 2526 2538 2705
22951 2567 2272 2551 2576
22952 2152 2151 2150 2884
22953 2707 29 27 586
22954 2595 2306 2360 2613
22955 2257 2255 2258 2556
22956 2558 2570 2242 2285
22957 2750 2472 2470 2811
22958 2563 1311 2573 2293
22959 2621 2655 2662 2333
22960 2159 2866 2865 2856
22961 311 2511 1041 1038
22962 2636 545 2047 546
22963 3778 3062 712 711
22964 254 911 2269 2247
22965 2758 2689 569 2815
22966 2325 2611 2324 2327
22967 2469 2814 2750 2470
22968 2464 2781 2805 2775
22969 2803 673 596 597
22970 2481 2457 2834 2765
22971 2221 2902 2220 2913
22972 2013 524 545 2047
22973 2479 2520 2737 2771
22974 2735 2505 2455 2798
22975 557 556 573 2799
22976 415 2858 2224 2134
22977 2782 2781 2805 2507
22978 2239 614 2281 2276
22979 2259 619 2262 2284
22980 2441 2770 2443 2719
22981 603 602 2816 1966
22982 2883 2884 2152 2209
22983 2390 2644 2625 2304
22984 2750 2797 2469 2470
22985 2342 2621 2662 2333
22986 2855 694 2916 2229
22987 2772 2520 2421 2771
22988 2678 2308 2350 2351
22989 2929 2921 2176 2175
22990 2868 2866 2867 2158
22991 2480 2739 2468 2470
22992 557 556 2799 666
22993 2696 549 550 566
22994 2127 676 2228 2204
22995 2468 2750 2814 2470
22996 2264 2263 2564 2567
22997 2442 2449 2720 2726
22998 2172 2173 2896 2897
22999 2253 2254 2550 2549
23000 2514 2716 2721 2808
23001 676 695 3285 2228
23002 2339 2656 2621 2331
23003 2911 2141 2142 2133
23004 2260 2256 2254 2552
23005 2879 2156 2880 2211
23006 2260 2254 2275 2553
23007 2653 2341 2336 2660
23008 2157 2159 2866 2158
23009 2550 2260 2254 2552
23010 2472 2422 2691 2812
23011 2251 2252 2569 2549
23012 2342 2662 2681 2344
23013 696 695 2228 2167
23014 2257 2548 2556 2547
23015 2608 2611 2606 2325
23016 31 655 2023 520
23017 2457 2528 2481 2834
23018 2713 2444 2448 2489
23019 2715 2440 2489 2714
23020 2602 2319 2321 2322
23021 2696 2836 2831 567
23022 580 2498 2844 2505
23023 2257 2253 2548 2542
23024 2197 2894 2910 2129
23025 3221 693 692 2189
23026 2272 2540 2565 2576
23027 2552 2256 2550 2551
23028 676 675 2825 599
23029 2254 2251 2275 2559
23030 473 474 1700 1845
23031 2307 639 640 2385
23032 602 2816 2848 603
23033 638 664 663 2303
23034 570 2689 569 2758
23035 2460 2461 2449 2730
23036 568 551 2836 2824
23037 2707 25 27 513
23038 2461 2463 2775 2743
23039 2596 2361 2362 2595
23040 672 2187 595 596
23041 620 621 2961 2274
23042 611 610 533 2862
23043 2360 2362 2361 2595
23044 2805 2460 2461 2743
23045 2882 2883 2152 2165
23046 2543 616 617 2283
23047 2815 2421 2510 2771
23048 2696 2807 658 549
23049 2569 2252 2240 2562
23050 2538 2508 2818 2777
23051 2451 2742 2802 2753
23052 679 2213 2233 2193
23053 645 644 2974 2241
23054 2425 2766 2755 584
23055 677 3220 676 2204
23056 2522 2495 2419 2776
23057 2249 26 28 520
23058 2390 2645 2644 2383
23059 2551 2256 2272 2567
23060 2665 2601 2320 2603
23061 2505 2498 2844 2735
23062 2431 2746 2727 2433
23063 2622 2671 2377 2669
23064 2825 676 599 600
23065 2598 2596 2316 2597
23066 2746 2433 2432 2804
23067 648 642 26 2291
23068 2500 2527 2424 2809
23069 2100 508 1690 509
23070 2692 2845 2825 599
23071 2489 2713 2770 2715
23072 2254 2260 2550 2553
23073 639 665 664 2382
23074 2543 2575 2564 2267
23075 2517 2789 2842 2426
23076 2237 2877 2871 2179
23077 647 2981 907 2292
23078 2417 2746 2432 2798
23079 2450 2731 2730 2726
23080 2750 2812 2472 2811
23081 2479 2732 2506 2733
23082 2856 696 2164 2167
23083 2251 2252 2240 2569
23084 2885 2884 2150 2886
23085 468 469 1705 1881
23086 571 570 2415 2761
23087 2555 2554 2280 2553
23088 2736 2499 2446 2769
23089 2552 2550 2260 2553
23090 2694 556 665 2799
23091 2819 2469 2425 2814
23092 2016 2659 521 542
23093 2800 2817 2483 2699
23094 2889 2144 2145 2143
23095 676 677 2204 600
23096 2221 2220 2902 2185
23097 2570 2558 2541 2285
23098 2922 2858 2935 2177
23099 531 2277 700 530
23100 2222 2188 691 2223
23101 2449 2805 2720 2730
23102 2529 1177 2813 585
23103 2510 2771 2733 2775
23104 2391 2337 2338 2614
23105 2592 2387 2402 2309
23106 2643 2313 2599 2620
23107 2402 2592 912 547
23108 2344 2664 2346 2345
23109 2474 2512 2532 2749
23110 2822 2467 2732 2477
23111 2817 2485 2483 2699
23112 2197 2909 2881 2165
23113 2702 2794 1998 576
23114 655 2707 31 513
23115 2316 2315 2317 2599
23116 2688 639 2380 2385
23117 601 1958 2698 583
23118 2378 663 553 554
23119 2230 2204 677 2137
23120 1990 581 2756 582
23121 545 2636 2637 546
23122 2621 2616 2612 2331
23123 2425 2430 2747 2468
23124 2341 2362 2376 2660
23125 2345 2343 2609 2364
23126 2717 2718 2782 2438
23127 2593 2409 2387 2581
23128 2741 2486 2487 2751
23129 690 2902 689 2186
23130 2387 2634 2592 547
23131 2320 2336 2601 2665
23132 3285 695 694 2225
23133 2363 2362 2632 2596
23134 2853 2919 701 531
23135 2427 2509 2813 2697
23136 27 2827 2707 586
23137 2549 2253 2252 2542
23138 2144 2146 2889 2145
23139 2750 2739 2480 2470
23140 2582 2308 2350 2678
23141 2645 2390 2405 2383
23142 2799 573 574 2823
23143 2445 2444 2446 2768
23144 2802 2501 2451 2753
23145 2450 2460 2730 2740
23146 2378 2379 637 2303
23147 2210 2194 2908 2195
23148 691 2912 2222 2223
23149 2243 612 32 2290
23150 596 673 672 2128
23151 2463 2537 2415 2744
23152 700 2853 701 531
23153 2449 2461 2805 2730
23154 2495 2459 2499 2776
23155 2226 2855 2160 2229
23156 2544 2574 2562 2269
23157 1818 493 492 1714
23158 673 596 597 2128
23159 2433 2431 2746 2432
23160 2333 2342 2621 2339
23161 2775 2510 2771 2745
23162 2498 2844 2793 580
23163 606 529 2936 1779
23164 2864 697 2171 2170
23165 2448 2499 2736 2711
23166 2462 2450 2533 2740
23167 2307 2382 639 2385
23168 2869 2867 2865 2162
23169 606 2936 528 1779
23170 2846 568 2421 2772
23171 2896 2218 2172 2897
23172 672 671 2695 595
23173 543 2639 2641 2642
23174 2496 2506 2456 2725
23175 2607 2617 2609 2364
23176 544 2055 523 2013
23177 355 1176 2193 2135
23178 2556 2258 2257 2547
23179 2512 2779 2806 2473
23180 2312 2306 2637 2613
23181 702 2239 532 2276
23182 2399 635 660 661
23183 2887 2893 2174 2208
23184 1872 473 472 1701
23185 2522 2508 2465 2777
23186 2687 2659 2641 543
23187 2778 2512 2492 2414
23188 2768 2765 2452 2767
23189 2763 2530 2482 2690
23190 2130 2893 2908 2195
23191 2328 2615 2611 2327
23192 2420 2476 2734 2477
23193 647 646 2977 2271
23194 557 2799 2703 666
23195 2503 2773 2520 2772
23196 2639 543 2298 2642
23197 2608 2370 2325 2326
23198 3288 672 3276 691
23199 2194 2851 2908 2130
23200 2889 2891 2890 2144
23201 2427 2535 2509 2697
23202 2443 2444 2770 2441
23203 1172 3298 679 2233
23204 2153 2152 2154 2882
23205 2840 2484 2513 2752
23206 2579 2645 2405 2383
23207 2711 2491 2710 2490
23208 2614 2603 2332 2605
23209 2168 2216 2890 2192
23210 2804 2433 2434 2722
23211 2372 2688 2628 2385
23212 2276 702 615 703
23213 2911 2142 2891 2889
23214 2691 2473 2422 2472
23215 2457 2458 2810 2769
23216 2876 2875 2171 2180
23217 2645 2579 2644 2383
23218 2309 2387 2409 2581
23219 2595 2360 2596 2597
23220 2507 2438 2723 2496
23221 2350 543 2687 2642
23222 2297 552 553 662
23223 2837 2848 2816 603
23224 2771 2497 2815 2745
23225 2307 665 2382 556
23226 2461 2805 2781 2507
23227 2297 2381 636 2378
23228 2441 2440 2715 2439
23229 2313 2360 2312 2613
23230 2391 2668 2666 2646
23231 2570 2541 2571 2285
23232 2693 2710 2493 2516
23233 570 571 2833 2761
23234 2706 25 27 2707
23235 2496 2434 2435 2722
23236 2249 32 2286 2279
23237 690 691 2854 2222
23238 2703 574 558 2829
23239 2897 2141 2172 2911
23240 2724 2496 2456 2725
23241 2742 2533 2731 2741
23242 2208 2174 2887 2145
23243 2504 2423 2536 2690
23244 2566 441 2558 2242
23245 2680 2588 2664 2346
23246 530 2243 699 529
23247 1820 19 1681 490
23248 2387 2592 2593 2581
23249 670 671 2132 594
23250 2699 2817 2485 2840
23251 2618 2664 2623 2345
23252 2191 694 693 2229
23253 2818 2428 2538 2705
23254 2750 2739 2738 2480
23255 2900 2890 2216 2192
23256 2864 696 2164 2856
23257 2857 2214 2220 2898
23258 2431 2739 2747 2468
23259 2651 2610 2322 2649
23260 640 2307 2404 666
23261 2757 581 2505 2417
23262 580 2757 2820 581
23263 2658 2308 2678 2351
23264 2687 542 543 2350
23265 2262 2261 2546 2259
23266 2564 2557 2264 2567
23267 2221 2854 2902 2913
23268 2724 2456 2455 2728
23269 2497 2421 2510 2815
23270 2663 2338 2646 2366
23271 2141 2911 2852 2133
23272 2731 2447 2451 2802
23273 2426 2831 2773 2503
23274 2599 2316 2313 2597
23275 2617 2365 2348 2364
23276 2307 665 556 666
23277 2587 2626 2334 2386
23278 2470 2738 2750 2475
23279 521 2589 2016 522
23280 669 29 2707 593
23281 1839 472 471 1702
23282 2463 2510 2775 2745
23283 2492 2710 2778 2516
23284 2143 2174 2907 2199
23285 2753 2482 2513 2762
23286 2518 2524 305 2699
23287 2613 2639 2312 2643
23288 2217 2162 2865 2159
23289 2754 2698 582 583
23290 2206 2925 2901 608
23291 677 2204 600 601
23292 2535 2697 2796 2797
23293 2161 2221 2854 2222
23294 2221 2902 2854 2185
23295 2167 696 2164 2170
23296 2708 2701 2419 2776
23297 2492 2806 2710 2712
23298 671 2783 2695 595
23299 531 701 2239 532
23300 2375 2585 2657 2398
23301 2470 2480 2738 2475
23302 2187 2132 671 595
23303 2753 2488 2501 2767
23304 2436 2514 2437 2721
23305 634 2394 2357 660
23306 2171 2860 697 2864
23307 2501 2482 2513 2753
23308 2175 2921 2176 2139
23309 2156 2868 2166 2158
23310 2208 2887 2147 2145
23311 2491 2495 2499 2709
23312 2620 2643 2313 2314
23313 2611 2612 2615 2328
23314 2454 2753 2767 2763
23315 1173 2007 2704 585
23316 28 680 2249 527
23317 2228 2169 695 2225
23318 2765 2481 2454 2763
23319 2697 2535 2509 2819
23320 2272 2255 2551 2576
23321 3234 28 668 527
23322 2395 632 2400 2352
23323 2912 2161 2892 2915
23324 907 2981 622 2247
23325 2262 2546 618 2259
23326 2242 2543 2566 2283
23327 2248 2545 2555 2282
23328 2593 2306 2361 2595
23329 2155 2154 2156 2879
23330 1310 2922 2930 2232
23331 1712 1815 490 491
23332 2802 2488 2501 2753
23333 607 2901 2931 608
23334 2530 2416 2835 2764
23335 2668 2349 2391 2666
23336 2298 2643 2642 2314
23337 2382 2303 638 2380
23338 2420 2476 2786 2734
23339 2562 2252 2240 2269
23340 2425 2430 2755 2747
23341 2433 2746 2727 2804
23342 2565 2258 2261 2268
23343 2340 2392 2413 2653
23344 2156 2166 2868 2880
23345 630 629 2659 542
23346 2740 2731 2533 2741
23347 664 554 2303 555
23348 2389 2412 2586 2384
23349 733 734 3316 3795
23350 2762 2763 2482 2690
23351 2434 2496 2724 2722
23352 2455 2432 2434 2804
23353 2463 2745 2743 2744
23354 2339 2410 2656 2331
23355 2654 2584 2392 2653
23356 2423 2536 2690 2821
23357 2337 2391 2646 2614
23358 2750 2812 2471 2470
23359 2454 2452 2481 2765
23360 2162 2865 2869 2217
23361 2583 2640 2682 523
23362 2914 2907 2893 2174
23363 2738 2475 2436 2808
23364 2418 2487 2486 2751
23365 2594 2361 2362 2596
23366 618 2572 2262 2290
23367 2797 2812 2471 2750
23368 2472 2812 2750 2470
23369 568 2503 2421 2772
23370 2744 2462 2519 2795
23371 2605 2338 2614 2663
23372 2461 2781 2805 2464
23373 2671 2403 2411 2676
23374 2163 2159 2164 2856
23375 529 2936 2923 606
23376 2800 2483 2518 2699
23377 2669 2615 2329 2327
23378 2875 2876 2171 2860
23379 2142 2172 2141 2911
23380 2374 2686 2679 2373
23381 2227 2186 689 2207
23382 2864 2164 696 2170
23383 2306 2312 2360 2613
23384 2913 2149 2221 2915
23385 2721 2738 2436 2808
23386 523 2682 644 2273
23387 692 2917 2223 2226
23388 2151 2161 2149 2915
23389 2577 2411 2671 2335
23390 2422 2471 2796 2812
23391 637 636 2381 2378
23392 2342 2408 2657 2339
23393 2431 2417 2746 2432
23394 2169 694 695 2225
23395 2209 2883 2210 2165
23396 2770 2444 2713 2489
23397 2819 2425 2755 2814
23398 2623 2662 2655 2343
23399 2600 2601 2317 2598
23400 2865 2164 2159 2856
23401 2810 2834 2457 2769
23402 2731 2451 2533 2742
23403 634 659 2394 660
23404 2719 2729 2443 2726
23405 2773 2842 2426 2478
23406 2828 2466 2420 2734
23407 2894 2880 2212 2211
23408 2540 2272 2264 2567
23409 2772 2737 2520 2771
23410 2729 2447 2443 2726
23411 2912 2854 2161 2915
23412 2542 2253 2252 2278
23413 2593 2594 2409 2581
23414 2776 2459 2499 2736
23415 2149 2221 2148 2913
23416 2465 2538 2847 2777
23417 2528 2481 2834 2764
23418 2641 2687 543 2642
23419 528 687 2936 606
23420 655 656 25 541
23421 2581 2409 2393 2652
23422 2267 2564 2557 2264
23423 2532 2494 2749 2712
23424 548 25 2706 657
23425 2697 2515 2535 2796
23426 2397 2373 2628 2372
23427 2600 2317 2315 2599
23428 2532 2492 2490 2712
23429 2457 2481 2452 2765
23430 2386 2334 2587 2397
23431 543 2641 2639 544
23432 2887 2893 2907 2174
23433 2840 2817 2484 2752
23434 2774 568 2846 2772
23435 2176 2874 2935 2177
23436 2525 312 1038 2838
23437 406 3413 3777 1304
23438 2802 2731 2447 2726
23439 663 2833 553 554
23440 2849 2928 385 2131
23441 557 574 558 2703
23442 2490 2710 2711 2712
23443 2408 2662 2580 2342
23444 632 631 657 3204
23445 579 2793 2791 580
23446 584 2766 2816 585
23447 2442 2447 2449 2726
23448 2308 630 2582 542
23449 2298 543 2639 544
23450 1990 1958 582 600
23451 2884 2883 2885 2209
23452 2664 2618 2346 2345
23453 25 27 535 548
23454 2734 2476 2788 2477
23455 2907 2911 2889 2143
23456 2260 2554 2263 2552
23457 2582 2308 2678 2658
23458 2869 2877 2871 2237
23459 2637 2306 2593 2595
23460 2244 2560 2280 2568
23461 2612 2608 2655 2370
23462 2707 656 25 655
23463 2160 2917 2855 2226
23464 2898 2148 2913 2888
23465 658 632 633 2302
23466 2761 571 2839 2694
23467 658 548 2400 549
23468 2815 2510 2497 2771
23469 2595 2637 2306 2613
23470 2357 2399 635 660
23471 553 2689 2833 662
23472 672 2803 673 596
23473 2708 2419 2495 2776
23474 606 528 687 605
23475 2503 568 2774 2772
23476 2186 2857 689 2207
23477 2365 2663 2617 2366
23478 2407 2408 2580 2342
23479 657 2706 548 2807
23480 2574 2544 253 2269
23481 2526 2705 2809 2847
23482 2494 2489 2440 2714
23483 2151 2153 2203 2892
23484 2876 2928 2877 2131
23485 2735 2455 2498 2828
23486 2742 2486 2533 2741
23487 2753 2523 2742 2752
23488 658 659 549 2302
23489 1689 2099 509 510
23490 2801 674 673 597
23491 2448 2444 2713 2826
23492 2929 2921 2874 2176
23493 2254 2253 2251 2549
23494 2720 2782 2805 2502
23495 2346 2588 2664 2406
23496 2733 2464 2510 2775
23497 2436 2480 2727 2433
23498 2477 2822 2467 2478
23499 3298 1172 698 2193
23500 2888 2147 2886 2887
23501 2340 2666 2653 2665
23502 2911 2897 2141 2906
23503 2216 2214 2900 2192
23504 2724 2723 2496 2725
23505 2612 2370 2333 2328
23506 2289 646 2675 525
23507 2790 2785 578 579
23508 605 2903 606 2207
23509 2176 2935 2178 2177
23510 715 3781 2989 714
23511 2875 2877 2869 2237
23512 2525 1038 2511 2838
23513 2484 2513 2485 2840
23514 1699 474 475 1851
23515 2312 2639 2638 544
23516 2467 2466 2728 2734
23517 2322 2604 2602 2610
23518 2312 2298 2313 2643
23519 2731 2450 2447 2726
23520 3413 3777 1304 3407
23521 2351 2678 2620 2314
23522 2338 2391 2646 2366
23523 2745 2463 2415 2744
23524 25 548 2395 657
23525 2814 2469 2468 2470
23526 2460 2537 2743 2740
23527 2455 2735 2804 2724
23528 2603 2601 2320 2602
23529 2197 2910 2909 2196
23530 2462 2744 2740 2795
23531 2796 2471 2535 2797
23532 2716 2440 2437 2439
23533 2753 2802 2488 2767
23534 2362 2341 2363 2632
23535 2192 2220 2214 2898
23536 2490 2492 2710 2712
23537 2485 2524 2699 2821
23538 2136 609 2925 608
23539 2433 2435 2434 2722
23540 2536 2485 2513 2840
23541 2508 2522 2701 2777
23542 2499 2448 2491 2711
23543 524 644 645 2241
23544 2779 2780 2806 2473
23545 2887 2886 2885 2208
23546 2322 2324 2323 2651
23547 572 571 2761 2694
23548 2514 2475 2474 2808
23549 2885 2908 2893 2195
23550 2669 2671 2377 2335
23551 2758 2415 570 2761
23552 2447 2451 2450 2731
23553 2436 2727 2738 2721
23554 2432 2735 2798 2804
23555 2492 2710 2491 2490
23556 2750 2471 2797 2470
23557 2501 2454 2753 2767
23558 2512 2806 2780 2473
23559 2161 2854 2912 2222
23560 2568 2280 2275 2553
23561 2484 2485 2483 2817
23562 603 679 2848 2213
23563 486 1914 1710 485
23564 2545 2560 2555 2282
23565 906 2069 2119 2079
23566 421 2938 2914 2199
23567 2529 2509 2813 2427
23568 908 2590 2677 2065
23569 2200 2904 2212 2129
23570 2509 2813 2766 585
23571 2261 2258 2565 2546
23572 2554 2564 2575 2263
23573 7 679 2837 2233
23574 2432 2455 2735 2804
23575 2464 2805 2461 2775
23576 2264 2272 2256 2567
23577 2915 2913 2149 2886
23578 2176 2921 2874 2139
23579 2327 2669 2377 2335
23580 668 669 3229 604
23581 2737 2479 2771 2733
23582 2379 2633 638 2380
23583 2259 2547 619 2266
23584 2718 2723 2782 2438
23585 2320 2376 2317 2601
23586 631 656 2395 657
23587 2180 2171 2876 2181
23588 2517 2842 2822 2478
23589 1304 3777 43 3407
23590 2590 908 547 2065
23591 2500 2527 2809 2700
23592 2483 574 2418 2823
23593 2585 2656 2657 2398
23594 2220 2902 2857 2898
23595 2515 2471 2535 2796
23596 27 25 2706 548
23597 2687 2582 542 2350
23598 2481 2834 2764 2765
23599 2258 2272 2565 2576
23600 2362 2363 2361 2594
23601 2379 2386 2633 2380
23602 2725 2781 2506 2733
23603 2582 630 2308 631
23604 3391 408 404 1302
23605 2754 2698 2756 582
23606 2660 2336 2653 2665
23607 2838 2511 2428 2705
23608 2214 2126 2857 2207
23609 2633 2577 2335 2379
23610 2868 2920 2166 2158
23611 3232 678 697 3269
23612 2749 2806 2532 2712
23613 2839 2833 571 2761
23614 2709 2495 2499 2736
23615 2337 2340 2336 2665
23616 2444 2445 2770 2768
23617 2340 2337 2666 2665
23618 2697 2509 2813 2819
23619 2881 2882 2154 2165
23620 2577 637 2381 2379
23621 2751 2484 2418 2817
23622 2178 2872 2935 2176
23623 2776 2499 2495 2736
23624 2155 2160 2153 2918
23625 31 29 668 604
23626 2808 2474 2514 2749
23627 2616 2615 2612 2328
23628 2231 2869 2871 2237
23629 2895 2234 2136 2206
23630 2834 2527 2528 2700
23631 2493 2531 2495 2708
23632 616 2543 2267 2283
23633 620 621 2274 2278
23634 2315 2600 2599 2619
23635 504 1694 2096 505
23636 2197 2894 2212 2211
23637 2794 2702 2827 576
23638 2263 2564 2575 2267
23639 577 2786 2784 578
23640 1888 471 470 1703
23641 2704 2813 367 1177
23642 2855 693 694 2229
23643 2596 2594 2361 2595
23644 2257 2253 2542 2278
23645 2611 2325 2328 2327
23646 2917 693 2855 2226
23647 2795 572 2761 2694
23648 2314 2620 2351 2359
23649 586 27 2827 576
23650 2297 2399 552 661
23651 3064 3783 716 717
23652 2570 2554 2575 2265
23653 2348 2365 2617 2366
23654 2237 2875 2877 2180
23655 2659 2687 542 543
23656 567 2831 2426 2503
23657 495 1819 1716 494
23658 2556 2258 2565 2576
23659 2709 2493 2495 2708
23660 2258 2547 2546 2259
23661 2407 2580 2662 2342
23662 2280 2555 2560 2282
23663 2226 2191 693 2229
23664 2917 2912 2203 2892
23665 2591 2688 2628 2372
23666 2387 2592 2634 2593
23667 2467 2466 2734 2477
23668 2475 2750 2470 2811
23669 645 646 2675 2289
23670 2657 2662 2408 2342
23671 2203 2912 2917 2223
23672 2545 2555 2571 2248
23673 2931 700 699 530
23674 2817 2483 2418 2823
23675 2506 2467 2725 2732
23676 2777 2847 2458 2810
23677 2271 2274 621 2270
23678 2804 2727 2433 2722
23679 2840 2513 2536 2762
23680 2302 632 2673 2352
23681 672 2695 2803 596
23682 2513 2523 2501 2753
23683 2633 637 2577 2379
23684 2435 2721 2718 2722
23685 2459 2458 2453 2830
23686 2846 2421 569 2815
23687 2542 2548 2257 2547
23688 2223 2917 2203 2226
23689 2442 2720 2717 2719
23690 2287 2283 617 2246
23691 2209 2152 2883 2165
23692 2737 2773 2520 2478
23693 2780 2474 2472 2811
23694 2134 2872 2858 2178
23695 2781 2464 2506 2733
23696 2498 2793 2844 2735
23697 2740 2533 2462 2741
23698 2498 2420 2790 2828
23699 2189 693 692 2226
23700 656 2395 541 631
23701 631 632 2395 2352
23702 2319 2321 2320 2602
23703 2380 2587 2688 2385
23704 2581 2594 2409 2652
23705 691 3276 692 2188
23706 2494 2514 2474 2749
23707 2456 2466 2455 2728
23708 2781 2782 2723 2507
23709 2391 2296 2668 2646
23710 2748 582 2417 2430
23711 577 2787 2786 2476
23712 2546 619 618 2259
23713 2824 552 661 2689
23714 2560 2555 2280 2568
23715 2420 2498 2466 2828
23716 672 2187 596 2128
23717 2587 2626 2627 2334
23718 2905 2872 2858 2134
23719 2201 2238 2873 2202
23720 3285 675 694 3277
23721 2822 2732 2734 2477
23722 2746 2739 2747 2431
23723 2436 2514 2721 2808
23724 2457 2834 2765 2769
23725 2460 2450 2462 2740
23726 555 2382 665 556
23727 2557 616 2267 2288
23728 638 639 2382 2380
23729 2842 2773 2822 2478
23730 2372 2301 2629 2371
23731 655 31 2707 668
23732 2901 2853 2931 608
23733 2220 2148 2221 2913
23734 2223 2189 692 2226
23735 2771 2510 2497 2745
23736 2618 2346 2345 2347
23737 2295 613 2572 2268
23738 2724 2496 2723 2722
23739 2274 620 2266 2241
23740 2218 2173 2896 2172
23741 2162 2869 2231 2237
23742 2567 2540 2272 2576
23743 907 622 1 2247
23744 697 2171 2170 2215
23745 2880 2868 2156 2879
23746 717 2993 3784 718
23747 2498 2505 2455 2735
23748 311 2511 1038 2705
23749 2698 2759 2832 601
23750 1890 468 467 1706
23751 689 688 2227 2207
23752 2188 692 691 2223
23753 2893 2887 2885 2208
23754 26 28 680 2249
23755 2781 2461 2507 2464
23756 664 554 555 2839
23757 2560 2280 2282 2244
23758 2716 2514 2440 2714
23759 579 2498 2793 580
23760 2411 2377 2671 2335
23761 2417 2757 2748 2798
23762 2730 2731 2450 2740
23763 2649 2377 2324 2622
23764 2202 2870 2872 2231
23765 2894 2212 2904 2129
23766 2335 2577 2381 2379
23767 2549 2252 2569 2562
23768 2305 2680 2588 2388
23769 2416 2530 2528 2764
23770 2921 2849 386 2175
23771 2452 2446 2769 2768
23772 2512 2806 2779 2414
23773 2270 2562 622 2269
23774 688 689 2857 2207
23775 2575 2543 2566 2242
23776 2160 2855 2917 2918
23777 671 670 2783 594
23778 2879 2881 2154 2211
23779 2761 2415 2519 2744
23780 2452 2446 2453 2769
23781 1303 3384 13 3410
23782 2895 2925 2901 2206
23783 2683 2580 2299 2408
23784 612 699 3394 2243
23785 2889 2888 2887 2145
23786 1312 415 2858 2224
23787 2786 2784 2787 577
23788 2142 2173 2891 2144
23789 2394 633 659 634
23790 2554 2564 2263 2552
23791 545 2637 2306 546
23792 2891 2234 2168 2173
23793 2765 2452 2457 2769
23794 2334 2616 2410 2331
23795 2884 2892 2151 2915
23796 2689 552 661 662
23797 2126 2900 2901 2206
23798 2520 2479 2510 2771
23799 2458 2830 2810 2769
23800 2487 2418 2760 2751
23801 2493 2709 2693 2708
23802 2580 2368 2299 2407
23803 2746 2417 2748 2798
23804 2475 2470 2472 2811
23805 2869 2870 2162 2231
23806 2346 2618 2630 2347
23807 2871 2231 2237 2179
23808 2517 2788 2476 2477
23809 3384 13 403 1303
23810 2156 2157 2868 2158
23811 2157 2868 2866 2878
23812 2709 2499 2491 2736
23813 2542 2252 2549 2562
23814 2847 2538 2818 2777
23815 2909 2934 2194 2196
23816 2437 2718 2438 2435
23817 2610 2330 2322 2649
23818 575 574 2843 2829
23819 2253 2255 2257 2548
23820 677 676 2698 600
23821 2646 2666 2337 2614
23822 2428 2525 2511 2838
23823 2848 679 678 2213
23824 2744 2743 2537 2740
23825 2498 2793 2790 579
23826 2729 2802 2447 2726
23827 2296 2668 2646 2579
23828 602 2848 678 2213
23829 2485 2518 2483 2699
23830 2152 2884 2883 2882
23831 2720 2717 2782 2502
23832 658 659 2696 549
23833 2935 2224 2178 2177
23834 582 2748 2754 2430
23835 2133 2907 2938 2199
23836 2280 2248 2555 2282
23837 2534 566 2841 2789
23838 2323 2606 2325 2326
23839 2760 2741 2487 2751
23840 2796 2691 2422 2812
23841 2815 2772 2421 2771
23842 2492 2493 2710 2516
23843 2292 2 647 526
23844 2923 699 2936 529
23845 2447 2488 2802 2729
23846 2434 2456 2455 2724
23847 2822 2732 2467 2478
23848 2848 602 603 2213
23849 2669 2577 2671 2335
23850 2214 2857 2220 2186
23851 2455 2735 2724 2728
23852 2734 2476 2786 2788
23853 698 1172 5 2193
23854 2410 2656 2679 2398
23855 2238 2867 2870 2162
23856 2489 2713 2715 2714
23857 634 2357 635 660
23858 716 3782 3065 715
23859 1171 3317 3379 3299
23860 2459 2465 2830 2777
23861 565 548 2706 2807
23862 2261 2572 2295 2290
23863 697 2860 2171 2215
23864 2398 2657 2375 2339
23865 277 2670 2684 1040
23866 618 32 2290 2286
23867 2203 2161 2912 2223
23868 2615 2616 2329 2328
23869 594 2182 670 593
23870 2688 2591 640 2385
23871 2181 2171 2876 2860
23872 2838 1038 2511 2705
23873 2536 2485 2840 2821
23874 2790 578 2420 579
23875 2446 2499 2736 2826
23876 2850 2904 2200 2129
23877 2329 2626 2669 2335
23878 2285 2571 2570 2265
23879 2654 2392 2340 2653
23880 2229 2191 694 2225
23881 1763 609 532 610
23882 2535 2697 2797 2819
23883 2153 2892 2882 2918
23884 659 658 633 2302
23885 2627 2587 2334 2397
23886 1176 2927 2937 2135
23887 30 2279 528 529
23888 2506 2467 2732 2479
23889 2638 545 2312 544
23890 2908 2885 2883 2209
23891 2613 2313 2597 2643
23892 2155 2879 2878 2918
23893 2920 2870 2873 2238
23894 2594 2409 2361 2593
23895 2475 2738 2750 2811
23896 638 637 2379 2303
23897 2410 2627 2616 2334
23898 2339 2621 2333 2331
23899 2591 2688 2372 2385
23900 2872 2871 2176 2231
23901 2655 2621 2612 2333
23902 2205 2916 2855 2878
23903 2294 2262 618 2284
23904 2387 546 2634 547
23905 2870 2869 2871 2231
23906 2342 2681 2407 2344
23907 2388 2670 2684 2310
23908 2341 2413 2632 2653
23909 6 2837 603 2233
23910 2370 2343 2655 2333
23911 2220 2192 2148 2898
23912 648 32 618 2286
23913 2368 2580 2661 2407
23914 556 557 2307 666
23915 2238 2920 2867 2158
23916 568 2421 569 2846
23917 2586 2631 2389 2384
23918 2415 2519 571 2761
23919 2957 2982 2942 905
23920 2471 2469 2797 2470
23921 2778 2806 2710 2492
23922 2557 616 2288 615
23923 2252 2251 2253 2549
23924 1040 2684 277 2401
23925 2664 2618 2630 2346
23926 2866 2163 2916 2856
23927 2822 2788 2517 2477
23928 2328 2612 2616 2331
23929 2451 2486 2533 2742
23930 2665 2332 2337 2614
23931 2373 2679 2374 2398
23932 2704 2816 2766 585
23933 2498 2790 2420 579
23934 2675 524 2289 525
23935 2681 2661 2407 2406
23936 2491 2493 2709 2710
23937 718 3077 3785 719
23938 2936 30 528 529
23939 2908 2909 2194 2210
23940 2767 2488 2445 2729
23941 907 1 254 2247
23942 2629 2685 2372 2371
23943 2240 253 2544 2269
23944 2700 2500 2416 2835
23945 312 1038 2838 2705
23946 2594 2363 2409 2652
23947 2506 2467 2456 2725
23948 2607 2326 2365 2364
23949 616 617 2283 2246
23950 2640 2639 2641 544
23951 2469 2535 2797 2819
23952 2842 2517 2426 2478
23953 2556 2258 2547 2546
23954 639 2688 640 2385
23955 2891 2896 2173 2897
23956 2679 2585 2374 2398
23957 2625 2618 2348 2347
23958 2575 2543 2242 2267
23959 2698 677 600 601
23960 721 722 2997 3788
23961 908 4 2590 547
23962 2264 2557 2540 2567
23963 603 2837 679 2233
23964 583 2430 2755 2425
23965 267 2309 2393 2581
23966 2200 2201 2873 2134
23967 2721 2437 2436 2435
23968 2290 2262 618 2286
23969 2623 2609 2618 2345
23970 2476 2786 577 578
23971 2845 2820 2757 581
23972 2616 2621 2656 2331
23973 2218 2896 609 2933
23974 2896 609 2136 2218
23975 2388 2389 2670 2310
23976 2653 2336 2340 2665
23977 2917 692 693 2226
23978 629 28 26 520
23979 1302 3391 408 3400
23980 524 523 644 2241
23981 2634 2637 2636 546
23982 2792 2706 27 2827
23983 2807 2841 565 566
23984 2764 2835 2530 2690
23985 2133 2143 2907 2199
23986 670 2702 594 593
23987 2889 2887 2907 2143
23988 549 659 2696 550
23989 2131 2877 2876 2180
23990 2901 607 2126 2206
23991 2373 2629 2628 2372
23992 2404 2307 640 2396
23993 670 2132 2182 594
23994 2645 2617 2663 2366
23995 2245 643 522 2273
23996 2279 2249 30 528
23997 2524 2485 2423 2821
23998 621 620 2542 2278
23999 2398 2656 2657 2339
24000 1936 1170 2008 1954
24001 2613 2312 2313 2643
24002 2171 2217 2875 2864
24003 2308 630 541 631
24004 2714 2749 2494 2712
24005 2346 2680 2588 2305
24006 2313 2315 2316 2599
24007 2654 2340 2349 2666
24008 662 2833 553 663
24009 2590 238 4 908
24010 2651 2323 2604 2606
24011 2462 2487 2795 2741
24012 2445 2770 2768 2729
24013 2725 2467 2456 2728
24014 2430 2754 2755 2747
24015 1302 407 405 3400
24016 2837 6 7 2233
24017 2820 2791 2793 580
24018 2222 2912 2161 2223
24019 2210 2909 2194 2196
24020 2588 278 2305 2388
24021 2399 2357 551 660
24022 721 720 3787 3049
24023 2393 2409 2363 2652
24024 2539 2559 2250 2561
24025 1172 355 5 2193
24026 2255 2548 2551 2556
24027 2604 2603 2321 2602
24028 2826 2446 2444 2768
24029 2425 2509 2469 2819
24030 2441 2440 2489 2715
24031 2580 2657 2662 2408
24032 603 2007 2837 1173
24033 2240 225 2561 2544
24034 3074 3780 713 714
24035 2713 2448 2711 2490
24036 2913 2220 2148 2898
24037 630 2308 541 542
24038 2408 2299 2683 2375
24039 2624 2678 2620 2351
24040 2897 2172 2141 2906
24041 2255 2256 2272 2551
24042 239 2592 2402 2309
24043 2623 2655 2609 2343
24044 2457 2452 2453 2769
24045 549 2400 658 2302
24046 2862 703 533 2863
24047 2900 2890 2192 2898
24048 702 701 2919 532
24049 2446 2736 2769 2826
24050 2488 2447 2443 2729
24051 2608 2606 2607 2326
24052 533 2276 2246 703
24053 2759 583 584 1991
24054 699 32 612 705
24055 2454 2501 2488 2767
24056 2177 2874 2861 2139
24057 2192 2214 2900 2898
24058 2912 691 692 2223
24059 3786 2991 720 719
24060 2817 2418 2751 2823
24061 2197 2212 2894 2129
24062 2789 566 2831 2426
24063 2157 2205 2155 2878
24064 2901 2923 2903 607
24065 695 696 2856 2167
24066 2478 2737 2732 2479
24067 2604 2321 2323 2322
24068 2866 2865 2867 2159
24069 678 2832 602 2137
24070 2638 2639 2312 2613
24071 2324 2651 2649 2622
24072 2217 2865 2875 2864
24073 606 687 2903 605
24074 2317 2376 2316 2598
24075 2839 555 664 2694
24076 2395 656 25 657
24077 2711 2736 2448 2826
24078 2720 2449 2730 2726
24079 2128 597 673 2190
24080 2921 2861 2874 2139
24081 2862 533 611 2863
24082 2512 2780 2474 2473
24083 2127 2198 675 599
24084 3804 743 742 3310
24085 2396 640 2591 2385
24086 2736 2499 2448 2826
24087 2844 2757 2505 2798
24088 2259 2257 2547 2266
24089 2166 2920 2904 2201
24090 2873 2905 2200 2134
24091 2406 2407 2681 2344
24092 2601 2660 2376 2598
24093 2758 570 2833 2761
24094 2521 2691 2779 2473
24095 2460 2743 2730 2740
24096 232 233 2965 904
24097 2583 644 645 524
24098 2431 2747 2430 2468
24099 2776 2522 2459 2777
24100 2361 2387 2306 2593
24101 2197 2881 2894 2211
24102 2457 2527 2834 2810
24103 694 695 2916 2169
24104 2520 2510 2421 2771
24105 541 630 656 631
24106 2251 2250 2275 2559
24107 2685 2629 2301 2371
24108 2579 2646 2296 2405
24109 2688 639 2587 2380
24110 660 551 2399 661
24111 526 908 2677 2065
24112 578 2786 2790 2420
24113 2338 2646 2614 2663
24114 641 640 2404 666
24115 2795 2740 2462 2741
24116 2924 2893 2908 2130
24117 3799 738 737 3312
24118 2448 2713 2489 2490
24119 2925 2919 609 2933
24120 2412 2586 2630 2389
24121 2780 2474 2811 2749
24122 2587 2633 2386 2380
24123 2543 2242 2267 2283
24124 2376 2336 2341 2660
24125 2554 2571 2555 2265
24126 669 2707 2702 593
24127 2389 2631 2670 2310
24128 665 664 555 2694
24129 2352 2658 2673 2353
24130 2670 2684 1040 2388
24131 2220 2857 2902 2186
24132 722 723 3006 3789
24133 2512 2532 2806 2492
24134 644 2583 523 524
24135 362 361 3231 1168
24136 2926 2894 2904 2129
24137 2883 2881 2909 2165
24138 2817 2751 2484 2752
24139 2176 2871 2929 2179
24140 2727 2738 2739 2480
24141 2920 2867 2870 2238
24142 521 2245 642 522
24143 677 2832 678 2137
24144 2173 2168 2891 2144
24145 2620 2642 2643 2314
24146 2643 2298 2313 2314
24147 2163 2159 2866 2157
24148 2777 2458 2830 2810
24149 2602 2600 2319 2647
24150 2463 2461 2460 2743
24151 2242 2570 2575 2265
24152 2721 2716 2437 2718
24153 2561 2569 2240 2544
24154 2140 2172 2897 2906
24155 2619 2620 2315 2359
24156 442 2541 2558 2285
24157 2812 2472 2471 2470
24158 2913 2221 2854 2915
24159 2175 2849 358 2131
24160 2734 2728 2467 2732
24161 2165 2881 2197 2211
24162 1779 528 606 605
24163 2321 2332 2320 2603
24164 2584 2632 2413 2653
24165 2770 2441 2715 2719
24166 527 31 668 604
24167 306 305 2524 2699
24168 2438 2782 2502 2507
24169 2662 2681 2580 2407
24170 2759 2755 2766 584
24171 2263 2575 2242 2267
24172 2909 2210 2197 2196
24173 2327 2329 2669 2335
24174 508 507 2073 1691
24175 2900 2126 2216 2206
24176 2487 2462 2533 2741
24177 551 2357 2394 660
24178 2126 2903 2857 2207
24179 2514 2716 2808 2714
24180 2615 2669 2622 2327
24181 2160 2855 2205 2229
24182 550 2394 659 660
24183 607 2903 2901 2126
24184 2337 2336 2332 2665
24185 2735 2844 2505 2798
24186 2482 2454 2481 2763
24187 2625 2618 2617 2348
24188 2920 2868 2867 2158
24189 2337 2391 2666 2646
24190 1823 1713 492 491
24191 3231 380 362 1168
24192 664 663 554 2839
24193 631 2308 2658 2352
24194 2924 2914 2893 2130
24195 2190 598 674 2198
24196 2495 2709 2776 2736
24197 655 31 28 520
24198 2826 2444 2713 2770
24199 2930 413 1310 2232
24200 2681 2664 2406 2344
24201 2833 2689 570 2758
24202 2287 617 440 1301
24203 2894 2909 2881 2197
24204 2646 2645 2663 2366
24205 2298 2639 2312 544
24206 2131 2928 357 2181
24207 2573 2545 2563 2293
24208 2693 2531 2493 2708
24209 565 548 2807 1804
24210 2720 2449 2442 2502
24211 2393 2309 2409 2581
24212 2504 307 2423 2690
24213 2391 2296 2646 2405
24214 2263 2575 2554 2265
24215 2623 2344 2343 2345
24216 2557 2543 2564 2267
24217 2880 2166 2212 2211
24218 2778 2779 2806 2414
24219 27 2792 2827 576
24220 524 645 2675 2289
24221 2795 2487 572 2760
24222 2373 2628 2627 2397
24223 2704 8 1173 585
24224 607 2923 2903 606
24225 1301 2287 617 704
24226 2428 2818 2838 2705
24227 2766 584 2509 585
24228 2736 2499 2491 2711
24229 584 602 1991 1966
24230 2776 2701 2522 2777
24231 2633 2587 638 2380
24232 2551 2552 2256 2567
24233 2384 275 2631 2310
24234 2678 2350 2642 2314
24235 2895 2900 2216 2206
24236 2252 2562 2270 2269
24237 2719 2442 2720 2726
24238 2619 2315 2600 2318
24239 2191 693 2189 2226
24240 2465 2459 2522 2777
24241 2909 2894 2910 2197
24242 2442 2441 2443 2719
24243 2773 2520 2478 2503
24244 577 2794 2787 576
24245 2352 2351 2658 2353
24246 2809 2527 2526 2810
24247 904 229 233 2951
24248 2767 2765 2454 2763
24249 1169 347 349 1912
24250 2160 2203 2917 2226
24251 527 2249 28 520
24252 2642 2350 2298 2314
24253 2491 2709 2736 2711
24254 2313 2599 2597 2643
24255 2900 2890 2895 2216
24256 2374 2301 2686 2373
24257 2904 2850 2926 2129
24258 2468 2431 2739 2480
24259 2176 2929 2175 2179
24260 2843 2817 2483 2800
24261 2656 2627 2616 2410
24262 2401 2388 2684 2310
24263 2465 2538 2526 2847
24264 2295 2572 2261 2268
24265 2425 2755 583 584
24266 2260 2275 2280 2553
24267 3285 675 676 2127
24268 614 2281 2268 2239
24269 2388 2684 1040 2401
24270 2387 2361 2409 2593
24271 2166 2920 2868 2880
24272 2336 2340 2341 2653
24273 1169 350 346 1912
24274 2572 2565 2261 2268
24275 2531 337 374 2693
24276 2653 2632 2341 2660
24277 2785 2786 2790 578
24278 2843 2483 575 2800
24279 2844 2820 2793 580
24280 2785 2790 2791 579
24281 2069 2119 54 906
24282 2762 2536 2840 2821
24283 524 2583 523 2013
24284 2847 2526 2458 2810
24285 2597 2595 2360 2613
24286 2316 2599 2598 2597
24287 2454 2488 2445 2767
24288 2679 2627 2656 2410
24289 2529 2813 368 2427
24290 2414 2779 2512 2473
24291 2650 2356 2358 2674
24292 2309 239 2592 2581
24293 2430 2755 2754 583
24294 2497 569 2421 2815
24295 629 26 2672 520
24296 2467 2734 2732 2477
24297 2322 2602 2319 2610
24298 253 911 2574 2269
24299 2872 2871 2874 2176
24300 2508 2701 2818 2777
24301 2574 622 2562 2269
24302 2828 2420 2790 2734
24303 2527 2457 2458 2810
24304 1918 1682 19 489
24305 2315 2317 2600 2318
24306 647 646 2271 526
24307 600 1958 2698 601
24308 2360 2313 2316 2597
24309 2372 2396 2591 2385
24310 2755 2759 583 584
24311 2865 2217 2164 2864
24312 2156 2166 2880 2211
24313 2546 2565 2261 2572
24314 2565 613 614 2268
24315 2463 2497 2510 2745
24316 2631 2670 2680 2389
24317 2700 2416 2528 2835
24318 2693 337 373 2516
24319 2610 2322 2604 2651
24320 2402 2387 2592 547
24321 2904 2166 2201 2212
24322 1311 444 2573 2293
24323 687 668 3234 3229
24324 2927 2181 2860 2135
24325 2631 2684 2670 2310
24326 552 551 568 2824
24327 2778 2693 373 2516
24328 2626 2329 2386 2335
24329 2673 633 632 2302
24330 633 2673 2578 2353
24331 2397 2628 2688 2385
24332 2514 2436 2475 2808
24333 2645 2646 2405 2366
24334 2907 2852 2911 2133
24335 525 2271 646 526
24336 2861 2930 2922 2232
24337 2272 2258 2565 2268
24338 643 2589 642 522
24339 2389 2670 2680 2388
24340 2679 2686 2629 2373
24341 704 2246 616 703
24342 2677 647 2 526
24343 2916 2163 2205 2169
24344 543 2350 2298 2642
24345 2300 2393 2363 2652
24346 2263 2256 2260 2552
24347 2603 2332 2665 2614
24348 2393 240 2581 2652
24349 657 548 2395 2400
24350 2580 2683 2657 2408
24351 2558 2570 2575 2242
24352 2982 2957 35 905
24353 2861 2921 387 2139
24354 28 31 668 527
24355 2482 2753 2763 2762
24356 2543 2557 616 2267
24357 2463 2464 2461 2775
24358 2267 2263 2564 2264
24359 223 2560 2244 2539
24360 2275 2244 2280 2568
24361 724 723 3790 3002
24362 2373 2410 2679 2398
24363 2407 2662 2681 2342
24364 2487 572 2519 2795
24365 2617 2607 2663 2365
24366 2262 618 2286 2294
24367 2505 2417 2432 2798
24368 2780 2779 2691 2473
24369 2666 2654 2340 2653
24370 374 2531 2693 2708
24371 418 2934 2910 2196
24372 2397 2688 2587 2385
24373 619 618 2262 2284
24374 251 2244 2250 2539
24375 2788 2429 2789 2517
24376 630 656 655 541
24377 2849 358 386 2175
24378 252 2250 2240 2561
24379 2851 2924 2908 2130
24380 673 2803 2801 597
24381 2544 253 226 2574
24382 2615 2626 2669 2329
24383 233 2965 904 2951
24384 2547 620 619 2266
24385 614 613 3393 701
24386 2766 2813 2509 2819
24387 2831 2841 2696 566
24388 2238 2166 2920 2158
24389 2799 556 665 666
24390 2538 2818 2705 2847
24391 2681 2661 2580 2407
24392 2937 2927 698 2135
24393 2212 2904 2166 2880
24394 2181 2171 2860 2135
24395 699 30 32 705
24396 2873 2872 2134 2178
24397 421 2914 2130 2199
24398 2515 2422 2471 2796
24399 2790 2793 2498 2828
24400 2858 415 2905 2134
24401 2428 2508 334 2818
24402 2351 2350 2678 2314
24403 2295 2277 613 2268
24404 2479 2510 2771 2733
24405 2416 308 2504 2835
24406 2377 2403 2671 2649
24407 2760 572 2795 2694
24408 2861 2922 2874 2177
24409 2304 274 2586 2384
24410 533 702 2276 703
24411 698 2860 2215 2135
24412 2635 2634 2636 546
24413 2928 2876 384 2181
24414 2928 2849 2877 2131
24415 2217 2875 2869 2237
24416 2372 2591 2396 2371
24417 1040 278 2670 2388
24418 2616 2329 2328 2331
24419 2704 8 367 1173
24420 2537 2460 2462 2740
24421 2162 2238 2867 2158
24422 2535 2469 2509 2819
24423 2449 2450 2460 2730
24424 2674 2356 2578 2648
24425 2835 2416 2528 2764
24426 2842 2831 2773 2426
24427 2154 2882 2881 2879
24428 2552 2260 2554 2553
24429 2620 2624 2351 2359
24430 622 621 2562 2270
24431 2814 2469 2425 2468
24432 2420 2786 2790 2734
24433 2879 2880 2881 2211
24434 2171 2164 2217 2864
24435 2452 2445 2446 2768
24436 2813 2509 2529 585
24437 2873 2872 2905 2134
24438 2484 2483 2418 2817
24439 2734 2466 2420 2477
24440 609 532 531 1723
24441 2273 644 523 2241
24442 2647 2319 2602 2610
24443 2539 2250 224 2561
24444 2622 2611 2615 2327
24445 2296 244 271 2668
24446 2872 2935 2858 2178
24447 2876 2928 2131 2181
24448 2493 2709 2710 2693
24449 2357 2358 2356 2674
24450 380 3231 3356 1168
24451 2690 307 2423 2821
24452 2585 2679 2656 2398
24453 2352 2673 2302 2353
24454 2568 2555 2280 2553
24455 3771 729 21 3403
24456 2485 2536 2423 2821
24457 2862 610 2933 2899
24458 2729 2443 2770 2719
24459 2361 2594 2593 2595
24460 2527 2526 2424 2809
24461 2206 2901 607 608
24462 2126 2857 2900 2214
24463 2414 2492 2778 2516
24464 2912 692 2917 2223
24465 2367 2319 2647 2610
24466 669 670 2182 593
24467 2784 2794 2787 577
24468 342 2515 2427 2697
24469 2708 2495 2709 2776
24470 2909 2908 2883 2210
24471 2801 2692 674 598
24472 2248 2555 2571 2280
24473 2337 2391 2349 2666
24474 3379 40 1171 3299
24475 2758 2497 2415 2745
24476 2406 2346 2588 2305
24477 2358 2297 636 635
24478 2657 2683 2585 2375
24479 2494 2440 2514 2714
24480 2169 2229 694 2225
24481 2433 2434 2432 2804
24482 2786 2785 2784 578
24483 2676 2381 2411 2577
24484 2141 2911 2906 2852
24485 25 2706 656 2707
24486 2407 2661 2368 2406
24487 2814 2747 2739 2468
24488 530 607 1717 529
24489 2648 2330 2367 2610
24490 738 739 3365 3800
24491 2741 2742 2486 2751
24492 2297 2358 2399 635
24493 670 2702 2783 594
24494 2849 385 358 2131
24495 2319 2367 2322 2610
24496 30 2936 699 529
24497 574 2483 575 2843
24498 2267 616 2283 2246
24499 2302 633 659 2394
24500 2788 2822 2734 2477
24501 2574 911 1 622
24502 2776 2830 2459 2736
24503 2396 2307 640 2385
24504 2658 632 631 2352
24505 1310 390 2922 1312
24506 2594 2632 2363 2652
24507 610 2862 2932 2899
24508 268 2393 2300 2652
24509 2921 2929 2849 2175
24510 2716 2440 2715 2714
24511 659 549 2302 550
24512 2354 633 2394 634
24513 2637 2638 2636 545
24514 2871 2872 2870 2231
24515 2710 2709 2491 2711
24516 2159 2162 2867 2158
24517 2201 2873 2904 2200
24518 554 663 2833 2839
24519 1307 221 2573 2293
24520 2883 2882 2881 2165
24521 2296 2349 2391 2668
24522 2471 2796 2812 2797
24523 2679 2585 2686 2374
24524 2792 2787 2534 2789
24525 28 629 655 520
24526 3777 43 406 1304
24527 2265 2571 2555 2280
24528 602 2832 601 2137
24529 2172 2140 2141 2906
24530 2628 2397 2372 2385
24531 2554 2265 2280 2260
24532 2165 2154 2881 2211
24533 2579 272 245 2383
24534 2430 2748 2754 2747
24535 2314 2315 2620 2359
24536 2293 2563 1311 2248
24537 2244 251 223 2539
24538 2422 2472 2471 2812
24539 2787 2794 2792 576
24540 2541 2563 2571 2248
24541 2819 2797 2469 2814
24542 2823 2843 574 2703
24543 2500 2416 2528 2700
24544 2860 697 698 2215
24545 2586 2631 2630 2389
24546 2667 2624 2359 2355
24547 2770 2826 2444 2768
24548 2523 2513 2484 2752
24549 647 3 2 2292
24550 2650 2358 635 2674
24551 2832 677 601 2137
24552 2275 2559 2568 2553
24553 2870 2872 2873 2202
24554 574 575 558 2829
24555 2864 696 697 2170
24556 2166 2904 2920 2880
24557 2421 2503 2520 2772
24558 2500 309 2416 2835
24559 2202 2162 2870 2231
24560 555 554 1789 571
24561 2772 2421 2846 2815
24562 2618 2345 2348 2347
24563 2633 2577 2669 2335
24564 441 442 2558 2242
24565 2424 310 2500 2809
24566 2422 370 2691 2796
24567 2358 2411 2403 2676
24568 2537 2519 2415 2744
24569 2620 2315 2599 2619
24570 2664 2681 2623 2344
24571 2418 573 2760 2823
24572 2498 2793 2735 2828
24573 2426 2773 2478 2503
24574 520 26 2672 521
24575 32 2290 2286 2279
24576 2380 639 2382 2385
24577 2825 675 2692 599
24578 2241 645 524 2289
24579 533 1763 532 610
24580 2405 2646 2391 2366
24581 2791 2790 2793 579
24582 904 232 230 2951
24583 2869 2162 2217 2237
24584 280 2580 2368 2299
24585 2356 2578 2354 2674
24586 2403 2330 2356 2650
24587 2610 2648 2330 2649
24588 2549 2569 2251 2559
24589 2126 607 2903 606
24590 2410 2679 2627 2373
24591 2853 2901 2925 608
24592 2488 2443 2445 2729
24593 2925 2895 2896 2136
24594 14 2287 1301 704
24595 2383 2644 2390 2304
24596 2440 2437 2514 2716
24597 2427 2813 368 2697
24598 2463 2510 2464 2775
24599 2673 633 2302 2353
24600 911 226 253 2574
24601 2283 617 440 2287
24602 2490 2494 2532 2712
24603 2738 2475 2808 2811
24604 2173 2896 2136 2218
24605 2764 2530 2481 2763
24606 1998 2003 577 1967
24607 2451 2488 2501 2802
24608 2661 2681 2664 2406
24609 2900 2895 2901 2206
24610 2429 2789 2517 2426
24611 2813 2704 2766 585
24612 2380 2397 2587 2385
24613 2668 2296 244 2579
24614 2565 2572 613 2268
24615 2434 2496 2456 2724
24616 2475 2472 2474 2811
24617 2444 2448 2446 2826
24618 2415 2758 2745 2744
24619 578 2476 2786 2420
24620 284 2685 2301 2371
24621 637 2381 636 2577
24622 2864 2164 2865 2856
24623 2870 2238 2162 2202
24624 2788 2842 2822 2517
24625 2752 2753 2513 2762
24626 541 2395 2308 631
24627 1302 405 3391 3400
24628 2732 2822 2737 2478
24629 2371 285 2685 2311
24630 2390 2625 2348 2347
24631 2939 233 229 2951
24632 2902 690 2854 2185
24633 2418 2760 2751 2823
24634 2746 2432 2798 2804
24635 2515 2535 2427 2697
24636 2634 2590 2592 547
24637 2926 2910 2894 2129
24638 640 641 2404 2396
24639 2781 2464 2733 2775
24640 2334 2626 2616 2329
24641 2572 618 612 2290
24642 2661 2664 2588 2406
24643 2897 2859 2140 2906
24644 2524 305 325 2518
24645 2246 2287 534 704
24646 2932 611 425 1308
24647 2445 2768 2767 2729
24648 2285 2570 2242 2265
24649 2410 2616 2656 2331
24650 608 609 531 1723
24651 2873 2201 2202 2178
24652 2582 2308 2658 631
24653 2527 2834 2810 2700
24654 2812 2780 2472 2811
24655 2778 338 372 2414
24656 2711 2713 2490 2712
24657 444 2573 1307 1311
24658 2792 27 2706 565
24659 2881 2880 2894 2211
24660 2274 2266 620 2278
24661 3356 361 379 1168
24662 691 2912 2854 2222
24663 669 2182 2219 593
24664 2688 2587 2628 2397
24665 2324 2330 2377 2649
24666 690 2185 2183 2184
24667 2383 273 2644 2304
24668 2395 2308 631 2352
24669 521 642 2589 522
24670 713 3779 2996 712
24671 2288 2267 2557 2264
24672 2464 2507 2781 2506
24673 271 2349 2296 2668
24674 2422 2515 341 2796
24675 2423 306 2524 2821
24676 2340 2349 2392 2654
24677 2337 2666 2665 2614
24678 2212 2904 2880 2894
24679 2558 409 441 2566
24680 2510 2479 2464 2733
24681 1169 1965 350 1912
24682 703 534 533 2863
24683 239 2592 912 2402
24684 2463 2415 2497 2745
24685 2202 2872 2873 2178
24686 2591 2685 2396 2371
24687 7 1172 679 2233
24688 2285 2541 2571 2248
24689 2644 246 2586 2304
24690 2616 2334 2329 2331
24691 2395 25 656 541
24692 2296 272 2579 2383
24693 2204 2127 676 600
24694 2939 2965 233 2951
24695 573 572 2487 2760
24696 2555 2554 2265 2280
24697 349 1965 1169 1912
24698 2778 372 2779 2414
24699 2854 2221 2185 2222
24700 2691 2779 371 2521
24701 2810 2809 2527 2700
24702 910 2939 228 2968
24703 2367 2318 2667 2647
24704 531 530 608 1761
24705 2856 2164 2163 2167
24706 660 2836 551 2824
24707 2250 224 251 2539
24708 2491 2493 2710 2492
24709 2690 2536 2762 2821
24710 569 1788 553 570
24711 2654 2349 243 2668
24712 2281 2272 2264 2540
24713 2358 2357 635 2674
24714 2263 2242 2575 2265
24715 2242 2566 441 2283
24716 2664 2630 2680 2346
24717 617 2566 2543 2283
24718 567 550 2836 551
24719 2928 384 357 2181
24720 2579 245 2644 2383
24721 2744 2519 2761 2795
24722 744 743 3805 3369
24723 274 247 2586 2384
24724 2414 2778 338 2516
24725 2302 2400 632 2352
24726 2627 2629 2628 2373
24727 2451 2533 2450 2731
24728 2318 2319 2600 2647
24729 2928 357 385 2131
24730 1304 43 3398 3407
24731 2646 2579 2645 2405
24732 2913 2902 2220 2898
24733 615 2288 2281 2276
24734 737 3341 3798 3312
24735 2903 2857 2900 2126
24736 2873 2850 2904 2200
24737 2318 2667 2619 2359
24738 406 3413 1304 3407
24739 2350 2687 2582 2642
24740 2134 2201 2873 2178
24741 2560 2545 222 2282
24742 2828 2728 2466 2734
24743 577 2787 2429 576
24744 2858 2922 390 1312
24745 2218 2896 2899 2897
24746 28 31 527 520
24747 2644 273 246 2304
24748 2763 2764 2530 2690
24749 2447 2488 2451 2802
24750 568 1799 552 569
24751 2860 2876 2181 2927
24752 2527 2458 2526 2810
24753 2349 271 243 2668
24754 2508 335 376 2701
24755 2906 423 2141 2852
24756 262 260 2103 903
24757 2381 2358 636 2676
24758 2178 2202 2872 2231
24759 573 2418 574 2823
24760 2451 2523 2486 2742
24761 2487 2533 2486 2741
24762 2909 2851 2908 2194
24763 530 607 608 1761
24764 633 2302 2353 2354
24765 2361 2306 2360 2595
24766 616 2267 2288 2246
24767 2745 2775 2463 2743
24768 533 702 703 2862
24769 904 2965 232 2951
24770 2176 2178 2872 2231
24771 2642 2620 2678 2314
24772 2922 2935 2874 2177
24773 2549 2548 2253 2542
24774 440 617 1306 1301
24775 2845 2757 2756 581
24776 2758 2415 2761 2744
24777 246 274 2586 2304
24778 2776 2459 2830 2777
24779 2212 2201 2904 2200
24780 2008 1170 61 1954
24781 266 239 2402 2309
24782 2759 2766 2816 584
24783 2250 252 224 2561
24784 2338 2663 2365 2366
24785 553 552 1788 569
24786 2876 2131 2180 2181
24787 337 2531 2493 2693
24788 2529 368 343 2427
24789 2873 2905 2850 2200
24790 2475 2480 2738 2436
24791 2778 373 338 2516
24792 602 678 2137 2213
24793 2238 2873 2920 2201
24794 1789 572 555 571
24795 2305 2389 2680 2388
24796 2685 2591 2372 2371
24797 2479 2737 2732 2733
24798 659 2836 2696 550
24799 2589 2672 642 521
24800 2411 2671 2676 2577
24801 695 2169 2228 2167
24802 2693 2493 337 2516
24803 2392 2349 270 2654
24804 659 2836 550 660
24805 3356 3231 361 1168
24806 2295 2572 612 2290
24807 369 2515 2697 2796
24808 532 702 2276 533
24809 2240 253 225 2544
24810 610 2218 609 2933
24811 2677 2 237 908
24812 689 3264 3222 670
24813 655 28 31 668
24814 2554 2570 2571 2265
24815 2478 2732 2467 2479
24816 2933 610 2218 2899
24817 2780 2474 2473 2472
24818 2478 2520 2737 2479
24819 229 228 910 2939
24820 2428 334 377 2818
24821 2754 2759 2698 583
24822 282 2585 2375 2374
24823 558 1032 11 2829
24824 525 646 2677 526
24825 2379 637 2381 2378
24826 2296 272 244 2579
24827 2774 567 568 2503
24828 317 2683 2299 2375
24829 2189 692 2188 2223
24830 2 3 647 2677
24831 2871 2877 2929 2179
24832 636 2381 2676 2577
24833 2699 2524 306 2821
24834 2622 2377 2324 2327
24835 2701 376 2508 2818
24836 2577 2381 2411 2335
24837 2700 2528 2834 2764
24838 691 2188 2222 2184
24839 2922 1310 2177 2232
24840 641 2591 2685 2396
24841 2300 2392 269 2584
24842 2459 2495 2522 2776
24843 2403 2330 2650 2649
24844 2676 2671 2403 2650
24845 619 2546 2547 2259
24846 1177 2813 368 2529
24847 2862 611 610 2932
24848 2332 2338 2337 2614
24849 2487 2519 2462 2795
24850 2621 2657 2656 2339
24851 2600 2317 2319 2318
24852 2966 2980 618 2978
24853 2827 2706 27 2707
24854 2541 443 2563 2248
24855 2728 2725 2467 2732
24856 247 2631 2586 2384
24857 577 2429 2787 2476
24858 2556 2565 2258 2546
24859 2534 2787 2429 2789
24860 669 688 3264 3229
24861 2177 2861 2922 2232
24862 2875 2869 2865 2217
24863 551 550 2836 660
24864 30 687 2936 528
24865 2353 2578 633 2354
24866 2269 622 2270 2247
24867 2652 2300 241 2584
24868 2484 2418 2486 2751
24869 618 32 612 2290
24870 2701 2419 375 2708
24871 2232 2177 2861 2139
24872 2311 2371 285 1037
24873 1310 414 2922 2177
24874 2528 2700 2835 2764
24875 1036 312 1038 2525
24876 2864 2171 2164 2170
24877 2934 2851 2909 2194
24878 611 533 534 2863
24879 2631 247 275 2384
24880 2938 421 422 2199
24881 2534 566 2789 2426
24882 644 2583 2682 523
24883 2303 2379 638 2380
24884 556 572 555 1802
24885 388 1309 2930 2232
24886 2639 2298 2643 2642
24887 336 2419 2531 2708
24888 2903 2900 2901 2126
24889 2479 2506 2464 2733
24890 2626 2616 2627 2334
24891 2473 2521 2691 2422
24892 704 534 2246 703
24893 1169 346 347 1912
24894 2358 2297 2381 636
24895 2419 335 2508 2701
24896 643 2682 2589 522
24897 2921 386 359 2175
24898 2175 359 2921 2139
24899 2530 2482 2481 2763
24900 2530 2504 2536 2690
24901 2568 2244 2560 2539
24902 2840 2485 2699 2821
24903 1801 554 553 570
24904 2129 418 2910 2196
24905 557 2404 2307 666
24906 2631 275 248 2310
24907 908 2677 2 526
24908 1801 571 554 570
24909 339 371 2779 2521
24910 2625 2645 2644 2390
24911 2774 2773 2503 2772
24912 2351 2658 2308 2352
24913 614 2540 2281 615
24914 2301 2629 2686 2373
24915 260 259 2020 903
24916 2349 243 270 2654
24917 2580 2661 280 2368
24918 2249 2291 26 520
24919 912 266 239 2402
24920 2340 2337 2349 2666
24921 573 2487 2418 2760
24922 2920 2166 2238 2201
24923 558 557 2703 667
24924 1937 346 350 1912
24925 1177 368 343 2529
24926 2518 2485 2524 2699
24927 2214 2857 2900 2898
24928 2217 2875 2237 2180
24929 2414 339 2779 2521
24930 2393 268 240 2652
24931 308 2504 2835 2690
24932 2871 2176 2231 2179
24933 2871 2929 2874 2176
24934 2219 29 669 593
24935 3794 733 732 3351
24936 2671 2377 2649 2622
24937 2938 422 2852 2133
24938 541 2030 2023 520
24939 2742 2731 2451 2802
24940 656 2706 25 657
24941 2724 2804 2434 2722
24942 1683 2119 54 2069
24943 2402 912 4 547
24944 2463 2460 2537 2743
24945 333 1036 2525 2838
24946 2875 2876 2877 2180
24947 2292 647 2271 526
24948 2240 225 252 2561
24949 2899 2172 2218 2897
24950 2765 2764 2481 2763
24951 2769 2765 2452 2768
24952 2215 2860 2171 2135
24953 2499 2446 2448 2826
24954 688 2138 2227 2207
24955 502 503 1696 2110
24956 2545 2573 221 2293
24957 2358 2381 2411 2676
24958 2680 2346 2389 2305
24959 397 421 2938 2914
24960 259 263 909 2074
24961 558 1034 2311 667
24962 2335 2386 2633 2379
24963 621 2274 2278 2270
24964 2668 2654 2349 2666
24965 2448 2491 2711 2490
24966 2629 2627 2679 2373
24967 2359 2318 2667 2355
24968 2494 2474 2532 2749
24969 2706 2792 565 2807
24970 1311 411 443 2563
24971 2300 269 241 2584
24972 2582 2308 542 2350
24973 676 2825 2698 600
24974 349 350 1169 1965
24975 529 607 1717 606
24976 2527 2500 2528 2700
24977 2393 240 267 2581
24978 551 552 661 2824
24979 2179 2877 2131 2180
24980 391 415 2858 1312
24981 2846 569 2689 2815
24982 2214 2900 2126 2216
24983 310 2500 2809 2700
24984 404 3391 3384 3410
24985 2419 336 375 2708
24986 2235 610 2932 2899
24987 2966 2983 2974 619
24988 2103 2020 263 903
24989 3221 673 692 3276
24990 8 1177 2529 585
24991 3231 362 380 3311
24992 2282 250 2560 2244
24993 2521 340 2691 2422
24994 2284 2259 619 2266
24995 739 740 3361 3801
24996 575 1035 304 2800
24997 383 1176 2927 2937
24998 2422 341 370 2796
24999 2942 230 231 905
25000 2476 2787 2786 2788
25001 2477 2517 2822 2478
25002 376 334 2508 2818
25003 1306 617 440 2283
25004 2377 2403 2411 2671
25005 2405 2390 2645 2366
25006 2939 229 233 910
25007 2513 2840 2752 2762
25008 2648 2367 2667 2647
25009 380 381 3311 1174
25010 2580 2299 2408 2407
25011 2914 2938 2907 2199
25012 583 601 1958 1991
25013 245 273 2644 2383
25014 2394 659 2302 550
25015 2558 2575 2566 2242
25016 640 641 3218 666
25017 2403 2377 2330 2649
25018 372 339 2779 2414
25019 2924 421 2914 2130
25020 2625 2586 2630 2412
25021 2341 2413 2363 2632
25022 249 2545 2293 2282
25023 2860 2171 2875 2864
25024 2265 2285 2571 2248
25025 2330 2322 2367 2610
25026 2852 2907 2938 2133
25027 2691 340 370 2422
25028 607 1787 1882 1761
25029 420 2851 2194 2130
25030 2648 2650 2330 2649
25031 2650 2330 2356 2648
25032 259 263 2020 903
25033 2773 2737 2822 2478
25034 2815 2497 2758 2745
25035 2398 2410 2656 2339
25036 2639 2640 2638 544
25037 2826 2769 2446 2768
25038 2571 2265 2248 2280
25039 2177 2176 2874 2139
25040 638 637 2633 2379
25041 2309 267 239 2581
25042 567 2836 2831 2774
25043 2476 2429 2787 2788
25044 2563 411 443 2541
25045 2566 617 1306 2283
25046 910 228 234 2968
25047 2684 276 2401 2310
25048 1937 345 351 1175
25049 2847 2809 2526 2810
25050 666 2703 557 667
25051 2415 570 2497 2758
25052 2792 27 565 576
25053 368 342 2427 2697
25054 2213 603 679 2233
25055 2683 2657 2408 2375
25056 2538 2508 2428 2818
25057 2179 2237 2877 2180
25058 2355 2318 2667 2367
25059 2860 698 2927 2135
25060 2767 2802 2488 2729
25061 2466 2456 2467 2728
25062 3317 378 1171 3379
25063 2657 2408 2375 2339
25064 407 408 3400 1302
25065 1304 407 406 3407
25066 646 647 2677 526
25067 3796 734 3363 735
25068 646 2635 2675 525
25069 2419 2495 2531 2708
25070 1034 641 2311 667
25071 559 588 515 516
25072 2560 250 223 2244
25073 309 2500 2700 2835
25074 1882 1787 607 1838
25075 63 467 1686 1899
25076 2691 371 340 2521
25077 2522 2419 2508 2701
25078 263 264 909 2074
25079 2677 2635 646 525
25080 2328 2329 2615 2327
25081 260 2020 2103 903
25082 566 567 2831 2426
25083 3 2 237 2677
25084 345 346 1175 1937
25085 2300 2413 2392 2584
25086 2585 2375 2374 2398
25087 248 2684 2631 2310
25088 2942 231 2957 905
25089 2799 2760 573 2823
25090 2968 2939 228 2950
25091 379 378 1171 3317
25092 2394 550 551 660
25093 350 1965 1937 1912
25094 2412 2630 2625 2347
25095 2650 2671 2403 2649
25096 2545 249 222 2282
25097 369 341 2515 2796
25098 35 232 2982 905
25099 3391 404 408 3410
25100 2044 2080 2070 2094
25101 306 305 325 2524
25102 2869 2870 2867 2162
25103 381 3286 3311 1174
25104 2293 2545 2563 2248
25105 632 2658 2673 2352
25106 2242 442 2558 2285
25107 551 552 2399 661
25108 263 2020 2103 2074
25109 2482 2536 2513 2762
25110 9 641 2311 1034
25111 263 259 2020 2074
25112 2664 2346 2406 2344
25113 1307 49 221 2293
25114 2923 2901 2931 607
25115 375 335 2419 2701
25116 3410 3384 13 3395
25117 2921 359 387 2139
25118 2495 2491 2493 2709
25119 666 557 2404 667
25120 3356 3231 380 3311
25121 3269 3220 677 696
25122 520 2291 26 521
25123 2939 233 2965 2968
25124 2390 2412 2625 2347
25125 233 2939 910 2968
25126 664 3110 638 663
25127 2983 620 2974 619
25128 3311 362 380 1174
25129 2359 2624 2353 2355
25130 604 31 29 1762
25131 2861 387 360 2139
25132 2588 278 279 2305
25133 533 2246 534 703
25134 338 372 373 2778
25135 2371 321 285 1037
25136 18 540 502 1678
25137 2413 2341 2340 2653
25138 2525 1036 312 2838
25139 2829 575 304 2800
25140 2756 2748 2754 582
25141 910 234 233 2968
25142 2358 635 2676 2650
25143 3208 3187 3061 3063
25144 231 35 2957 905
25145 2167 2230 696 2170
25146 2394 2302 633 2354
25147 2406 2588 2661 2305
25148 2409 2361 2363 2594
25149 2800 2518 305 2699
25150 2186 2214 2857 2207
25151 2873 2904 2920 2201
25152 2356 2355 2578 2648
25153 587 27 515 514
25154 2661 2368 2406 2305
25155 337 373 374 2693
25156 637 3186 662 663
25157 1307 2573 444 2293
25158 423 2141 2852 2133
25159 2265 2554 2263 2260
25160 601 677 2204 2137
25161 2541 442 443 2285
25162 2141 424 423 2906
25163 2672 629 520 521
25164 2300 241 268 2652
25165 2261 2258 2546 2259
25166 2903 688 2857 2207
25167 222 250 2560 2282
25168 3208 3187 2990 3061
25169 1708 487 488 1911
25170 245 244 272 2579
25171 321 2371 2311 1037
25172 1306 441 2566 2283
25173 378 40 1171 3379
25174 2725 2456 2724 2728
25175 1937 350 346 1175
25176 374 336 2531 2708
25177 445 2119 1683 2069
25178 611 534 16 1305
25179 2311 2404 558 667
25180 667 2703 558 2829
25181 351 1993 1937 1175
25182 2403 2358 2676 2650
25183 3384 3392 3397 3410
25184 3337 3335 3336 3274
25185 2829 2843 575 2800
25186 2927 1176 356 2135
25187 1171 40 361 3299
25188 2181 384 356 2927
25189 767 2997 3006 3788
25190 2629 2685 2591 2372
25191 2235 2172 2218 2899
25192 3328 3223 756 3290
25193 2930 2861 388 2232
25194 572 556 573 1802
25195 603 2837 6 1173
25196 9 641 1034 667
25197 2358 2403 2356 2650
25198 3220 695 3285 676
25199 3119 28 26 629
25200 2367 2667 2355 2648
25201 2181 2876 384 2927
25202 516 559 588 560
25203 2584 2392 242 2654
25204 669 2707 29 668
25205 2687 2582 2659 542
25206 2875 2217 2171 2180
25207 2008 347 1936 1912
25208 606 2903 2126 2207
25209 2330 2367 2356 2648
25210 2713 2711 2448 2826
25211 641 2685 285 2311
25212 2659 2582 630 542
25213 2587 2627 2628 2397
25214 2515 342 369 2697
25215 404 405 3391 1302
25216 2392 270 242 2654
25217 2774 568 2824 2846
25218 1037 9 2311 1034
25219 1173 8 2007 585
25220 2069 54 260 906
25221 2545 2571 2563 2248
25222 443 2541 2285 2248
25223 740 741 3309 3802
25224 2902 2857 689 2186
25225 2186 2902 2220 2185
25226 651 684 624 683
25227 2981 622 1 907
25228 2103 263 262 903
25229 243 270 271 2349
25230 2685 2629 284 2301
25231 314 278 1040 2388
25232 623 650 683 682
25233 2630 2680 2346 2389
25234 2779 2414 2521 2473
25235 1944 2004 579 1972
25236 3797 3315 736 735
25237 549 550 566 1803
25238 909 2052 259 2074
25239 400 2140 2859 2906
25240 2966 2980 619 618
25241 3298 1172 5 698
25242 274 247 246 2586
25243 2626 2587 2633 2386
25244 2578 2354 2355 2356
25245 7 1172 3298 679
25246 2080 546 2070 2094
25247 382 364 3380 3355
25248 2583 645 2675 524
25249 683 623 706 3409
25250 441 442 409 2558
25251 1170 347 348 1936
25252 684 651 3206 683
25253 727 3774 35 2957
25254 2624 2578 2673 2353
25255 666 2404 641 667
25256 2818 377 2428 2838
25257 670 669 2702 593
25258 228 234 2968 2950
25259 3196 659 634 660
25260 516 589 517 560
25261 661 660 551 2824
25262 2741 2487 2795 2760
25263 3384 403 13 3395
25264 2133 2938 422 2199
25265 2008 349 347 1912
25266 1993 351 350 1175
25267 2481 2528 2530 2764
25268 2015 2051 2046 2108
25269 470 1704 1841 1888
25270 2586 2412 2304 2384
25271 2677 2635 525 526
25272 3110 637 638 663
25273 2373 2301 2629 2372
25274 587 515 27 559
25275 3300 3231 3356 3311
25276 2140 2235 425 2859
25277 61 1685 2008 1954
25278 2582 2350 2642 2678
25279 2051 2015 446 2104
25280 646 2289 2271 525
25281 2932 425 2235 2859
25282 2518 575 2483 2800
25283 333 2525 2428 2838
25284 2164 2217 2865 2159
25285 1841 1705 469 1881
25286 2934 2909 2910 2196
25287 702 614 3388 701
25288 357 358 385 2131
25289 611 425 2235 2932
25290 2926 418 2910 2129
25291 403 404 3384 1303
25292 610 1763 1884 1777
25293 575 2518 1035 2800
25294 2368 2661 279 2305
25295 2686 283 284 2301
25296 1032 1035 304 575
25297 1687 511 512 2107
25298 339 371 372 2779
25299 1744 1770 1746 1908
25300 1918 1934 1707 489
25301 413 1309 2930 1310
25302 1830 1033 57 1810
25303 3311 3286 381 3355
25304 3186 662 636 637
25305 251 252 224 2250
25306 677 2698 2832 601
25307 2334 2373 2627 2397
25308 2852 422 423 2133
25309 1032 11 10 558
25310 1884 609 1763 610
25311 641 640 2591 2396
25312 2518 305 1035 2800
25313 285 641 2311 1037
25314 2541 410 442 2558
25315 2357 2356 2354 2674
25316 1176 356 383 2927
25317 2647 2648 2367 2610
25318 2851 2934 419 2194
25319 1763 609 1884 1773
25320 273 246 245 2644
25321 2585 2683 282 2375
25322 2194 2934 419 2196
25323 40 747 3379 3776
25324 3391 408 3400 3410
25325 1936 1170 347 2008
25326 230 229 904 2951
25327 383 356 384 2927
25328 617 1301 704 3395
25329 1309 388 52 2232
25330 609 1884 1773 1844
25331 1707 478 1918 489
25332 478 1682 1918 489
25333 2788 2476 2429 2517
25334 3354 751 3803 3310
25335 756 3341 3223 3328
25336 1845 1700 473 1872
25337 3398 407 405 1304
25338 2183 2186 689 2227
25339 706 3408 3409 613
25340 1918 1934 478 1707
25341 1032 558 575 2829
25342 2667 2624 2619 2359
25343 1301 15 14 704
25344 1039 2684 276 2401
25345 61 349 1170 2008
25346 336 374 375 2708
25347 475 1849 1698 1851
25348 2789 2787 2429 2788
25349 639 638 2587 2380
25350 379 380 3356 1168
25351 547 908 4 2065
25352 635 636 2358 2676
25353 2392 242 269 2584
25354 2027 2057 2084 2083
25355 2831 2842 2789 2426
25356 2232 2861 360 2139
25357 2293 1311 444 2248
25358 623 683 624 3409
25359 592 20 477 1680
25360 2618 2625 2630 2347
25361 2140 425 400 2859
25362 1304 3398 407 3407
25363 2627 2410 2373 2334
25364 2619 2667 2318 2647
25365 362 3231 3286 3311
25366 649 32 681 682
25367 521 2030 2016 542
25368 2563 443 1311 2248
25369 281 2683 2580 2299
25370 1838 1787 607 1717
25371 587 515 588 1725
25372 2816 2848 2832 602
25373 333 47 1036 2838
25374 2384 2631 2389 2310
25375 1998 577 2003 576
25376 3336 3255 3337 3274
25377 37 3096 3775 711
25378 2193 698 2215 2135
25379 2851 420 2924 2130
25380 284 285 2685 2371
25381 415 416 2905 2134
25382 2934 418 419 2196
25383 2052 2020 259 2074
25384 2626 2615 2616 2329
25385 2661 2588 279 2305
25386 272 244 271 2296
25387 516 515 559 536
25388 575 304 1032 2829
25389 348 1170 1936 1954
25390 909 264 2052 2074
25391 3405 3389 3411 3412
25392 517 561 537 560
25393 1773 1884 1777 1898
25394 906 2119 261 2079
25395 3286 381 363 1174
25396 2858 415 391 2905
25397 3206 651 650 683
25398 2318 2600 2619 2647
25399 1932 1711 1914 485
25400 492 499 1713 1823
25401 492 499 1823 1714
25402 3777 3398 43 3407
25403 2997 3788 768 3049
25404 1885 1764 587 1725
25405 3187 2990 3061 3063
25406 2678 2624 2658 2351
25407 2329 2334 2626 2386
25408 2990 290 298 3093
25409 616 617 704 3386
25410 1896 1775 1728 1846
25411 2005 588 1945 589
25412 3391 3392 3384 3410
25413 3410 3392 3397 3402
25414 2471 2469 2535 2797
25415 1937 351 345 1916
25416 2416 309 308 2835
25417 517 589 561 560
25418 226 225 253 2544
25419 2754 582 2430 583
25420 3253 3254 3257 3368
25421 2295 612 2243 2290
25422 425 401 2932 1308
25423 3400 3411 3391 3410
25424 2794 2827 2792 576
25425 2026 2082 2024 2025
25426 2301 320 284 2371
25427 1686 432 63 1899
25428 244 243 271 2668
25429 2963 234 227 2950
25430 2068 2051 2020 2125
25431 460 1700 1845 1872
25432 745 744 3806 3306
25433 634 2357 2354 2674
25434 1305 611 534 2863
25435 3061 3182 3208 3063
25436 1700 460 473 1872
25437 1872 460 473 1701
25438 2933 2218 2896 2899
25439 27 515 514 535
25440 2177 1310 413 2232
25441 641 2404 2311 667
25442 335 375 376 2701
25443 1937 1993 351 1916
25444 636 661 662 3103
25445 2545 221 249 2293
25446 537 538 517 2059
25447 624 650 683 623
25448 364 382 363 3355
25449 2999 3090 651 3206
25450 394 418 2934 2910
25451 2140 400 424 2906
25452 1033 57 324 1830
25453 2863 1305 16 1308
25454 32 649 623 682
25455 334 376 377 2818
25456 517 537 516 560
25457 2200 2905 416 2134
25458 2113 507 506 1692
25459 1305 16 611 2863
25460 317 282 2683 2375
25461 550 567 566 1803
25462 2052 259 258 909
25463 906 261 262 2079
25464 2008 1936 1952 1912
25465 24 21 3770 3403
25466 24 21 3403 3771
25467 2590 2677 237 908
25468 248 247 275 2631
25469 589 588 1945 560
25470 371 340 370 2691
25471 1867 1744 1746 1908
25472 2620 2619 2624 2359
25473 1684 324 1830 1835
25474 3 647 907 2292
25475 446 2072 511 1687
25476 446 2072 1688 511
25477 617 3410 13 3395
25478 587 588 1885 1725
25479 2397 2587 2386 2380
25480 559 515 27 535
25481 2291 2245 642 521
25482 1993 1994 1963 1916
25483 3187 3208 3182 3063
25484 1799 552 551 568
25485 3392 3391 3411 3410
25486 635 660 661 3205
25487 476 1697 1892 477
25488 2068 2046 2051 2109
25489 505 1693 2096 2077
25490 22 21 2944 3770
25491 21 22 2944 3769
25492 277 1039 1040 2401
25493 3290 756 3328 3312
25494 2619 2315 2318 2359
25495 2629 2686 284 2301
25496 358 359 386 2175
25497 3337 3335 3274 3251
25498 446 2072 1687 2107
25499 1987 2010 580 1959
25500 615 614 3388 702
25501 234 227 235 2963
25502 2683 281 317 2299
25503 703 615 616 3390
25504 3377 3362 3319 3266
25505 2684 276 46 1039
25506 608 1882 1781 1761
25507 3803 3354 3309 752
25508 3300 3286 3231 3311
25509 366 6 7 2837
25510 2405 2296 2579 2383
25511 2684 248 276 2310
25512 1810 57 1830 1684
25513 1830 1805 12 1810
25514 3106 2990 298 3093
25515 488 1934 1708 1911
25516 2754 2755 2759 583
25517 1844 1773 609 1723
25518 339 372 338 2414
25519 250 251 223 2244
25520 1770 1787 1838 1717
25521 624 650 651 683
25522 1694 2096 2081 504
25523 665 3184 639 664
25524 252 253 225 2240
25525 399 423 2906 2852
25526 2354 2578 633 634
25527 3339 3253 3257 3368
25528 1996 1917 1940 591
25529 354 7 6 2233
25530 2141 2140 424 2906
25531 1753 1893 1874 1719
25532 2215 2170 697 2236
25533 349 2008 1965 1912
25534 3311 3286 362 1174
25535 2841 565 2792 2807
25536 494 493 1832 1715
25537 1796 1788 1813 570
25538 2534 2841 2792 2789
25539 538 562 561 518
25540 747 3279 3317 3357
25541 2102 2080 2017 2118
25542 1917 562 1940 591
25543 334 335 376 2508
25544 649 3115 650 682
25545 3293 3238 3323 3284
25546 2930 1309 389 1310
25547 2375 318 282 2374
25548 588 589 516 560
25549 682 683 623 706
25550 1039 277 2684 2401
25551 368 342 343 2427
25552 3227 3380 364 3355
25553 2936 2903 2923 606
25554 2963 2968 234 2950
25555 574 558 1811 557
25556 633 632 658 3104
25557 14 534 2287 704
25558 2939 2965 2959 2968
25559 3196 659 633 634
25560 703 702 615 3390
25561 3292 3291 708 3319
25562 2119 261 54 906
25563 635 634 660 3205
25564 3393 3408 613 614
25565 3207 288 300 3114
25566 2049 2084 2057 2106
25567 2102 2017 2052 2118
25568 239 266 267 2309
25569 2991 3787 3049 769
25570 264 2052 2074 2102
25571 3362 3267 3319 3266
25572 2073 508 449 1690
25573 2073 449 508 1691
25574 2680 2630 2631 2389
25575 363 381 3286 3355
25576 1770 1744 1891 1908
25577 3365 3361 754 3800
25578 3052 3103 636 3186
25579 2852 398 422 2938
25580 282 283 2585 2374
25581 591 592 1940 1957
25582 2667 2578 2355 2648
25583 678 2832 2848 602
25584 3071 3115 649 3188
25585 3169 2999 3071 3115
25586 1848 437 1907 1727
25587 587 588 515 559
25588 2015 2072 446 2104
25589 1773 1763 609 1723
25590 3797 3315 757 736
25591 3798 757 3315 736
25592 2939 2959 2965 2951
25593 2630 2346 2347 2389
25594 573 556 557 1792
25595 241 240 268 2652
25596 1770 1787 1882 1838
25597 588 1775 1846 1725
25598 3804 742 751 3310
25599 3803 751 742 3310
25600 2952 624 650 651
25601 3172 3157 3217 3055
25602 2113 506 2077 1692
25603 3087 724 725 3791
25604 6 2007 603 1173
25605 3398 405 407 3400
25606 631 3111 656 657
25607 341 369 370 2796
25608 2235 610 611 2932
25609 2014 2089 449 2036
25610 1898 1777 1773 1727
25611 2019 2050 536 2071
25612 2591 2628 2629 2372
25613 537 538 561 517
25614 1687 2072 511 2107
25615 1934 479 1707 488
25616 488 1934 479 1708
25617 1725 515 588 516
25618 288 3207 2998 3114
25619 538 517 2059 518
25620 1764 515 587 1725
25621 3233 3319 3267 3266
25622 3233 3377 3319 3266
25623 2071 2084 2057 2083
25624 3064 3783 3065 716
25625 756 3341 3328 3312
25626 1978 2001 2006 1930
25627 3217 2995 3172 3055
25628 2027 2025 2057 2083
25629 258 264 2052 909
25630 496 1810 1830 1684
25631 517 538 561 518
25632 278 314 2305 2388
25633 1929 1942 2011 1933
25634 2943 2955 652 2975
25635 2940 2985 2954 620
25636 3327 3266 759 3228
25637 3411 3391 3415 3400
25638 3404 625 708 3408
25639 474 1699 1845 1851
25640 2524 326 306 2423
25641 616 704 703 3386
25642 307 306 2423 2821
25643 3782 774 3065 2989
25644 1775 1752 1728 1846
25645 1893 1869 1874 1719
25646 3803 742 3354 3310
25647 296 293 3000 3200
25648 1844 608 1882 1781
25649 32 705 681 682
25650 397 421 422 2938
25651 722 3006 2997 3788
25652 3090 2999 3169 3206
25653 2971 2945 2946 2969
25654 2930 1309 413 2232
25655 1884 1850 1777 1898
25656 1788 1796 1801 570
25657 1944 579 1915 1972
25658 424 425 400 2140
25659 3064 2993 3784 717
25660 2504 328 308 2416
25661 2848 2837 679 603
25662 604 527 31 1762
25663 767 722 3006 3789
25664 3006 722 767 3788
25665 1841 1704 463 1888
25666 756 3798 3341 3312
25667 3225 3272 750 3347
25668 2319 2318 2367 2647
25669 3227 364 363 3355
25670 1813 1826 1796 570
25671 1810 1830 1794 496
25672 705 32 623 682
25673 1805 1032 558 575
25674 590 517 518 1774
25675 1708 1934 479 1911
25676 1845 1699 459 1851
25677 3284 3238 3323 3322
25678 613 2572 612 2295
25679 1952 1965 2008 1912
25680 2851 419 420 2194
25681 2093 451 450 2113
25682 3408 3393 3388 614
25683 1893 1753 1748 1719
25684 1839 1872 472 1701
25685 3344 3257 3254 3368
25686 1990 2001 1955 582
25687 493 1832 1715 498
25688 493 1832 498 1714
25689 3117 665 640 666
25690 1957 592 1940 1909
25691 3077 3785 771 2993
25692 536 516 537 560
25693 3279 3282 3300 3360
25694 1787 1746 1882 1761
25695 222 221 249 2545
25696 338 373 337 2516
25697 2991 3786 770 3077
25698 610 2235 2218 2899
25699 503 2081 1695 2110
25700 2098 2067 2024 541
25701 650 3071 3115 649
25702 650 2964 2952 651
25703 3356 3357 3231 3300
25704 585 8 2007 2000
25705 2590 237 238 908
25706 2050 515 2019 536
25707 628 3770 21 3403
25708 568 1797 1799 1791
25709 2049 2084 2106 2124
25710 2027 2085 2084 2060
25711 2248 2293 2545 2282
25712 1940 1996 1957 1943
25713 546 2070 2021 2064
25714 573 557 574 1792
25715 2025 2026 2082 2083
25716 3380 3318 3227 3280
25717 251 224 223 2539
25718 448 509 2100 1690
25719 509 448 2100 1689
25720 2066 2094 545 2075
25721 1172 7 354 2233
25722 21 2944 3770 628
25723 3274 3255 3337 3251
25724 1041 2511 331 1038
25725 1846 1885 588 1725
25726 3206 3169 3090 3120
25727 1990 2001 1986 1955
25728 2927 356 2181 2135
25729 607 530 1717 1761
25730 1303 13 408 3410
25731 2945 2986 2940 621
25732 2125 2020 2052 2074
25733 2942 2982 727 2967
25734 634 2354 2578 2674
25735 3295 3338 3337 3339
25736 2954 2947 2985 2940
25737 589 1775 588 516
25738 2036 2089 449 2100
25739 1879 1843 1870 1736
25740 532 609 1763 1723
25741 639 665 640 3117
25742 589 1945 2005 1947
25743 1815 1712 1823 491
25744 906 262 2069 2079
25745 494 1819 1716 1832
25746 1683 54 445 2069
25747 1698 1849 458 1851
25748 240 239 267 2581
25749 1937 1993 350 1175
25750 592 1940 563 591
25751 2096 453 1694 2081
25752 242 241 269 2584
25753 653 626 2955 652
25754 386 385 358 2849
25755 350 1965 1993 1937
25756 517 2061 537 2059
25757 264 258 2052 2102
25758 515 2050 535 536
25759 2019 516 537 536
25760 304 11 1032 2829
25761 2124 2033 2117 2078
25762 1170 348 61 1954
25763 3113 3122 767 3007
25764 3206 650 2999 3115
25765 2036 448 2048 2091
25766 342 368 369 2697
25767 3184 638 639 664
25768 2963 2956 2968 2950
25769 2347 2412 2630 2389
25770 3272 3369 750 3347
25771 706 3305 3230 3359
25772 2850 2905 416 2200
25773 2504 308 307 2690
25774 2976 2985 2940 620
25775 3344 3339 3257 3368
25776 3309 741 3354 3803
25777 652 2943 2975 651
25778 3154 3038 3037 3185
25779 2993 3077 3785 718
25780 3788 2997 721 3049
25781 767 3122 3006 3007
25782 1945 2003 2005 577
25783 24 3770 628 3403
25784 3318 3380 698 3280
25785 2008 1685 483 1954
25786 709 685 708 626
25787 1826 1801 1796 570
25788 2999 651 650 3206
25789 2995 3217 3157 3055
25790 2115 2015 2048 2041
25791 1740 1741 1861 1865
25792 1993 1994 1916 1938
25793 1705 469 464 1841
25794 1704 464 469 1841
25795 310 2424 1041 2809
25796 2982 230 232 2951
25797 3344 3254 3314 3353
25798 3038 3029 3185 3070
25799 1034 10 11 558
25800 1818 492 1823 1714
25801 560 1945 589 1947
25802 2942 2982 230 905
25803 1986 581 1990 1955
25804 3331 3301 3333 3334
25805 1945 2005 1935 577
25806 587 515 1764 514
25807 537 2061 2019 2106
25808 564 1820 19 1679
25809 3243 3245 3244 3366
25810 273 245 272 2383
25811 3037 3029 3145 3185
25812 1681 1815 1820 490
25813 2837 366 6 1173
25814 2027 2085 2028 2083
25815 1036 1038 332 2525
25816 1818 1823 499 1714
25817 767 3006 2997 3007
25818 566 2841 565 2534
25819 2943 624 2952 651
25820 3074 2996 3780 776
25821 3398 3777 730 3407
25822 561 590 517 518
25823 2972 2953 2965 2959
25824 2091 2036 2089 2090
25825 487 486 1949 1709
25826 384 356 357 2181
25827 1814 572 1827 1808
25828 581 1990 1955 582
25829 3388 3408 614 3399
25830 2098 2067 541 542
25831 2006 583 584 1980
25832 340 341 370 2422
25833 3309 753 3361 3801
25834 2932 2862 611 2863
25835 458 475 1851 1699
25836 458 475 1698 1851
25837 1870 1843 1749 1736
25838 1907 437 438 1727
25839 708 685 3291 684
25840 2099 2048 448 2091
25841 2019 537 2106 536
25842 1869 1893 1748 1719
25843 14 15 1305 704
25844 2945 2986 2970 2940
25845 2024 2067 2030 541
25846 1758 1843 1879 1736
25847 3143 3026 3146 3027
25848 546 2070 2094 2066
25849 3404 3385 3406 3390
25850 1723 531 608 1761
25851 3113 768 3166 3008
25852 415 416 391 2905
25853 3133 3057 3132 3016
25854 1882 1908 1770 1838
25855 3071 3209 3169 3115
25856 3331 3301 3281 3333
25857 563 1940 592 1909
25858 623 649 650 682
25859 2944 2942 727 2967
25860 1811 574 557 1792
25861 2353 2351 2624 2359
25862 2036 2091 2038 2090
25863 1882 608 607 1761
25864 2355 2356 2367 2648
25865 3115 683 650 682
25866 519 562 518 591
25867 2903 2936 687 606
25868 2952 2964 2943 651
25869 1740 1861 1739 1878
25870 2072 2099 1688 510
25871 584 2006 1980 1991
25872 411 410 443 2541
25873 2010 581 580 1959
25874 2500 330 310 2424
25875 1764 1885 1776 1725
25876 399 423 424 2906
25877 3049 720 3787 2991
25878 1824 568 1799 1791
25879 255 907 2247 2292
25880 538 1791 1834 539
25881 3009 3050 3123 3035
25882 1307 2573 412 1311
25883 567 1797 551 568
25884 2092 2040 2038 2111
25885 768 3113 2997 3008
25886 589 1964 590 1947
25887 1746 1867 1908 1882
25888 3266 3316 3327 759
25889 3134 3057 3132 3133
25890 10 1805 1032 558
25891 565 576 2534 2792
25892 2014 449 2089 2073
25893 538 562 1834 561
25894 3064 3783 773 3065
25895 3406 3396 616 3390
25896 1724 460 1845 1853
25897 2999 3071 3091 3169
25898 3223 3270 3325 3341
25899 626 653 685 652
25900 2423 327 307 2504
25901 447 510 2099 1689
25902 510 447 2099 1688
25903 1711 1914 482 1932
25904 3343 3261 3342 3314
25905 1724 460 1853 1751
25906 2971 2970 2945 2969
25907 1888 470 463 1703
25908 1704 470 463 1888
25909 3049 768 2997 3008
25910 3070 3029 3185 3143
25911 2950 2963 2956 2945
25912 3341 3270 3315 757
25913 2117 2033 453 2022
25914 1849 1698 1892 476
25915 907 254 255 2247
25916 731 710 24 3773
25917 2012 514 2050 535
25918 2368 316 280 2299
25919 3008 3166 3124 3010
25920 534 14 16 1305
25921 537 1829 536 560
25922 2991 3786 3077 719
25923 2075 2066 2094 2043
25924 715 3782 3065 2989
25925 3770 2944 22 628
25926 605 528 527 1722
25927 1920 1940 1957 1943
25928 2051 2015 2104 2108
25929 2837 2704 366 1173
25930 3230 3278 3305 706
25931 2997 3113 767 3007
25932 682 649 3115 3188
25933 611 2932 2863 1308
25934 562 1917 590 591
25935 590 1917 1996 591
25936 449 2089 2073 2100
25937 298 3187 2990 3106
25938 3408 625 708 707
25939 3385 3404 3399 3390
25940 3134 3057 3133 3018
25941 633 658 659 3104
25942 700 613 3393 3394
25943 3408 708 3404 707
25944 2062 2066 545 2075
25945 774 3782 715 2989
25946 774 715 3781 2989
25947 1834 1791 1816 539
25948 747 3317 3279 3299
25949 1725 588 1775 516
25950 2963 2958 2973 2970
25951 3107 3072 3166 769
25952 3363 758 3373 3228
25953 704 1305 534 2863
25954 768 3788 721 3049
25955 721 3787 768 3049
25956 3357 3367 3279 3360
25957 3317 1171 379 3299
25958 2972 2979 2967 2949
25959 3178 3089 2995 3177
25960 518 538 562 539
25961 3009 3123 3050 3125
25962 3175 3176 3199 3023
25963 2991 3049 3072 769
25964 3035 3050 3123 3151
25965 2922 2930 389 1310
25966 3327 3293 3323 3284
25967 3006 3002 766 3789
25968 2103 2020 2104 2125
25969 401 425 2932 2859
25970 3286 363 362 1174
25971 3077 771 3046 2993
25972 3096 294 37 3775
25973 1956 1981 479 1961
25974 590 1964 1917 1947
25975 1894 1773 1884 1844
25976 2057 2034 2049 2106
25977 464 1705 1841 1881
25978 296 293 292 3000
25979 641 285 9 1037
25980 1170 349 347 2008
25981 3270 758 3315 757
25982 2704 367 366 1173
25983 1908 1770 1746 1882
25984 3303 692 3376 3248
25985 2954 2985 2983 620
25986 2942 230 2982 2951
25987 460 1845 1853 1872
25988 3016 3133 3057 3018
25989 1993 1963 351 1916
25990 557 558 2404 667
25991 3381 3338 3255 3287
25992 589 588 1775 1846
25993 482 1710 1914 485
25994 1711 482 1914 485
25995 3074 2989 3781 714
25996 2124 2034 2033 2078
25997 2048 447 2015 2115
25998 2050 2019 2057 2071
25999 1739 1740 1878 1738
26000 3064 3784 2993 772
26001 3007 3123 3122 3035
26002 274 246 273 2304
26003 3021 3134 3135 3018
26004 314 279 278 2305
26005 3137 3134 3039 3171
26006 3141 3026 3146 3143
26007 1759 1722 1900 1758
26008 3059 2995 3089 3177
26009 1870 1856 1734 1735
26010 572 1802 1827 1808
26011 2958 235 2963 2973
26012 3250 3303 3376 3248
26013 3150 3061 3070 3034
26014 500 1823 1712 491
26015 1713 1823 500 491
26016 1773 1844 1781 1723
26017 3324 3271 3240 3304
26018 768 3049 3166 3008
26019 462 471 1888 1703
26020 462 471 1702 1888
26021 1732 1854 1856 1855
26022 2958 1 235 2973
26023 1034 11 9 667
26024 3153 3154 3037 3145
26025 2995 3172 3055 630
26026 1791 568 1797 1822
26027 3310 3225 750 3347
26028 262 260 2069 2103
26029 8 353 2007 2000
26030 2863 16 611 1308
26031 1833 1814 1827 1808
26032 453 504 2081 1695
26033 453 504 1694 2081
26034 2 908 526 2065
26035 427 428 437 1848
26036 1771 1774 1728 1895
26037 410 442 443 2541
26038 1908 1891 1770 1838
26039 461 1872 1839 1701
26040 3052 3103 3186 3159
26041 2001 2006 1930 583
26042 3027 3026 3146 3025
26043 3134 3021 3057 3018
26044 3101 3159 3152 3144
26045 1921 1973 1981 1922
26046 2082 2024 2098 2026
26047 3159 3210 3101 3152
26048 1885 1903 1776 1897
26049 1772 1898 1773 1727
26050 3006 723 3002 3789
26051 2084 2057 2106 2071
26052 741 752 3309 3802
26053 752 741 3309 3803
26054 1843 1758 1749 1736
26055 3145 3154 3037 3185
26056 2096 1693 452 2077
26057 639 3069 3184 3001
26058 3365 3275 3330 755
26059 3389 3387 3411 3392
26060 3181 3005 3215 3068
26061 1757 1744 1740 1891
26062 1 2973 622 2981
26063 3361 3365 739 3800
26064 3049 3166 3072 769
26065 3176 3024 3139 3023
26066 3142 3026 3141 3143
26067 255 2 3 2292
26068 30 705 3219 681
26069 1305 534 14 704
26070 1702 471 1839 1888
26071 1903 1776 1897 1731
26072 615 3404 3406 3390
26073 2998 3068 288 3114
26074 535 559 515 536
26075 757 3315 3341 3798
26076 508 2073 2100 1690
26077 604 605 527 1722
26078 1727 1848 437 1753
26079 3307 689 688 3239
26080 13 2566 617 1306
26081 1720 464 1906 1760
26082 610 533 1729 611
26083 3107 2991 3072 769
26084 2789 2429 2534 2426
26085 2049 2084 2123 2060
26086 573 1802 1792 1827
26087 3020 3021 3135 3018
26088 1983 1935 1984 1964
26089 2004 580 579 1987
26090 629 3119 28 655
26091 2115 2108 2015 2041
26092 2071 2057 2025 2083
26093 3295 3337 3253 3339
26094 1802 1792 1827 1793
26095 569 1813 1788 570
26096 3142 3145 3029 3185
26097 3324 3323 3271 3304
26098 3391 3398 3415 3400
26099 1969 1973 1981 1921
26100 609 608 1844 1723
26101 1900 1779 605 1722
26102 3070 3026 3143 3027
26103 2861 360 388 2232
26104 1757 1740 1878 1891
26105 3057 3171 3134 3132
26106 3227 363 3286 3355
26107 3185 3150 3038 3070
26108 1848 1898 1772 1727
26109 2971 2946 2945 2940
26110 3316 759 3796 3363
26111 2093 450 451 2035
26112 2099 2100 448 1689
26113 3029 3037 3038 3185
26114 3134 3021 3137 3039
26115 3131 3033 3130 3014
26116 3310 750 3369 3347
26117 3010 3012 3192 3126
26118 3050 3123 3151 3125
26119 2106 2057 2019 2071
26120 1689 2099 2100 509
26121 3061 2990 3208 3048
26122 3299 361 379 3356
26123 3388 3393 3408 707
26124 438 427 437 1907
26125 243 242 270 2654
26126 1728 1730 458 1873
26127 3316 3351 733 3795
26128 3141 3146 3026 3025
26129 625 684 624 651
26130 3367 3279 3358 3357
26131 1763 1884 1777 1773
26132 3137 3021 3136 3030
26133 3261 3343 3258 3314
26134 578 1982 1984 1962
26135 458 1849 1728 1873
26136 2068 2020 2052 2125
26137 3171 3134 3039 3057
26138 2106 2034 2049 2124
26139 2045 2017 2080 2118
26140 2841 2792 565 2534
26141 1848 428 437 1753
26142 667 558 11 2829
26143 2069 2079 2103 2104
26144 1681 18 19 1820
26145 1820 18 19 1679
26146 3007 3113 3123 3009
26147 614 3408 3404 3399
26148 3110 3210 2994 637
26149 3138 3136 3022 3030
26150 1753 428 436 1874
26151 3016 3033 3131 3014
26152 579 578 1984 1962
26153 3194 3015 3075 3193
26154 2065 4 547 2053
26155 1778 433 432 1847
26156 3166 3192 3124 3010
26157 3397 3410 3402 617
26158 3317 3358 747 3357
26159 2113 2077 451 1692
26160 536 2106 2019 2071
26161 536 535 2071 2050
26162 3135 3136 3021 3020
26163 300 289 288 3207
26164 3129 3013 3194 3014
26165 611 16 425 1308
26166 2017 258 265 2102
26167 285 284 320 2371
26168 2093 450 2121 2113
26169 3033 3130 3132 3131
26170 1734 1732 1856 1855
26171 1781 1882 1746 1761
26172 1740 1742 1741 1865
26173 1919 1921 1981 1922
26174 3131 3132 3033 3016
26175 3080 3175 3199 3023
26176 3230 682 3278 706
26177 234 228 227 2950
26178 1772 1893 1894 1848
26179 3392 3411 3389 3412
26180 2967 2944 2942 2953
26181 2580 280 281 2299
26182 1699 459 474 1845
26183 1700 474 459 1845
26184 3255 3273 3381 3287
26185 3137 3138 3148 3030
26186 2424 2511 331 1041
26187 1770 1787 1746 1882
26188 1733 1854 1856 1732
26189 3128 3126 3012 3041
26190 3113 3124 3123 3009
26191 770 3075 2991 3077
26192 3207 289 288 2998
26193 3154 3038 3044 3037
26194 222 250 223 2560
26195 3239 3240 3237 3382
26196 35 727 2957 2982
26197 2968 2956 2963 2969
26198 1872 1853 460 1751
26199 2094 545 546 2066
26200 1861 1860 1750 1739
26201 2967 2953 2972 2949
26202 1757 1878 1740 1738
26203 590 561 562 518
26204 1878 1740 1861 1865
26205 1848 1772 1893 1753
26206 734 759 3316 3795
26207 759 734 3316 3796
26208 3010 3124 3011 3126
26209 1861 1859 1739 1878
26210 1878 1859 1739 1738
26211 2031 2076 2067 2122
26212 3142 3029 3026 3143
26213 1040 1039 313 2401
26214 3109 3046 771 2993
26215 3168 3151 3050 3212
26216 387 386 359 2921
26217 3021 3022 3136 3030
26218 1995 1932 482 1933
26219 776 3779 2996 713
26220 776 2996 3780 713
26221 1852 1724 1854 1731
26222 3204 631 3111 3089
26223 3039 3021 3137 3030
26224 3029 3070 3026 3143
26225 3176 3024 3023 3025
26226 704 1301 15 3395
26227 1920 1968 1957 1909
26228 300 288 301 3114
26229 2428 377 333 2838
26230 1722 1843 1900 1758
26231 1981 1922 2009 1956
26232 2996 3074 3780 713
26233 423 398 422 2852
26234 559 587 588 576
26235 3209 3091 3071 3169
26236 1771 1728 457 1895
26237 429 436 428 1874
26238 3360 3300 3356 3311
26239 1810 1830 1805 575
26240 2971 2970 2986 2940
26241 1846 1752 1885 1725
26242 2086 2026 2098 2122
26243 2955 626 653 2941
26244 3299 3317 3279 3357
26245 1859 1857 1737 1879
26246 1957 1996 1970 1943
26247 3062 3778 3096 711
26248 2054 2043 2075 2040
26249 275 276 248 2310
26250 1861 1739 1741 1740
26251 3305 3236 3278 3265
26252 498 1832 1818 1714
26253 260 262 2069 906
26254 447 2072 2099 1688
26255 2116 2042 2041 2097
26256 3227 3286 3378 3355
26257 2661 279 280 2368
26258 301 287 3181 3068
26259 2993 771 3784 718
26260 2993 3785 771 718
26261 3132 3131 3133 3016
26262 653 2955 2962 652
26263 1857 1856 1734 1870
26264 3194 3131 3129 3014
26265 1736 1870 1734 1735
26266 3106 3208 2990 3048
26267 3068 301 288 3114
26268 5 3298 698 3280
26269 754 739 3361 3801
26270 739 754 3361 3800
26271 517 590 589 1774
26272 3106 298 299 3093
26273 25 514 2012 535
26274 3022 3139 3024 3023
26275 3227 3318 3297 3280
26276 2965 2982 232 2951
26277 1744 1742 1865 1867
26278 2017 2045 2052 2118
26279 2100 2073 449 1690
26280 3396 3392 3412 3402
26281 3141 3024 3140 3139
26282 247 274 275 2384
26283 3333 3301 3335 3334
26284 2052 258 2017 2102
26285 770 3107 3075 3193
26286 703 704 534 2863
26287 2042 2040 2041 2097
26288 1907 427 437 1848
26289 3172 3195 3055 629
26290 3098 3083 3214 3183
26291 2987 3103 636 3052
26292 1984 1935 1983 578
26293 3109 771 3046 3193
26294 3270 3373 758 3228
26295 3046 3075 3015 3193
26296 681 649 682 3188
26297 2947 2960 2962 2946
26298 3038 3154 3179 3185
26299 1720 464 1841 1906
26300 561 589 590 1947
26301 3026 3024 3141 3025
26302 2040 2043 2075 2097
26303 3150 3147 3182 3034
26304 256 4 2065 2053
26305 2991 720 3787 769
26306 769 2991 720 3786
26307 3113 3007 3008 3009
26308 3274 3372 3273 3224
26309 767 3113 2997 768
26310 1914 482 1932 1933
26311 354 1172 2233 2193
26312 3079 3066 3175 3105
26313 3278 682 705 706
26314 541 2067 2030 542
26315 18 1820 564 1679
26316 2924 420 421 2130
26317 3128 3012 3126 3129
26318 3344 3254 3258 3314
26319 3326 3271 3240 3324
26320 506 451 2077 1692
26321 506 451 1693 2077
26322 618 2980 650 649
26323 1953 352 8 2000
26324 3176 3024 3141 3139
26325 3411 3387 3389 3405
26326 3123 3122 3113 3007
26327 2075 2062 2066 2043
26328 1301 617 13 3395
26329 2084 2085 2027 2083
26330 610 1884 1850 1777
26331 1739 1750 1861 1741
26332 3001 3184 3117 3161
26333 2686 2585 283 2374
26334 1722 604 1843 1749
26335 3150 3061 3179 3038
26336 1981 1969 1921 1919
26337 3134 3136 3021 3135
26338 587 1764 1842 586
26339 3338 3337 3255 3295
26340 3138 3137 3136 3030
26341 1731 1724 1854 1732
26342 3131 3015 3016 3014
26343 3107 3075 2991 770
26344 3187 291 298 2990
26345 3301 3331 3244 3334
26346 3128 3127 3126 3041
26347 685 684 625 652
26348 634 635 2357 2674
26349 2970 2958 2973 622
26350 3409 3408 706 707
26351 2947 2971 2985 2940
26352 3023 3175 3176 3079
26353 615 3406 616 3390
26354 3193 3075 770 3077
26355 1930 1910 1978 1928
26356 3291 708 3319 3233
26357 3010 3192 3012 3013
26358 3123 3167 3122 3035
26359 3075 3072 3013 3107
26360 3057 3033 3132 3016
26361 3061 3150 3182 3034
26362 3263 3378 3262 3227
26363 3021 3136 3134 3137
26364 559 1945 588 560
26365 2962 2955 653 2941
26366 1879 1737 1859 1738
26367 3141 3024 3176 3025
26368 3073 3165 3062 777
26369 1861 1860 1862 1750
26370 2003 1983 2005 577
26371 3193 771 3046 3077
26372 3013 3015 3194 3014
26373 3304 3323 3271 3293
26374 2085 2086 2028 2083
26375 319 284 283 2301
26376 3317 747 3379 3299
26377 3190 3180 3019 3078
26378 3079 3085 3066 3105
26379 3076 3041 3127 3055
26380 2994 3069 3197 638
26381 405 3398 3391 3400
26382 1879 1857 1737 1736
26383 3011 3012 3010 3126
26384 3136 3022 3021 3020
26385 3072 3192 3013 3107
26386 3166 3008 3072 3010
26387 3069 3184 3197 638
26388 3296 3241 689 3374
26389 45 49 221 1307
26390 3299 3231 361 3356
26391 3020 3135 3019 3018
26392 3315 3341 3798 736
26393 2121 2014 450 2035
26394 1732 1853 1855 1751
26395 1776 1752 1885 1897
26396 1767 1720 463 1871
26397 3139 3024 3140 3056
26398 2038 2037 2036 2090
26399 1841 1720 1906 1889
26400 1875 1864 1905 1784
26401 2965 2972 2959 2968
26402 3012 3192 3126 3129
26403 1801 553 1788 570
26404 1774 1896 1728 1895
26405 265 257 258 2017
26406 1744 1865 1740 1891
26407 2963 227 235 2958
26408 3227 364 3380 3280
26409 1832 493 1818 1714
26410 2971 2945 2970 2940
26411 359 360 387 2139
26412 1171 361 379 3299
26413 2946 2962 2947 2971
26414 3008 3124 3113 3009
26415 2026 2098 2082 2083
26416 232 230 2982 905
26417 1724 1854 1732 1853
26418 3379 747 40 3299
26419 3324 3237 3321 3304
26420 1034 2311 322 558
26421 3013 3129 3012 3014
26422 650 618 649 623
26423 1800 1795 1796 1837
26424 777 3778 3062 2996
26425 746 3807 3358 745
26426 1737 1858 1859 1766
26427 1962 2004 579 1987
26428 3066 3065 774 2989
26429 1702 1839 462 1888
26430 707 708 3404 3399
26431 3363 758 3797 3315
26432 3336 3274 3372 3273
26433 2999 650 3071 3115
26434 2082 541 2098 2024
26435 2945 2963 2956 2969
26436 457 1849 1698 1892
26437 1864 1875 1901 1784
26438 684 625 652 651
26439 3070 3147 3150 3034
26440 3016 3017 3133 3018
26441 1172 354 355 2193
26442 622 2970 2945 621
26443 262 2069 2079 2103
26444 563 1940 562 591
26445 1953 1997 1963 2000
26446 3360 3286 3311 3378
26447 3133 3135 3134 3018
26448 3029 3142 3185 3143
26449 329 309 2416 2500
26450 770 719 3077 3786
26451 719 770 3077 3785
26452 3322 3238 3321 3265
26453 1852 1854 1724 1853
26454 3124 3011 3126 3125
26455 2085 2123 2060 2035
26456 3007 3122 3047 3035
26457 1789 572 1814 1808
26458 760 733 3351 3795
26459 733 760 3351 3794
26460 589 561 590 517
26461 684 624 683 707
26462 1750 1862 1861 1741
26463 3129 3131 3130 3014
26464 3053 3034 3182 3164
26465 2019 516 2061 537
26466 2977 2970 622 621
26467 648 649 3188 2992
26468 1900 1779 1722 1759
26469 225 224 252 2561
26470 12 1033 1830 1810
26471 3284 3323 3327 3322
26472 3143 3146 3147 3027
26473 3017 3046 3163 3109
26474 2983 2980 2964 619
26475 3194 3013 3192 3107
26476 1929 2011 1960 1933
26477 2104 2015 2072 2108
26478 636 635 661 3103
26479 3398 407 3407 3400
26480 590 1917 561 1947
26481 336 337 374 2531
26482 1717 1787 607 1761
26483 2500 310 309 2700
26484 3150 3061 3038 3070
26485 3070 3185 3150 3143
26486 3194 3015 3131 3014
26487 1830 57 324 1684
26488 1856 1733 1735 1782
26489 705 706 3305 3278
26490 3163 3131 3015 3016
26491 2045 2080 2044 2095
26492 2942 2982 2953 2951
26493 375 335 336 2419
26494 2093 2121 450 2035
26495 505 452 2096 1693
26496 452 505 2096 1694
26497 3336 3338 3255 3381
26498 2985 2971 2947 2975
26499 656 630 3111 631
26500 687 3320 3350 3235
26501 2082 2012 2050 535
26502 554 1789 571 1801
26503 3166 3049 768 769
26504 3269 697 3261 696
26505 907 255 3 2292
26506 3034 3027 3147 3032
26507 2070 2080 2044 2064
26508 2950 227 2963 2958
26509 1781 1844 608 1723
26510 1999 1915 1972 1927
26511 3348 3259 3226 3346
26512 1874 429 436 1719
26513 1732 1856 1733 1734
26514 3134 3021 3039 3057
26515 3286 3300 3360 3311
26516 3279 3358 748 3367
26517 3011 3012 3126 3041
26518 3025 3176 3146 3174
26519 2357 2354 2394 634
26520 1301 13 403 3395
26521 3274 3336 3255 3273
26522 3133 3131 3163 3016
26523 1981 478 1968 1919
26524 436 437 428 1753
26525 290 298 291 2990
26526 1934 478 1981 1919
26527 3058 3171 3057 3132
26528 1802 572 555 1789
26529 3048 3106 3162 2998
26530 3200 293 3000 3082
26531 3039 3155 3137 3171
26532 3001 3069 3184 3161
26533 1744 1757 1770 1891
26534 516 589 1775 517
26535 3120 3169 3090 3203
26536 3273 3336 3255 3381
26537 2985 2976 2983 620
26538 2914 397 421 2924
26539 682 623 705 706
26540 2036 2037 2089 2090
26541 1886 1858 1765 1718
26542 3000 3116 296 3200
26543 1892 1697 592 477
26544 1842 1885 1776 1764
26545 297 291 298 3187
26546 457 476 1892 1698
26547 476 457 1892 1697
26548 2975 2943 2964 651
26549 3171 3058 3149 3132
26550 3230 683 682 706
26551 1970 1920 1957 1943
26552 1940 1996 591 1957
26553 760 3351 3316 3795
26554 3116 296 292 3000
26555 1863 1861 1741 1865
26556 2953 2982 2965 2951
26557 1867 1865 1744 1891
26558 2060 2123 2018 2035
26559 3235 687 688 3350
26560 3331 3281 3301 3244
26561 3113 3166 3124 3008
26562 47 51 333 1036
26563 1927 1999 1915 1943
26564 3364 761 3794 3351
26565 3127 3011 3126 3041
26566 3101 3052 3210 3159
26567 1791 1824 568 1822
26568 3373 3325 3293 3270
26569 3265 3230 3305 3359
26570 3017 3046 3109 3078
26571 705 3219 681 3278
26572 3359 3230 707 3292
26573 3259 3257 3258 3345
26574 3026 3028 3142 3141
26575 3300 3357 3279 3360
26576 758 3797 3315 757
26577 1818 1793 1817 498
26578 500 1712 1823 1815
26579 1784 1901 1864 1743
26580 2057 2084 2049 2027
26581 1764 587 514 586
26582 3130 3149 3033 3132
26583 1983 1935 2005 577
26584 3373 3325 3270 3341
26585 694 693 3294 3277
26586 2052 2074 2102 2118
26587 1719 1869 1840 1754
26588 1862 1863 1861 1741
26589 3024 3139 3022 3056
26590 405 43 3398 1304
26591 3053 3092 3073 3165
26592 3342 3261 697 696
26593 707 3408 3388 3399
26594 2120 4 257 2053
26595 3799 738 3365 755
26596 3800 3365 738 755
26597 2033 452 2018 2105
26598 2984 2962 2946 2971
26599 3297 3318 698 3280
26600 3022 3136 3199 3020
26601 3065 3783 773 716
26602 773 3782 3065 716
26603 2003 588 587 576
26604 3225 750 751 3310
26605 2084 2049 2027 2060
26606 1720 1906 1889 1785
26607 3325 3271 3293 3270
26608 707 706 3230 3359
26609 544 2114 2062 2075
26610 514 27 25 513
26611 3157 3127 3041 3055
26612 3129 3012 3192 3013
26613 3253 3251 3252 3368
26614 1881 468 1890 1706
26615 1772 1894 1898 1848
26616 2018 2049 2123 2060
26617 3378 3318 3262 3227
26618 727 2957 2982 2942
26619 562 590 518 591
26620 1753 1848 428 1874
26621 2952 650 624 623
26622 1970 1971 1969 1927
26623 1956 2009 1981 1961
26624 614 3393 3388 701
26625 3284 3327 3293 3228
26626 778 3165 3082 3213
26627 22 2944 2967 2948
26628 1979 1978 1910 1928
26629 3204 3104 632 3178
26630 3305 3321 3236 3265
26631 550 567 1797 551
26632 307 306 326 2423
26633 3000 3092 3211 3200
26634 1737 1879 1736 1738
26635 445 2119 2069 2079
26636 1980 1994 1979 1950
26637 3009 3124 3011 3010
26638 2995 3217 3178 3177
26639 734 3316 3796 3363
26640 1853 1732 1724 1751
26641 3167 3047 3122 3035
26642 620 2940 2976 621
26643 761 760 3351 3233
26644 1852 1897 1730 1731
26645 2124 2033 2049 2105
26646 2993 3064 772 3078
26647 3130 3060 3128 3129
26648 514 515 2050 535
26649 1866 1865 1742 1867
26650 3321 3305 3322 3265
26651 2104 2020 2051 2125
26652 3192 3166 3072 3010
26653 2094 2044 2080 2095
26654 3230 683 706 707
26655 3143 3147 3070 3027
26656 3411 3392 3410 3402
26657 1785 1889 1720 1768
26658 22 654 726 3772
26659 1792 1817 1827 1793
26660 1849 458 1851 1873
26661 1789 1814 572 571
26662 3038 3179 3154 3044
26663 1742 1863 1741 1865
26664 3125 3151 3050 3168
26665 11 1034 558 667
26666 3297 697 3318 3342
26667 2973 1 236 2981
26668 3282 3279 3367 3360
26669 519 563 562 591
26670 3133 3017 3190 3018
26671 3060 3059 3033 3130
26672 3080 3175 3023 3079
26673 1734 1857 1870 1736
26674 3007 2997 3113 3008
26675 3262 3318 3349 3342
26676 2987 3159 3042 3173
26677 2082 2050 2025 2071
26678 3106 3207 3162 2998
26679 1859 1857 1858 1737
26680 1841 463 1720 1871
26681 419 395 2934 2851
26682 3283 709 685 708
26683 3190 3135 3133 3018
26684 582 2001 1930 583
26685 2021 547 546 2064
26686 3009 3050 3011 3125
26687 3188 649 3071 2992
26688 231 35 3774 2957
26689 3279 3231 3357 3300
26690 2354 2353 2578 2355
26691 290 299 298 3093
26692 3194 3075 3013 3107
26693 3114 3162 3097 3160
26694 1776 1885 1752 1725
26695 364 5 3380 3280
26696 3155 3039 3098 3171
26697 1861 1859 1860 1739
26698 3027 3147 3070 3034
26699 2049 2084 2105 2123
26700 3238 3321 3237 3304
26701 1771 519 518 591
26702 730 3777 3413 3407
26703 453 2081 2117 2022
26704 3370 3252 3251 3368
26705 287 302 301 3181
26706 3190 3019 3135 3018
26707 3020 3199 3022 3023
26708 1764 1842 1885 587
26709 685 686 653 626
26710 3139 3022 3199 3023
26711 3802 3309 740 753
26712 753 3309 740 3801
26713 3036 3037 3029 3145
26714 1944 1992 1971 1948
26715 2107 446 2072 2104
26716 3345 3258 3259 3343
26717 774 3066 2989 3105
26718 3237 3350 3239 3382
26719 3270 3315 3373 3341
26720 1765 1858 1766 1718
26721 327 308 307 2504
26722 2989 3781 775 3074
26723 43 3398 3777 730
26724 516 2019 515 536
26725 3190 3017 3019 3018
26726 2955 2943 2947 2975
26727 1969 1968 1957 1920
26728 1821 1790 1796 1826
26729 620 2983 2954 619
26730 2093 451 2018 2035
26731 621 2976 620 2961
26732 1981 479 1934 1956
26733 3174 3079 3175 3105
26734 3245 3243 3308 3366
26735 2099 448 2100 2091
26736 3192 3124 3010 3126
26737 1735 1904 1856 1782
26738 3194 3163 3015 3193
26739 3022 3138 3030 3056
26740 625 626 685 652
26741 769 3107 2991 770
26742 459 1730 1724 1852
26743 3038 3061 3179 3048
26744 575 558 1811 574
26745 3298 5 365 3280
26746 2116 2046 2042 2095
26747 57 1810 496 1684
26748 2424 330 310 1041
26749 1766 1859 1737 1739
26750 3058 3059 2988 3149
26751 2041 2046 2042 2116
26752 3063 3034 3182 3053
26753 2287 440 14 1301
26754 3166 3192 3072 3107
26755 772 717 3783 3064
26756 772 717 3064 3784
26757 2022 538 2059 2112
26758 3051 3148 3088 3189
26759 760 3377 3233 3266
26760 1905 1864 1785 1784
26761 1859 1737 1739 1738
26762 3178 3059 3089 3177
26763 1757 1770 1891 1838
26764 2029 2026 2086 2122
26765 3078 3180 3019 3067
26766 3378 3263 3286 3227
26767 651 652 684 3120
26768 3322 3284 3238 3265
26769 3146 3027 3025 3031
26770 3145 3029 3036 3142
26771 1730 1724 1852 1731
26772 3258 3260 3343 3261
26773 1835 1684 58 495
26774 3138 3022 3139 3056
26775 3040 3148 3088 3051
26776 1813 1796 1837 1812
26777 3059 3149 3033 3130
26778 3169 3091 3054 3118
26779 3293 3323 3325 3373
26780 3258 3345 3344 3343
26781 3299 379 3317 3356
26782 3043 2996 3074 776
26783 1921 1969 1971 1927
26784 2062 545 544 2075
26785 708 3414 709 626
26786 496 495 1835 1716
26787 495 496 1835 1684
26788 1766 1767 1860 1750
26789 1768 1862 1863 1864
26790 562 518 539 519
26791 1856 1733 1734 1735
26792 60 1685 1954 484
26793 385 384 357 2928
26794 3009 3011 3124 3125
26795 2052 2125 2074 2118
26796 1793 1817 1827 1818
26797 2042 2094 2043 2097
26798 2050 2012 2082 2025
26799 708 3291 3371 3233
26800 755 3330 3365 3312
26801 688 3235 3350 3239
26802 1856 1857 1734 1855
26803 3072 3075 2991 3107
26804 448 2036 2100 2091
26805 3236 3278 3320 3305
26806 3330 3332 3275 3365
26807 3167 3091 3169 3118
26808 236 235 1 2973
26809 2020 2069 260 2103
26810 3009 3008 3124 3010
26811 2029 2031 2067 2122
26812 2368 279 315 2305
26813 3035 3123 3167 3151
26814 3353 3256 695 694
26815 394 418 419 2934
26816 241 268 269 2300
26817 560 589 561 1947
26818 1833 499 1798 1793
26819 283 282 318 2374
26820 3261 3220 3269 696
26821 3053 3164 3211 3165
26822 1857 1858 1737 1765
26823 1773 1894 1747 1844
26824 1774 590 1896 1895
26825 3361 740 3309 3801
26826 685 708 626 625
26827 1969 1920 1970 1927
26828 3022 3139 3136 3138
26829 3208 3150 3061 3179
26830 3174 3031 3085 3170
26831 3331 3246 3330 3275
26832 3066 3080 3201 3067
26833 1806 1796 1790 1826
26834 3033 3149 3058 3132
26835 3163 3015 3017 3016
26836 3017 3133 3163 3016
26837 2114 2032 544 2062
26838 588 1945 559 576
26839 2044 2094 2043 2042
26840 3350 3237 3321 3324
26841 3082 3200 293 3213
26842 1992 580 2004 2010
26843 3012 3128 3060 3129
26844 3350 3237 3236 3321
26845 501 490 1815 1681
26846 490 501 1815 1712
26847 1878 1757 1880 1738
26848 2033 2096 452 2105
26849 1766 1858 1859 1860
26850 3379 378 40 3776
26851 3130 3060 3129 3014
26852 3391 3415 3387 3411
26853 1745 1744 1746 1867
26854 3260 3343 3261 3342
26855 1955 2001 1986 1976
26856 1854 1733 1731 1732
26857 481 1914 1960 482
26858 3245 3249 3340 3248
26859 3005 3086 3215 3068
26860 3138 3139 3140 3056
26861 3327 3373 3293 3228
26862 3068 3181 301 3114
26863 3031 3025 3146 3174
26864 1765 1732 1855 1751
26865 592 456 1680 477
26866 456 592 1697 477
26867 1876 431 430 1726
26868 360 52 388 2232
26869 406 44 43 3777
26870 3085 3079 3174 3105
26871 1773 1894 1898 1772
26872 2987 3159 3173 3189
26873 911 253 254 2269
26874 3210 3197 3110 2994
26875 267 268 240 2393
26876 3264 688 689 3239
26877 2057 2025 2050 2071
26878 328 309 308 2416
26879 3127 3168 3125 3076
26880 3164 3182 3053 3211
26881 3164 3053 3073 3165
26882 269 270 242 2392
26883 1871 1862 1720 1889
26884 2103 2020 2125 2074
26885 1974 1973 1923 1975
26886 3163 3046 3015 3193
26887 1722 1762 604 1749
26888 2050 2082 535 2071
26889 3288 3247 690 691
26890 3142 3029 3028 3026
26891 3176 3146 3141 3025
26892 1952 2011 1965 1912
26893 2055 544 543 2032
26894 613 3393 706 707
26895 353 8 352 2000
26896 774 3201 3065 3066
26897 3799 737 756 3312
26898 3798 756 737 3312
26899 3033 3058 3057 3132
26900 2105 2018 2049 2123
26901 774 3201 3066 3105
26902 3080 3191 3201 3067
26903 3178 2988 3059 3149
26904 1821 1796 1795 1837
26905 1728 1849 457 1895
26906 616 703 3390 3386
26907 3252 3353 3254 3368
26908 2090 2092 2038 2111
26909 695 3256 3268 3285
26910 3135 3199 3136 3020
26911 618 650 2952 623
26912 3195 3172 3119 629
26913 706 3408 613 707
26914 3287 3273 3381 752
26915 3124 3123 3009 3125
26916 1802 573 572 1827
26917 2085 2123 2084 2060
26918 3398 730 3415 3407
26919 650 2952 2980 618
26920 3053 3063 3000 3211
26921 1745 1866 1742 1867
26922 2980 2952 2964 619
26923 3345 3257 3258 3344
26924 388 387 360 2861
26925 641 3218 666 667
26926 3286 3311 3378 3355
26927 1744 1745 1742 1867
26928 3099 3168 3050 3212
26929 3214 3083 633 2988
26930 3094 3050 3035 3151
26931 3028 3026 3024 3141
26932 2080 546 547 2064
26933 1820 1815 501 1821
26934 3332 3365 3361 754
26935 680 32 30 681
26936 770 771 3193 3077
26937 3136 3139 3022 3199
26938 3318 3262 3297 3342
26939 2948 2979 2941 2949
26940 472 461 1839 1701
26941 461 472 1839 1702
26942 1920 1957 1940 1909
26943 3369 750 749 3272
26944 3330 3328 3246 3329
26945 3365 3799 755 3312
26946 3006 766 3122 767
26947 3350 3236 3320 3321
26948 764 3087 3084 3791
26949 2954 2943 2964 2975
26950 293 296 295 3200
26951 3320 3235 3236 3350
26952 538 518 2056 539
26953 276 50 46 1039
26954 1778 432 64 1899
26955 2054 2114 2058 2101
26956 3013 3015 3075 3194
26957 1920 1969 1921 1927
26958 454 1695 2081 2110
26959 3167 3094 3035 3151
26960 3107 3194 3075 3193
26961 1876 1877 1847 1769
26962 1830 496 1684 1835
26963 571 1801 1826 570
26964 1824 1791 1816 1822
26965 333 334 377 2428
26966 295 293 3200 3213
26967 3314 3254 3268 3353
26968 3396 3397 3402 3386
26969 1753 1772 1893 1748
26970 249 221 49 2293
26971 3109 3046 3163 3193
26972 3799 3365 738 3312
26973 3123 3007 3009 3035
26974 3155 3098 3183 3171
26975 2114 2062 2075 2054
26976 3033 3060 3130 3014
26977 3215 3068 3097 3114
26978 1311 2573 412 2563
26979 3176 3025 3079 3174
26980 1865 1878 1740 1891
26981 2992 3050 3151 3212
26982 2111 2040 2075 2097
26983 3125 3011 3126 3127
26984 561 538 537 1828
26985 2067 2076 2098 2122
26986 3148 3137 3030 3040
26987 1880 1757 1838 1759
26988 3322 3265 3359 3267
26989 545 2047 546 2066
26990 433 432 64 1778
26991 3192 3129 3013 3194
26992 1834 1816 1791 1822
26993 2028 2085 2060 2035
26994 3047 766 3118 3122
26995 3002 3047 766 3118
26996 3106 3048 3093 2998
26997 3373 3293 3323 3327
26998 381 363 382 3355
26999 2048 448 447 2099
27000 1894 1884 1773 1898
27001 1685 483 61 2008
27002 2041 2038 2048 2092
27003 3238 3321 3323 3322
27004 3172 629 630 655
27005 250 222 249 2282
27006 2994 3197 3110 638
27007 2674 2650 2356 2648
27008 1768 1785 1889 1864
27009 1799 1788 552 569
27010 3116 292 3095 3000
27011 544 2055 2013 2062
27012 1992 1972 1944 1971
27013 685 684 652 3120
27014 518 2059 538 2056
27015 2995 3217 3172 630
27016 3401 627 709 626
27017 1697 592 456 1892
27018 3357 3231 3299 3356
27019 3347 3302 3272 3345
27020 3140 3028 3024 3141
27021 3065 773 3064 3067
27022 765 3054 3002 3118
27023 3259 3226 3272 3348
27024 3028 3140 3142 3141
27025 2944 727 22 2967
27026 563 562 539 519
27027 1769 1847 1876 1726
27028 1846 1885 1752 1897
27029 590 1917 1964 1996
27030 3254 3256 3353 3252
27031 1750 1862 1720 1871
27032 3190 3019 3017 3078
27033 465 468 1881 1706
27034 465 468 1705 1881
27035 747 3358 3279 3357
27036 1920 1968 1909 1919
27037 1890 465 466 1769
27038 1860 1859 1766 1739
27039 709 686 685 626
27040 2962 2960 2955 2941
27041 2986 2976 2940 621
27042 2987 3103 3052 3159
27043 3039 3058 3171 3057
27044 2926 417 418 2129
27045 3161 3086 3045 3160
27046 1887 1766 1767 1860
27047 3008 3049 3166 3072
27048 3002 3054 3047 3118
27049 3327 3362 3316 3266
27050 303 9 11 667
27051 3037 3081 3153 3145
27052 2995 3111 631 3089
27053 3403 628 24 3405
27054 3359 3362 3322 3267
27055 3019 3191 3135 3020
27056 3038 3179 3150 3185
27057 2357 2399 2358 635
27058 610 1850 1729 1777
27059 2953 2965 2967 2972
27060 2954 2983 2964 619
27061 3086 3215 3068 3097
27062 1812 1824 1813 569
27063 3390 3396 616 3386
27064 578 1984 1935 1915
27065 1742 1743 1863 1866
27066 753 3224 3361 754
27067 2968 2972 2959 2956
27068 1791 1800 1824 1816
27069 1903 1854 1733 1731
27070 1824 1799 568 569
27071 3140 3028 3042 3056
27072 3069 3197 3081 2994
27073 563 519 592 591
27074 3252 3313 3353 3368
27075 2098 2076 2067 542
27076 1857 1734 1737 1736
27077 1874 1869 1840 1719
27078 1859 1878 1879 1738
27079 3270 3293 3373 3228
27080 3160 3045 3161 3153
27081 1812 1824 1799 1791
27082 3109 3163 3017 3190
27083 1733 1776 1903 1731
27084 1988 1977 1926 2002
27085 2958 2963 2945 2970
27086 3222 3247 690 3288
27087 777 3062 3073 2996
27088 1751 1886 1765 1718
27089 3153 3154 3045 3037
27090 1984 1935 1915 1964
27091 3069 3184 638 639
27092 589 1896 1775 1774
27093 3253 3255 3337 3295
27094 2949 2972 2984 2956
27095 3238 3236 3321 3265
27096 1856 1903 1854 1733
27097 1865 1740 1742 1744
27098 777 3073 3165 3112
27099 3369 3804 750 3310
27100 2052 2068 2125 2118
27101 3389 3396 3392 3412
27102 2116 2109 2046 2095
27103 52 48 388 1309
27104 2943 652 625 651
27105 1680 17 456 592
27106 3184 3110 3197 638
27107 413 414 1310 2177
27108 1717 1838 1770 1759
27109 1813 1788 1812 569
27110 3332 3224 3275 754
27111 341 342 369 2515
27112 1974 1986 1976 1941
27113 1852 1724 1845 1853
27114 3806 748 3358 3306
27115 3019 3191 3180 3190
27116 2039 2038 2040 2111
27117 3268 3314 695 696
27118 1843 1900 605 1722
27119 3034 3147 3182 3164
27120 394 418 2910 2926
27121 1923 1922 1924 2009
27122 2105 2096 452 2077
27123 3300 3356 3357 3360
27124 2046 2045 2042 2095
27125 766 723 3002 3790
27126 723 766 3002 3789
27127 513 514 27 586
27128 3340 3376 692 3248
27129 3041 3128 3127 3157
27130 759 3316 3327 3363
27131 1925 1930 1976 1977
27132 3331 3281 3246 3275
27133 395 419 420 2851
27134 3365 3332 3275 754
27135 2109 2068 2045 2118
27136 660 634 3196 3205
27137 2075 2054 2040 2111
27138 4 256 257 2053
27139 1758 1880 1757 1738
27140 2988 632 3104 3178
27141 1845 459 1724 1852
27142 1997 1953 585 2000
27143 1897 1752 1730 1731
27144 3248 692 3375 691
27145 1965 2008 1995 1952
27146 708 685 684 625
27147 1996 1940 1917 1943
27148 2952 2943 2964 2954
27149 2062 2114 2032 2054
27150 3178 3183 2988 3149
27151 2970 2945 2958 622
27152 2033 2018 2049 2105
27153 3159 3101 3042 3144
27154 1837 1796 1800 1812
27155 2100 2036 2089 2091
27156 3195 3076 3127 3055
27157 1963 344 351 1916
27158 3043 3158 3032 3112
27159 2011 1989 1942 1929
27160 1776 1782 1842 1764
27161 478 1934 1918 1919
27162 257 2120 2053 2017
27163 1730 459 1851 1852
27164 3169 3054 3090 3203
27165 486 1914 1949 1710
27166 1793 1833 1827 1808
27167 654 22 2967 2948
27168 3161 3086 3069 3045
27169 707 3404 3408 3399
27170 3229 3235 688 3239
27171 14 16 439 534
27172 1721 1842 1764 586
27173 3050 3125 3168 3076
27174 2092 2040 2111 2097
27175 2068 2109 2125 2118
27176 685 3291 3283 708
27177 2107 445 446 2051
27178 3182 3063 3053 3211
27179 3118 3167 3047 3122
27180 3179 3061 3208 3048
27181 3360 3300 3286 3263
27182 1839 1887 462 1888
27183 1857 1855 1858 1765
27184 3341 3223 3270 757
27185 3002 766 3047 3006
27186 2013 545 544 2062
27187 3396 3402 3406 616
27188 627 686 709 626
27189 447 2072 2015 2115
27190 3129 3060 3012 3014
27191 1939 1963 1994 1916
27192 3385 3414 709 708
27193 2990 3187 3208 3106
27194 2121 2087 2014 2035
27195 3070 3150 3147 3143
27196 3331 3329 3246 3366
27197 611 1850 426 1786
27198 2993 3109 3046 3078
27199 264 265 258 2102
27200 2311 641 9 1037
27201 3296 689 3222 690
27202 3306 748 3358 3367
27203 1917 561 562 590
27204 20 564 1680 592
27205 2029 2088 2039 2101
27206 12 575 2518 1035
27207 2034 2022 2033 2078
27208 545 2013 2047 2066
27209 1736 1749 1870 1735
27210 654 2979 653 2941
27211 2984 2962 2960 2946
27212 1863 1862 1768 1741
27213 3006 766 3047 3122
27214 1886 1887 1858 1718
27215 2087 2088 2089 2063
27216 2026 2029 2098 2122
27217 1804 566 1829 536
27218 3349 3378 3318 3262
27219 2970 2986 2945 621
27220 1874 436 1753 1719
27221 3206 3090 651 3120
27222 1845 459 460 1724
27223 3388 615 702 3390
27224 2049 2034 2033 2124
27225 1834 562 538 539
27226 3331 3330 3332 3275
27227 276 46 248 2684
27228 540 18 564 1678
27229 3230 683 707 3292
27230 3096 778 38 3775
27231 1306 617 13 1301
27232 2007 353 8 1173
27233 2094 2075 2043 2097
27234 3046 3075 3193 3077
27235 3012 3128 3041 3060
27236 2110 1696 502 540
27237 588 2003 1945 576
27238 47 333 377 2838
27239 512 2119 55 1683
27240 2592 238 239 912
27241 1741 1743 1863 1742
27242 2092 2041 2040 2097
27243 1816 562 539 563
27244 694 693 3313 3294
27245 653 3198 685 652
27246 1996 1917 1964 1951
27247 3179 3106 3162 3048
27248 287 301 288 3068
27249 632 631 3204 3089
27250 3000 3092 3200 3082
27251 3047 3054 3091 3118
27252 3217 2995 3111 630
27253 1795 1820 501 1821
27254 2954 2985 2947 2975
27255 2947 2943 2954 2975
27256 2041 2108 2046 2116
27257 611 426 439 1786
27258 1985 1931 1946 1949
27259 1737 1734 1857 1765
27260 3110 3186 637 663
27261 3199 3176 3139 3023
27262 1750 1767 1860 1871
27263 3122 3047 3006 3007
27264 3373 758 3363 3315
27265 2024 2012 2082 541
27266 459 1845 1851 1852
27267 2954 2964 2952 619
27268 3319 3292 3291 3233
27269 1782 1904 1856 1842
27270 708 3291 3283 3371
27271 1796 1806 1801 1826
27272 613 3408 3393 707
27273 2813 368 367 1177
27274 3010 3072 3192 3013
27275 514 25 27 535
27276 3313 3353 3256 3252
27277 2070 2044 2094 2066
27278 2996 3043 3112 776
27279 1990 1959 581 1986
27280 3268 3258 3254 3314
27281 3000 3063 3116 3211
27282 3019 3080 3191 3020
27283 755 3275 3330 3290
27284 446 2107 2051 2104
27285 1888 1887 462 1767
27286 2974 620 2976 2961
27287 3413 729 44 3777
27288 1817 573 1792 1827
27289 3190 3017 3109 3078
27290 1989 2011 1960 1929
27291 1718 1887 462 1839
27292 3403 3387 3415 3405
27293 3230 3359 3267 3292
27294 482 1914 1960 1933
27295 2992 3188 648 3108
27296 1821 1795 1820 1825
27297 3399 3404 615 3390
27298 1757 1770 1838 1759
27299 2996 3778 3062 712
27300 458 457 1728 1849
27301 1719 1840 1755 1754
27302 560 561 537 1828
27303 1973 1921 1923 1922
27304 2955 2962 652 2975
27305 2998 3162 3097 3114
27306 1886 1855 1853 1751
27307 302 287 3005 3181
27308 2973 2958 1 622
27309 3089 2988 3059 3178
27310 637 2994 3110 638
27311 3219 30 680 3234
27312 3048 3162 3044 2998
27313 3064 3180 772 3078
27314 462 1887 1718 1767
27315 2036 449 448 2100
27316 2959 2972 2953 2949
27317 2962 2947 2971 2975
27318 3364 3793 731 732
27319 2108 2046 2015 2041
27320 697 3297 3269 3261
27321 309 329 310 2500
27322 1750 1720 1767 1871
27323 688 3264 3229 3239
27324 1995 1932 1933 1952
27325 1750 1720 1862 1768
27326 3191 3201 3175 3080
27327 583 2006 1910 1980
27328 1038 2511 332 2525
27329 2091 2048 2036 2038
27330 626 625 2955 652
27331 3286 3360 3263 3378
27332 3318 698 697 3297
27333 3182 3187 3063 3116
27334 3111 3204 3089 3178
27335 2012 2024 2023 541
27336 2959 2939 2968 2956
27337 3226 3279 748 3367
27338 563 539 1816 540
27339 1838 1891 1757 1880
27340 403 15 1301 3395
27341 1893 1848 1753 1874
27342 1852 1854 1897 1731
27343 2080 2070 546 2064
27344 3239 3240 3307 3241
27345 2056 454 2022 2112
27346 463 1841 1888 1871
27347 3247 3276 3248 691
27348 297 291 3187 3095
27349 3377 3351 760 3233
27350 516 2061 537 517
27351 3095 3187 297 3116
27352 680 3216 26 3108
27353 3031 3079 3025 3174
27354 3292 708 707 3319
27355 1992 1944 1913 1948
27356 503 454 2110 1695
27357 454 503 2110 1696
27358 2989 775 3085 3074
27359 1860 1767 1887 1871
27360 625 2955 652 2943
27361 482 1960 1995 1933
27362 687 30 3219 3234
27363 1815 501 1681 1820
27364 649 681 648 3188
27365 1775 1896 589 1846
27366 2027 2028 2085 2060
27367 3245 3308 3334 3366
27368 2949 2959 2972 2956
27369 3250 3376 3340 3248
27370 3353 3256 3268 695
27371 2106 537 2061 2078
27372 409 441 2566 1306
27373 629 3055 3172 630
27374 3242 3326 3240 3352
27375 1748 1869 1719 1754
27376 2967 2944 2953 2948
27377 2093 2123 2018 2077
27378 3275 3365 754 755
27379 3202 3001 3117 3161
27380 3081 3197 3069 3153
27381 325 326 306 2524
27382 3415 3387 3398 3391
27383 3025 3023 3176 3079
27384 1951 1917 1964 1947
27385 2055 544 2032 2062
27386 615 3388 3399 3390
27387 1798 1833 1793 1808
27388 1686 466 64 1899
27389 3371 3319 708 3233
27390 3020 3080 3199 3023
27391 2041 2092 2116 2097
27392 1730 1851 458 1873
27393 540 455 502 1678
27394 1696 455 502 540
27395 3 647 2981 907
27396 3257 3345 3339 3344
27397 2012 2023 25 541
27398 1952 1942 2011 1912
27399 2999 3169 3206 3115
27400 3797 3363 3315 735
27401 1750 1860 1766 1739
27402 3053 3032 3034 3164
27403 1872 1886 461 1839
27404 627 653 626 2941
27405 772 3109 2993 3078
27406 2038 2091 2048 2092
27407 1923 1924 1975 2009
27408 608 1781 1723 1761
27409 2944 2957 728 3769
27410 3265 3305 3322 3359
27411 3267 3292 3319 3233
27412 3320 30 705 3219
27413 3383 3287 751 3225
27414 452 453 2096 2033
27415 1855 1857 1734 1765
27416 3074 3781 775 714
27417 3780 3074 775 714
27418 628 2944 22 2948
27419 1758 1843 1880 1879
27420 3244 3242 3243 3366
27421 1038 312 311 2705
27422 3225 3295 3302 3347
27423 3804 751 750 3310
27424 759 758 3363 3228
27425 777 2996 3779 712
27426 2996 777 3778 712
27427 2941 654 2979 2948
27428 3236 3235 3237 3350
27429 592 564 563 1909
27430 3149 3058 3059 3033
27431 3177 3059 3060 3130
27432 1819 497 1716 1832
27433 3114 3097 3215 3160
27434 3046 3015 3017 3163
27435 1305 15 402 704
27436 19 564 1679 1918
27437 2111 2114 2054 2101
27438 753 3273 3372 3224
27439 3345 3302 3257 3339
27440 3249 3335 3301 3334
27441 3339 3337 3253 3368
27442 3207 3106 3093 2998
27443 2992 3099 3050 3212
27444 256 4 908 2065
27445 3226 748 749 3306
27446 3244 3331 3246 3366
27447 2082 2012 25 541
27448 1803 537 1829 536
27449 3172 3217 3111 630
27450 1838 1717 606 1759
27451 3159 3052 2987 3042
27452 1881 1890 465 1706
27453 3201 3065 3066 3067
27454 416 417 2850 2200
27455 399 424 400 2906
27456 3224 3332 3361 754
27457 1847 431 1876 1726
27458 1854 1732 1853 1855
27459 2235 2932 2859 2899
27460 3385 3406 3389 3401
27461 57 58 324 1684
27462 1730 1728 1752 1873
27463 654 2967 2979 2948
27464 3371 761 3351 3233
27465 3157 3195 3127 3055
27466 3085 3174 3170 3105
27467 315 280 279 2368
27468 1796 1821 1826 1813
27469 20 564 592 1909
27470 3092 3165 3200 3082
27471 452 2018 2105 2077
27472 3165 3211 3092 3200
27473 3149 3059 3177 3130
27474 2070 546 2047 2066
27475 498 1793 1817 1807
27476 752 3273 3309 753
27477 3352 3308 3243 3366
27478 3019 3180 3191 3067
27479 2017 2080 2064 2045
27480 3137 3148 3155 3040
27481 1856 1733 1782 1842
27482 641 2404 2396 2311
27483 606 1717 529 1779
27484 1766 1858 1887 1718
27485 686 627 653 626
27486 705 3320 3278 3305
27487 3385 3389 709 3401
27488 1751 461 1886 1718
27489 1986 1955 1976 1941
27490 351 352 344 1963
27491 3153 3081 3197 3152
27492 2029 2067 2098 2122
27493 3793 3364 762 761
27494 705 3320 3219 3278
27495 1924 1925 1923 1975
27496 316 281 280 2299
27497 5 365 1172 3298
27498 2041 2040 2038 2092
27499 423 399 398 2852
27500 2970 2977 2986 621
27501 303 286 9 641
27502 3362 3284 3322 3267
27503 653 627 654 2941
27504 3396 3406 3385 3390
27505 3115 3071 3209 3188
27506 3353 3344 3254 3368
27507 2994 3197 3081 3152
27508 1842 1782 1721 1764
27509 705 30 32 681
27510 3127 3125 3011 3076
27511 1975 1923 1974 1941
27512 1931 1961 480 1985
27513 480 1931 1985 1949
27514 1860 1862 1750 1871
27515 3407 3415 3398 3400
27516 1718 461 1886 1839
27517 3256 694 3294 3277
27518 282 317 318 2375
27519 3347 3302 3345 3339
27520 533 534 1729 611
27521 1720 1906 1785 1760
27522 1766 1737 1858 1765
27523 534 16 439 611
27524 1840 434 435 1755
27525 1803 1809 567 1828
27526 3239 3307 3240 3382
27527 3045 3081 3069 3153
27528 1890 1877 465 1769
27529 3188 2992 3212 3108
27530 3788 767 2997 768
27531 3163 3015 3131 3194
27532 1717 607 1838 606
27533 1736 1879 1758 1738
27534 1772 1848 1727 1753
27535 1977 1925 1930 1928
27536 3030 3138 3148 3051
27537 1035 325 305 2518
27538 3373 3327 3363 3228
27539 2123 2085 2093 2035
27540 1986 1992 1913 1974
27541 2984 2949 2956 2946
27542 1925 1926 1977 2002
27543 257 265 2120 2017
27544 3162 3154 3044 3160
27545 2999 3054 3090 3169
27546 1977 1978 1979 1928
27547 3274 3333 3372 3224
27548 3774 728 34 2957
27549 3376 3294 693 3303
27550 2029 2088 2037 2039
27551 3251 3253 3337 3368
27552 1816 1825 563 540
27553 636 3052 3186 637
27554 5 698 3380 3280
27555 743 3804 3369 3310
27556 3031 3174 3158 3170
27557 3320 687 3219 3235
27558 1920 1969 1968 1919
27559 2942 2982 2967 2953
27560 371 339 340 2521
27561 1680 564 17 592
27562 1977 1976 1925 1975
27563 3080 3201 3175 3066
27564 3258 3260 3259 3343
27565 2085 2028 2087 2035
27566 3215 3202 3005 3181
27567 3272 3226 749 3348
27568 1889 1862 1720 1768
27569 324 12 1033 1830
27570 2022 2117 2033 2078
27571 1812 1799 1824 569
27572 1964 1935 1915 1951
27573 3241 3240 3382 3352
27574 1948 1971 1944 1927
27575 1771 518 590 591
27576 450 449 2014 2073
27577 2922 389 390 1310
27578 692 3248 3276 691
27579 2988 3089 632 3178
27580 2045 2046 2109 2095
27581 3386 3397 617 3395
27582 3359 3267 3292 3319
27583 3406 3412 3389 3401
27584 1926 2002 1924 1931
27585 2113 450 2073 1691
27586 686 653 3198 685
27587 3211 3092 3053 3165
27588 3291 3283 3371 3233
27589 3265 3322 3284 3267
27590 3370 3251 3337 3368
27591 1922 1924 2009 1956
27592 1033 12 323 1810
27593 17 455 540 1678
27594 3125 3050 3011 3076
27595 1743 1742 1780 1866
27596 571 1789 1814 1806
27597 431 434 430 1726
27598 3313 3252 3370 3368
27599 1796 1795 1790 1821
27600 684 625 624 707
27601 2959 2953 2965 2951
27602 730 3413 729 3771
27603 3777 3413 729 730
27604 5 364 365 3280
27605 2981 1 236 907
27606 2045 2046 2068 2109
27607 1931 2002 1961 1985
27608 2113 2073 507 1691
27609 2080 2044 2064 2045
27610 3336 3274 3333 3372
27611 3164 3032 3158 3112
27612 775 3170 3085 3074
27613 3028 3140 3024 3056
27614 3195 3003 3055 629
27615 9 303 641 667
27616 1855 1886 1765 1751
27617 1897 1776 1752 1731
27618 3195 3157 3172 3055
27619 1906 464 1841 1881
27620 3060 3128 3177 3130
27621 2990 3187 291 3095
27622 287 3005 3181 3068
27623 3054 3087 765 3002
27624 3092 3053 3000 3211
27625 2039 2058 2029 2101
27626 3078 3064 3180 3067
27627 1879 1878 1880 1738
27628 3002 766 765 3118
27629 282 281 317 2683
27630 775 3085 3170 3105
27631 3074 3170 3043 776
27632 2999 3091 3054 3169
27633 3063 3187 3095 3116
27634 465 464 1760 1881
27635 3340 3249 3250 3248
27636 3179 3162 3154 3044
27637 3382 3307 3240 3241
27638 1880 1758 1879 1738
27639 773 3180 3064 3067
27640 3092 3073 3165 3062
27641 707 3359 3292 3319
27642 1969 1981 1968 1919
27643 2093 2018 2123 2035
27644 3076 3195 3003 3055
27645 3802 752 3309 753
27646 1901 1863 1743 1866
27647 3173 3140 3042 3056
27648 3326 3382 3240 3352
27649 3165 3200 3082 3213
27650 584 583 2006 1991
27651 2120 547 4 2053
27652 771 3109 2993 772
27653 2081 453 454 2022
27654 481 1914 1946 1960
27655 1872 1886 1853 1751
27656 3306 749 3226 3348
27657 3387 3403 24 3405
27658 3173 3138 3140 3056
27659 3210 3052 3101 2994
27660 1794 1830 1810 575
27661 310 329 330 2500
27662 3149 3183 3058 3171
27663 605 604 1843 1722
27664 1997 585 584 1966
27665 3346 3348 3259 3345
27666 431 432 433 1847
27667 3040 3030 3148 3051
27668 3069 3161 3045 3153
27669 3398 730 3387 3415
27670 584 583 1910 1980
27671 3794 732 3364 3351
27672 3167 3091 3209 3169
27673 3252 3254 3253 3368
27674 3411 3387 3391 3392
27675 542 2031 2016 543
27676 3079 3175 3176 3174
27677 3324 3240 3237 3304
27678 410 409 442 2558
27679 3357 3299 3317 3356
27680 2082 25 2012 535
27681 466 1847 1890 1769
27682 3144 3145 3036 3142
27683 1720 464 463 1841
27684 3266 3327 3284 3228
27685 3387 24 710 3405
27686 1932 1995 1936 1952
27687 1934 478 479 1981
27688 2943 625 624 651
27689 3806 3358 745 3306
27690 1831 1790 1821 1826
27691 3188 3071 3209 2992
27692 3360 3346 3282 3349
27693 771 770 3785 3077
27694 3325 3271 3323 3293
27695 518 2056 539 519
27696 1758 1722 1843 1749
27697 3165 3082 3062 778
27698 3095 2990 3187 3063
27699 3412 3405 3389 3401
27700 3305 3278 3230 3265
27701 3323 3271 3325 3324
27702 1846 1775 1752 1725
27703 514 587 27 586
27704 3787 768 3049 769
27705 3387 710 3389 3405
27706 1978 1910 1980 1979
27707 3117 639 3184 3001
27708 3098 3214 3155 3183
27709 1806 1814 571 1826
27710 1697 456 457 1892
27711 2056 2022 2059 2112
27712 3304 3238 3323 3293
27713 322 10 1034 558
27714 697 3297 3261 3342
27715 3381 3354 3287 752
27716 1815 1790 501 1821
27717 425 401 400 2859
27718 2076 2058 2101 2122
27719 3313 3256 694 3294
27720 1838 1900 1880 1759
27721 1991 1997 584 1966
27722 1816 1791 1800 539
27723 3133 3017 3163 3190
27724 3085 775 2989 3105
27725 754 3361 753 3801
27726 1821 1815 1790 1831
27727 345 351 344 1916
27728 1809 567 1828 1822
27729 2939 2968 2956 2950
27730 2076 2058 2032 2114
27731 3091 3167 3047 3118
27732 1981 1934 1919 1922
27733 1925 1976 1930 1941
27734 3205 634 3196 3156
27735 2086 2098 2026 2083
27736 540 563 539 519
27737 3800 754 3365 755
27738 1878 1757 1891 1880
27739 352 1953 1963 2000
27740 3147 3034 3032 3164
27741 1980 1939 584 1997
27742 3087 725 3084 3791
27743 1970 1999 1972 1927
27744 1801 1806 571 1826
27745 3267 3359 3362 3319
27746 2118 2080 2045 2095
27747 3363 3327 759 3228
27748 3383 3295 3287 3225
27749 592 1957 1968 1909
27750 3374 3308 3243 3352
27751 1830 1819 1794 496
27752 648 618 32 649
27753 777 3165 3062 778
27754 1913 581 580 2010
27755 3036 3152 3081 3145
27756 2086 2029 2088 2063
27757 1829 566 537 1803
27758 687 3219 3235 3234
27759 689 3296 3374 690
27760 3347 3272 3369 3348
27761 3371 3283 761 3233
27762 1927 1970 1999 1943
27763 1961 1924 2002 1931
27764 24 3773 710 628
27765 3362 3327 3284 3266
27766 3299 3279 3231 3357
27767 3331 3244 3334 3366
27768 3144 3028 3042 3140
27769 1945 1935 2005 1947
27770 285 320 321 2371
27771 592 519 456 591
27772 1915 1944 1972 1927
27773 2076 2031 2067 542
27774 3146 3027 3031 3158
27775 3145 3036 3152 3144
27776 3225 3383 3295 3347
27777 2061 2034 2019 2106
27778 1729 1763 533 610
27779 3044 3154 3045 3160
27780 1792 1817 1793 1807
27781 3170 3112 3043 776
27782 1872 461 1886 1751
27783 3034 3182 3061 3063
27784 3248 3340 3245 3375
27785 1999 1984 1915 1964
27786 3043 3085 3031 3170
27787 3199 3135 3191 3020
27788 3189 3148 3088 3156
27789 2057 2019 2034 2106
27790 2990 3106 3048 3093
27791 1930 1978 1976 1977
27792 613 706 3393 3394
27793 2006 2001 1958 583
27794 1865 1742 1863 1866
27795 3191 3080 3019 3067
27796 2044 2094 2042 2095
27797 323 57 1033 1810
27798 327 328 308 2504
27799 1786 1850 426 1907
27800 1800 1816 539 540
27801 3261 3342 3314 696
27802 3325 3223 3341 3328
27803 3307 688 3350 3239
27804 2017 265 2120 2102
27805 3041 3127 3011 3076
27806 3207 3106 299 3093
27807 355 356 1176 2135
27808 1902 1882 1746 1844
27809 3100 3128 3157 3177
27810 284 319 320 2301
27811 1794 1819 1830 575
27812 2994 3210 3052 637
27813 1829 537 566 1828
27814 2087 2086 2088 2063
27815 2995 3111 630 631
27816 3346 3259 3226 3282
27817 1992 1913 580 2010
27818 2032 544 543 2114
27819 3081 3101 3152 3036
27820 514 1721 1764 586
27821 567 566 1803 1828
27822 3241 689 3264 3296
27823 3242 3329 3326 3352
27824 1957 1969 1920 1970
27825 748 3358 3279 747
27826 1867 1746 1745 1902
27827 3180 3201 3191 3067
27828 2863 401 402 1308
27829 3790 3087 724 3002
27830 656 3172 630 655
27831 455 1696 2110 540
27832 1766 1887 1858 1860
27833 654 3772 22 628
27834 648 2978 618 649
27835 1971 1972 1944 1927
27836 3103 662 636 3186
27837 3285 695 3256 694
27838 3247 3248 3245 3375
27839 12 1805 1830 575
27840 1798 1823 499 1833
27841 396 395 420 2851
27842 432 63 64 1686
27843 1806 571 1789 1801
27844 1796 1821 1813 1837
27845 3295 3302 3347 3339
27846 1795 501 1790 1821
27847 2064 2053 2120 2017
27848 3335 3249 3340 3334
27849 586 587 27 576
27850 1832 1818 1817 498
27851 3183 2988 3104 3178
27852 3252 3250 3313 3370
27853 3786 769 2991 770
27854 1974 1913 1986 1941
27855 2042 2094 2097 2095
27856 3373 758 3315 3270
27857 3334 3244 3245 3366
27858 1718 1886 1887 1839
27859 1879 1870 1857 1736
27860 680 648 32 681
27861 466 465 1890 1706
27862 1849 1728 1873 1896
27863 309 328 329 2416
27864 3183 3058 2988 3149
27865 3392 3396 3397 3402
27866 17 18 564 1679
27867 18 17 564 1678
27868 17 20 564 1680
27869 17 20 1679 564
27870 710 627 709 3401
27871 1749 1883 1870 1735
27872 1971 1973 1969 1921
27873 708 3283 709 3371
27874 26 648 680 3108
27875 3036 3101 3152 3144
27876 3029 3028 3036 3142
27877 2970 2973 2977 622
27878 396 420 421 2924
27879 3348 3347 3272 3345
27880 590 1774 1771 1895
27881 31 29 1762 513
27882 3109 3180 3190 3078
27883 1926 1988 2002 1985
27884 1769 1877 465 1760
27885 1696 454 455 2110
27886 3160 3154 3045 3153
27887 438 1786 1907 1727
27888 1864 1863 1768 1743
27889 3083 3098 2988 3183
27890 3246 3328 3330 3290
27891 1682 19 20 1918
27892 1679 20 19 1918
27893 1923 1973 1974 1948
27894 16 426 439 611
27895 3306 744 3805 3369
27896 2967 2982 2965 2953
27897 29 1883 1783 586
27898 2986 2976 621 2961
27899 540 564 17 1678
27900 1784 1864 1785 1743
27901 772 3180 3109 3078
27902 3065 3201 773 3067
27903 2018 451 2093 2077
27904 605 1779 528 1722
27905 1873 1752 1730 1897
27906 3158 3147 3027 3032
27907 625 708 3414 3404
27908 627 710 3405 3401
27909 3027 3146 3147 3158
27910 1922 1923 1973 2009
27911 1828 1834 1809 1822
27912 1754 1901 1743 1780
27913 3241 3242 3240 3352
27914 1953 8 585 2000
27915 3048 3162 3179 3044
27916 1989 1942 1929 1938
27917 1756 1877 1876 1769
27918 683 650 3206 3115
27919 3803 751 3354 752
27920 1997 1939 1953 1963
27921 3340 3249 3245 3334
27922 1844 1882 1746 1781
27923 1969 1920 1921 1919
27924 1889 1862 1768 1864
27925 1823 499 1713 500
27926 709 685 686 3283
27927 3221 3294 693 3277
27928 3313 3294 3250 3252
27929 1760 1877 465 1881
27930 2098 2067 2029 2026
27931 3329 3246 3330 3331
27932 728 3774 727 2957
27933 2957 727 728 3769
27934 3158 3027 3031 3032
27935 1913 580 1944 1992
27936 1926 2002 1931 1985
27937 1926 1977 1988 1928
27938 18 1820 1825 564
27939 3080 3199 3191 3020
27940 1855 1734 1732 1765
27941 280 315 316 2368
27942 626 708 3414 625
27943 1827 1802 1793 1808
27944 3119 26 28 680
27945 1946 1926 1988 1929
27946 2924 396 420 2851
27947 2952 2964 650 2980
27948 1747 1773 1844 1781
27949 1930 1978 1977 1928
27950 538 2078 2022 2059
27951 2048 2099 2115 2091
27952 1977 1926 1925 1928
27953 694 3353 3256 3313
27954 23 3773 710 762
27955 2972 2984 2956 2969
27956 3363 3797 758 735
27957 3363 758 3796 735
27958 3159 2987 3103 3189
27959 64 466 1778 1899
27960 762 710 3364 3793
27961 398 397 422 2938
27962 1747 1745 1746 1902
27963 2956 2968 2972 2969
27964 499 1823 1798 500
27965 1988 1977 1979 1928
27966 1745 1868 1866 1867
27967 564 20 1918 1909
27968 1890 465 1877 1881
27969 51 333 1036 2525
27970 1746 1867 1882 1902
27971 750 743 3369 3805
27972 750 743 3804 3369
27973 3019 3135 3191 3190
27974 3372 753 3224 3361
27975 1782 1733 1776 1842
27976 2053 2120 547 2064
27977 481 1946 1985 1960
27978 2041 2048 2115 2092
27979 1733 1903 1776 1842
27980 326 327 307 2423
27981 1896 589 590 1774
27982 3186 3052 3210 637
27983 519 17 563 592
27984 582 1958 2001 583
27985 1922 1981 1934 1956
27986 3251 3250 3252 3370
27987 2963 2950 2958 2945
27988 2941 627 654 2948
27989 693 692 3376 3303
27990 2041 2115 2108 2092
27991 3321 3236 3320 3305
27992 633 3104 3214 2988
27993 625 684 708 707
27994 1975 1974 1976 1941
27995 3150 3182 3208 3061
27996 1916 1994 1939 1938
27997 2962 2955 2947 2975
27998 1783 1762 29 513
27999 1891 1744 1867 1908
28000 3191 3175 3199 3080
28001 2029 2086 2028 2063
28002 3268 3261 3314 696
28003 3240 3289 3326 3242
28004 1973 1971 1974 1948
28005 3215 3181 3068 3114
28006 1997 584 1980 1991
28007 3104 632 658 3204
28008 3144 3036 3028 3142
28009 3262 3349 3260 3342
28010 1792 1811 574 1807
28011 3157 2995 3055 3100
28012 2905 416 392 2850
28013 3287 3338 3295 3383
28014 1728 1775 1896 1774
28015 3412 3392 3411 3402
28016 519 456 17 592
28017 416 392 391 2905
28018 1944 580 2004 1992
28019 2045 2044 2042 2095
28020 3235 3219 3320 3236
28021 3207 3162 2998 3114
28022 460 461 1872 1751
28023 3381 3273 3309 752
28024 3234 3235 687 3229
28025 3382 3240 3237 3324
28026 586 1998 587 576
28027 3256 3268 3254 3353
28028 3320 3219 3278 3236
28029 2040 2042 2043 2097
28030 2989 3066 3085 3105
28031 3119 3216 26 680
28032 550 567 1803 1797
28033 3289 3271 3240 3326
28034 3372 3309 3273 753
28035 435 430 434 1840
28036 579 1984 578 1915
28037 705 681 682 3278
28038 3044 3097 3162 3160
28039 577 1983 1935 578
28040 3179 3038 3048 3044
28041 1910 1939 1980 1994
28042 54 261 2119 1683
28043 3375 3247 3248 691
28044 464 1906 1760 1881
28045 687 30 3320 3219
28046 3140 3144 3028 3142
28047 3791 764 3087 765
28048 1898 1850 1777 1727
28049 2049 2084 2124 2105
28050 3343 3344 3258 3314
28051 3085 3079 3031 3174
28052 395 394 419 2934
28053 1756 1875 1784 1755
28054 3303 693 692 3221
28055 2087 2063 2014 2035
28056 3235 688 687 3229
28057 2025 2082 2071 2083
28058 3152 3153 3081 3145
28059 3112 777 3073 2996
28060 654 3772 23 763
28061 1721 1883 1904 586
28062 3153 3045 3081 3037
28063 3329 3326 3289 3242
28064 3328 3289 3223 3290
28065 617 704 3386 3395
28066 2979 2960 2962 2941
28067 3086 3097 3045 3160
28068 416 417 392 2850
28069 1749 1883 1843 1870
28070 767 3006 766 3789
28071 2093 2085 2087 2035
28072 2081 2117 2022 2078
28073 3289 3328 3246 3290
28074 3346 3259 3260 3343
28075 1874 1840 429 1719
28076 3144 3042 3159 3173
28077 2056 2059 538 2112
28078 3297 698 697 3232
28079 447 2048 2099 2115
28080 1816 562 1834 539
28081 1786 426 438 1907
28082 3101 3052 3159 3042
28083 3288 3276 3247 691
28084 318 319 283 2374
28085 22 23 3770 628
28086 3770 23 24 628
28087 22 23 628 3772
28088 3773 24 23 628
28089 281 316 317 2299
28090 3359 3265 3230 3267
28091 765 3203 3054 3118
28092 2670 277 278 1040
28093 429 435 436 1719
28094 759 758 3796 3363
28095 450 507 1691 2113
28096 450 507 2113 1692
28097 3261 3268 3220 696
28098 2963 2945 2970 2969
28099 1983 1982 1984 578
28100 540 539 455 519
28101 1906 1889 1785 1864
28102 3259 3272 3302 3345
28103 3272 3259 3348 3345
28104 3338 3295 3383 3339
28105 3005 3086 3202 3215
28106 1968 20 592 1909
28107 497 494 1832 1715
28108 494 497 1832 1716
28109 257 265 4 2120
28110 3157 3041 3128 3100
28111 3044 3045 3154 3037
28112 3268 3314 3353 695
28113 3771 24 730 3403
28114 1802 572 1789 1808
28115 1780 1901 1743 1866
28116 227 1 235 2958
28117 3303 3376 3294 3250
28118 1895 1892 1771 591
28119 2039 2054 2058 2101
28120 1743 1784 1901 1754
28121 3385 709 3414 3401
28122 454 2081 2022 2112
28123 3175 3080 3066 3079
28124 1794 497 1836 1807
28125 1886 1858 1855 1765
28126 3346 3260 3282 3349
28127 1808 1814 1789 1806
28128 1821 1795 1825 1837
28129 305 304 1035 2800
28130 2089 2087 2014 2121
28131 1825 1795 18 540
28132 22 727 2944 3769
28133 3330 755 3290 3312
28134 1837 1824 1813 1812
28135 1816 1800 1825 540
28136 1851 458 459 1730
28137 2076 2058 2114 2101
28138 1899 1778 432 1847
28139 1811 1794 558 575
28140 2073 2014 450 2121
28141 2099 448 447 1689
28142 3792 654 3084 763
28143 2068 2052 2045 2118
28144 2120 2080 2017 2102
28145 299 289 3207 3093
28146 750 749 3805 3369
28147 1813 1788 1796 1812
28148 627 686 710 709
28149 3082 3092 3165 3062
28150 648 3003 3099 3108
28151 1916 1937 1993 1938
28152 3224 3332 3372 3361
28153 3403 24 730 3387
28154 1892 1771 457 1895
28155 439 1729 534 611
28156 3111 3172 630 656
28157 3806 749 748 3306
28158 3272 749 3369 3348
28159 1811 1794 575 574
28160 3261 3262 3260 3342
28161 3343 3260 3349 3342
28162 556 573 1802 1792
28163 3148 3155 3040 3156
28164 3377 3371 3351 3233
28165 3313 3294 3376 3250
28166 483 1936 2008 1954
28167 1705 464 465 1881
28168 1767 1888 1887 1871
28169 704 402 1305 2863
28170 1803 567 1809 1797
28171 2988 3214 3083 3183
28172 3180 773 3201 3067
28173 3367 3346 3282 3360
28174 18 1820 1795 1825
28175 1811 1836 574 1807
28176 545 2013 2066 2062
28177 3004 3090 3054 3203
28178 2038 2039 2090 2111
28179 2072 446 447 2015
28180 1883 1843 604 1749
28181 2573 45 221 1307
28182 397 396 421 2924
28183 3402 3412 3396 3406
28184 299 289 300 3207
28185 1897 1730 1873 1852
28186 27 587 559 576
28187 3039 3137 3155 3040
28188 1929 1988 1979 1928
28189 1833 1798 1814 1808
28190 1849 1728 1896 1895
28191 3246 3328 3289 3329
28192 1720 1841 1871 1889
28193 732 3364 3793 761
28194 732 3364 761 3794
28195 3183 3098 3058 3171
28196 352 8 344 1953
28197 2054 2075 2114 2111
28198 3287 3354 751 752
28199 1915 1999 1964 1951
28200 2037 2088 2089 2090
28201 499 1793 1818 498
28202 1767 463 1888 1871
28203 3209 3094 3167 3151
28204 3043 3158 3112 3170
28205 3270 3325 3271 3223
28206 1769 1876 1756 1726
28207 2992 3209 3188 3212
28208 627 654 686 653
28209 2994 3101 3210 3152
28210 567 1797 568 1822
28211 1955 1986 1913 1941
28212 1711 1932 1954 484
28213 3102 640 3218 3202
28214 1177 343 8 2529
28215 3137 3039 3030 3040
28216 1975 1924 2002 2009
28217 2031 2016 2030 542
28218 2089 2087 2063 2014
28219 1793 1833 499 1818
28220 3042 3036 3028 3144
28221 1715 1832 497 498
28222 3389 710 709 3401
28223 3347 3383 3295 3339
28224 3350 3307 3239 3382
28225 1694 452 453 2096
28226 1946 1988 1985 1960
28227 3121 641 303 667
28228 1887 1766 1718 1767
28229 2964 2985 2983 2954
28230 417 393 392 2850
28231 538 1791 1809 1822
28232 3173 3042 2987 3051
28233 294 38 3096 3213
28234 1994 1980 1910 1950
28235 3321 3237 3236 3238
28236 692 3340 3248 3375
28237 3328 3330 3290 3312
28238 3792 3084 726 725
28239 1805 323 12 1810
28240 1868 1869 1780 1866
28241 613 612 706 3394
28242 3237 3350 3382 3324
28243 606 1900 1779 605
28244 3409 624 3408 707
28245 3032 3053 3073 3164
28246 2012 514 25 513
28247 3352 3243 3242 3366
28248 579 580 2004 1944
28249 3297 3262 3318 3227
28250 3354 3381 3309 752
28251 38 778 3096 3213
28252 1729 1763 610 1777
28253 3084 3792 763 764
28254 2078 2061 2022 2059
28255 1752 1873 1846 1897
28256 3138 3173 3148 3051
28257 1812 1800 1824 1791
28258 2004 579 1984 1962
28259 3083 3196 634 3156
28260 2032 543 2076 2114
28261 1911 1956 1961 1931
28262 3196 633 659 3104
28263 453 2096 2033 2117
28264 3296 3222 3247 690
28265 3044 3045 3097 3160
28266 3362 3284 3267 3266
28267 686 710 709 762
28268 3040 3088 3148 3156
28269 3087 3004 3054 3203
28270 757 3341 3223 756
28271 710 3389 3405 3401
28272 2073 2089 2014 2121
28273 638 3184 3110 664
28274 1746 1902 1844 1781
28275 3037 3036 3081 3145
28276 3325 3271 3326 3324
28277 3201 3175 3066 3105
28278 681 648 32 649
28279 3301 3335 3274 3333
28280 2956 2946 2945 2969
28281 912 4 266 2402
28282 2863 2932 401 1308
28283 1880 1757 1759 1758
28284 1939 584 1910 1980
28285 3073 3164 3165 3112
28286 3784 771 2993 772
28287 3332 3281 3331 3275
28288 3263 3360 3282 3349
28289 708 3385 3414 3399
28290 1924 2002 1925 1975
28291 1933 2011 1995 1952
28292 3055 3041 3157 3100
28293 3382 3307 3241 3352
28294 1971 1973 1921 1948
28295 3389 3396 3412 3406
28296 3214 3155 3083 3098
28297 3116 3095 3063 3000
28298 564 563 17 592
28299 3056 3138 3030 3051
28300 1854 1903 1897 1731
28301 2043 2075 2062 2054
28302 3203 3169 3054 3118
28303 3106 3179 3208 3048
28304 3225 751 3383 3310
28305 1949 1946 1985 481
28306 3155 3039 3040 3098
28307 3074 775 3170 776
28308 558 1794 1805 575
28309 3251 3335 3274 3249
28310 1975 1925 1923 1941
28311 2388 1040 313 2401
28312 1679 564 20 1918
28313 764 3203 3087 765
28314 315 279 314 2305
28315 3210 3110 3186 637
28316 564 563 1825 540
28317 1918 1968 478 1919
28318 3389 3396 3406 3385
28319 2962 653 2979 2941
28320 1791 1797 1809 1822
28321 3409 612 706 613
28322 3367 3226 3279 3282
28323 418 393 417 2926
28324 2113 451 450 1692
28325 1700 459 460 1845
28326 286 641 3121 3005
28327 1721 1783 1883 586
28328 3268 3220 695 3285
28329 3158 3043 3031 3170
28330 649 618 32 623
28331 1862 1750 1768 1741
28332 3197 3184 3069 3161
28333 1870 1904 1856 1735
28334 1933 1942 2011 1952
28335 3251 3249 3250 3370
28336 1956 479 1911 1961
28337 540 455 17 519
28338 3086 3161 3215 3160
28339 1820 501 18 1795
28340 3385 3414 3406 3401
28341 1748 1747 1868 1745
28342 1976 1925 1975 1941
28343 25 2023 2012 513
28344 3275 3246 3330 3290
28345 1974 1992 1913 1948
28346 1949 1914 1946 481
28347 3042 3144 3140 3173
28348 2078 2022 2081 2112
28349 2954 2964 2985 2975
28350 1941 1923 1974 1948
28351 635 3205 3103 3189
28352 1902 1746 1747 1781
28353 2002 1977 1925 1975
28354 2976 2985 2971 2940
28355 462 461 1718 1839
28356 3219 680 30 681
28357 3073 3043 3032 3112
28358 3306 3226 748 3367
28359 1923 1921 1973 1948
28360 1772 1747 1894 1748
28361 3260 3259 3346 3282
28362 1868 1894 1747 1748
28363 3091 3071 3094 3209
28364 1939 1953 585 1997
28365 3350 3235 3237 3239
28366 1800 1795 1825 540
28367 3156 3083 3196 3214
28368 654 23 3772 628
28369 3294 3313 3256 3252
28370 3051 3088 2987 3189
28371 1992 1974 1971 1948
28372 3259 3346 3345 3343
28373 2021 2053 547 2064
28374 1834 538 1809 1822
28375 628 710 24 3405
28376 657 631 3111 3204
28377 1922 1973 1981 2009
28378 2086 2026 2029 2028
28379 1988 1926 1946 1985
28380 3188 681 648 3108
28381 710 628 627 3405
28382 3222 3264 689 3296
28383 3040 3155 3083 3156
28384 1989 1988 1979 1929
28385 3283 3364 709 3371
28386 2080 547 2120 2064
28387 1877 1756 1905 1760
28388 3247 3308 690 691
28389 561 1834 538 1828
28390 3250 3249 3340 3370
28391 3203 3004 3198 764
28392 1953 344 352 1963
28393 2055 543 2016 2032
28394 3158 3031 3043 3032
28395 1925 1926 2002 1924
28396 418 394 393 2926
28397 1685 61 348 1954
28398 1946 1988 1960 1929
28399 2029 2088 2063 2037
28400 1989 1994 1993 1938
28401 3333 3274 3281 3224
28402 2091 2115 2048 2092
28403 450 449 2073 1691
28404 2998 3097 3068 3114
28405 3202 3086 3001 3161
28406 2971 2947 2946 2940
28407 1961 480 1911 1931
28408 1890 1847 1877 1769
28409 1311 412 411 2563
28410 3790 765 3087 3002
28411 1790 500 1798 1831
28412 695 3220 3268 696
28413 3076 3127 3168 3195
28414 3146 3031 3174 3158
28415 498 1818 499 1714
28416 3283 686 709 762
28417 3224 3281 3332 3275
28418 707 683 684 3292
28419 538 2022 2078 2112
28420 1997 1980 1939 1994
28421 1306 440 441 2283
28422 3261 3297 3262 3342
28423 443 444 1311 2248
28424 709 3364 3283 762
28425 3372 3309 753 3361
28426 692 3303 3221 3276
28427 1730 1851 1873 1852
28428 2100 449 448 1690
28429 1843 1880 1900 1758
28430 2850 417 393 2926
28431 3364 3283 762 761
28432 3177 3178 3059 3149
28433 1863 1768 1743 1741
28434 3790 766 765 3002
28435 3054 3087 3203 765
28436 539 2056 455 519
28437 1960 1914 1946 1933
28438 564 1825 18 540
28439 480 487 1911 1709
28440 487 480 1911 1708
28441 2008 1936 1995 1952
28442 1989 1960 1988 1929
28443 632 633 2988 3104
28444 748 745 3806 3358
28445 748 745 3358 3807
28446 1817 1792 574 1807
28447 776 777 3112 2996
28448 3341 757 3798 756
28449 2101 2058 2029 2122
28450 3378 3349 3263 3262
28451 1837 1824 1800 1816
28452 3097 3086 3215 3160
28453 1979 1910 1980 1950
28454 3302 3295 3257 3339
28455 289 3207 3093 2998
28456 3172 3119 629 655
28457 1902 1747 1894 1844
28458 3263 3282 3260 3349
28459 3306 3805 749 3369
28460 294 295 38 3213
28461 3177 3100 3128 3060
28462 2976 2971 2986 2940
28463 302 287 286 3005
28464 1809 538 1834 1828
28465 3232 3297 698 3280
28466 3151 3094 3050 2992
28467 3273 3309 3372 3381
28468 1949 1985 480 481
28469 2082 2012 2024 2025
28470 1963 1953 344 1916
28471 2989 775 774 3105
28472 2090 2039 2088 2101
28473 2099 2072 447 2115
28474 3387 730 3403 3415
28475 3091 3094 3167 3209
28476 3043 3085 3170 3074
28477 3177 3059 3100 3060
28478 1929 1926 1988 1928
28479 1039 50 313 2401
28480 2001 1955 1930 1976
28481 1794 1836 1811 1807
28482 2022 2034 2061 2078
28483 3201 773 774 3065
28484 1994 1910 1939 1950
28485 3375 3340 3245 3334
28486 1976 1955 1930 1941
28487 3063 3182 3116 3211
28488 1819 1716 497 496
28489 3308 3243 3245 3247
28490 479 480 1911 1961
28491 3354 3287 751 3383
28492 1939 585 584 1997
28493 2064 2120 2080 2017
28494 427 438 426 1907
28495 2106 2061 2034 2078
28496 3364 709 710 762
28497 3203 3087 3004 764
28498 2063 2088 2089 2037
28499 3289 3271 3325 3223
28500 303 286 641 3121
28501 3186 3210 3052 3159
28502 12 1035 1032 575
28503 3189 3088 3205 3156
28504 772 3180 3064 773
28505 2979 2960 2941 2949
28506 710 3773 23 628
28507 22 654 628 2948
28508 755 3799 756 3312
28509 2047 546 2070 2021
28510 48 388 1309 2930
28511 619 2980 2952 618
28512 20 1968 1918 1909
28513 294 38 37 3775
28514 648 3099 2992 3108
28515 2096 2033 2117 2105
28516 2056 455 454 2110
28517 2076 2031 542 543
28518 1791 538 1834 1822
28519 760 3316 3266 759
28520 1721 514 513 586
28521 456 519 1771 591
28522 1911 1934 479 1956
28523 760 3794 761 3351
28524 1759 1900 1880 1758
28525 1776 1903 1885 1842
28526 2005 1964 589 1947
28527 3346 3226 3348 3367
28528 749 3306 3369 3348
28529 2054 2039 2111 2101
28530 3241 3307 689 3374
28531 496 1819 1716 1835
28532 3083 633 3196 3214
28533 3240 3382 3326 3324
28534 3164 3073 3032 3112
28535 1996 1964 1999 1951
28536 3206 651 684 3120
28537 17 563 540 519
28538 2045 2109 2118 2095
28539 1892 457 1849 1895
28540 1972 1971 1970 1927
28541 1995 2011 1965 1952
28542 3091 3047 3167 3035
28543 497 1794 1819 496
28544 564 17 563 540
28545 538 1809 537 1828
28546 3805 749 744 3306
28547 744 749 3806 3306
28548 1963 1997 1939 1994
28549 3349 3346 3260 3343
28550 1948 1921 1971 1927
28551 1771 457 456 1892
28552 299 290 289 3093
28553 1901 1863 1864 1743
28554 726 654 3084 3792
28555 1772 1894 1893 1748
28556 1892 592 456 591
28557 538 2056 2112 539
28558 3319 3371 3377 3233
28559 1990 1958 2001 582
28560 761 3364 3283 3371
28561 3331 3246 3281 3244
28562 651 3090 652 3120
28563 3258 3268 3261 3314
28564 3250 3376 3313 3370
28565 730 3403 3415 3407
28566 1907 1898 1848 1727
28567 1842 1721 1904 586
28568 3303 3294 693 3221
28569 634 3205 3088 3156
28570 1780 1869 1901 1866
28571 3354 3338 3381 3287
28572 3173 3138 3056 3051
28573 3247 3308 3296 690
28574 1894 1868 1747 1902
28575 2092 2038 2091 2090
28576 1804 549 566 1803
28577 1837 1800 1825 1816
28578 463 462 1767 1888
28579 2024 2030 2023 541
28580 566 565 1804 1829
28581 3157 3217 3100 3177
28582 2108 2041 2092 2116
28583 3301 3245 3249 3334
28584 616 3396 3402 3386
28585 2058 2031 2076 2032
28586 1693 451 452 2077
28587 1792 574 573 1817
28588 3374 3243 3241 3352
28589 2573 412 45 1307
28590 3257 3295 3253 3339
28591 3223 3325 3289 3328
28592 1978 1910 2006 1980
28593 291 297 292 3095
28594 2010 1992 1913 1986
28595 2044 2094 2066 2043
28596 1805 12 1032 575
28597 231 35 34 3774
28598 435 429 1840 1719
28599 3352 3242 3329 3366
28600 1959 2010 581 1986
28601 1833 1823 499 1818
28602 612 705 623 706
28603 3089 3204 632 3178
28604 3375 3245 3308 3334
28605 1917 1996 1943 1951
28606 1913 581 2010 1986
28607 456 1771 1892 591
28608 2003 2005 588 1945
28609 1819 1794 1836 575
28610 500 1790 1815 1831
28611 1788 1799 1812 569
28612 1309 389 48 2930
28613 1894 1773 1747 1772
28614 3069 3001 3086 3161
28615 3161 3202 3086 3215
28616 694 3256 3285 3277
28617 1815 1823 500 1831
28618 3173 3148 3051 3189
28619 1749 1783 1883 1735
28620 18 1681 501 1820
28621 445 2119 512 1683
28622 512 2119 445 1687
28623 2971 2946 2984 2969
28624 1779 606 1717 1759
28625 559 535 565 536
28626 3378 3318 3227 3355
28627 482 1711 1932 483
28628 1733 1856 1903 1842
28629 3195 3168 3076 3003
28630 517 589 1775 1774
28631 1762 604 527 1722
28632 60 61 348 1685
28633 261 54 55 1683
28634 480 1708 479 1911
28635 3210 3197 2994 3152
28636 3151 3209 3094 2992
28637 1941 1974 1913 1948
28638 633 3196 634 3083
28639 1762 1883 604 1749
28640 3329 3289 3246 3242
28641 1905 1756 1877 1876
28642 1790 501 500 1815
28643 2018 452 451 2077
28644 447 446 2072 1688
28645 1687 445 446 2107
28646 1869 1748 1868 1780
28647 3411 3415 3387 3405
28648 1756 1877 1769 1760
28649 3005 3121 302 3181
28650 2063 2087 2028 2035
28651 12 323 1805 1032
28652 1835 1819 1716 495
28653 1778 1847 1769 1726
28654 3771 730 3413 3403
28655 2984 2960 2979 2949
28656 1914 1949 1710 481
28657 543 2031 2016 2032
28658 3004 3120 3090 3203
28659 2028 2086 2085 2087
28660 2096 453 2081 2117
28661 1995 482 1932 483
28662 484 483 1954 1711
28663 483 484 1954 1685
28664 1819 1836 497 1832
28665 3096 3082 294 3213
28666 654 686 23 627
28667 1800 1825 1795 1837
28668 3120 3090 652 3004
28669 3296 3308 3374 690
28670 3241 3296 3243 3374
28671 3335 3301 3274 3249
28672 1989 1979 1994 1950
28673 641 640 3218 3102
28674 3161 3069 3197 3153
28675 1909 1968 1918 1919
28676 1875 1901 1784 1754
28677 378 41 40 3776
28678 1709 486 1949 481
28679 1710 1949 486 481
28680 1936 1995 1932 483
28681 3771 3413 729 3403
28682 2108 2109 2046 2116
28683 458 457 1849 1698
28684 444 49 1307 2293
28685 1963 1939 1953 1916
28686 577 1945 2003 576
28687 1817 574 1836 1807
28688 1823 1798 500 1831
28689 653 654 686 763
28690 725 764 3084 3791
28691 764 725 3084 3792
28692 461 460 1872 1701
28693 3156 3155 3083 3214
28694 1850 1729 1777 1786
28695 1805 323 10 1032
28696 3073 3043 3112 2996
28697 686 23 710 762
28698 1742 1780 1866 1745
28699 2110 454 2056 2112
28700 1803 566 537 1828
28701 3408 624 625 707
28702 276 50 1039 2401
28703 382 5 3380 364
28704 455 2110 539 540
28705 727 2957 2944 3769
28706 3284 3327 3362 3322
28707 1785 1905 1784 1756
28708 3259 3302 3257 3345
28709 1808 1798 1814 1806
28710 3044 3162 3097 2998
28711 1929 1960 1946 1933
28712 3781 775 774 2989
28713 3083 3088 3040 3156
28714 3326 3289 3328 3329
28715 3338 3255 3337 3336
28716 1833 1798 1823 1831
28717 439 1729 611 1786
28718 1785 1905 1756 1760
28719 1956 1924 2009 1961
28720 2863 402 1305 1308
28721 1905 1785 1906 1760
28722 483 1936 1995 2008
28723 627 628 654 2948
28724 2121 450 2073 2113
28725 3117 3218 640 3202
28726 1797 567 1809 1822
28727 1894 1868 1893 1748
28728 565 1804 1829 536
28729 2026 2025 2027 2083
28730 566 1804 1803 536
28731 3151 3209 2992 3212
28732 765 724 3790 3087
28733 765 724 3087 3791
28734 3032 3158 3147 3164
28735 693 3313 3294 3376
28736 3059 3100 2995 3177
28737 1699 458 459 1851
28738 621 2977 2986 2961
28739 751 3354 3383 3310
28740 773 3782 774 3065
28741 1966 1997 585 2000
28742 501 1712 500 1815
28743 1755 435 1840 1719
28744 760 3316 759 3795
28745 2015 2072 2108 2115
28746 665 639 3184 3117
28747 1745 1747 1868 1902
28748 23 686 654 763
28749 686 653 763 3198
28750 1794 1836 497 1819
28751 543 2076 2031 2032
28752 3274 3281 3301 3333
28753 3372 3333 3332 3224
28754 1684 58 324 1835
28755 1037 2311 322 1034
28756 1949 1911 487 1709
28757 2087 2028 2086 2063
28758 1774 518 590 1771
28759 2014 2037 2089 2036
28760 3157 3217 2995 3100
28761 640 3218 3117 666
28762 2955 2960 2962 2947
28763 414 415 1312 2224
28764 1803 537 1809 1828
28765 1943 1996 1999 1951
28766 1930 1955 2001 582
28767 641 3121 3218 667
28768 710 3364 3793 731
28769 3364 761 3351 3371
28770 453 454 1695 2081
28771 3088 3205 635 3189
28772 3779 2996 777 776
28773 652 653 3198 3004
28774 1931 1946 1926 1985
28775 3102 3121 641 3005
28776 434 431 433 1726
28777 2081 454 2110 2112
28778 1888 463 462 1703
28779 2962 2960 2979 2984
28780 681 680 648 3108
28781 1035 12 325 2518
28782 748 3807 3358 747
28783 612 699 705 3394
28784 1975 1973 1923 2009
28785 3102 3005 3086 3202
28786 1782 1721 1904 1842
28787 64 432 1686 1899
28788 2988 3104 3214 3183
28789 3116 3000 3211 3200
28790 1 226 911 2574
28791 583 1958 2006 1991
28792 1983 2005 1935 1964
28793 1964 2005 1935 1947
28794 1806 1790 1798 1831
28795 2110 2056 455 539
28796 775 3074 3780 776
28797 3087 3084 3004 764
28798 1832 1836 497 1807
28799 3003 3195 3119 629
28800 3058 3098 3039 3171
28801 462 461 1839 1702
28802 1793 1827 1833 1818
28803 1814 1806 1831 1826
28804 1806 1790 1831 1826
28805 286 303 302 3121
28806 762 731 710 3793
28807 731 762 710 3773
28808 3042 3173 3056 3051
28809 3205 661 635 3103
28810 1918 20 1682 478
28811 3257 3254 3258 3344
28812 3406 3414 3385 3404
28813 727 2957 2942 2944
28814 3088 3083 634 3156
28815 652 3198 685 3120
28816 610 1729 1850 611
28817 3212 2992 3099 3108
28818 1685 348 60 1954
28819 2566 13 409 1306
28820 654 653 3084 763
28821 3774 34 231 2957
28822 44 406 3413 3777
28823 1755 1875 1784 1754
28824 537 1829 560 1828
28825 1754 1869 1901 1780
28826 2077 451 2093 2113
28827 1984 1915 1972 1999
28828 1806 1798 1814 1831
28829 551 1797 1799 568
28830 1041 311 310 2809
28831 2946 2956 2984 2969
28832 2987 635 3103 3189
28833 3783 772 3064 773
28834 2123 2105 2018 2077
28835 3776 3379 41 746
28836 3051 2987 3173 3189
28837 3004 3198 3120 3203
28838 1870 1883 1904 1735
28839 2009 1924 2002 1961
28840 1844 1902 1747 1781
28841 1904 1783 1883 1721
28842 1960 2011 1995 1933
28843 466 1778 1847 1769
28844 628 654 23 627
28845 1905 1906 1877 1760
28846 3281 3332 3331 3333
28847 1950 1979 1910 1928
28848 1868 1893 1748 1869
28849 1920 1970 1927 1943
28850 3340 3249 3335 3370
28851 3242 3241 3243 3352
28852 1036 332 51 2525
28853 3281 3332 3333 3224
28854 2980 2983 2966 619
28855 3218 3121 3102 3202
28856 577 2003 1983 1967
28857 908 2 256 2065
28858 654 726 3772 763
28859 726 654 3792 763
28860 1803 1829 566 536
28861 705 32 612 623
28862 1875 1756 1876 1755
28863 1950 1939 1994 1938
28864 2086 2088 2029 2122
28865 3121 302 286 3005
28866 3302 3272 3225 3347
28867 1711 1932 483 1954
28868 535 27 559 565
28869 2976 2983 620 2974
28870 430 435 429 1840
28871 481 1710 1914 482
28872 3226 3306 3348 3367
28873 3227 3318 3380 3355
28874 1783 1904 1735 1721
28875 41 378 3379 3776
28876 3245 3308 3247 3375
28877 2114 2058 2032 2054
28878 3198 3084 763 764
28879 3337 3255 3253 3251
28880 3104 3196 633 3214
28881 498 1832 497 1807
28882 1866 1780 1868 1745
28883 1704 463 464 1841
28884 3062 3778 777 778
28885 3071 3094 3209 2992
28886 1918 1968 20 478
28887 2029 2088 2101 2122
28888 3308 3243 3296 3374
28889 3036 3042 3101 3144
28890 480 1911 1931 1949
28891 1895 1771 590 591
28892 1890 467 1899 1706
28893 2119 261 55 1683
28894 1906 1877 1760 1881
28895 2089 2063 2037 2014
28896 3326 3289 3325 3328
28897 1864 1785 1906 1905
28898 653 3084 763 3198
28899 3379 747 3807 746
28900 747 3379 3776 746
28901 3167 3094 3091 3035
28902 697 3297 3232 3269
28903 686 710 23 627
28904 3335 3336 3274 3333
28905 3249 3251 3335 3370
28906 1780 1748 1868 1745
28907 3076 3168 3050 3099
28908 3100 3041 3128 3060
28909 47 312 1036 2838
28910 3404 3414 3385 3399
28911 3121 3005 3202 3181
28912 2039 2088 2037 2090
28913 709 3414 3401 626
28914 628 23 710 627
28915 2093 2087 2121 2035
28916 1999 1915 1943 1951
28917 479 478 1934 1707
28918 3296 3243 3308 3247
28919 1172 365 7 3298
28920 580 2004 2010 1987
28921 1907 1786 1850 1727
28922 1930 1978 2001 1976
28923 3287 3354 3338 3383
28924 1883 604 29 1762
28925 2067 2031 2030 542
28926 3099 3076 3168 3003
28927 1864 1768 1785 1743
28928 587 1998 2003 576
28929 3383 3225 3310 3347
28930 653 3084 3198 3004
28931 636 635 3103 2987
28932 6 353 2007 1173
28933 3040 3083 3155 3098
28934 3058 2988 3098 3183
28935 1756 1876 1755 1726
28936 1950 1929 1979 1928
28937 3245 3301 3244 3334
28938 1756 1905 1875 1876
28939 2039 2040 2054 2111
28940 438 439 426 1786
28941 2097 2116 2042 2095
28942 3287 3338 3255 3295
28943 3250 3340 3376 3370
28944 1950 1989 1929 1938
28945 3403 730 3413 3407
28946 1779 1900 606 1759
28947 3168 3099 3216 3108
28948 3217 2995 3100 3177
28949 1904 1735 1721 1782
28950 1709 1949 480 481
28951 2056 2110 2112 539
28952 2124 2106 2034 2078
28953 480 1911 1949 1709
28954 1309 52 413 2232
28955 3081 3101 2994 3152
28956 3005 3102 3121 3202
28957 1867 1745 1868 1902
28958 1972 1944 2004 1992
28959 38 294 3096 3775
28960 2858 390 391 1312
28961 3003 3216 3099 3108
28962 1838 606 1900 1759
28963 3251 3337 3335 3370
28964 3099 3168 3212 3108
28965 1964 1935 1951 1947
28966 498 1817 1832 1807
28967 3377 760 3316 3266
28968 575 1794 1836 574
28969 1784 1905 1875 1756
28970 3325 3271 3289 3326
28971 2119 445 1687 2107
28972 652 3198 3120 3004
28973 3290 755 756 3312
28974 2949 2984 2960 2946
28975 547 2065 2053 2021
28976 3263 3360 3349 3378
28977 747 3807 3358 3379
28978 3003 3119 26 629
28979 467 466 1686 1899
28980 467 466 1899 1706
28981 1970 1996 1999 1943
28982 585 2007 1966 2000
28983 3001 3102 3086 3202
28984 698 3298 3232 3280
28985 2978 2980 618 649
28986 1687 512 2119 2107
28987 1833 1814 1798 1831
28988 3218 3121 641 3102
28989 1176 383 5 2937
28990 1040 313 314 2388
28991 747 3358 3317 3379
28992 1950 1994 1989 1938
28993 3367 3346 3226 3282
28994 1832 1817 1836 1807
28995 3282 3300 3360 3263
28996 1837 1800 1824 1812
28997 46 277 2684 1039
28998 3316 3362 3377 3266
28999 3404 708 3414 3399
29000 1979 1989 1929 1950
29001 3117 640 639 3001
29002 1883 1762 1783 1749
29003 635 2987 3088 3189
29004 3004 3084 3198 764
29005 2037 2038 2039 2090
29006 1901 1875 1869 1754
29007 1847 1899 466 1890
29008 3082 3062 778 3096
29009 236 3 2981 907
29010 1904 1883 1783 1735
29011 3372 3336 3273 3381
29012 1932 1936 483 1954
29013 1961 1956 1924 1931
29014 2973 2977 622 2981
29015 1786 1777 1850 1727
29016 2511 332 331 1038
29017 2039 2090 2111 2101
29018 706 612 705 3394
29019 3168 3195 3216 3003
29020 3119 3216 3195 3003
29021 1748 1869 1754 1780
29022 496 1830 1819 1835
29023 535 548 565 1804
29024 760 3351 3377 3316
29025 3374 3241 3307 3352
29026 1810 1805 1794 575
29027 1840 1875 1876 1755
29028 29 1883 1762 1783
29029 3308 3247 3375 691
29030 3379 3807 3358 746
29031 611 1729 1850 1786
29032 635 634 3205 3088
29033 2979 2972 2984 2949
29034 1794 1811 1836 574
29035 3260 3263 3349 3262
29036 3248 3303 692 3276
29037 2024 2067 2098 2026
29038 778 711 3775 3096
29039 778 711 3096 3778
29040 3119 26 3216 3003
29041 1913 581 1986 1955
29042 2119 445 2107 2079
29043 3062 3778 778 3096
29044 3096 778 3082 3213
29045 1890 1899 466 1706
29046 3216 3099 3168 3003
29047 1804 565 535 536
29048 2124 2117 2033 2105
29049 2311 322 321 1037
29050 2424 331 330 1041
29051 466 1778 1899 1847
29052 1898 1907 1850 1727
29053 1829 559 565 536
29054 706 623 612 3409
29055 604 687 527 605
29056 604 527 687 3234
29057 578 596 2695 1982
29058 578 2695 596 2785
29059 2294 642 643 2978
29060 2294 643 642 2245
29061 1962 2791 1987 579
29062 1962 1987 2791 597
29063 2138 2207 2903 605
29064 2903 2207 2138 688
29065 2903 687 2138 605
29066 2138 687 2903 688
29067 2138 687 604 605
29068 2138 604 687 3229
29069 2820 1987 2791 580
29070 2791 1987 2820 2801
29071 2274 2974 2961 620
29072 2274 2961 2974 645
29073 648 2291 2249 2286
29074 2249 2291 648 26
29075 2247 2977 2270 2271
29076 2247 2270 2977 622
29077 621 2270 2977 2271
29078 621 2977 2270 622
29079 2862 609 532 2919
29080 2862 532 609 610
29081 578 1967 1983 1982
29082 578 1983 1967 577
29083 2169 2856 2167 695
29084 2169 2167 2856 2163
29085 2503 2831 2774 567
29086 2503 2774 2831 2773
29087 2246 617 704 616
29088 2246 704 617 2287
29089 2625 2304 2586 2412
29090 2586 2304 2625 2644
29091 2915 2150 2151 2884
29092 2915 2151 2150 2149
29093 27 548 565 535
29094 565 548 27 2706
29095 2455 2828 2728 2466
29096 2728 2828 2455 2735
29097 2799 572 2760 2694
29098 2799 2760 572 573
29099 2499 2769 2830 2453
29100 2830 2769 2499 2736
29101 2830 2459 2499 2453
29102 2499 2459 2830 2736
29103 2335 2626 2633 2386
29104 2335 2633 2626 2669
29105 2177 2858 414 2922
29106 2177 414 2858 2224
29107 2749 2512 2780 2474
29108 2749 2780 2512 2806
29109 2896 2891 2136 2895
29110 2896 2136 2891 2173
29111 2234 2136 2891 2895
29112 2234 2891 2136 2173
29113 2682 2273 522 643
29114 522 2273 2682 523
29115 2911 2143 2133 2142
29116 2133 2143 2911 2907
29117 2262 2572 2546 2261
29118 2262 2546 2572 618
29119 2353 2658 2624 2351
29120 2353 2624 2658 2673
29121 2144 2890 2146 2168
29122 2144 2146 2890 2889
29123 2891 2911 2173 2142
29124 2891 2173 2911 2897
29125 2172 2173 2911 2142
29126 2172 2911 2173 2897
29127 2258 2576 2255 2272
29128 2255 2576 2258 2556
29129 2297 635 661 636
29130 661 635 2297 2399
29131 2677 2065 547 526
29132 547 2065 2677 2590
29133 2677 547 2021 526
29134 2677 2021 2635 526
29135 2355 2624 2578 2667
29136 2355 2578 2624 2353
29137 2897 2140 2899 2172
29138 2897 2899 2140 2859
29139 2235 2899 2140 2172
29140 2235 2140 2899 2859
29141 2311 2685 2396 641
29142 2311 2396 2685 2371
29143 2850 2129 417 2926
29144 417 2129 2850 2200
29145 521 26 642 2291
29146 521 642 26 2672
29147 2787 2534 576 2792
29148 576 2534 2787 2429
29149 604 669 29 668
29150 29 669 604 2219
29151 3410 404 1303 3384
29152 3410 1303 404 408
29153 1972 579 1984 2004
29154 1972 1984 579 1915
29155 2301 283 2374 2686
29156 2301 2374 283 319
29157 560 536 559 1829
29158 560 559 536 516
29159 3409 683 707 706
29160 3409 707 683 624
29161 1930 2006 1910 583
29162 1930 1910 2006 1978
29163 1728 1846 1873 1896
29164 1873 1846 1728 1752
29165 2967 2949 2948 2953
29166 2948 2949 2967 2979
29167 537 2059 2078 538
29168 2078 2059 537 2061
29169 3402 3386 617 616
29170 617 3386 3402 3397
29171 2028 2083 2026 2027
29172 2026 2083 2028 2086
29173 3410 3395 3397 3384
29174 3397 3395 3410 617
29175 3239 689 3241 3307
29176 3239 3241 689 3264
29177 2051 2109 2108 2104
29178 2108 2109 2051 2046
29179 2020 2104 2069 2103
29180 2069 2104 2020 2051
29181 3116 292 297 3095
29182 3116 297 292 296
29183 3292 708 684 707
29184 3292 684 708 3291
29185 3178 2995 3111 3217
29186 3178 3111 2995 3089
29187 1726 1755 1840 1876
29188 1840 1755 1726 434
29189 1840 430 1726 1876
29190 1726 430 1840 434
29191 3246 3366 3242 3244
29192 3242 3366 3246 3329
29193 1754 1840 1875 1869
29194 1754 1875 1840 1755
29195 2104 2107 445 2079
29196 445 2107 2104 2051
29197 445 2069 2104 2079
29198 2104 2069 445 2051
29199 2125 2051 2109 2068
29200 2125 2109 2051 2104
29201 3304 3321 3323 3238
29202 3304 3323 3321 3324
29203 26 3108 3003 648
29204 3003 3108 26 3216
29205 2031 2122 2058 2076
29206 2058 2122 2031 2029
29207 586 1783 513 1721
29208 586 513 1783 29
29209 1912 2011 1937 1942
29210 1912 1937 2011 1965
29211 1993 2011 1937 1965
29212 1847 433 1726 1778
29213 1847 1726 433 431
29214 3213 293 294 295
29215 3213 294 293 3082
29216 3202 640 3001 3102
29217 3202 3001 640 3117
29218 3399 614 615 3404
29219 3399 615 614 3388
29220 2677 547 2635 2021
29221 2677 2635 547 2590
29222 2011 1937 1989 1993
29223 2011 1989 1937 1942
29224 1938 1989 1937 1993
29225 1938 1937 1989 1942
$EndElements
