INCON----1----*----2----*----3----*----4----*----5----*----6----*----7----*----8
A11 0
 1.1484129241032E+05 0.0000000000000E+00 0.0000000000000E+00 2.0000000000000E+01
A11 1
 1.1391036631235E+05 0.0000000000000E+00 0.0000000000000E+00 2.0000000000000E+01
A11 2
 1.1436989682132E+05 0.0000000000000E+00 0.0000000000000E+00 2.0000000000000E+01
A11 3
 1.1276677366220E+05 0.0000000000000E+00 0.0000000000000E+00 2.0000000000000E+01
A11 4
 1.1367694648919E+05 0.0000000000000E+00 0.0000000000000E+00 2.0000000000000E+01
A11 5
 1.1445234688955E+05 0.0000000000000E+00 0.0000000000000E+00 2.0000000000000E+01
A11 6
 1.1424645832373E+05 0.0000000000000E+00 0.0000000000000E+00 2.0000000000000E+01
A11 7
 1.1293941215837E+05 0.0000000000000E+00 0.0000000000000E+00 2.0000000000000E+01
A11 8
 1.1483765439536E+05 0.0000000000000E+00 0.0000000000000E+00 2.0000000000000E+01
A11 9
 1.1471839423578E+05 0.0000000000000E+00 0.0000000000000E+00 2.0000000000000E+01
A1110
 1.1488110422391E+05 0.0000000000000E+00 0.0000000000000E+00 2.0000000000000E+01
A1111
 1.1453517325581E+05 0.0000000000000E+00 0.0000000000000E+00 2.0000000000000E+01
A1112
 1.1412329999295E+05 0.0000000000000E+00 0.0000000000000E+00 2.0000000000000E+01
A1113
 1.1475346133717E+05 0.0000000000000E+00 0.0000000000000E+00 2.0000000000000E+01
A1114
 1.1483421187007E+05 0.0000000000000E+00 0.0000000000000E+00 2.0000000000000E+01
A1115
 1.1467595245099E+05 0.0000000000000E+00 0.0000000000000E+00 2.0000000000000E+01
A1116
 1.1351482218845E+05 0.0000000000000E+00 0.0000000000000E+00 2.0000000000000E+01
A1117
 1.1470621121209E+05 0.0000000000000E+00 0.0000000000000E+00 2.0000000000000E+01
A1118
 1.1484841415440E+05 0.0000000000000E+00 0.0000000000000E+00 2.0000000000000E+01
A1119
 1.1423764084912E+05 0.0000000000000E+00 0.0000000000000E+00 2.0000000000000E+01
A1120
 1.1409353026063E+05 0.0000000000000E+00 0.0000000000000E+00 2.0000000000000E+01
A1121
 1.1434947131890E+05 0.0000000000000E+00 0.0000000000000E+00 2.0000000000000E+01
A1122
 1.1475134775350E+05 0.0000000000000E+00 0.0000000000000E+00 2.0000000000000E+01
A1123
 1.1462013459554E+05 0.0000000000000E+00 0.0000000000000E+00 2.0000000000000E+01
A1124
 1.1471765089834E+05 0.0000000000000E+00 0.0000000000000E+00 2.0000000000000E+01
A1125
 1.1477776718835E+05 0.0000000000000E+00 0.0000000000000E+00 2.0000000000000E+01
A1126
 1.1438155904223E+05 0.0000000000000E+00 0.0000000000000E+00 2.0000000000000E+01
A1127
 1.1450085224087E+05 0.0000000000000E+00 0.0000000000000E+00 2.0000000000000E+01
A1128
 1.1457040340534E+05 0.0000000000000E+00 0.0000000000000E+00 2.0000000000000E+01
A1129
 1.1438471807235E+05 0.0000000000000E+00 0.0000000000000E+00 2.0000000000000E+01
A1130
 1.1399339069797E+05 0.0000000000000E+00 0.0000000000000E+00 2.0000000000000E+01
A1131
 1.1484184128970E+05 0.0000000000000E+00 0.0000000000000E+00 2.0000000000000E+01
A1132
 1.1483526289983E+05 0.0000000000000E+00 0.0000000000000E+00 2.0000000000000E+01
A1133
 1.1445978077347E+05 0.0000000000000E+00 0.0000000000000E+00 2.0000000000000E+01
A1134
 1.1473081888645E+05 0.0000000000000E+00 0.0000000000000E+00 2.0000000000000E+01
A1135
 1.1441247920192E+05 0.0000000000000E+00 0.0000000000000E+00 2.0000000000000E+01
A1136
 1.1448184919303E+05 0.0000000000000E+00 0.0000000000000E+00 2.0000000000000E+01
A1137
 1.1427121827313E+05 0.0000000000000E+00 0.0000000000000E+00 2.0000000000000E+01
A1138
 1.1460152808197E+05 0.0000000000000E+00 0.0000000000000E+00 2.0000000000000E+01
A1139
 1.1485007904602E+05 0.0000000000000E+00 0.0000000000000E+00 2.0000000000000E+01
A1140
 1.1474689508033E+05 0.0000000000000E+00 0.0000000000000E+00 2.0000000000000E+01
A1141
 1.1472063781644E+05 0.0000000000000E+00 0.0000000000000E+00 2.0000000000000E+01
A1142
 1.1441662079122E+05 0.0000000000000E+00 0.0000000000000E+00 2.0000000000000E+01
A1143
 1.1451721657961E+05 0.0000000000000E+00 0.0000000000000E+00 2.0000000000000E+01
A1144
 1.1386575564928E+05 0.0000000000000E+00 0.0000000000000E+00 2.0000000000000E+01
A1145
 1.1441182150609E+05 0.0000000000000E+00 0.0000000000000E+00 2.0000000000000E+01
A1146
 1.1444679053466E+05 0.0000000000000E+00 0.0000000000000E+00 2.0000000000000E+01
A1147
 1.1453078808793E+05 0.0000000000000E+00 0.0000000000000E+00 2.0000000000000E+01
A1148
 1.1413979409053E+05 0.0000000000000E+00 0.0000000000000E+00 2.0000000000000E+01
A1149
 1.1439471114730E+05 0.0000000000000E+00 0.0000000000000E+00 2.0000000000000E+01
A1150
 1.1438776385911E+05 0.0000000000000E+00 0.0000000000000E+00 2.0000000000000E+01
A1151
 1.1428688659864E+05 0.0000000000000E+00 0.0000000000000E+00 2.0000000000000E+01
A1152
 1.1474201838732E+05 0.0000000000000E+00 0.0000000000000E+00 2.0000000000000E+01
A1153
 1.1458713520685E+05 0.0000000000000E+00 0.0000000000000E+00 2.0000000000000E+01
A1154
 1.1454836833445E+05 0.0000000000000E+00 0.0000000000000E+00 2.0000000000000E+01
A1155
 1.1441331461511E+05 0.0000000000000E+00 0.0000000000000E+00 2.0000000000000E+01
A1156
 1.1437107959680E+05 0.0000000000000E+00 0.0000000000000E+00 2.0000000000000E+01
A1157
 1.1252960672331E+05 0.0000000000000E+00 0.0000000000000E+00 2.0000000000000E+01
A1158
 1.1472320293668E+05 0.0000000000000E+00 0.0000000000000E+00 2.0000000000000E+01
A1159
 1.1447300589218E+05 0.0000000000000E+00 0.0000000000000E+00 2.0000000000000E+01
A1160
 1.1454045293296E+05 0.0000000000000E+00 0.0000000000000E+00 2.0000000000000E+01
A1161
 1.1409538287633E+05 0.0000000000000E+00 0.0000000000000E+00 2.0000000000000E+01
A1162
 1.1483983759987E+05 0.0000000000000E+00 0.0000000000000E+00 2.0000000000000E+01
A1163
 1.1484752739565E+05 0.0000000000000E+00 0.0000000000000E+00 2.0000000000000E+01
A1164
 1.1471233830004E+05 0.0000000000000E+00 0.0000000000000E+00 2.0000000000000E+01
A1165
 1.1476900464429E+05 0.0000000000000E+00 0.0000000000000E+00 2.0000000000000E+01
A1166
 1.1379402743994E+05 0.0000000000000E+00 0.0000000000000E+00 2.0000000000000E+01
A1167
 1.1438400130267E+05 0.0000000000000E+00 0.0000000000000E+00 2.0000000000000E+01
A1168
 1.1486403504837E+05 0.0000000000000E+00 0.0000000000000E+00 2.0000000000000E+01
A1169
 1.1412644039835E+05 0.0000000000000E+00 0.0000000000000E+00 2.0000000000000E+01
A1170
 1.1421024458258E+05 0.0000000000000E+00 0.0000000000000E+00 2.0000000000000E+01
A1171
 1.1458127691802E+05 0.0000000000000E+00 0.0000000000000E+00 2.0000000000000E+01
A1172
 1.1456247668767E+05 0.0000000000000E+00 0.0000000000000E+00 2.0000000000000E+01
A1173
 1.1446813260039E+05 0.0000000000000E+00 0.0000000000000E+00 2.0000000000000E+01
A1174
 1.1485791748358E+05 0.0000000000000E+00 0.0000000000000E+00 2.0000000000000E+01
A1175
 1.1421036367583E+05 0.0000000000000E+00 0.0000000000000E+00 2.0000000000000E+01
A1176
 1.1449211833899E+05 0.0000000000000E+00 0.0000000000000E+00 2.0000000000000E+01
A1177
 1.1410646702584E+05 0.0000000000000E+00 0.0000000000000E+00 2.0000000000000E+01
A1178
 1.1409210511857E+05 0.0000000000000E+00 0.0000000000000E+00 2.0000000000000E+01
A1179
 1.1472178760732E+05 0.0000000000000E+00 0.0000000000000E+00 2.0000000000000E+01
A1180
 1.1396435667772E+05 0.0000000000000E+00 0.0000000000000E+00 2.0000000000000E+01
A1181
 1.1487020923588E+05 0.0000000000000E+00 0.0000000000000E+00 2.0000000000000E+01
A1182
 1.1439759191430E+05 0.0000000000000E+00 0.0000000000000E+00 2.0000000000000E+01
A1183
 1.1450475145729E+05 0.0000000000000E+00 0.0000000000000E+00 2.0000000000000E+01
A1184
 1.1476702527019E+05 0.0000000000000E+00 0.0000000000000E+00 2.0000000000000E+01
A1185
 1.1419103066511E+05 0.0000000000000E+00 0.0000000000000E+00 2.0000000000000E+01
A1186
 1.1430670654645E+05 0.0000000000000E+00 0.0000000000000E+00 2.0000000000000E+01
A1187
 1.1461769906904E+05 0.0000000000000E+00 0.0000000000000E+00 2.0000000000000E+01
A1188
 1.1451788418352E+05 0.0000000000000E+00 0.0000000000000E+00 2.0000000000000E+01
A1189
 1.1484762615677E+05 0.0000000000000E+00 0.0000000000000E+00 2.0000000000000E+01
A1190
 1.1413358420207E+05 0.0000000000000E+00 0.0000000000000E+00 2.0000000000000E+01
A1191
 1.1385067329225E+05 0.0000000000000E+00 0.0000000000000E+00 2.0000000000000E+01
A1192
 1.1436533387958E+05 0.0000000000000E+00 0.0000000000000E+00 2.0000000000000E+01
A1193
 1.1399087756327E+05 0.0000000000000E+00 0.0000000000000E+00 2.0000000000000E+01
A1194
 1.1395460898239E+05 0.0000000000000E+00 0.0000000000000E+00 2.0000000000000E+01
A1195
 1.1413755478295E+05 0.0000000000000E+00 0.0000000000000E+00 2.0000000000000E+01
A1196
 1.1472401419730E+05 0.0000000000000E+00 0.0000000000000E+00 2.0000000000000E+01
A1197
 1.1448407419213E+05 0.0000000000000E+00 0.0000000000000E+00 2.0000000000000E+01
A1198
 1.1430914952855E+05 0.0000000000000E+00 0.0000000000000E+00 2.0000000000000E+01
A1199
 1.1415524292188E+05 0.0000000000000E+00 0.0000000000000E+00 2.0000000000000E+01
A12 0
 1.1327342939773E+05 0.0000000000000E+00 0.0000000000000E+00 2.0000000000000E+01
A12 1
 1.1411679040752E+05 0.0000000000000E+00 0.0000000000000E+00 2.0000000000000E+01
A12 2
 1.1483774859293E+05 0.0000000000000E+00 0.0000000000000E+00 2.0000000000000E+01
A12 3
 1.1419742382353E+05 0.0000000000000E+00 0.0000000000000E+00 2.0000000000000E+01
A12 4
 1.1438599639723E+05 0.0000000000000E+00 0.0000000000000E+00 2.0000000000000E+01
A12 5
 1.1448599009115E+05 0.0000000000000E+00 0.0000000000000E+00 2.0000000000000E+01
A12 6
 1.1425581169176E+05 0.0000000000000E+00 0.0000000000000E+00 2.0000000000000E+01
A12 7
 1.1444918666375E+05 0.0000000000000E+00 0.0000000000000E+00 2.0000000000000E+01
A12 8
 1.1395334324732E+05 0.0000000000000E+00 0.0000000000000E+00 2.0000000000000E+01
A12 9
 1.1404457299954E+05 0.0000000000000E+00 0.0000000000000E+00 2.0000000000000E+01
A1210
 1.1421661855499E+05 0.0000000000000E+00 0.0000000000000E+00 2.0000000000000E+01
A1211
 1.1384425427672E+05 0.0000000000000E+00 0.0000000000000E+00 2.0000000000000E+01
A1212
 1.1442349852541E+05 0.0000000000000E+00 0.0000000000000E+00 2.0000000000000E+01
A1213
 1.1384140065866E+05 0.0000000000000E+00 0.0000000000000E+00 2.0000000000000E+01
A1214
 1.1461517142817E+05 0.0000000000000E+00 0.0000000000000E+00 2.0000000000000E+01
A1215
 1.1432641864698E+05 0.0000000000000E+00 0.0000000000000E+00 2.0000000000000E+01
A1216
 1.1449441570147E+05 0.0000000000000E+00 0.0000000000000E+00 2.0000000000000E+01
A1217
 1.1415120807675E+05 0.0000000000000E+00 0.0000000000000E+00 2.0000000000000E+01
A1218
 1.1420069995492E+05 0.0000000000000E+00 0.0000000000000E+00 2.0000000000000E+01
A1219
 1.1410055268561E+05 0.0000000000000E+00 0.0000000000000E+00 2.0000000000000E+01
A1220
 1.1395902572550E+05 0.0000000000000E+00 0.0000000000000E+00 2.0000000000000E+01
A1221
 1.1423065158978E+05 0.0000000000000E+00 0.0000000000000E+00 2.0000000000000E+01
A1222
 1.1391637886872E+05 0.0000000000000E+00 0.0000000000000E+00 2.0000000000000E+01
A1223
 1.1411201659292E+05 0.0000000000000E+00 0.0000000000000E+00 2.0000000000000E+01
A1224
 1.1393833685813E+05 0.0000000000000E+00 0.0000000000000E+00 2.0000000000000E+01
A1225
 1.1394715206712E+05 0.0000000000000E+00 0.0000000000000E+00 2.0000000000000E+01
A1226
 1.1379718552347E+05 0.0000000000000E+00 0.0000000000000E+00 2.0000000000000E+01
A1227
 1.1401906845163E+05 0.0000000000000E+00 0.0000000000000E+00 2.0000000000000E+01
A1228
 1.1435153819598E+05 0.0000000000000E+00 0.0000000000000E+00 2.0000000000000E+01
A1229
 1.1385868920204E+05 0.0000000000000E+00 0.0000000000000E+00 2.0000000000000E+01
A1230
 1.1382693881396E+05 0.0000000000000E+00 0.0000000000000E+00 2.0000000000000E+01
A1231
 1.1435301734453E+05 0.0000000000000E+00 0.0000000000000E+00 2.0000000000000E+01
A1232
 1.1382226065266E+05 0.0000000000000E+00 0.0000000000000E+00 2.0000000000000E+01
A1233
 1.1380914508842E+05 0.0000000000000E+00 0.0000000000000E+00 2.0000000000000E+01
A1234
 1.1400943089795E+05 0.0000000000000E+00 0.0000000000000E+00 2.0000000000000E+01
A1235
 1.1389021655466E+05 0.0000000000000E+00 0.0000000000000E+00 2.0000000000000E+01
A1236
 1.1443970478136E+05 0.0000000000000E+00 0.0000000000000E+00 2.0000000000000E+01
A1237
 1.1403764243233E+05 0.0000000000000E+00 0.0000000000000E+00 2.0000000000000E+01
A1238
 1.1427328103185E+05 0.0000000000000E+00 0.0000000000000E+00 2.0000000000000E+01
A1239
 1.1388251853040E+05 0.0000000000000E+00 0.0000000000000E+00 2.0000000000000E+01
A1240
 1.1405882396675E+05 0.0000000000000E+00 0.0000000000000E+00 2.0000000000000E+01
A1241
 1.1422302137583E+05 0.0000000000000E+00 0.0000000000000E+00 2.0000000000000E+01
A1242
 1.1427321385740E+05 0.0000000000000E+00 0.0000000000000E+00 2.0000000000000E+01
A1243
 1.1416824351859E+05 0.0000000000000E+00 0.0000000000000E+00 2.0000000000000E+01
A1244
 1.1449086422067E+05 0.0000000000000E+00 0.0000000000000E+00 2.0000000000000E+01
A1245
 1.1486348034237E+05 0.0000000000000E+00 0.0000000000000E+00 2.0000000000000E+01
A1246
 1.1485865238427E+05 0.0000000000000E+00 0.0000000000000E+00 2.0000000000000E+01
A1247
 1.1486012277218E+05 0.0000000000000E+00 0.0000000000000E+00 2.0000000000000E+01
A1248
 1.1486253299957E+05 0.0000000000000E+00 0.0000000000000E+00 2.0000000000000E+01
A1249
 1.1486207588332E+05 0.0000000000000E+00 0.0000000000000E+00 2.0000000000000E+01
A1250
 1.1484918504282E+05 0.0000000000000E+00 0.0000000000000E+00 2.0000000000000E+01
A1251
 1.1485399628898E+05 0.0000000000000E+00 0.0000000000000E+00 2.0000000000000E+01
A1252
 1.1485302684981E+05 0.0000000000000E+00 0.0000000000000E+00 2.0000000000000E+01
A1253
 1.1485296424540E+05 0.0000000000000E+00 0.0000000000000E+00 2.0000000000000E+01
A1254
 1.1485485641177E+05 0.0000000000000E+00 0.0000000000000E+00 2.0000000000000E+01
A1255
 1.1484446678609E+05 0.0000000000000E+00 0.0000000000000E+00 2.0000000000000E+01
A1256
 1.1485496800318E+05 0.0000000000000E+00 0.0000000000000E+00 2.0000000000000E+01
A1257
 1.1484870162726E+05 0.0000000000000E+00 0.0000000000000E+00 2.0000000000000E+01
A1258
 1.1485679287660E+05 0.0000000000000E+00 0.0000000000000E+00 2.0000000000000E+01
A1259
 1.1485537999561E+05 0.0000000000000E+00 0.0000000000000E+00 2.0000000000000E+01
A1260
 1.1485178660735E+05 0.0000000000000E+00 0.0000000000000E+00 2.0000000000000E+01
A1261
 1.1485561176755E+05 0.0000000000000E+00 0.0000000000000E+00 2.0000000000000E+01
A1262
 1.1485094367157E+05 0.0000000000000E+00 0.0000000000000E+00 2.0000000000000E+01
A1263
 1.1485286207206E+05 0.0000000000000E+00 0.0000000000000E+00 2.0000000000000E+01
A1264
 1.1486531945121E+05 0.0000000000000E+00 0.0000000000000E+00 2.0000000000000E+01
A1265
 1.1485122649237E+05 0.0000000000000E+00 0.0000000000000E+00 2.0000000000000E+01
A1266
 1.1484920797429E+05 0.0000000000000E+00 0.0000000000000E+00 2.0000000000000E+01
A1267
 1.1485418991165E+05 0.0000000000000E+00 0.0000000000000E+00 2.0000000000000E+01
A1268
 1.1484825275792E+05 0.0000000000000E+00 0.0000000000000E+00 2.0000000000000E+01
A1269
 1.1399467262305E+05 0.0000000000000E+00 0.0000000000000E+00 2.0000000000000E+01
A1270
 1.1484886657652E+05 0.0000000000000E+00 0.0000000000000E+00 2.0000000000000E+01
A1271
 1.1442407140828E+05 0.0000000000000E+00 0.0000000000000E+00 2.0000000000000E+01
A1272
 1.1476103127736E+05 0.0000000000000E+00 0.0000000000000E+00 2.0000000000000E+01
A1273
 1.1476250166527E+05 0.0000000000000E+00 0.0000000000000E+00 2.0000000000000E+01
A1274
 1.1429458098252E+05 0.0000000000000E+00 0.0000000000000E+00 2.0000000000000E+01
A1275
 1.1476109720623E+05 0.0000000000000E+00 0.0000000000000E+00 2.0000000000000E+01
A1276
 1.1474207988252E+05 0.0000000000000E+00 0.0000000000000E+00 2.0000000000000E+01
A1277
 1.1474592168951E+05 0.0000000000000E+00 0.0000000000000E+00 2.0000000000000E+01
A1278
 1.1474104783894E+05 0.0000000000000E+00 0.0000000000000E+00 2.0000000000000E+01
A1279
 1.1474671920789E+05 0.0000000000000E+00 0.0000000000000E+00 2.0000000000000E+01
A1280
 1.1474689340371E+05 0.0000000000000E+00 0.0000000000000E+00 2.0000000000000E+01
A1281
 1.1475054783909E+05 0.0000000000000E+00 0.0000000000000E+00 2.0000000000000E+01
A1282
 1.1456695955841E+05 0.0000000000000E+00 0.0000000000000E+00 2.0000000000000E+01
A1283
 1.1474565316125E+05 0.0000000000000E+00 0.0000000000000E+00 2.0000000000000E+01
A1284
 1.1474629692562E+05 0.0000000000000E+00 0.0000000000000E+00 2.0000000000000E+01
A1285
 1.1474737239033E+05 0.0000000000000E+00 0.0000000000000E+00 2.0000000000000E+01
A1286
 1.1389156842632E+05 0.0000000000000E+00 0.0000000000000E+00 2.0000000000000E+01
A1287
 1.1474096859707E+05 0.0000000000000E+00 0.0000000000000E+00 2.0000000000000E+01
A1288
 1.1474431495474E+05 0.0000000000000E+00 0.0000000000000E+00 2.0000000000000E+01
A1289
 1.1452641580174E+05 0.0000000000000E+00 0.0000000000000E+00 2.0000000000000E+01
A1290
 1.1400877220654E+05 0.0000000000000E+00 0.0000000000000E+00 2.0000000000000E+01
A1291
 1.1473635928293E+05 0.0000000000000E+00 0.0000000000000E+00 2.0000000000000E+01
A1292
 1.1452385110633E+05 0.0000000000000E+00 0.0000000000000E+00 2.0000000000000E+01
A1293
 1.1453895521438E+05 0.0000000000000E+00 0.0000000000000E+00 2.0000000000000E+01
A1294
 1.1453159828519E+05 0.0000000000000E+00 0.0000000000000E+00 2.0000000000000E+01
A1295
 1.1485326695110E+05 0.0000000000000E+00 0.0000000000000E+00 2.0000000000000E+01
A1296
 1.1426592093723E+05 0.0000000000000E+00 0.0000000000000E+00 2.0000000000000E+01
A1297
 1.1426438607467E+05 0.0000000000000E+00 0.0000000000000E+00 2.0000000000000E+01
A1298
 1.1474086712909E+05 0.0000000000000E+00 0.0000000000000E+00 2.0000000000000E+01
A1299
 1.1397506089977E+05 0.0000000000000E+00 0.0000000000000E+00 2.0000000000000E+01
A13 0
 1.1419842389109E+05 0.0000000000000E+00 0.0000000000000E+00 2.0000000000000E+01
A13 1
 1.1385431604613E+05 0.0000000000000E+00 0.0000000000000E+00 2.0000000000000E+01
A13 2
 1.1415855861096E+05 0.0000000000000E+00 0.0000000000000E+00 2.0000000000000E+01
A13 3
 1.1414968683734E+05 0.0000000000000E+00 0.0000000000000E+00 2.0000000000000E+01
A13 4
 1.1484078644781E+05 0.0000000000000E+00 0.0000000000000E+00 2.0000000000000E+01
A13 5
 1.1457167989328E+05 0.0000000000000E+00 0.0000000000000E+00 2.0000000000000E+01
A13 6
 1.1415389591532E+05 0.0000000000000E+00 0.0000000000000E+00 2.0000000000000E+01
A13 7
 1.1401813188993E+05 0.0000000000000E+00 0.0000000000000E+00 2.0000000000000E+01
A13 8
 1.1394077636465E+05 0.0000000000000E+00 0.0000000000000E+00 2.0000000000000E+01
A13 9
 1.1408910270445E+05 0.0000000000000E+00 0.0000000000000E+00 2.0000000000000E+01
A1310
 1.1454739918495E+05 0.0000000000000E+00 0.0000000000000E+00 2.0000000000000E+01
A1311
 1.1425020154917E+05 0.0000000000000E+00 0.0000000000000E+00 2.0000000000000E+01
A1312
 1.1484527804670E+05 0.0000000000000E+00 0.0000000000000E+00 2.0000000000000E+01
A1313
 1.1453360232625E+05 0.0000000000000E+00 0.0000000000000E+00 2.0000000000000E+01
A1314
 1.1418724836679E+05 0.0000000000000E+00 0.0000000000000E+00 2.0000000000000E+01
A1315
 1.1445037034346E+05 0.0000000000000E+00 0.0000000000000E+00 2.0000000000000E+01
A1316
 1.1418461705505E+05 0.0000000000000E+00 0.0000000000000E+00 2.0000000000000E+01
A1317
 1.1453443072099E+05 0.0000000000000E+00 0.0000000000000E+00 2.0000000000000E+01
A1318
 1.1318369680798E+05 0.0000000000000E+00 0.0000000000000E+00 2.0000000000000E+01
A1319
 1.1474840093107E+05 0.0000000000000E+00 0.0000000000000E+00 2.0000000000000E+01
A1320
 1.1394336714418E+05 0.0000000000000E+00 0.0000000000000E+00 2.0000000000000E+01
A1321
 1.1472415178462E+05 0.0000000000000E+00 0.0000000000000E+00 2.0000000000000E+01
A1322
 1.1475277829461E+05 0.0000000000000E+00 0.0000000000000E+00 2.0000000000000E+01
A1323
 1.1405763434236E+05 0.0000000000000E+00 0.0000000000000E+00 2.0000000000000E+01
A1324
 1.1441303771636E+05 0.0000000000000E+00 0.0000000000000E+00 2.0000000000000E+01
A1325
 1.1448364410514E+05 0.0000000000000E+00 0.0000000000000E+00 2.0000000000000E+01
A1326
 1.1475121738638E+05 0.0000000000000E+00 0.0000000000000E+00 2.0000000000000E+01
A1327
 1.1443951910400E+05 0.0000000000000E+00 0.0000000000000E+00 2.0000000000000E+01
A1328
 1.1473287822469E+05 0.0000000000000E+00 0.0000000000000E+00 2.0000000000000E+01
A1329
 1.1420295437018E+05 0.0000000000000E+00 0.0000000000000E+00 2.0000000000000E+01
A1330
 1.1476159600971E+05 0.0000000000000E+00 0.0000000000000E+00 2.0000000000000E+01
A1331
 1.1476326988650E+05 0.0000000000000E+00 0.0000000000000E+00 2.0000000000000E+01
A1332
 1.1475118137684E+05 0.0000000000000E+00 0.0000000000000E+00 2.0000000000000E+01
A1333
 1.1474524422311E+05 0.0000000000000E+00 0.0000000000000E+00 2.0000000000000E+01
A1334
 1.1406167518081E+05 0.0000000000000E+00 0.0000000000000E+00 2.0000000000000E+01
A1335
 1.1447800213436E+05 0.0000000000000E+00 0.0000000000000E+00 2.0000000000000E+01
A1336
 1.1454191918178E+05 0.0000000000000E+00 0.0000000000000E+00 2.0000000000000E+01
A1337
 1.1439012389042E+05 0.0000000000000E+00 0.0000000000000E+00 2.0000000000000E+01
A1338
 1.1439180346983E+05 0.0000000000000E+00 0.0000000000000E+00 2.0000000000000E+01
A1339
 1.1442098580093E+05 0.0000000000000E+00 0.0000000000000E+00 2.0000000000000E+01
A1340
 1.1477910338364E+05 0.0000000000000E+00 0.0000000000000E+00 2.0000000000000E+01
A1341
 1.1417591749107E+05 0.0000000000000E+00 0.0000000000000E+00 2.0000000000000E+01
A1342
 1.1426708371175E+05 0.0000000000000E+00 0.0000000000000E+00 2.0000000000000E+01
A1343
 1.1442672662730E+05 0.0000000000000E+00 0.0000000000000E+00 2.0000000000000E+01
A1344
 1.1390746441899E+05 0.0000000000000E+00 0.0000000000000E+00 2.0000000000000E+01
A1345
 1.1449199597760E+05 0.0000000000000E+00 0.0000000000000E+00 2.0000000000000E+01
A1346
 1.1422563357671E+05 0.0000000000000E+00 0.0000000000000E+00 2.0000000000000E+01
A1347
 1.1407817832954E+05 0.0000000000000E+00 0.0000000000000E+00 2.0000000000000E+01
A1348
 1.1476885869520E+05 0.0000000000000E+00 0.0000000000000E+00 2.0000000000000E+01
A1349
 1.1432994448958E+05 0.0000000000000E+00 0.0000000000000E+00 2.0000000000000E+01
A1350
 1.1425170407187E+05 0.0000000000000E+00 0.0000000000000E+00 2.0000000000000E+01
A1351
 1.1419700062330E+05 0.0000000000000E+00 0.0000000000000E+00 2.0000000000000E+01
A1352
 1.1439457616205E+05 0.0000000000000E+00 0.0000000000000E+00 2.0000000000000E+01
A1353
 1.1458588055047E+05 0.0000000000000E+00 0.0000000000000E+00 2.0000000000000E+01
A1354
 1.1442385153257E+05 0.0000000000000E+00 0.0000000000000E+00 2.0000000000000E+01
A1355
 1.1442878311142E+05 0.0000000000000E+00 0.0000000000000E+00 2.0000000000000E+01
A1356
 1.1443728739222E+05 0.0000000000000E+00 0.0000000000000E+00 2.0000000000000E+01
A1357
 1.1409127441096E+05 0.0000000000000E+00 0.0000000000000E+00 2.0000000000000E+01
A1358
 1.1443846422622E+05 0.0000000000000E+00 0.0000000000000E+00 2.0000000000000E+01
A1359
 1.1429445894590E+05 0.0000000000000E+00 0.0000000000000E+00 2.0000000000000E+01
A1360
 1.1389692945166E+05 0.0000000000000E+00 0.0000000000000E+00 2.0000000000000E+01
A1361
 1.1455189841381E+05 0.0000000000000E+00 0.0000000000000E+00 2.0000000000000E+01
A1362
 1.1424284553487E+05 0.0000000000000E+00 0.0000000000000E+00 2.0000000000000E+01
A1363
 1.1474538761856E+05 0.0000000000000E+00 0.0000000000000E+00 2.0000000000000E+01
A1364
 1.1445199436544E+05 0.0000000000000E+00 0.0000000000000E+00 2.0000000000000E+01
A1365
 1.1456027435898E+05 0.0000000000000E+00 0.0000000000000E+00 2.0000000000000E+01
A1366
 1.1450230331505E+05 0.0000000000000E+00 0.0000000000000E+00 2.0000000000000E+01
A1367
 1.1395346710215E+05 0.0000000000000E+00 0.0000000000000E+00 2.0000000000000E+01
A1368
 1.1485134674431E+05 0.0000000000000E+00 0.0000000000000E+00 2.0000000000000E+01
A1369
 1.1414661558182E+05 0.0000000000000E+00 0.0000000000000E+00 2.0000000000000E+01
A1370
 1.1454257588138E+05 0.0000000000000E+00 0.0000000000000E+00 2.0000000000000E+01
A1371
 1.1477050838837E+05 0.0000000000000E+00 0.0000000000000E+00 2.0000000000000E+01
A1372
 1.1477605299990E+05 0.0000000000000E+00 0.0000000000000E+00 2.0000000000000E+01
A1373
 1.1476702509935E+05 0.0000000000000E+00 0.0000000000000E+00 2.0000000000000E+01
A1374
 1.1476561221836E+05 0.0000000000000E+00 0.0000000000000E+00 2.0000000000000E+01
A1375
 1.1443065395685E+05 0.0000000000000E+00 0.0000000000000E+00 2.0000000000000E+01
A1376
 1.1459983313259E+05 0.0000000000000E+00 0.0000000000000E+00 2.0000000000000E+01
A1377
 1.1486381570712E+05 0.0000000000000E+00 0.0000000000000E+00 2.0000000000000E+01
A1378
 1.1460559715153E+05 0.0000000000000E+00 0.0000000000000E+00 2.0000000000000E+01
A1379
 1.1476999777585E+05 0.0000000000000E+00 0.0000000000000E+00 2.0000000000000E+01
A1380
 1.1427034432410E+05 0.0000000000000E+00 0.0000000000000E+00 2.0000000000000E+01
A1381
 1.1478010474982E+05 0.0000000000000E+00 0.0000000000000E+00 2.0000000000000E+01
A1382
 1.1421891484024E+05 0.0000000000000E+00 0.0000000000000E+00 2.0000000000000E+01
A1383
 1.1486537124366E+05 0.0000000000000E+00 0.0000000000000E+00 2.0000000000000E+01
A1384
 1.1487164874888E+05 0.0000000000000E+00 0.0000000000000E+00 2.0000000000000E+01
A1385
 1.1478672463166E+05 0.0000000000000E+00 0.0000000000000E+00 2.0000000000000E+01
A1386
 1.1389889934137E+05 0.0000000000000E+00 0.0000000000000E+00 2.0000000000000E+01
A1387
 1.1463463970955E+05 0.0000000000000E+00 0.0000000000000E+00 2.0000000000000E+01
A1388
 1.1477019313867E+05 0.0000000000000E+00 0.0000000000000E+00 2.0000000000000E+01
A1389
 1.1477325949482E+05 0.0000000000000E+00 0.0000000000000E+00 2.0000000000000E+01
A1390
 1.1457396680336E+05 0.0000000000000E+00 0.0000000000000E+00 2.0000000000000E+01
A1391
 1.1391947570813E+05 0.0000000000000E+00 0.0000000000000E+00 2.0000000000000E+01
A1392
 1.1461366662938E+05 0.0000000000000E+00 0.0000000000000E+00 2.0000000000000E+01
A1393
 1.1378953272783E+05 0.0000000000000E+00 0.0000000000000E+00 2.0000000000000E+01
A1394
 1.1417881123516E+05 0.0000000000000E+00 0.0000000000000E+00 2.0000000000000E+01
A1395
 1.1428928245841E+05 0.0000000000000E+00 0.0000000000000E+00 2.0000000000000E+01
A1396
 1.1454342033857E+05 0.0000000000000E+00 0.0000000000000E+00 2.0000000000000E+01
A1397
 1.1444118729855E+05 0.0000000000000E+00 0.0000000000000E+00 2.0000000000000E+01
A1398
 1.1392626532221E+05 0.0000000000000E+00 0.0000000000000E+00 2.0000000000000E+01
A1399
 1.1432467302311E+05 0.0000000000000E+00 0.0000000000000E+00 2.0000000000000E+01
A14 0
 1.1447027953891E+05 0.0000000000000E+00 0.0000000000000E+00 2.0000000000000E+01
A14 1
 1.1487175378741E+05 0.0000000000000E+00 0.0000000000000E+00 2.0000000000000E+01
A14 2
 1.1485896167219E+05 0.0000000000000E+00 0.0000000000000E+00 2.0000000000000E+01
A14 3
 1.1485905188456E+05 0.0000000000000E+00 0.0000000000000E+00 2.0000000000000E+01
A14 4
 1.1485809291447E+05 0.0000000000000E+00 0.0000000000000E+00 2.0000000000000E+01
A14 5
 1.1488021994519E+05 0.0000000000000E+00 0.0000000000000E+00 2.0000000000000E+01
A14 6
 1.1454712927861E+05 0.0000000000000E+00 0.0000000000000E+00 2.0000000000000E+01
A14 7
 1.1461773335170E+05 0.0000000000000E+00 0.0000000000000E+00 2.0000000000000E+01
A14 8
 1.1451150563180E+05 0.0000000000000E+00 0.0000000000000E+00 2.0000000000000E+01
A14 9
 1.1417887301782E+05 0.0000000000000E+00 0.0000000000000E+00 2.0000000000000E+01
A1410
 1.1465385563262E+05 0.0000000000000E+00 0.0000000000000E+00 2.0000000000000E+01
A1411
 1.1399206741057E+05 0.0000000000000E+00 0.0000000000000E+00 2.0000000000000E+01
A1412
 1.1245846402167E+05 0.0000000000000E+00 0.0000000000000E+00 2.0000000000000E+01
A1413
 1.1411925157613E+05 0.0000000000000E+00 0.0000000000000E+00 2.0000000000000E+01
A1414
 1.1458119035686E+05 0.0000000000000E+00 0.0000000000000E+00 2.0000000000000E+01
A1415
 1.1443099998966E+05 0.0000000000000E+00 0.0000000000000E+00 2.0000000000000E+01
A1416
 1.1476108118512E+05 0.0000000000000E+00 0.0000000000000E+00 2.0000000000000E+01
A1417
 1.1487483358925E+05 0.0000000000000E+00 0.0000000000000E+00 2.0000000000000E+01
A1418
 1.1451134354017E+05 0.0000000000000E+00 0.0000000000000E+00 2.0000000000000E+01
A1419
 1.1409582914819E+05 0.0000000000000E+00 0.0000000000000E+00 2.0000000000000E+01
A1420
 1.1449836903505E+05 0.0000000000000E+00 0.0000000000000E+00 2.0000000000000E+01
A1421
 1.1449940037038E+05 0.0000000000000E+00 0.0000000000000E+00 2.0000000000000E+01
A1422
 1.1402374331813E+05 0.0000000000000E+00 0.0000000000000E+00 2.0000000000000E+01
A1423
 1.1444675815244E+05 0.0000000000000E+00 0.0000000000000E+00 2.0000000000000E+01
A1424
 1.1421692170937E+05 0.0000000000000E+00 0.0000000000000E+00 2.0000000000000E+01
A1425
 1.1486595829621E+05 0.0000000000000E+00 0.0000000000000E+00 2.0000000000000E+01
A1426
 1.1453229937482E+05 0.0000000000000E+00 0.0000000000000E+00 2.0000000000000E+01
A1427
 1.1421344745830E+05 0.0000000000000E+00 0.0000000000000E+00 2.0000000000000E+01
A1428
 1.1476836665798E+05 0.0000000000000E+00 0.0000000000000E+00 2.0000000000000E+01
A1429
 1.1423488699434E+05 0.0000000000000E+00 0.0000000000000E+00 2.0000000000000E+01
A1430
 1.1459495118480E+05 0.0000000000000E+00 0.0000000000000E+00 2.0000000000000E+01
A1431
 1.1432123460786E+05 0.0000000000000E+00 0.0000000000000E+00 2.0000000000000E+01
A1432
 1.1260756773981E+05 0.0000000000000E+00 0.0000000000000E+00 2.0000000000000E+01
A1433
 1.1411628368687E+05 0.0000000000000E+00 0.0000000000000E+00 2.0000000000000E+01
A1434
 1.1430954074552E+05 0.0000000000000E+00 0.0000000000000E+00 2.0000000000000E+01
A1435
 1.1448924462866E+05 0.0000000000000E+00 0.0000000000000E+00 2.0000000000000E+01
A1436
 1.1416565529322E+05 0.0000000000000E+00 0.0000000000000E+00 2.0000000000000E+01
A1437
 1.1454768619302E+05 0.0000000000000E+00 0.0000000000000E+00 2.0000000000000E+01
A1438
 1.1460707912829E+05 0.0000000000000E+00 0.0000000000000E+00 2.0000000000000E+01
A1439
 1.1454434566831E+05 0.0000000000000E+00 0.0000000000000E+00 2.0000000000000E+01
A1440
 1.1421756593232E+05 0.0000000000000E+00 0.0000000000000E+00 2.0000000000000E+01
A1441
 1.1441776197408E+05 0.0000000000000E+00 0.0000000000000E+00 2.0000000000000E+01
A1442
 1.1414021727515E+05 0.0000000000000E+00 0.0000000000000E+00 2.0000000000000E+01
A1443
 1.1443464149332E+05 0.0000000000000E+00 0.0000000000000E+00 2.0000000000000E+01
A1444
 1.1487050643506E+05 0.0000000000000E+00 0.0000000000000E+00 2.0000000000000E+01
A1445
 1.1453223853226E+05 0.0000000000000E+00 0.0000000000000E+00 2.0000000000000E+01
A1446
 1.1442817111366E+05 0.0000000000000E+00 0.0000000000000E+00 2.0000000000000E+01
A1447
 1.1389569856402E+05 0.0000000000000E+00 0.0000000000000E+00 2.0000000000000E+01
A1448
 1.1455440136330E+05 0.0000000000000E+00 0.0000000000000E+00 2.0000000000000E+01
A1449
 1.1447087260438E+05 0.0000000000000E+00 0.0000000000000E+00 2.0000000000000E+01
A1450
 1.1413372675048E+05 0.0000000000000E+00 0.0000000000000E+00 2.0000000000000E+01
A1451
 1.1380721710731E+05 0.0000000000000E+00 0.0000000000000E+00 2.0000000000000E+01
A1452
 1.1464448235075E+05 0.0000000000000E+00 0.0000000000000E+00 2.0000000000000E+01
A1453
 1.1461689035797E+05 0.0000000000000E+00 0.0000000000000E+00 2.0000000000000E+01
A1454
 1.1475248300371E+05 0.0000000000000E+00 0.0000000000000E+00 2.0000000000000E+01
A1455
 1.1379041006126E+05 0.0000000000000E+00 0.0000000000000E+00 2.0000000000000E+01
A1456
 1.1425394583997E+05 0.0000000000000E+00 0.0000000000000E+00 2.0000000000000E+01
A1457
 1.1478311453191E+05 0.0000000000000E+00 0.0000000000000E+00 2.0000000000000E+01
A1458
 1.1452015814516E+05 0.0000000000000E+00 0.0000000000000E+00 2.0000000000000E+01
A1459
 1.1477421032399E+05 0.0000000000000E+00 0.0000000000000E+00 2.0000000000000E+01
A1460
 1.1478924970702E+05 0.0000000000000E+00 0.0000000000000E+00 2.0000000000000E+01
A1461
 1.1486629038644E+05 0.0000000000000E+00 0.0000000000000E+00 2.0000000000000E+01
A1462
 1.1389635998285E+05 0.0000000000000E+00 0.0000000000000E+00 2.0000000000000E+01
A1463
 1.1454438141230E+05 0.0000000000000E+00 0.0000000000000E+00 2.0000000000000E+01
A1464
 1.1487133367203E+05 0.0000000000000E+00 0.0000000000000E+00 2.0000000000000E+01
A1465
 1.1487462144961E+05 0.0000000000000E+00 0.0000000000000E+00 2.0000000000000E+01
A1466
 1.1476204731367E+05 0.0000000000000E+00 0.0000000000000E+00 2.0000000000000E+01
A1467
 1.1478256591056E+05 0.0000000000000E+00 0.0000000000000E+00 2.0000000000000E+01
A1468
 1.1445406026949E+05 0.0000000000000E+00 0.0000000000000E+00 2.0000000000000E+01
A1469
 1.1310557712876E+05 0.0000000000000E+00 0.0000000000000E+00 2.0000000000000E+01
A1470
 1.1430005868700E+05 0.0000000000000E+00 0.0000000000000E+00 2.0000000000000E+01
A1471
 1.1424924036522E+05 0.0000000000000E+00 0.0000000000000E+00 2.0000000000000E+01
A1472
 1.1383115444432E+05 0.0000000000000E+00 0.0000000000000E+00 2.0000000000000E+01
A1473
 1.1418853525101E+05 0.0000000000000E+00 0.0000000000000E+00 2.0000000000000E+01
A1474
 1.1454984233672E+05 0.0000000000000E+00 0.0000000000000E+00 2.0000000000000E+01
A1475
 1.1414191690492E+05 0.0000000000000E+00 0.0000000000000E+00 2.0000000000000E+01
A1476
 1.1486902334180E+05 0.0000000000000E+00 0.0000000000000E+00 2.0000000000000E+01
A1477
 1.1475158083436E+05 0.0000000000000E+00 0.0000000000000E+00 2.0000000000000E+01
A1478
 1.1427424537929E+05 0.0000000000000E+00 0.0000000000000E+00 2.0000000000000E+01
A1479
 1.1479374809601E+05 0.0000000000000E+00 0.0000000000000E+00 2.0000000000000E+01
A1480
 1.1444065184020E+05 0.0000000000000E+00 0.0000000000000E+00 2.0000000000000E+01
A1481
 1.1488582620348E+05 0.0000000000000E+00 0.0000000000000E+00 2.0000000000000E+01
A1482
 1.1487825768498E+05 0.0000000000000E+00 0.0000000000000E+00 2.0000000000000E+01
A1483
 1.1411483830042E+05 0.0000000000000E+00 0.0000000000000E+00 2.0000000000000E+01
A1484
 1.1451893213460E+05 0.0000000000000E+00 0.0000000000000E+00 2.0000000000000E+01
A1485
 1.1480877320576E+05 0.0000000000000E+00 0.0000000000000E+00 2.0000000000000E+01
A1486
 1.1455176424219E+05 0.0000000000000E+00 0.0000000000000E+00 2.0000000000000E+01
A1487
 1.1447063936516E+05 0.0000000000000E+00 0.0000000000000E+00 2.0000000000000E+01
A1488
 1.1489401936294E+05 0.0000000000000E+00 0.0000000000000E+00 2.0000000000000E+01
A1489
 1.1481117559864E+05 0.0000000000000E+00 0.0000000000000E+00 2.0000000000000E+01
A1490
 1.1487984472123E+05 0.0000000000000E+00 0.0000000000000E+00 2.0000000000000E+01
A1491
 1.1458635645328E+05 0.0000000000000E+00 0.0000000000000E+00 2.0000000000000E+01
A1492
 1.1419069539112E+05 0.0000000000000E+00 0.0000000000000E+00 2.0000000000000E+01
A1493
 1.1480039219408E+05 0.0000000000000E+00 0.0000000000000E+00 2.0000000000000E+01
A1494
 1.1449590003902E+05 0.0000000000000E+00 0.0000000000000E+00 2.0000000000000E+01
A1495
 1.1455885457684E+05 0.0000000000000E+00 0.0000000000000E+00 2.0000000000000E+01
A1496
 1.1488035091638E+05 0.0000000000000E+00 0.0000000000000E+00 2.0000000000000E+01
A1497
 1.1488164892213E+05 0.0000000000000E+00 0.0000000000000E+00 2.0000000000000E+01
A1498
 1.1456077903211E+05 0.0000000000000E+00 0.0000000000000E+00 2.0000000000000E+01
A1499
 1.1456959618600E+05 0.0000000000000E+00 0.0000000000000E+00 2.0000000000000E+01
A15 0
 1.1488549436758E+05 0.0000000000000E+00 0.0000000000000E+00 2.0000000000000E+01
A15 1
 1.1448528481966E+05 0.0000000000000E+00 0.0000000000000E+00 2.0000000000000E+01
A15 2
 1.1457974619270E+05 0.0000000000000E+00 0.0000000000000E+00 2.0000000000000E+01
A15 3
 1.1489525320543E+05 0.0000000000000E+00 0.0000000000000E+00 2.0000000000000E+01
A15 4
 1.1488917369666E+05 0.0000000000000E+00 0.0000000000000E+00 2.0000000000000E+01
A15 5
 1.1476177379197E+05 0.0000000000000E+00 0.0000000000000E+00 2.0000000000000E+01
A15 6
 1.1456190915816E+05 0.0000000000000E+00 0.0000000000000E+00 2.0000000000000E+01
A15 7
 1.1238050300517E+05 0.0000000000000E+00 0.0000000000000E+00 2.0000000000000E+01
A15 8
 1.1335154907695E+05 0.0000000000000E+00 0.0000000000000E+00 2.0000000000000E+01
A15 9
 1.1477046524022E+05 0.0000000000000E+00 0.0000000000000E+00 2.0000000000000E+01
A1510
 1.1461827505554E+05 0.0000000000000E+00 0.0000000000000E+00 2.0000000000000E+01
A1511
 1.1410630337579E+05 0.0000000000000E+00 0.0000000000000E+00 2.0000000000000E+01
A1512
 1.1448584996734E+05 0.0000000000000E+00 0.0000000000000E+00 2.0000000000000E+01
A1513
 1.1458556712970E+05 0.0000000000000E+00 0.0000000000000E+00 2.0000000000000E+01
A1514
 1.1428136350274E+05 0.0000000000000E+00 0.0000000000000E+00 2.0000000000000E+01
A1515
 1.1459586694713E+05 0.0000000000000E+00 0.0000000000000E+00 2.0000000000000E+01
A1516
 1.1456134282085E+05 0.0000000000000E+00 0.0000000000000E+00 2.0000000000000E+01
A1517
 1.1427773137296E+05 0.0000000000000E+00 0.0000000000000E+00 2.0000000000000E+01
A1518
 1.1427624281137E+05 0.0000000000000E+00 0.0000000000000E+00 2.0000000000000E+01
A1519
 1.1446166466338E+05 0.0000000000000E+00 0.0000000000000E+00 2.0000000000000E+01
A1520
 1.1476129518496E+05 0.0000000000000E+00 0.0000000000000E+00 2.0000000000000E+01
A1521
 1.1254822758969E+05 0.0000000000000E+00 0.0000000000000E+00 2.0000000000000E+01
A1522
 1.1210043971745E+05 0.0000000000000E+00 0.0000000000000E+00 2.0000000000000E+01
A1523
 1.1242174699506E+05 0.0000000000000E+00 0.0000000000000E+00 2.0000000000000E+01
A1524
 1.1225860377053E+05 0.0000000000000E+00 0.0000000000000E+00 2.0000000000000E+01
A1525
 1.1272234106176E+05 0.0000000000000E+00 0.0000000000000E+00 2.0000000000000E+01
A1526
 1.1348933758444E+05 0.0000000000000E+00 0.0000000000000E+00 2.0000000000000E+01
A1527
 1.1201787009057E+05 0.0000000000000E+00 0.0000000000000E+00 2.0000000000000E+01
A1528
 1.1257501619838E+05 0.0000000000000E+00 0.0000000000000E+00 2.0000000000000E+01
A1529
 1.1241140767988E+05 0.0000000000000E+00 0.0000000000000E+00 2.0000000000000E+01
A1530
 1.1262368518855E+05 0.0000000000000E+00 0.0000000000000E+00 2.0000000000000E+01
A1531
 1.1347461309411E+05 0.0000000000000E+00 0.0000000000000E+00 2.0000000000000E+01
A1532
 1.1216052985721E+05 0.0000000000000E+00 0.0000000000000E+00 2.0000000000000E+01
A1533
 1.1330424021703E+05 0.0000000000000E+00 0.0000000000000E+00 2.0000000000000E+01
A1534
 1.1339519876787E+05 0.0000000000000E+00 0.0000000000000E+00 2.0000000000000E+01
A1535
 1.1232221914397E+05 0.0000000000000E+00 0.0000000000000E+00 2.0000000000000E+01
A1536
 1.1244735923727E+05 0.0000000000000E+00 0.0000000000000E+00 2.0000000000000E+01
A1537
 1.1375903808800E+05 0.0000000000000E+00 0.0000000000000E+00 2.0000000000000E+01
A1538
 1.1239358627711E+05 0.0000000000000E+00 0.0000000000000E+00 2.0000000000000E+01
A1539
 1.1213536955049E+05 0.0000000000000E+00 0.0000000000000E+00 2.0000000000000E+01
A1540
 1.1219458448710E+05 0.0000000000000E+00 0.0000000000000E+00 2.0000000000000E+01
A1541
 1.1215293965663E+05 0.0000000000000E+00 0.0000000000000E+00 2.0000000000000E+01
A1542
 1.1256193432235E+05 0.0000000000000E+00 0.0000000000000E+00 2.0000000000000E+01
A1543
 1.1358643663803E+05 0.0000000000000E+00 0.0000000000000E+00 2.0000000000000E+01
A1544
 1.1379853894456E+05 0.0000000000000E+00 0.0000000000000E+00 2.0000000000000E+01
A1545
 1.1401290469331E+05 0.0000000000000E+00 0.0000000000000E+00 2.0000000000000E+01
A1546
 1.1331667874146E+05 0.0000000000000E+00 0.0000000000000E+00 2.0000000000000E+01
A1547
 1.1275529120956E+05 0.0000000000000E+00 0.0000000000000E+00 2.0000000000000E+01
A1548
 1.1370113578476E+05 0.0000000000000E+00 0.0000000000000E+00 2.0000000000000E+01
A1549
 1.1267463952607E+05 0.0000000000000E+00 0.0000000000000E+00 2.0000000000000E+01
A1550
 1.1238442816119E+05 0.0000000000000E+00 0.0000000000000E+00 2.0000000000000E+01
A1551
 1.1228621670096E+05 0.0000000000000E+00 0.0000000000000E+00 2.0000000000000E+01
A1552
 1.1246389082819E+05 0.0000000000000E+00 0.0000000000000E+00 2.0000000000000E+01
A1553
 1.1284396350536E+05 0.0000000000000E+00 0.0000000000000E+00 2.0000000000000E+01
A1554
 1.1354125619697E+05 0.0000000000000E+00 0.0000000000000E+00 2.0000000000000E+01
A1555
 1.1353793101379E+05 0.0000000000000E+00 0.0000000000000E+00 2.0000000000000E+01
A1556
 1.1323231648887E+05 0.0000000000000E+00 0.0000000000000E+00 2.0000000000000E+01
A1557
 1.1363256115880E+05 0.0000000000000E+00 0.0000000000000E+00 2.0000000000000E+01
A1558
 1.1398766659333E+05 0.0000000000000E+00 0.0000000000000E+00 2.0000000000000E+01
A1559
 1.1307250731704E+05 0.0000000000000E+00 0.0000000000000E+00 2.0000000000000E+01
A1560
 1.1375598299210E+05 0.0000000000000E+00 0.0000000000000E+00 2.0000000000000E+01
A1561
 1.1384206714360E+05 0.0000000000000E+00 0.0000000000000E+00 2.0000000000000E+01
A1562
 1.1251991638498E+05 0.0000000000000E+00 0.0000000000000E+00 2.0000000000000E+01
A1563
 1.1417577785344E+05 0.0000000000000E+00 0.0000000000000E+00 2.0000000000000E+01
A1564
 1.1269978213948E+05 0.0000000000000E+00 0.0000000000000E+00 2.0000000000000E+01
A1565
 1.1313957262757E+05 0.0000000000000E+00 0.0000000000000E+00 2.0000000000000E+01
A1566
 1.1299459752052E+05 0.0000000000000E+00 0.0000000000000E+00 2.0000000000000E+01
A1567
 1.1391502606931E+05 0.0000000000000E+00 0.0000000000000E+00 2.0000000000000E+01
A1568
 1.1293590596405E+05 0.0000000000000E+00 0.0000000000000E+00 2.0000000000000E+01
A1569
 1.1276678651769E+05 0.0000000000000E+00 0.0000000000000E+00 2.0000000000000E+01
A1570
 1.1347228814788E+05 0.0000000000000E+00 0.0000000000000E+00 2.0000000000000E+01
A1571
 1.1430793054710E+05 0.0000000000000E+00 0.0000000000000E+00 2.0000000000000E+01
A1572
 1.1252539672452E+05 0.0000000000000E+00 0.0000000000000E+00 2.0000000000000E+01
A1573
 1.1369425633532E+05 0.0000000000000E+00 0.0000000000000E+00 2.0000000000000E+01
A1574
 1.1261452708206E+05 0.0000000000000E+00 0.0000000000000E+00 2.0000000000000E+01
A1575
 1.1229934921731E+05 0.0000000000000E+00 0.0000000000000E+00 2.0000000000000E+01
A1576
 1.1324996014720E+05 0.0000000000000E+00 0.0000000000000E+00 2.0000000000000E+01
A1577
 1.1361642648123E+05 0.0000000000000E+00 0.0000000000000E+00 2.0000000000000E+01
A1578
 1.1200797960231E+05 0.0000000000000E+00 0.0000000000000E+00 2.0000000000000E+01
A1579
 1.1383623683934E+05 0.0000000000000E+00 0.0000000000000E+00 2.0000000000000E+01
A1580
 1.1222842717664E+05 0.0000000000000E+00 0.0000000000000E+00 2.0000000000000E+01
A1581
 1.1296108501798E+05 0.0000000000000E+00 0.0000000000000E+00 2.0000000000000E+01
A1582
 1.1279831689743E+05 0.0000000000000E+00 0.0000000000000E+00 2.0000000000000E+01
A1583
 1.1316952102503E+05 0.0000000000000E+00 0.0000000000000E+00 2.0000000000000E+01
A1584
 1.1391598078856E+05 0.0000000000000E+00 0.0000000000000E+00 2.0000000000000E+01
A1585
 1.1305176623536E+05 0.0000000000000E+00 0.0000000000000E+00 2.0000000000000E+01
A1586
 1.1310902663400E+05 0.0000000000000E+00 0.0000000000000E+00 2.0000000000000E+01
A1587
 1.1406769664155E+05 0.0000000000000E+00 0.0000000000000E+00 2.0000000000000E+01
A1588
 1.1203698481627E+05 0.0000000000000E+00 0.0000000000000E+00 2.0000000000000E+01
A1589
 1.1331335950098E+05 0.0000000000000E+00 0.0000000000000E+00 2.0000000000000E+01
A1590
 1.1300223730951E+05 0.0000000000000E+00 0.0000000000000E+00 2.0000000000000E+01
A1591
 1.1291264560684E+05 0.0000000000000E+00 0.0000000000000E+00 2.0000000000000E+01
A1592
 1.1294176338877E+05 0.0000000000000E+00 0.0000000000000E+00 2.0000000000000E+01
A1593
 1.1285884192583E+05 0.0000000000000E+00 0.0000000000000E+00 2.0000000000000E+01
A1594
 1.1288514102050E+05 0.0000000000000E+00 0.0000000000000E+00 2.0000000000000E+01
A1595
 1.1352075679288E+05 0.0000000000000E+00 0.0000000000000E+00 2.0000000000000E+01
A1596
 1.1294018745214E+05 0.0000000000000E+00 0.0000000000000E+00 2.0000000000000E+01
A1597
 1.1255141536432E+05 0.0000000000000E+00 0.0000000000000E+00 2.0000000000000E+01
A1598
 1.1327870462920E+05 0.0000000000000E+00 0.0000000000000E+00 2.0000000000000E+01
A1599
 1.1332545859747E+05 0.0000000000000E+00 0.0000000000000E+00 2.0000000000000E+01
A16 0
 1.1238256835784E+05 0.0000000000000E+00 0.0000000000000E+00 2.0000000000000E+01
A16 1
 1.1393170351974E+05 0.0000000000000E+00 0.0000000000000E+00 2.0000000000000E+01
A16 2
 1.1274300297299E+05 0.0000000000000E+00 0.0000000000000E+00 2.0000000000000E+01
A16 3
 1.1304775695819E+05 0.0000000000000E+00 0.0000000000000E+00 2.0000000000000E+01
A16 4
 1.1313696195106E+05 0.0000000000000E+00 0.0000000000000E+00 2.0000000000000E+01
A16 5
 1.1390196212371E+05 0.0000000000000E+00 0.0000000000000E+00 2.0000000000000E+01
A16 6
 1.1233022195897E+05 0.0000000000000E+00 0.0000000000000E+00 2.0000000000000E+01
A16 7
 1.1338621497924E+05 0.0000000000000E+00 0.0000000000000E+00 2.0000000000000E+01
A16 8
 1.1413407753642E+05 0.0000000000000E+00 0.0000000000000E+00 2.0000000000000E+01
A16 9
 1.1369790012143E+05 0.0000000000000E+00 0.0000000000000E+00 2.0000000000000E+01
A1610
 1.1352212879577E+05 0.0000000000000E+00 0.0000000000000E+00 2.0000000000000E+01
A1611
 1.1310173545573E+05 0.0000000000000E+00 0.0000000000000E+00 2.0000000000000E+01
A1612
 1.1317083981870E+05 0.0000000000000E+00 0.0000000000000E+00 2.0000000000000E+01
A1613
 1.1382063181193E+05 0.0000000000000E+00 0.0000000000000E+00 2.0000000000000E+01
A1614
 1.1406232646870E+05 0.0000000000000E+00 0.0000000000000E+00 2.0000000000000E+01
A1615
 1.1367856003779E+05 0.0000000000000E+00 0.0000000000000E+00 2.0000000000000E+01
A1616
 1.1338329620284E+05 0.0000000000000E+00 0.0000000000000E+00 2.0000000000000E+01
A1617
 1.1204097829473E+05 0.0000000000000E+00 0.0000000000000E+00 2.0000000000000E+01
A1618
 1.1219162588569E+05 0.0000000000000E+00 0.0000000000000E+00 2.0000000000000E+01
A1619
 1.1389986999036E+05 0.0000000000000E+00 0.0000000000000E+00 2.0000000000000E+01
A1620
 1.1340739079982E+05 0.0000000000000E+00 0.0000000000000E+00 2.0000000000000E+01
A1621
 1.1290349552530E+05 0.0000000000000E+00 0.0000000000000E+00 2.0000000000000E+01
A1622
 1.1438902034535E+05 0.0000000000000E+00 0.0000000000000E+00 2.0000000000000E+01
A1623
 1.1274904075740E+05 0.0000000000000E+00 0.0000000000000E+00 2.0000000000000E+01
A1624
 1.1426592087542E+05 0.0000000000000E+00 0.0000000000000E+00 2.0000000000000E+01
A1625
 1.1271117307160E+05 0.0000000000000E+00 0.0000000000000E+00 2.0000000000000E+01
A1626
 1.1237452566160E+05 0.0000000000000E+00 0.0000000000000E+00 2.0000000000000E+01
A1627
 1.1212336934379E+05 0.0000000000000E+00 0.0000000000000E+00 2.0000000000000E+01
A1628
 1.1372081557437E+05 0.0000000000000E+00 0.0000000000000E+00 2.0000000000000E+01
A1629
 1.1425926024394E+05 0.0000000000000E+00 0.0000000000000E+00 2.0000000000000E+01
A1630
 1.1258513732970E+05 0.0000000000000E+00 0.0000000000000E+00 2.0000000000000E+01
A1631
 1.1406346999868E+05 0.0000000000000E+00 0.0000000000000E+00 2.0000000000000E+01
A1632
 1.1349525028164E+05 0.0000000000000E+00 0.0000000000000E+00 2.0000000000000E+01
A1633
 1.1329556725590E+05 0.0000000000000E+00 0.0000000000000E+00 2.0000000000000E+01
A1634
 1.1317671982373E+05 0.0000000000000E+00 0.0000000000000E+00 2.0000000000000E+01
A1635
 1.1237539205438E+05 0.0000000000000E+00 0.0000000000000E+00 2.0000000000000E+01
A1636
 1.1229117441156E+05 0.0000000000000E+00 0.0000000000000E+00 2.0000000000000E+01
A1637
 1.1376240529468E+05 0.0000000000000E+00 0.0000000000000E+00 2.0000000000000E+01
A1638
 1.1358426920601E+05 0.0000000000000E+00 0.0000000000000E+00 2.0000000000000E+01
A1639
 1.1146564166268E+05 0.0000000000000E+00 0.0000000000000E+00 2.0000000000000E+01
A1640
 1.1112354133538E+05 0.0000000000000E+00 0.0000000000000E+00 2.0000000000000E+01
A1641
 1.1312791611579E+05 0.0000000000000E+00 0.0000000000000E+00 2.0000000000000E+01
A1642
 1.1167644087092E+05 0.0000000000000E+00 0.0000000000000E+00 2.0000000000000E+01
A1643
 1.1118539758411E+05 0.0000000000000E+00 0.0000000000000E+00 2.0000000000000E+01
A1644
 1.1108428795852E+05 0.0000000000000E+00 0.0000000000000E+00 2.0000000000000E+01
A1645
 1.1407696759442E+05 0.0000000000000E+00 0.0000000000000E+00 2.0000000000000E+01
A1646
 1.1352121018647E+05 0.0000000000000E+00 0.0000000000000E+00 2.0000000000000E+01
A1647
 1.1330100800933E+05 0.0000000000000E+00 0.0000000000000E+00 2.0000000000000E+01
A1648
 1.1338686747799E+05 0.0000000000000E+00 0.0000000000000E+00 2.0000000000000E+01
A1649
 1.1139400262895E+05 0.0000000000000E+00 0.0000000000000E+00 2.0000000000000E+01
A1650
 1.1328192394391E+05 0.0000000000000E+00 0.0000000000000E+00 2.0000000000000E+01
A1651
 1.1278624119429E+05 0.0000000000000E+00 0.0000000000000E+00 2.0000000000000E+01
A1652
 1.1052771058970E+05 0.0000000000000E+00 0.0000000000000E+00 2.0000000000000E+01
A1653
 1.1124948489257E+05 0.0000000000000E+00 0.0000000000000E+00 2.0000000000000E+01
A1654
 1.1133184950610E+05 0.0000000000000E+00 0.0000000000000E+00 2.0000000000000E+01
A1655
 1.1284402046275E+05 0.0000000000000E+00 0.0000000000000E+00 2.0000000000000E+01
A1656
 1.1302891311965E+05 0.0000000000000E+00 0.0000000000000E+00 2.0000000000000E+01
A1657
 1.1351967786438E+05 0.0000000000000E+00 0.0000000000000E+00 2.0000000000000E+01
A1658
 1.1138010013574E+05 0.0000000000000E+00 0.0000000000000E+00 2.0000000000000E+01
A1659
 1.1037038847406E+05 0.0000000000000E+00 0.0000000000000E+00 2.0000000000000E+01
A1660
 1.1087164759058E+05 0.0000000000000E+00 0.0000000000000E+00 2.0000000000000E+01
A1661
 1.1357384404927E+05 0.0000000000000E+00 0.0000000000000E+00 2.0000000000000E+01
A1662
 1.1194393616490E+05 0.0000000000000E+00 0.0000000000000E+00 2.0000000000000E+01
A1663
 1.1220997226691E+05 0.0000000000000E+00 0.0000000000000E+00 2.0000000000000E+01
A1664
 1.1060804003106E+05 0.0000000000000E+00 0.0000000000000E+00 2.0000000000000E+01
A1665
 1.1280607679991E+05 0.0000000000000E+00 0.0000000000000E+00 2.0000000000000E+01
A1666
 1.1367357417732E+05 0.0000000000000E+00 0.0000000000000E+00 2.0000000000000E+01
A1667
 1.1315420188673E+05 0.0000000000000E+00 0.0000000000000E+00 2.0000000000000E+01
A1668
 1.1134654082452E+05 0.0000000000000E+00 0.0000000000000E+00 2.0000000000000E+01
A1669
 1.1315107028187E+05 0.0000000000000E+00 0.0000000000000E+00 2.0000000000000E+01
A1670
 1.1314765362730E+05 0.0000000000000E+00 0.0000000000000E+00 2.0000000000000E+01
A1671
 1.1275031263558E+05 0.0000000000000E+00 0.0000000000000E+00 2.0000000000000E+01
A1672
 1.1353254944627E+05 0.0000000000000E+00 0.0000000000000E+00 2.0000000000000E+01
A1673
 1.1358141652556E+05 0.0000000000000E+00 0.0000000000000E+00 2.0000000000000E+01
A1674
 1.1308507928035E+05 0.0000000000000E+00 0.0000000000000E+00 2.0000000000000E+01
A1675
 1.1276555748491E+05 0.0000000000000E+00 0.0000000000000E+00 2.0000000000000E+01
A1676
 1.1449587305015E+05 0.0000000000000E+00 0.0000000000000E+00 2.0000000000000E+01
A1677
 1.1085824288614E+05 0.0000000000000E+00 0.0000000000000E+00 2.0000000000000E+01
A1678
 1.1413919437467E+05 0.0000000000000E+00 0.0000000000000E+00 2.0000000000000E+01
A1679
 1.1074076339146E+05 0.0000000000000E+00 0.0000000000000E+00 2.0000000000000E+01
A1680
 1.1290331497602E+05 0.0000000000000E+00 0.0000000000000E+00 2.0000000000000E+01
A1681
 1.1090132230031E+05 0.0000000000000E+00 0.0000000000000E+00 2.0000000000000E+01
A1682
 1.1381777180720E+05 0.0000000000000E+00 0.0000000000000E+00 2.0000000000000E+01
A1683
 1.1072939424461E+05 0.0000000000000E+00 0.0000000000000E+00 2.0000000000000E+01
A1684
 1.1311351407413E+05 0.0000000000000E+00 0.0000000000000E+00 2.0000000000000E+01
A1685
 1.1083781416457E+05 0.0000000000000E+00 0.0000000000000E+00 2.0000000000000E+01
A1686
 1.1293911394040E+05 0.0000000000000E+00 0.0000000000000E+00 2.0000000000000E+01
A1687
 1.1362812373313E+05 0.0000000000000E+00 0.0000000000000E+00 2.0000000000000E+01
A1688
 1.1281282126691E+05 0.0000000000000E+00 0.0000000000000E+00 2.0000000000000E+01
A1689
 1.1046983797519E+05 0.0000000000000E+00 0.0000000000000E+00 2.0000000000000E+01
A1690
 1.1170060255506E+05 0.0000000000000E+00 0.0000000000000E+00 2.0000000000000E+01
A1691
 1.1124176418587E+05 0.0000000000000E+00 0.0000000000000E+00 2.0000000000000E+01
A1692
 1.1282705682735E+05 0.0000000000000E+00 0.0000000000000E+00 2.0000000000000E+01
A1693
 1.1047984379477E+05 0.0000000000000E+00 0.0000000000000E+00 2.0000000000000E+01
A1694
 1.1173507653930E+05 0.0000000000000E+00 0.0000000000000E+00 2.0000000000000E+01
A1695
 1.1103141738892E+05 0.0000000000000E+00 0.0000000000000E+00 2.0000000000000E+01
A1696
 1.1281799846930E+05 0.0000000000000E+00 0.0000000000000E+00 2.0000000000000E+01
A1697
 1.1325262260194E+05 0.0000000000000E+00 0.0000000000000E+00 2.0000000000000E+01
A1698
 1.1214837918384E+05 0.0000000000000E+00 0.0000000000000E+00 2.0000000000000E+01
A1699
 1.1397488283719E+05 0.0000000000000E+00 0.0000000000000E+00 2.0000000000000E+01
A17 0
 1.1415060428169E+05 0.0000000000000E+00 0.0000000000000E+00 2.0000000000000E+01
A17 1
 1.1272343877147E+05 0.0000000000000E+00 0.0000000000000E+00 2.0000000000000E+01
A17 2
 1.1444010996202E+05 0.0000000000000E+00 0.0000000000000E+00 2.0000000000000E+01
A17 3
 1.1080931993141E+05 0.0000000000000E+00 0.0000000000000E+00 2.0000000000000E+01
A17 4
 1.1116161326726E+05 0.0000000000000E+00 0.0000000000000E+00 2.0000000000000E+01
A17 5
 1.1122874070818E+05 0.0000000000000E+00 0.0000000000000E+00 2.0000000000000E+01
A17 6
 1.1086279130866E+05 0.0000000000000E+00 0.0000000000000E+00 2.0000000000000E+01
A17 7
 1.1334424754386E+05 0.0000000000000E+00 0.0000000000000E+00 2.0000000000000E+01
A17 8
 1.1060026010496E+05 0.0000000000000E+00 0.0000000000000E+00 2.0000000000000E+01
A17 9
 1.1064470993231E+05 0.0000000000000E+00 0.0000000000000E+00 2.0000000000000E+01
A1710
 1.1380373350263E+05 0.0000000000000E+00 0.0000000000000E+00 2.0000000000000E+01
A1711
 1.1420685475260E+05 0.0000000000000E+00 0.0000000000000E+00 2.0000000000000E+01
A1712
 1.1067284863253E+05 0.0000000000000E+00 0.0000000000000E+00 2.0000000000000E+01
A1713
 1.1133699440647E+05 0.0000000000000E+00 0.0000000000000E+00 2.0000000000000E+01
A1714
 1.1369902859782E+05 0.0000000000000E+00 0.0000000000000E+00 2.0000000000000E+01
A1715
 1.1150261244729E+05 0.0000000000000E+00 0.0000000000000E+00 2.0000000000000E+01
A1716
 1.1056135375444E+05 0.0000000000000E+00 0.0000000000000E+00 2.0000000000000E+01
A1717
 1.1400051465995E+05 0.0000000000000E+00 0.0000000000000E+00 2.0000000000000E+01
A1718
 1.1403643087899E+05 0.0000000000000E+00 0.0000000000000E+00 2.0000000000000E+01
A1719
 1.1299502166784E+05 0.0000000000000E+00 0.0000000000000E+00 2.0000000000000E+01
A1720
 1.1116889083717E+05 0.0000000000000E+00 0.0000000000000E+00 2.0000000000000E+01
A1721
 1.1386809833024E+05 0.0000000000000E+00 0.0000000000000E+00 2.0000000000000E+01
A1722
 1.1394039506414E+05 0.0000000000000E+00 0.0000000000000E+00 2.0000000000000E+01
A1723
 1.1269288499731E+05 0.0000000000000E+00 0.0000000000000E+00 2.0000000000000E+01
A1724
 1.1361509249098E+05 0.0000000000000E+00 0.0000000000000E+00 2.0000000000000E+01
A1725
 1.1114110548171E+05 0.0000000000000E+00 0.0000000000000E+00 2.0000000000000E+01
A1726
 1.1138452469618E+05 0.0000000000000E+00 0.0000000000000E+00 2.0000000000000E+01
A1727
 1.1362750723111E+05 0.0000000000000E+00 0.0000000000000E+00 2.0000000000000E+01
A1728
 1.1134696326235E+05 0.0000000000000E+00 0.0000000000000E+00 2.0000000000000E+01
A1729
 1.1103119115183E+05 0.0000000000000E+00 0.0000000000000E+00 2.0000000000000E+01
A1730
 1.1317595244430E+05 0.0000000000000E+00 0.0000000000000E+00 2.0000000000000E+01
A1731
 1.1258016463523E+05 0.0000000000000E+00 0.0000000000000E+00 2.0000000000000E+01
A1732
 1.1323971714929E+05 0.0000000000000E+00 0.0000000000000E+00 2.0000000000000E+01
A1733
 1.1058178274356E+05 0.0000000000000E+00 0.0000000000000E+00 2.0000000000000E+01
A1734
 1.1088833547955E+05 0.0000000000000E+00 0.0000000000000E+00 2.0000000000000E+01
A1735
 1.1373041332459E+05 0.0000000000000E+00 0.0000000000000E+00 2.0000000000000E+01
A1736
 1.1378436178556E+05 0.0000000000000E+00 0.0000000000000E+00 2.0000000000000E+01
A1737
 1.1256810520009E+05 0.0000000000000E+00 0.0000000000000E+00 2.0000000000000E+01
A1738
 1.1076024244011E+05 0.0000000000000E+00 0.0000000000000E+00 2.0000000000000E+01
A1739
 1.1339957773149E+05 0.0000000000000E+00 0.0000000000000E+00 2.0000000000000E+01
A1740
 1.1137393478711E+05 0.0000000000000E+00 0.0000000000000E+00 2.0000000000000E+01
A1741
 1.1094097483473E+05 0.0000000000000E+00 0.0000000000000E+00 2.0000000000000E+01
A1742
 1.1409743358947E+05 0.0000000000000E+00 0.0000000000000E+00 2.0000000000000E+01
A1743
 1.1483869861704E+05 0.0000000000000E+00 0.0000000000000E+00 2.0000000000000E+01
A1744
 1.1136241700966E+05 0.0000000000000E+00 0.0000000000000E+00 2.0000000000000E+01
A1745
 1.1332706318391E+05 0.0000000000000E+00 0.0000000000000E+00 2.0000000000000E+01
A1746
 1.1387611898118E+05 0.0000000000000E+00 0.0000000000000E+00 2.0000000000000E+01
A1747
 1.1318529042186E+05 0.0000000000000E+00 0.0000000000000E+00 2.0000000000000E+01
A1748
 1.1381417873230E+05 0.0000000000000E+00 0.0000000000000E+00 2.0000000000000E+01
A1749
 1.1034123270472E+05 0.0000000000000E+00 0.0000000000000E+00 2.0000000000000E+01
A1750
 1.1315598398081E+05 0.0000000000000E+00 0.0000000000000E+00 2.0000000000000E+01
A1751
 1.1411423971627E+05 0.0000000000000E+00 0.0000000000000E+00 2.0000000000000E+01
A1752
 1.1188871797841E+05 0.0000000000000E+00 0.0000000000000E+00 2.0000000000000E+01
A1753
 1.1317540563607E+05 0.0000000000000E+00 0.0000000000000E+00 2.0000000000000E+01
A1754
 1.1101155732375E+05 0.0000000000000E+00 0.0000000000000E+00 2.0000000000000E+01
A1755
 1.1184149001140E+05 0.0000000000000E+00 0.0000000000000E+00 2.0000000000000E+01
A1756
 1.1046294149709E+05 0.0000000000000E+00 0.0000000000000E+00 2.0000000000000E+01
A1757
 1.1209706907537E+05 0.0000000000000E+00 0.0000000000000E+00 2.0000000000000E+01
A1758
 1.1478249333353E+05 0.0000000000000E+00 0.0000000000000E+00 2.0000000000000E+01
A1759
 1.1438281079370E+05 0.0000000000000E+00 0.0000000000000E+00 2.0000000000000E+01
A1760
 1.1346799664579E+05 0.0000000000000E+00 0.0000000000000E+00 2.0000000000000E+01
A1761
 1.1051391848982E+05 0.0000000000000E+00 0.0000000000000E+00 2.0000000000000E+01
A1762
 1.1162323509288E+05 0.0000000000000E+00 0.0000000000000E+00 2.0000000000000E+01
A1763
 1.1032693475352E+05 0.0000000000000E+00 0.0000000000000E+00 2.0000000000000E+01
A1764
 1.1362188355985E+05 0.0000000000000E+00 0.0000000000000E+00 2.0000000000000E+01
A1765
 1.1257768390052E+05 0.0000000000000E+00 0.0000000000000E+00 2.0000000000000E+01
A1766
 1.1087312350235E+05 0.0000000000000E+00 0.0000000000000E+00 2.0000000000000E+01
A1767
 1.1045504082216E+05 0.0000000000000E+00 0.0000000000000E+00 2.0000000000000E+01
A1768
 1.1460432741316E+05 0.0000000000000E+00 0.0000000000000E+00 2.0000000000000E+01
A1769
 1.1335660148118E+05 0.0000000000000E+00 0.0000000000000E+00 2.0000000000000E+01
A1770
 1.1327298444042E+05 0.0000000000000E+00 0.0000000000000E+00 2.0000000000000E+01
A1771
 1.1081957444085E+05 0.0000000000000E+00 0.0000000000000E+00 2.0000000000000E+01
A1772
 1.1323076633376E+05 0.0000000000000E+00 0.0000000000000E+00 2.0000000000000E+01
A1773
 1.1417777652166E+05 0.0000000000000E+00 0.0000000000000E+00 2.0000000000000E+01
A1774
 1.1287191941909E+05 0.0000000000000E+00 0.0000000000000E+00 2.0000000000000E+01
A1775
 1.1069197111073E+05 0.0000000000000E+00 0.0000000000000E+00 2.0000000000000E+01
A1776
 1.1434701374528E+05 0.0000000000000E+00 0.0000000000000E+00 2.0000000000000E+01
A1777
 1.1286793066200E+05 0.0000000000000E+00 0.0000000000000E+00 2.0000000000000E+01
A1778
 1.1313819411915E+05 0.0000000000000E+00 0.0000000000000E+00 2.0000000000000E+01
A1779
 1.1297545391830E+05 0.0000000000000E+00 0.0000000000000E+00 2.0000000000000E+01
A1780
 1.1167753196217E+05 0.0000000000000E+00 0.0000000000000E+00 2.0000000000000E+01
A1781
 1.1400484095501E+05 0.0000000000000E+00 0.0000000000000E+00 2.0000000000000E+01
A1782
 1.1157645206052E+05 0.0000000000000E+00 0.0000000000000E+00 2.0000000000000E+01
A1783
 1.1244270090607E+05 0.0000000000000E+00 0.0000000000000E+00 2.0000000000000E+01
A1784
 1.1096635015735E+05 0.0000000000000E+00 0.0000000000000E+00 2.0000000000000E+01
A1785
 1.1359709195592E+05 0.0000000000000E+00 0.0000000000000E+00 2.0000000000000E+01
A1786
 1.1098635454204E+05 0.0000000000000E+00 0.0000000000000E+00 2.0000000000000E+01
A1787
 1.1474827911900E+05 0.0000000000000E+00 0.0000000000000E+00 2.0000000000000E+01
A1788
 1.1315902414672E+05 0.0000000000000E+00 0.0000000000000E+00 2.0000000000000E+01
A1789
 1.1117173075685E+05 0.0000000000000E+00 0.0000000000000E+00 2.0000000000000E+01
A1790
 1.1301246980352E+05 0.0000000000000E+00 0.0000000000000E+00 2.0000000000000E+01
A1791
 1.1044830076849E+05 0.0000000000000E+00 0.0000000000000E+00 2.0000000000000E+01
A1792
 1.1329932632773E+05 0.0000000000000E+00 0.0000000000000E+00 2.0000000000000E+01
A1793
 1.1083430061267E+05 0.0000000000000E+00 0.0000000000000E+00 2.0000000000000E+01
A1794
 1.1083444799673E+05 0.0000000000000E+00 0.0000000000000E+00 2.0000000000000E+01
A1795
 1.1386396850957E+05 0.0000000000000E+00 0.0000000000000E+00 2.0000000000000E+01
A1796
 1.1113035721334E+05 0.0000000000000E+00 0.0000000000000E+00 2.0000000000000E+01
A1797
 1.1344811873063E+05 0.0000000000000E+00 0.0000000000000E+00 2.0000000000000E+01
A1798
 1.1151203604491E+05 0.0000000000000E+00 0.0000000000000E+00 2.0000000000000E+01
A1799
 1.1376748362511E+05 0.0000000000000E+00 0.0000000000000E+00 2.0000000000000E+01
A18 0
 1.1351140955127E+05 0.0000000000000E+00 0.0000000000000E+00 2.0000000000000E+01
A18 1
 1.1293082477250E+05 0.0000000000000E+00 0.0000000000000E+00 2.0000000000000E+01
A18 2
 1.1349808671444E+05 0.0000000000000E+00 0.0000000000000E+00 2.0000000000000E+01
A18 3
 1.1102122627062E+05 0.0000000000000E+00 0.0000000000000E+00 2.0000000000000E+01
A18 4
 1.1301786619849E+05 0.0000000000000E+00 0.0000000000000E+00 2.0000000000000E+01
A18 5
 1.1068183268498E+05 0.0000000000000E+00 0.0000000000000E+00 2.0000000000000E+01
A18 6
 1.1242193418358E+05 0.0000000000000E+00 0.0000000000000E+00 2.0000000000000E+01
A18 7
 1.1132431066453E+05 0.0000000000000E+00 0.0000000000000E+00 2.0000000000000E+01
A18 8
 1.1048912176562E+05 0.0000000000000E+00 0.0000000000000E+00 2.0000000000000E+01
A18 9
 1.1097058795206E+05 0.0000000000000E+00 0.0000000000000E+00 2.0000000000000E+01
A1810
 1.1143898193999E+05 0.0000000000000E+00 0.0000000000000E+00 2.0000000000000E+01
A1811
 1.1081820598570E+05 0.0000000000000E+00 0.0000000000000E+00 2.0000000000000E+01
A1812
 1.1122817900120E+05 0.0000000000000E+00 0.0000000000000E+00 2.0000000000000E+01
A1813
 1.1331229673742E+05 0.0000000000000E+00 0.0000000000000E+00 2.0000000000000E+01
A1814
 1.1339675602077E+05 0.0000000000000E+00 0.0000000000000E+00 2.0000000000000E+01
A1815
 1.1376102349172E+05 0.0000000000000E+00 0.0000000000000E+00 2.0000000000000E+01
A1816
 1.1319289150810E+05 0.0000000000000E+00 0.0000000000000E+00 2.0000000000000E+01
A1817
 1.1354968231394E+05 0.0000000000000E+00 0.0000000000000E+00 2.0000000000000E+01
A1818
 1.1041738450725E+05 0.0000000000000E+00 0.0000000000000E+00 2.0000000000000E+01
A1819
 1.1369359161478E+05 0.0000000000000E+00 0.0000000000000E+00 2.0000000000000E+01
A1820
 1.1055089226778E+05 0.0000000000000E+00 0.0000000000000E+00 2.0000000000000E+01
A1821
 1.1221177132578E+05 0.0000000000000E+00 0.0000000000000E+00 2.0000000000000E+01
A1822
 1.1296138423963E+05 0.0000000000000E+00 0.0000000000000E+00 2.0000000000000E+01
A1823
 1.1054805526969E+05 0.0000000000000E+00 0.0000000000000E+00 2.0000000000000E+01
A1824
 1.1106020795087E+05 0.0000000000000E+00 0.0000000000000E+00 2.0000000000000E+01
A1825
 1.1443166816737E+05 0.0000000000000E+00 0.0000000000000E+00 2.0000000000000E+01
A1826
 1.1149225350944E+05 0.0000000000000E+00 0.0000000000000E+00 2.0000000000000E+01
A1827
 1.1042232525746E+05 0.0000000000000E+00 0.0000000000000E+00 2.0000000000000E+01
A1828
 1.1134514203271E+05 0.0000000000000E+00 0.0000000000000E+00 2.0000000000000E+01
A1829
 1.1025817601583E+05 0.0000000000000E+00 0.0000000000000E+00 2.0000000000000E+01
A1830
 1.1396768354879E+05 0.0000000000000E+00 0.0000000000000E+00 2.0000000000000E+01
A1831
 1.1272556948169E+05 0.0000000000000E+00 0.0000000000000E+00 2.0000000000000E+01
A1832
 1.1322546556469E+05 0.0000000000000E+00 0.0000000000000E+00 2.0000000000000E+01
A1833
 1.1071111048294E+05 0.0000000000000E+00 0.0000000000000E+00 2.0000000000000E+01
A1834
 1.1141336502945E+05 0.0000000000000E+00 0.0000000000000E+00 2.0000000000000E+01
A1835
 1.1091415207225E+05 0.0000000000000E+00 0.0000000000000E+00 2.0000000000000E+01
A1836
 1.1059208535620E+05 0.0000000000000E+00 0.0000000000000E+00 2.0000000000000E+01
A1837
 1.1346987201883E+05 0.0000000000000E+00 0.0000000000000E+00 2.0000000000000E+01
A1838
 1.1355760203796E+05 0.0000000000000E+00 0.0000000000000E+00 2.0000000000000E+01
A1839
 1.1095779474008E+05 0.0000000000000E+00 0.0000000000000E+00 2.0000000000000E+01
A1840
 1.1151288345817E+05 0.0000000000000E+00 0.0000000000000E+00 2.0000000000000E+01
A1841
 1.1070443234904E+05 0.0000000000000E+00 0.0000000000000E+00 2.0000000000000E+01
A1842
 1.1172966518728E+05 0.0000000000000E+00 0.0000000000000E+00 2.0000000000000E+01
A1843
 1.1350931555351E+05 0.0000000000000E+00 0.0000000000000E+00 2.0000000000000E+01
A1844
 1.1358810461395E+05 0.0000000000000E+00 0.0000000000000E+00 2.0000000000000E+01
A1845
 1.1013702172868E+05 0.0000000000000E+00 0.0000000000000E+00 2.0000000000000E+01
A1846
 1.1325730997464E+05 0.0000000000000E+00 0.0000000000000E+00 2.0000000000000E+01
A1847
 1.1333275643122E+05 0.0000000000000E+00 0.0000000000000E+00 2.0000000000000E+01
A1848
 1.1151640920768E+05 0.0000000000000E+00 0.0000000000000E+00 2.0000000000000E+01
A1849
 1.1169432723244E+05 0.0000000000000E+00 0.0000000000000E+00 2.0000000000000E+01
A1850
 1.1384275256956E+05 0.0000000000000E+00 0.0000000000000E+00 2.0000000000000E+01
A1851
 1.1063456397250E+05 0.0000000000000E+00 0.0000000000000E+00 2.0000000000000E+01
A1852
 1.1328283006028E+05 0.0000000000000E+00 0.0000000000000E+00 2.0000000000000E+01
A1853
 1.1169608075436E+05 0.0000000000000E+00 0.0000000000000E+00 2.0000000000000E+01
A1854
 1.1127978213603E+05 0.0000000000000E+00 0.0000000000000E+00 2.0000000000000E+01
A1855
 1.1080974694974E+05 0.0000000000000E+00 0.0000000000000E+00 2.0000000000000E+01
A1856
 1.1073137555823E+05 0.0000000000000E+00 0.0000000000000E+00 2.0000000000000E+01
A1857
 1.1322928518764E+05 0.0000000000000E+00 0.0000000000000E+00 2.0000000000000E+01
A1858
 1.1227176218487E+05 0.0000000000000E+00 0.0000000000000E+00 2.0000000000000E+01
A1859
 1.1265598479247E+05 0.0000000000000E+00 0.0000000000000E+00 2.0000000000000E+01
A1860
 1.1148976416805E+05 0.0000000000000E+00 0.0000000000000E+00 2.0000000000000E+01
A1861
 1.1337316224169E+05 0.0000000000000E+00 0.0000000000000E+00 2.0000000000000E+01
A1862
 1.1386370058717E+05 0.0000000000000E+00 0.0000000000000E+00 2.0000000000000E+01
A1863
 1.1066308241028E+05 0.0000000000000E+00 0.0000000000000E+00 2.0000000000000E+01
A1864
 1.1079609861725E+05 0.0000000000000E+00 0.0000000000000E+00 2.0000000000000E+01
A1865
 1.1285519693528E+05 0.0000000000000E+00 0.0000000000000E+00 2.0000000000000E+01
A1866
 1.1360495900697E+05 0.0000000000000E+00 0.0000000000000E+00 2.0000000000000E+01
A1867
 1.1070009632203E+05 0.0000000000000E+00 0.0000000000000E+00 2.0000000000000E+01
A1868
 1.1075508805142E+05 0.0000000000000E+00 0.0000000000000E+00 2.0000000000000E+01
A1869
 1.1077197256215E+05 0.0000000000000E+00 0.0000000000000E+00 2.0000000000000E+01
A1870
 1.1057657156469E+05 0.0000000000000E+00 0.0000000000000E+00 2.0000000000000E+01
A1871
 1.1353901890810E+05 0.0000000000000E+00 0.0000000000000E+00 2.0000000000000E+01
A1872
 1.1311123825605E+05 0.0000000000000E+00 0.0000000000000E+00 2.0000000000000E+01
A1873
 1.1047135229800E+05 0.0000000000000E+00 0.0000000000000E+00 2.0000000000000E+01
A1874
 1.1089278138608E+05 0.0000000000000E+00 0.0000000000000E+00 2.0000000000000E+01
A1875
 1.1332528020219E+05 0.0000000000000E+00 0.0000000000000E+00 2.0000000000000E+01
A1876
 1.1378615329642E+05 0.0000000000000E+00 0.0000000000000E+00 2.0000000000000E+01
A1877
 1.1301632457842E+05 0.0000000000000E+00 0.0000000000000E+00 2.0000000000000E+01
A1878
 1.1329064504453E+05 0.0000000000000E+00 0.0000000000000E+00 2.0000000000000E+01
A1879
 1.1048320431634E+05 0.0000000000000E+00 0.0000000000000E+00 2.0000000000000E+01
A1880
 1.1398956216550E+05 0.0000000000000E+00 0.0000000000000E+00 2.0000000000000E+01
A1881
 1.1037837876743E+05 0.0000000000000E+00 0.0000000000000E+00 2.0000000000000E+01
A1882
 1.1036919852562E+05 0.0000000000000E+00 0.0000000000000E+00 2.0000000000000E+01
A1883
 1.1354947464177E+05 0.0000000000000E+00 0.0000000000000E+00 2.0000000000000E+01
A1884
 1.1065591784022E+05 0.0000000000000E+00 0.0000000000000E+00 2.0000000000000E+01
A1885
 1.1040158388112E+05 0.0000000000000E+00 0.0000000000000E+00 2.0000000000000E+01
A1886
 1.1370414321406E+05 0.0000000000000E+00 0.0000000000000E+00 2.0000000000000E+01
A1887
 1.1185049481342E+05 0.0000000000000E+00 0.0000000000000E+00 2.0000000000000E+01
A1888
 1.1089851107348E+05 0.0000000000000E+00 0.0000000000000E+00 2.0000000000000E+01
A1889
 1.1063865126611E+05 0.0000000000000E+00 0.0000000000000E+00 2.0000000000000E+01
A1890
 1.1387177833063E+05 0.0000000000000E+00 0.0000000000000E+00 2.0000000000000E+01
A1891
 1.1086645028324E+05 0.0000000000000E+00 0.0000000000000E+00 2.0000000000000E+01
A1892
 1.1417202017165E+05 0.0000000000000E+00 0.0000000000000E+00 2.0000000000000E+01
A1893
 1.1333014994519E+05 0.0000000000000E+00 0.0000000000000E+00 2.0000000000000E+01
A1894
 1.1067326988042E+05 0.0000000000000E+00 0.0000000000000E+00 2.0000000000000E+01
A1895
 1.1371347093547E+05 0.0000000000000E+00 0.0000000000000E+00 2.0000000000000E+01
A1896
 1.1072348356064E+05 0.0000000000000E+00 0.0000000000000E+00 2.0000000000000E+01
A1897
 1.1335071088121E+05 0.0000000000000E+00 0.0000000000000E+00 2.0000000000000E+01
A1898
 1.1316741201111E+05 0.0000000000000E+00 0.0000000000000E+00 2.0000000000000E+01
A1899
 1.1351243527788E+05 0.0000000000000E+00 0.0000000000000E+00 2.0000000000000E+01
A19 0
 1.1024260078876E+05 0.0000000000000E+00 0.0000000000000E+00 2.0000000000000E+01
A19 1
 1.1237431706185E+05 0.0000000000000E+00 0.0000000000000E+00 2.0000000000000E+01
A19 2
 1.1398687510245E+05 0.0000000000000E+00 0.0000000000000E+00 2.0000000000000E+01
A19 3
 1.1183157229107E+05 0.0000000000000E+00 0.0000000000000E+00 2.0000000000000E+01
A19 4
 1.1320208041299E+05 0.0000000000000E+00 0.0000000000000E+00 2.0000000000000E+01
A19 5
 1.1420086790909E+05 0.0000000000000E+00 0.0000000000000E+00 2.0000000000000E+01
A19 6
 1.1200426238277E+05 0.0000000000000E+00 0.0000000000000E+00 2.0000000000000E+01
A19 7
 1.1037943244173E+05 0.0000000000000E+00 0.0000000000000E+00 2.0000000000000E+01
A19 8
 1.1179531947818E+05 0.0000000000000E+00 0.0000000000000E+00 2.0000000000000E+01
A19 9
 1.1160745391199E+05 0.0000000000000E+00 0.0000000000000E+00 2.0000000000000E+01
A1910
 1.1063794942172E+05 0.0000000000000E+00 0.0000000000000E+00 2.0000000000000E+01
A1911
 1.1092159670651E+05 0.0000000000000E+00 0.0000000000000E+00 2.0000000000000E+01
A1912
 1.1114899730886E+05 0.0000000000000E+00 0.0000000000000E+00 2.0000000000000E+01
A1913
 1.1347830116540E+05 0.0000000000000E+00 0.0000000000000E+00 2.0000000000000E+01
A1914
 1.1362096856201E+05 0.0000000000000E+00 0.0000000000000E+00 2.0000000000000E+01
A1915
 1.1118801234355E+05 0.0000000000000E+00 0.0000000000000E+00 2.0000000000000E+01
A1916
 1.1421919833858E+05 0.0000000000000E+00 0.0000000000000E+00 2.0000000000000E+01
A1917
 1.1101147911114E+05 0.0000000000000E+00 0.0000000000000E+00 2.0000000000000E+01
A1918
 1.1400912295095E+05 0.0000000000000E+00 0.0000000000000E+00 2.0000000000000E+01
A1919
 1.1068989593081E+05 0.0000000000000E+00 0.0000000000000E+00 2.0000000000000E+01
A1920
 1.1430342434698E+05 0.0000000000000E+00 0.0000000000000E+00 2.0000000000000E+01
A1921
 1.1165232650469E+05 0.0000000000000E+00 0.0000000000000E+00 2.0000000000000E+01
A1922
 1.1191733676209E+05 0.0000000000000E+00 0.0000000000000E+00 2.0000000000000E+01
A1923
 1.1084299777822E+05 0.0000000000000E+00 0.0000000000000E+00 2.0000000000000E+01
A1924
 1.1406563915706E+05 0.0000000000000E+00 0.0000000000000E+00 2.0000000000000E+01
A1925
 1.1317057693328E+05 0.0000000000000E+00 0.0000000000000E+00 2.0000000000000E+01
A1926
 1.1076888553058E+05 0.0000000000000E+00 0.0000000000000E+00 2.0000000000000E+01
A1927
 1.1078043441816E+05 0.0000000000000E+00 0.0000000000000E+00 2.0000000000000E+01
A1928
 1.1066145492699E+05 0.0000000000000E+00 0.0000000000000E+00 2.0000000000000E+01
A1929
 1.1356763771844E+05 0.0000000000000E+00 0.0000000000000E+00 2.0000000000000E+01
A1930
 1.1184848648672E+05 0.0000000000000E+00 0.0000000000000E+00 2.0000000000000E+01
A1931
 1.1306518230195E+05 0.0000000000000E+00 0.0000000000000E+00 2.0000000000000E+01
A1932
 1.1034134384652E+05 0.0000000000000E+00 0.0000000000000E+00 2.0000000000000E+01
A1933
 1.1100198893184E+05 0.0000000000000E+00 0.0000000000000E+00 2.0000000000000E+01
A1934
 1.1376895403736E+05 0.0000000000000E+00 0.0000000000000E+00 2.0000000000000E+01
A1935
 1.1063557521640E+05 0.0000000000000E+00 0.0000000000000E+00 2.0000000000000E+01
A1936
 1.1015908412425E+05 0.0000000000000E+00 0.0000000000000E+00 2.0000000000000E+01
A1937
 1.1040804123286E+05 0.0000000000000E+00 0.0000000000000E+00 2.0000000000000E+01
A1938
 1.1367194312397E+05 0.0000000000000E+00 0.0000000000000E+00 2.0000000000000E+01
A1939
 1.1291908798340E+05 0.0000000000000E+00 0.0000000000000E+00 2.0000000000000E+01
A1940
 1.1376841734301E+05 0.0000000000000E+00 0.0000000000000E+00 2.0000000000000E+01
A1941
 1.1361456941735E+05 0.0000000000000E+00 0.0000000000000E+00 2.0000000000000E+01
A1942
 1.1359548626222E+05 0.0000000000000E+00 0.0000000000000E+00 2.0000000000000E+01
A1943
 1.1134010219348E+05 0.0000000000000E+00 0.0000000000000E+00 2.0000000000000E+01
A1944
 1.1111305611299E+05 0.0000000000000E+00 0.0000000000000E+00 2.0000000000000E+01
A1945
 1.1177136042874E+05 0.0000000000000E+00 0.0000000000000E+00 2.0000000000000E+01
A1946
 1.1186448599988E+05 0.0000000000000E+00 0.0000000000000E+00 2.0000000000000E+01
A1947
 1.1348701092988E+05 0.0000000000000E+00 0.0000000000000E+00 2.0000000000000E+01
A1948
 1.1061174376265E+05 0.0000000000000E+00 0.0000000000000E+00 2.0000000000000E+01
A1949
 1.1056575215798E+05 0.0000000000000E+00 0.0000000000000E+00 2.0000000000000E+01
A1950
 1.1368460597017E+05 0.0000000000000E+00 0.0000000000000E+00 2.0000000000000E+01
A1951
 1.1098780670548E+05 0.0000000000000E+00 0.0000000000000E+00 2.0000000000000E+01
A1952
 1.1449676096385E+05 0.0000000000000E+00 0.0000000000000E+00 2.0000000000000E+01
A1953
 1.1328700132684E+05 0.0000000000000E+00 0.0000000000000E+00 2.0000000000000E+01
A1954
 1.1455511784527E+05 0.0000000000000E+00 0.0000000000000E+00 2.0000000000000E+01
A1955
 1.1021410932656E+05 0.0000000000000E+00 0.0000000000000E+00 2.0000000000000E+01
A1956
 1.1097791407881E+05 0.0000000000000E+00 0.0000000000000E+00 2.0000000000000E+01
A1957
 1.1104130100364E+05 0.0000000000000E+00 0.0000000000000E+00 2.0000000000000E+01
A1958
 1.1300415702873E+05 0.0000000000000E+00 0.0000000000000E+00 2.0000000000000E+01
A1959
 1.1171029256506E+05 0.0000000000000E+00 0.0000000000000E+00 2.0000000000000E+01
A1960
 1.1340726024889E+05 0.0000000000000E+00 0.0000000000000E+00 2.0000000000000E+01
A1961
 1.1419842886430E+05 0.0000000000000E+00 0.0000000000000E+00 2.0000000000000E+01
A1962
 1.1129393667104E+05 0.0000000000000E+00 0.0000000000000E+00 2.0000000000000E+01
A1963
 1.1207844726879E+05 0.0000000000000E+00 0.0000000000000E+00 2.0000000000000E+01
A1964
 1.1151827382851E+05 0.0000000000000E+00 0.0000000000000E+00 2.0000000000000E+01
A1965
 1.1181591805756E+05 0.0000000000000E+00 0.0000000000000E+00 2.0000000000000E+01
A1966
 1.1083549323570E+05 0.0000000000000E+00 0.0000000000000E+00 2.0000000000000E+01
A1967
 1.1225050599757E+05 0.0000000000000E+00 0.0000000000000E+00 2.0000000000000E+01
A1968
 1.1138444394052E+05 0.0000000000000E+00 0.0000000000000E+00 2.0000000000000E+01
A1969
 1.1215209836025E+05 0.0000000000000E+00 0.0000000000000E+00 2.0000000000000E+01
A1970
 1.1105944097015E+05 0.0000000000000E+00 0.0000000000000E+00 2.0000000000000E+01
A1971
 1.1327940652703E+05 0.0000000000000E+00 0.0000000000000E+00 2.0000000000000E+01
A1972
 1.1087352917118E+05 0.0000000000000E+00 0.0000000000000E+00 2.0000000000000E+01
A1973
 1.1251931744761E+05 0.0000000000000E+00 0.0000000000000E+00 2.0000000000000E+01
A1974
 1.1100262605809E+05 0.0000000000000E+00 0.0000000000000E+00 2.0000000000000E+01
A1975
 1.1209015156160E+05 0.0000000000000E+00 0.0000000000000E+00 2.0000000000000E+01
A1976
 1.1427530111652E+05 0.0000000000000E+00 0.0000000000000E+00 2.0000000000000E+01
A1977
 1.1188906200014E+05 0.0000000000000E+00 0.0000000000000E+00 2.0000000000000E+01
A1978
 1.1099114174156E+05 0.0000000000000E+00 0.0000000000000E+00 2.0000000000000E+01
A1979
 1.1279180535497E+05 0.0000000000000E+00 0.0000000000000E+00 2.0000000000000E+01
A1980
 1.1329964245454E+05 0.0000000000000E+00 0.0000000000000E+00 2.0000000000000E+01
A1981
 1.1426212827910E+05 0.0000000000000E+00 0.0000000000000E+00 2.0000000000000E+01
A1982
 1.1218101503136E+05 0.0000000000000E+00 0.0000000000000E+00 2.0000000000000E+01
A1983
 1.1116482884322E+05 0.0000000000000E+00 0.0000000000000E+00 2.0000000000000E+01
A1984
 1.1174483095569E+05 0.0000000000000E+00 0.0000000000000E+00 2.0000000000000E+01
A1985
 1.1204027319855E+05 0.0000000000000E+00 0.0000000000000E+00 2.0000000000000E+01
A1986
 1.1273347171696E+05 0.0000000000000E+00 0.0000000000000E+00 2.0000000000000E+01
A1987
 1.1342257240628E+05 0.0000000000000E+00 0.0000000000000E+00 2.0000000000000E+01
A1988
 1.1076600719890E+05 0.0000000000000E+00 0.0000000000000E+00 2.0000000000000E+01
A1989
 1.1046818968813E+05 0.0000000000000E+00 0.0000000000000E+00 2.0000000000000E+01
A1990
 1.1333530640382E+05 0.0000000000000E+00 0.0000000000000E+00 2.0000000000000E+01
A1991
 1.1103199004235E+05 0.0000000000000E+00 0.0000000000000E+00 2.0000000000000E+01
A1992
 1.1341940151983E+05 0.0000000000000E+00 0.0000000000000E+00 2.0000000000000E+01
A1993
 1.1167031824978E+05 0.0000000000000E+00 0.0000000000000E+00 2.0000000000000E+01
A1994
 1.1393508338452E+05 0.0000000000000E+00 0.0000000000000E+00 2.0000000000000E+01
A1995
 1.1100340198333E+05 0.0000000000000E+00 0.0000000000000E+00 2.0000000000000E+01
A1996
 1.1262142305860E+05 0.0000000000000E+00 0.0000000000000E+00 2.0000000000000E+01
A1997
 1.1075490859006E+05 0.0000000000000E+00 0.0000000000000E+00 2.0000000000000E+01
A1998
 1.1365183867508E+05 0.0000000000000E+00 0.0000000000000E+00 2.0000000000000E+01
A1999
 1.1315603384365E+05 0.0000000000000E+00 0.0000000000000E+00 2.0000000000000E+01
A1A 0
 1.1194370901440E+05 0.0000000000000E+00 0.0000000000000E+00 2.0000000000000E+01
A1A 1
 1.1091944756875E+05 0.0000000000000E+00 0.0000000000000E+00 2.0000000000000E+01
A1A 2
 1.1352765121871E+05 0.0000000000000E+00 0.0000000000000E+00 2.0000000000000E+01
A1A 3
 1.1404612795282E+05 0.0000000000000E+00 0.0000000000000E+00 2.0000000000000E+01
A1A 4
 1.1169410648180E+05 0.0000000000000E+00 0.0000000000000E+00 2.0000000000000E+01
A1A 5
 1.1230768414501E+05 0.0000000000000E+00 0.0000000000000E+00 2.0000000000000E+01
A1A 6
 1.1202592904873E+05 0.0000000000000E+00 0.0000000000000E+00 2.0000000000000E+01
A1A 7
 1.1096133044243E+05 0.0000000000000E+00 0.0000000000000E+00 2.0000000000000E+01
A1A 8
 1.1185281022404E+05 0.0000000000000E+00 0.0000000000000E+00 2.0000000000000E+01
A1A 9
 1.1272398254601E+05 0.0000000000000E+00 0.0000000000000E+00 2.0000000000000E+01
A1A10
 1.1177977448941E+05 0.0000000000000E+00 0.0000000000000E+00 2.0000000000000E+01
A1A11
 1.1179963305147E+05 0.0000000000000E+00 0.0000000000000E+00 2.0000000000000E+01
A1A12
 1.1246282772538E+05 0.0000000000000E+00 0.0000000000000E+00 2.0000000000000E+01
A1A13
 1.1164491544218E+05 0.0000000000000E+00 0.0000000000000E+00 2.0000000000000E+01
A1A14
 1.1120638473530E+05 0.0000000000000E+00 0.0000000000000E+00 2.0000000000000E+01
A1A15
 1.1234918084946E+05 0.0000000000000E+00 0.0000000000000E+00 2.0000000000000E+01
A1A16
 1.1289081553678E+05 0.0000000000000E+00 0.0000000000000E+00 2.0000000000000E+01
A1A17
 1.1149366461859E+05 0.0000000000000E+00 0.0000000000000E+00 2.0000000000000E+01
A1A18
 1.1349351598395E+05 0.0000000000000E+00 0.0000000000000E+00 2.0000000000000E+01
A1A19
 1.1124721114098E+05 0.0000000000000E+00 0.0000000000000E+00 2.0000000000000E+01
A1A20
 1.1427224718820E+05 0.0000000000000E+00 0.0000000000000E+00 2.0000000000000E+01
A1A21
 1.1205372050954E+05 0.0000000000000E+00 0.0000000000000E+00 2.0000000000000E+01
A1A22
 1.1101469696377E+05 0.0000000000000E+00 0.0000000000000E+00 2.0000000000000E+01
A1A23
 1.1126812382129E+05 0.0000000000000E+00 0.0000000000000E+00 2.0000000000000E+01
A1A24
 1.1187615033148E+05 0.0000000000000E+00 0.0000000000000E+00 2.0000000000000E+01
A1A25
 1.1363504155838E+05 0.0000000000000E+00 0.0000000000000E+00 2.0000000000000E+01
A1A26
 1.1113209263503E+05 0.0000000000000E+00 0.0000000000000E+00 2.0000000000000E+01
A1A27
 1.1201137268194E+05 0.0000000000000E+00 0.0000000000000E+00 2.0000000000000E+01
A1A28
 1.1240652024327E+05 0.0000000000000E+00 0.0000000000000E+00 2.0000000000000E+01
A1A29
 1.1121663355218E+05 0.0000000000000E+00 0.0000000000000E+00 2.0000000000000E+01
A1A30
 1.1190485321054E+05 0.0000000000000E+00 0.0000000000000E+00 2.0000000000000E+01
A1A31
 1.1256536300880E+05 0.0000000000000E+00 0.0000000000000E+00 2.0000000000000E+01
A1A32
 1.1147532481301E+05 0.0000000000000E+00 0.0000000000000E+00 2.0000000000000E+01
A1A33
 1.1388009516282E+05 0.0000000000000E+00 0.0000000000000E+00 2.0000000000000E+01
A1A34
 1.1125053909816E+05 0.0000000000000E+00 0.0000000000000E+00 2.0000000000000E+01
A1A35
 1.1169089648706E+05 0.0000000000000E+00 0.0000000000000E+00 2.0000000000000E+01
A1A36
 1.1142487156174E+05 0.0000000000000E+00 0.0000000000000E+00 2.0000000000000E+01
A1A37
 1.1161186890179E+05 0.0000000000000E+00 0.0000000000000E+00 2.0000000000000E+01
A1A38
 1.1220894284685E+05 0.0000000000000E+00 0.0000000000000E+00 2.0000000000000E+01
A1A39
 1.1266779431027E+05 0.0000000000000E+00 0.0000000000000E+00 2.0000000000000E+01
A1A40
 1.1177131347650E+05 0.0000000000000E+00 0.0000000000000E+00 2.0000000000000E+01
A1A41
 1.1154365567813E+05 0.0000000000000E+00 0.0000000000000E+00 2.0000000000000E+01
A1A42
 1.1213613853393E+05 0.0000000000000E+00 0.0000000000000E+00 2.0000000000000E+01
A1A43
 1.1400121387588E+05 0.0000000000000E+00 0.0000000000000E+00 2.0000000000000E+01
A1A44
 1.1140464798279E+05 0.0000000000000E+00 0.0000000000000E+00 2.0000000000000E+01
A1A45
 1.1283525660065E+05 0.0000000000000E+00 0.0000000000000E+00 2.0000000000000E+01
A1A46
 1.1180596609050E+05 0.0000000000000E+00 0.0000000000000E+00 2.0000000000000E+01
A1A47
 1.1170248860761E+05 0.0000000000000E+00 0.0000000000000E+00 2.0000000000000E+01
A1A48
 1.1118111795331E+05 0.0000000000000E+00 0.0000000000000E+00 2.0000000000000E+01
A1A49
 1.1224855044926E+05 0.0000000000000E+00 0.0000000000000E+00 2.0000000000000E+01
A1A50
 1.1126355295074E+05 0.0000000000000E+00 0.0000000000000E+00 2.0000000000000E+01
A1A51
 1.1163409227524E+05 0.0000000000000E+00 0.0000000000000E+00 2.0000000000000E+01
A1A52
 1.1111126480257E+05 0.0000000000000E+00 0.0000000000000E+00 2.0000000000000E+01
A1A53
 1.1161082725617E+05 0.0000000000000E+00 0.0000000000000E+00 2.0000000000000E+01
A1A54
 1.1143507560394E+05 0.0000000000000E+00 0.0000000000000E+00 2.0000000000000E+01
A1A55
 1.1015706525464E+05 0.0000000000000E+00 0.0000000000000E+00 2.0000000000000E+01
A1A56
 1.1095546214163E+05 0.0000000000000E+00 0.0000000000000E+00 2.0000000000000E+01
A1A57
 1.1401078303767E+05 0.0000000000000E+00 0.0000000000000E+00 2.0000000000000E+01
A1A58
 1.1282536294192E+05 0.0000000000000E+00 0.0000000000000E+00 2.0000000000000E+01
A1A59
 1.1172331135545E+05 0.0000000000000E+00 0.0000000000000E+00 2.0000000000000E+01
A1A60
 1.1239640380873E+05 0.0000000000000E+00 0.0000000000000E+00 2.0000000000000E+01
A1A61
 1.1146830224568E+05 0.0000000000000E+00 0.0000000000000E+00 2.0000000000000E+01
A1A62
 1.1164272416862E+05 0.0000000000000E+00 0.0000000000000E+00 2.0000000000000E+01
A1A63
 1.1139613922698E+05 0.0000000000000E+00 0.0000000000000E+00 2.0000000000000E+01
A1A64
 1.1132510734942E+05 0.0000000000000E+00 0.0000000000000E+00 2.0000000000000E+01
A1A65
 1.1303912899029E+05 0.0000000000000E+00 0.0000000000000E+00 2.0000000000000E+01
A1A66
 1.1137336857807E+05 0.0000000000000E+00 0.0000000000000E+00 2.0000000000000E+01
A1A67
 1.1154653970230E+05 0.0000000000000E+00 0.0000000000000E+00 2.0000000000000E+01
A1A68
 1.1116397291245E+05 0.0000000000000E+00 0.0000000000000E+00 2.0000000000000E+01
A1A69
 1.1190829889472E+05 0.0000000000000E+00 0.0000000000000E+00 2.0000000000000E+01
A1A70
 1.1156339925068E+05 0.0000000000000E+00 0.0000000000000E+00 2.0000000000000E+01
A1A71
 1.1155775764458E+05 0.0000000000000E+00 0.0000000000000E+00 2.0000000000000E+01
A1A72
 1.1118935623538E+05 0.0000000000000E+00 0.0000000000000E+00 2.0000000000000E+01
A1A73
 1.1196235531859E+05 0.0000000000000E+00 0.0000000000000E+00 2.0000000000000E+01
A1A74
 1.1132418689797E+05 0.0000000000000E+00 0.0000000000000E+00 2.0000000000000E+01
A1A75
 1.1153174326030E+05 0.0000000000000E+00 0.0000000000000E+00 2.0000000000000E+01
A1A76
 1.1434291983633E+05 0.0000000000000E+00 0.0000000000000E+00 2.0000000000000E+01
A1A77
 1.1098444843660E+05 0.0000000000000E+00 0.0000000000000E+00 2.0000000000000E+01
A1A78
 1.1295262442859E+05 0.0000000000000E+00 0.0000000000000E+00 2.0000000000000E+01
A1A79
 1.1339005511339E+05 0.0000000000000E+00 0.0000000000000E+00 2.0000000000000E+01
A1A80
 1.1093033701739E+05 0.0000000000000E+00 0.0000000000000E+00 2.0000000000000E+01
A1A81
 1.1168164465703E+05 0.0000000000000E+00 0.0000000000000E+00 2.0000000000000E+01
A1A82
 1.1137302107599E+05 0.0000000000000E+00 0.0000000000000E+00 2.0000000000000E+01
A1A83
 1.1336022499612E+05 0.0000000000000E+00 0.0000000000000E+00 2.0000000000000E+01
A1A84
 1.1002177926306E+05 0.0000000000000E+00 0.0000000000000E+00 2.0000000000000E+01
A1A85
 1.1132585433637E+05 0.0000000000000E+00 0.0000000000000E+00 2.0000000000000E+01
A1A86
 1.1178469972824E+05 0.0000000000000E+00 0.0000000000000E+00 2.0000000000000E+01
A1A87
 1.1217634844867E+05 0.0000000000000E+00 0.0000000000000E+00 2.0000000000000E+01
A1A88
 1.1132285088924E+05 0.0000000000000E+00 0.0000000000000E+00 2.0000000000000E+01
A1A89
 1.1175577817607E+05 0.0000000000000E+00 0.0000000000000E+00 2.0000000000000E+01
A1A90
 1.1081154039367E+05 0.0000000000000E+00 0.0000000000000E+00 2.0000000000000E+01
A1A91
 1.1157582001055E+05 0.0000000000000E+00 0.0000000000000E+00 2.0000000000000E+01
A1A92
 1.1423505407149E+05 0.0000000000000E+00 0.0000000000000E+00 2.0000000000000E+01
A1A93
 1.1292727514018E+05 0.0000000000000E+00 0.0000000000000E+00 2.0000000000000E+01
A1A94
 1.1108766835286E+05 0.0000000000000E+00 0.0000000000000E+00 2.0000000000000E+01
A1A95
 1.1158297959882E+05 0.0000000000000E+00 0.0000000000000E+00 2.0000000000000E+01
A1A96
 1.1105622379224E+05 0.0000000000000E+00 0.0000000000000E+00 2.0000000000000E+01
A1A97
 1.1144228362793E+05 0.0000000000000E+00 0.0000000000000E+00 2.0000000000000E+01
A1A98
 1.1326338323647E+05 0.0000000000000E+00 0.0000000000000E+00 2.0000000000000E+01
A1A99
 1.1123065669322E+05 0.0000000000000E+00 0.0000000000000E+00 2.0000000000000E+01
A1B 0
 1.1164544683668E+05 0.0000000000000E+00 0.0000000000000E+00 2.0000000000000E+01
A1B 1
 1.1130306047654E+05 0.0000000000000E+00 0.0000000000000E+00 2.0000000000000E+01
A1B 2
 1.1108362661545E+05 0.0000000000000E+00 0.0000000000000E+00 2.0000000000000E+01
A1B 3
 1.1184039122536E+05 0.0000000000000E+00 0.0000000000000E+00 2.0000000000000E+01
A1B 4
 1.1099446539972E+05 0.0000000000000E+00 0.0000000000000E+00 2.0000000000000E+01
A1B 5
 1.1434703408475E+05 0.0000000000000E+00 0.0000000000000E+00 2.0000000000000E+01
A1B 6
 1.1246404966724E+05 0.0000000000000E+00 0.0000000000000E+00 2.0000000000000E+01
A1B 7
 1.1147211124145E+05 0.0000000000000E+00 0.0000000000000E+00 2.0000000000000E+01
A1B 8
 1.1262280665388E+05 0.0000000000000E+00 0.0000000000000E+00 2.0000000000000E+01
A1B 9
 1.1365526578765E+05 0.0000000000000E+00 0.0000000000000E+00 2.0000000000000E+01
A1B10
 1.1146176531616E+05 0.0000000000000E+00 0.0000000000000E+00 2.0000000000000E+01
A1B11
 1.1160108180435E+05 0.0000000000000E+00 0.0000000000000E+00 2.0000000000000E+01
A1B12
 1.1155464522861E+05 0.0000000000000E+00 0.0000000000000E+00 2.0000000000000E+01
A1B13
 1.1219255601894E+05 0.0000000000000E+00 0.0000000000000E+00 2.0000000000000E+01
A1B14
 1.1152556170746E+05 0.0000000000000E+00 0.0000000000000E+00 2.0000000000000E+01
A1B15
 1.1102128708040E+05 0.0000000000000E+00 0.0000000000000E+00 2.0000000000000E+01
A1B16
 1.1205583072192E+05 0.0000000000000E+00 0.0000000000000E+00 2.0000000000000E+01
A1B17
 1.1111354078902E+05 0.0000000000000E+00 0.0000000000000E+00 2.0000000000000E+01
A1B18
 1.1142819495139E+05 0.0000000000000E+00 0.0000000000000E+00 2.0000000000000E+01
A1B19
 1.1075665412681E+05 0.0000000000000E+00 0.0000000000000E+00 2.0000000000000E+01
A1B20
 1.1145180226881E+05 0.0000000000000E+00 0.0000000000000E+00 2.0000000000000E+01
A1B21
 1.1206135747966E+05 0.0000000000000E+00 0.0000000000000E+00 2.0000000000000E+01
A1B22
 1.1127488366161E+05 0.0000000000000E+00 0.0000000000000E+00 2.0000000000000E+01
A1B23
 1.1102706671290E+05 0.0000000000000E+00 0.0000000000000E+00 2.0000000000000E+01
A1B24
 1.1096663281235E+05 0.0000000000000E+00 0.0000000000000E+00 2.0000000000000E+01
A1B25
 1.1412131857559E+05 0.0000000000000E+00 0.0000000000000E+00 2.0000000000000E+01
A1B26
 1.1139134939920E+05 0.0000000000000E+00 0.0000000000000E+00 2.0000000000000E+01
A1B27
 1.1123265993488E+05 0.0000000000000E+00 0.0000000000000E+00 2.0000000000000E+01
A1B28
 1.1361881469182E+05 0.0000000000000E+00 0.0000000000000E+00 2.0000000000000E+01
A1B29
 1.1174766775329E+05 0.0000000000000E+00 0.0000000000000E+00 2.0000000000000E+01
A1B30
 1.1086607377589E+05 0.0000000000000E+00 0.0000000000000E+00 2.0000000000000E+01
A1B31
 1.1198764318768E+05 0.0000000000000E+00 0.0000000000000E+00 2.0000000000000E+01
A1B32
 1.1215808274949E+05 0.0000000000000E+00 0.0000000000000E+00 2.0000000000000E+01
A1B33
 1.1181692942548E+05 0.0000000000000E+00 0.0000000000000E+00 2.0000000000000E+01
A1B34
 1.1024762184527E+05 0.0000000000000E+00 0.0000000000000E+00 2.0000000000000E+01
A1B35
 1.1099818436653E+05 0.0000000000000E+00 0.0000000000000E+00 2.0000000000000E+01
A1B36
 1.1361115208909E+05 0.0000000000000E+00 0.0000000000000E+00 2.0000000000000E+01
A1B37
 1.1160408770660E+05 0.0000000000000E+00 0.0000000000000E+00 2.0000000000000E+01
A1B38
 1.1067953638774E+05 0.0000000000000E+00 0.0000000000000E+00 2.0000000000000E+01
A1B39
 1.1195483415526E+05 0.0000000000000E+00 0.0000000000000E+00 2.0000000000000E+01
A1B40
 1.1092524358134E+05 0.0000000000000E+00 0.0000000000000E+00 2.0000000000000E+01
A1B41
 1.1157690781248E+05 0.0000000000000E+00 0.0000000000000E+00 2.0000000000000E+01
A1B42
 1.1129334089769E+05 0.0000000000000E+00 0.0000000000000E+00 2.0000000000000E+01
A1B43
 1.1167780024109E+05 0.0000000000000E+00 0.0000000000000E+00 2.0000000000000E+01
A1B44
 1.1363575357643E+05 0.0000000000000E+00 0.0000000000000E+00 2.0000000000000E+01
A1B45
 1.1142963037907E+05 0.0000000000000E+00 0.0000000000000E+00 2.0000000000000E+01
A1B46
 1.1013728599723E+05 0.0000000000000E+00 0.0000000000000E+00 2.0000000000000E+01
A1B47
 1.1107393058385E+05 0.0000000000000E+00 0.0000000000000E+00 2.0000000000000E+01
A1B48
 1.1348658411244E+05 0.0000000000000E+00 0.0000000000000E+00 2.0000000000000E+01
A1B49
 1.1136097213482E+05 0.0000000000000E+00 0.0000000000000E+00 2.0000000000000E+01
A1B50
 1.1347432929041E+05 0.0000000000000E+00 0.0000000000000E+00 2.0000000000000E+01
A1B51
 1.1369274068827E+05 0.0000000000000E+00 0.0000000000000E+00 2.0000000000000E+01
A1B52
 1.1255454081754E+05 0.0000000000000E+00 0.0000000000000E+00 2.0000000000000E+01
A1B53
 1.1310102598970E+05 0.0000000000000E+00 0.0000000000000E+00 2.0000000000000E+01
A1B54
 1.1382869878829E+05 0.0000000000000E+00 0.0000000000000E+00 2.0000000000000E+01
A1B55
 1.1367273703269E+05 0.0000000000000E+00 0.0000000000000E+00 2.0000000000000E+01
A1B56
 1.1234192852174E+05 0.0000000000000E+00 0.0000000000000E+00 2.0000000000000E+01
A1B57
 1.1374410947083E+05 0.0000000000000E+00 0.0000000000000E+00 2.0000000000000E+01
A1B58
 1.1383666959320E+05 0.0000000000000E+00 0.0000000000000E+00 2.0000000000000E+01
A1B59
 1.1037723891658E+05 0.0000000000000E+00 0.0000000000000E+00 2.0000000000000E+01
A1B60
 1.1357820940691E+05 0.0000000000000E+00 0.0000000000000E+00 2.0000000000000E+01
A1B61
 1.1082037747488E+05 0.0000000000000E+00 0.0000000000000E+00 2.0000000000000E+01
A1B62
 1.1184942048511E+05 0.0000000000000E+00 0.0000000000000E+00 2.0000000000000E+01
A1B63
 1.1361242051753E+05 0.0000000000000E+00 0.0000000000000E+00 2.0000000000000E+01
A1B64
 1.1188662303114E+05 0.0000000000000E+00 0.0000000000000E+00 2.0000000000000E+01
A1B65
 1.1117090654093E+05 0.0000000000000E+00 0.0000000000000E+00 2.0000000000000E+01
A1B66
 1.1364235222596E+05 0.0000000000000E+00 0.0000000000000E+00 2.0000000000000E+01
A1B67
 1.1096474661122E+05 0.0000000000000E+00 0.0000000000000E+00 2.0000000000000E+01
A1B68
 1.1119060114543E+05 0.0000000000000E+00 0.0000000000000E+00 2.0000000000000E+01
A1B69
 1.1163787629174E+05 0.0000000000000E+00 0.0000000000000E+00 2.0000000000000E+01
A1B70
 1.1204450339433E+05 0.0000000000000E+00 0.0000000000000E+00 2.0000000000000E+01
A1B71
 1.1222558496827E+05 0.0000000000000E+00 0.0000000000000E+00 2.0000000000000E+01
A1B72
 1.1150610656491E+05 0.0000000000000E+00 0.0000000000000E+00 2.0000000000000E+01
A1B73
 1.1129009169666E+05 0.0000000000000E+00 0.0000000000000E+00 2.0000000000000E+01
A1B74
 1.1389452343994E+05 0.0000000000000E+00 0.0000000000000E+00 2.0000000000000E+01
A1B75
 1.1212352475884E+05 0.0000000000000E+00 0.0000000000000E+00 2.0000000000000E+01
A1B76
 1.1111092323448E+05 0.0000000000000E+00 0.0000000000000E+00 2.0000000000000E+01
A1B77
 1.1012172907488E+05 0.0000000000000E+00 0.0000000000000E+00 2.0000000000000E+01
A1B78
 1.1135093694799E+05 0.0000000000000E+00 0.0000000000000E+00 2.0000000000000E+01
A1B79
 1.1153661454393E+05 0.0000000000000E+00 0.0000000000000E+00 2.0000000000000E+01
A1B80
 1.1191887390196E+05 0.0000000000000E+00 0.0000000000000E+00 2.0000000000000E+01
A1B81
 1.1007926887940E+05 0.0000000000000E+00 0.0000000000000E+00 2.0000000000000E+01
A1B82
 1.1177938449403E+05 0.0000000000000E+00 0.0000000000000E+00 2.0000000000000E+01
A1B83
 1.1138236405836E+05 0.0000000000000E+00 0.0000000000000E+00 2.0000000000000E+01
A1B84
 1.1111852982801E+05 0.0000000000000E+00 0.0000000000000E+00 2.0000000000000E+01
A1B85
 1.1173910737471E+05 0.0000000000000E+00 0.0000000000000E+00 2.0000000000000E+01
A1B86
 1.1358354804606E+05 0.0000000000000E+00 0.0000000000000E+00 2.0000000000000E+01
A1B87
 1.1110640902648E+05 0.0000000000000E+00 0.0000000000000E+00 2.0000000000000E+01
A1B88
 1.1103158201648E+05 0.0000000000000E+00 0.0000000000000E+00 2.0000000000000E+01
A1B89
 1.1145279175657E+05 0.0000000000000E+00 0.0000000000000E+00 2.0000000000000E+01
A1B90
 1.1194345832756E+05 0.0000000000000E+00 0.0000000000000E+00 2.0000000000000E+01
A1B91
 1.1148106351739E+05 0.0000000000000E+00 0.0000000000000E+00 2.0000000000000E+01
A1B92
 1.1160743219319E+05 0.0000000000000E+00 0.0000000000000E+00 2.0000000000000E+01
A1B93
 1.1187388102261E+05 0.0000000000000E+00 0.0000000000000E+00 2.0000000000000E+01
A1B94
 1.1149246793469E+05 0.0000000000000E+00 0.0000000000000E+00 2.0000000000000E+01
A1B95
 1.1216120411741E+05 0.0000000000000E+00 0.0000000000000E+00 2.0000000000000E+01
A1B96
 1.1113664218716E+05 0.0000000000000E+00 0.0000000000000E+00 2.0000000000000E+01
A1B97
 1.1105879594944E+05 0.0000000000000E+00 0.0000000000000E+00 2.0000000000000E+01
A1B98
 1.1151072796199E+05 0.0000000000000E+00 0.0000000000000E+00 2.0000000000000E+01
A1B99
 1.1034156266913E+05 0.0000000000000E+00 0.0000000000000E+00 2.0000000000000E+01
A1C 0
 1.1170885185072E+05 0.0000000000000E+00 0.0000000000000E+00 2.0000000000000E+01
A1C 1
 1.1103108144508E+05 0.0000000000000E+00 0.0000000000000E+00 2.0000000000000E+01
A1C 2
 1.1221476364674E+05 0.0000000000000E+00 0.0000000000000E+00 2.0000000000000E+01
A1C 3
 1.1125534111074E+05 0.0000000000000E+00 0.0000000000000E+00 2.0000000000000E+01
A1C 4
 1.1166785083551E+05 0.0000000000000E+00 0.0000000000000E+00 2.0000000000000E+01
A1C 5
 1.1176884806931E+05 0.0000000000000E+00 0.0000000000000E+00 2.0000000000000E+01
A1C 6
 1.1099066564505E+05 0.0000000000000E+00 0.0000000000000E+00 2.0000000000000E+01
A1C 7
 1.1168842044949E+05 0.0000000000000E+00 0.0000000000000E+00 2.0000000000000E+01
A1C 8
 1.1184039870574E+05 0.0000000000000E+00 0.0000000000000E+00 2.0000000000000E+01
A1C 9
 1.1197588859360E+05 0.0000000000000E+00 0.0000000000000E+00 2.0000000000000E+01
A1C10
 1.1180476202659E+05 0.0000000000000E+00 0.0000000000000E+00 2.0000000000000E+01
A1C11
 1.1190657751588E+05 0.0000000000000E+00 0.0000000000000E+00 2.0000000000000E+01
A1C12
 1.1383825529177E+05 0.0000000000000E+00 0.0000000000000E+00 2.0000000000000E+01
A1C13
 1.1182711085399E+05 0.0000000000000E+00 0.0000000000000E+00 2.0000000000000E+01
A1C14
 1.1171443751411E+05 0.0000000000000E+00 0.0000000000000E+00 2.0000000000000E+01
A1C15
 1.1123445849535E+05 0.0000000000000E+00 0.0000000000000E+00 2.0000000000000E+01
A1C16
 1.1173503107913E+05 0.0000000000000E+00 0.0000000000000E+00 2.0000000000000E+01
A1C17
 1.1186783329500E+05 0.0000000000000E+00 0.0000000000000E+00 2.0000000000000E+01
A1C18
 1.1135510630408E+05 0.0000000000000E+00 0.0000000000000E+00 2.0000000000000E+01
A1C19
 1.1168836215743E+05 0.0000000000000E+00 0.0000000000000E+00 2.0000000000000E+01
A1C20
 1.1183666815106E+05 0.0000000000000E+00 0.0000000000000E+00 2.0000000000000E+01
A1C21
 1.1133724604008E+05 0.0000000000000E+00 0.0000000000000E+00 2.0000000000000E+01
A1C22
 1.1211243682480E+05 0.0000000000000E+00 0.0000000000000E+00 2.0000000000000E+01
A1C23
 1.1180319193703E+05 0.0000000000000E+00 0.0000000000000E+00 2.0000000000000E+01
A1C24
 1.1223392048948E+05 0.0000000000000E+00 0.0000000000000E+00 2.0000000000000E+01
A1C25
 1.1227535726923E+05 0.0000000000000E+00 0.0000000000000E+00 2.0000000000000E+01
A1C26
 1.1090790561630E+05 0.0000000000000E+00 0.0000000000000E+00 2.0000000000000E+01
A1C27
 1.1162437934011E+05 0.0000000000000E+00 0.0000000000000E+00 2.0000000000000E+01
A1C28
 1.1142197809208E+05 0.0000000000000E+00 0.0000000000000E+00 2.0000000000000E+01
A1C29
 1.1166475759712E+05 0.0000000000000E+00 0.0000000000000E+00 2.0000000000000E+01
A1C30
 1.1179659558568E+05 0.0000000000000E+00 0.0000000000000E+00 2.0000000000000E+01
A1C31
 1.1412665568495E+05 0.0000000000000E+00 0.0000000000000E+00 2.0000000000000E+01
A1C32
 1.1169532520951E+05 0.0000000000000E+00 0.0000000000000E+00 2.0000000000000E+01
A1C33
 1.1159403110253E+05 0.0000000000000E+00 0.0000000000000E+00 2.0000000000000E+01
A1C34
 1.1029617090797E+05 0.0000000000000E+00 0.0000000000000E+00 2.0000000000000E+01
A1C35
 1.1228224837450E+05 0.0000000000000E+00 0.0000000000000E+00 2.0000000000000E+01
A1C36
 1.1336038231910E+05 0.0000000000000E+00 0.0000000000000E+00 2.0000000000000E+01
A1C37
 1.1189717379841E+05 0.0000000000000E+00 0.0000000000000E+00 2.0000000000000E+01
A1C38
 1.1005184165843E+05 0.0000000000000E+00 0.0000000000000E+00 2.0000000000000E+01
A1C39
 1.1097462206102E+05 0.0000000000000E+00 0.0000000000000E+00 2.0000000000000E+01
A1C40
 1.1176622647152E+05 0.0000000000000E+00 0.0000000000000E+00 2.0000000000000E+01
A1C41
 1.1139355123893E+05 0.0000000000000E+00 0.0000000000000E+00 2.0000000000000E+01
A1C42
 1.1299049687016E+05 0.0000000000000E+00 0.0000000000000E+00 2.0000000000000E+01
A1C43
 1.1189786727855E+05 0.0000000000000E+00 0.0000000000000E+00 2.0000000000000E+01
A1C44
 1.1133375976150E+05 0.0000000000000E+00 0.0000000000000E+00 2.0000000000000E+01
A1C45
 1.1280535282652E+05 0.0000000000000E+00 0.0000000000000E+00 2.0000000000000E+01
A1C46
 1.1231706275131E+05 0.0000000000000E+00 0.0000000000000E+00 2.0000000000000E+01
A1C47
 1.1214670482895E+05 0.0000000000000E+00 0.0000000000000E+00 2.0000000000000E+01
A1C48
 1.1082789499358E+05 0.0000000000000E+00 0.0000000000000E+00 2.0000000000000E+01
A1C49
 1.1200430963901E+05 0.0000000000000E+00 0.0000000000000E+00 2.0000000000000E+01
A1C50
 1.1172540451155E+05 0.0000000000000E+00 0.0000000000000E+00 2.0000000000000E+01
A1C51
 1.1182639063438E+05 0.0000000000000E+00 0.0000000000000E+00 2.0000000000000E+01
A1C52
 1.1004356469875E+05 0.0000000000000E+00 0.0000000000000E+00 2.0000000000000E+01
A1C53
 1.1002560402927E+05 0.0000000000000E+00 0.0000000000000E+00 2.0000000000000E+01
A1C54
 1.1018046111955E+05 0.0000000000000E+00 0.0000000000000E+00 2.0000000000000E+01
A1C55
 1.1235077324525E+05 0.0000000000000E+00 0.0000000000000E+00 2.0000000000000E+01
A1C56
 1.1173948148405E+05 0.0000000000000E+00 0.0000000000000E+00 2.0000000000000E+01
A1C57
 1.1192714026508E+05 0.0000000000000E+00 0.0000000000000E+00 2.0000000000000E+01
A1C58
 1.1173857641649E+05 0.0000000000000E+00 0.0000000000000E+00 2.0000000000000E+01
A1C59
 1.1296478297709E+05 0.0000000000000E+00 0.0000000000000E+00 2.0000000000000E+01
A1C60
 1.1186187040506E+05 0.0000000000000E+00 0.0000000000000E+00 2.0000000000000E+01
A1C61
 1.1081934925572E+05 0.0000000000000E+00 0.0000000000000E+00 2.0000000000000E+01
A1C62
 1.1156695199515E+05 0.0000000000000E+00 0.0000000000000E+00 2.0000000000000E+01
A1C63
 1.1324412870778E+05 0.0000000000000E+00 0.0000000000000E+00 2.0000000000000E+01
A1C64
 1.1276885356548E+05 0.0000000000000E+00 0.0000000000000E+00 2.0000000000000E+01
A1C65
 1.1149868774055E+05 0.0000000000000E+00 0.0000000000000E+00 2.0000000000000E+01
A1C66
 1.1306311227357E+05 0.0000000000000E+00 0.0000000000000E+00 2.0000000000000E+01
A1C67
 1.1226031869257E+05 0.0000000000000E+00 0.0000000000000E+00 2.0000000000000E+01
A1C68
 1.1256660374057E+05 0.0000000000000E+00 0.0000000000000E+00 2.0000000000000E+01
A1C69
 1.1149594951243E+05 0.0000000000000E+00 0.0000000000000E+00 2.0000000000000E+01
A1C70
 1.1207783825459E+05 0.0000000000000E+00 0.0000000000000E+00 2.0000000000000E+01
A1C71
 1.1233284613020E+05 0.0000000000000E+00 0.0000000000000E+00 2.0000000000000E+01
A1C72
 1.1141796223110E+05 0.0000000000000E+00 0.0000000000000E+00 2.0000000000000E+01
A1C73
 1.1299072261035E+05 0.0000000000000E+00 0.0000000000000E+00 2.0000000000000E+01
A1C74
 1.1200833968017E+05 0.0000000000000E+00 0.0000000000000E+00 2.0000000000000E+01
A1C75
 1.1122766342945E+05 0.0000000000000E+00 0.0000000000000E+00 2.0000000000000E+01
A1C76
 1.1074260384786E+05 0.0000000000000E+00 0.0000000000000E+00 2.0000000000000E+01
A1C77
 1.1193827605476E+05 0.0000000000000E+00 0.0000000000000E+00 2.0000000000000E+01
A1C78
 1.1386013763500E+05 0.0000000000000E+00 0.0000000000000E+00 2.0000000000000E+01
A1C79
 1.1186763469576E+05 0.0000000000000E+00 0.0000000000000E+00 2.0000000000000E+01
A1C80
 1.1034285062800E+05 0.0000000000000E+00 0.0000000000000E+00 2.0000000000000E+01
A1C81
 1.1299333987887E+05 0.0000000000000E+00 0.0000000000000E+00 2.0000000000000E+01
A1C82
 1.1159723444844E+05 0.0000000000000E+00 0.0000000000000E+00 2.0000000000000E+01
A1C83
 1.1198511765378E+05 0.0000000000000E+00 0.0000000000000E+00 2.0000000000000E+01
A1C84
 1.1172615176337E+05 0.0000000000000E+00 0.0000000000000E+00 2.0000000000000E+01
A1C85
 1.1195445557372E+05 0.0000000000000E+00 0.0000000000000E+00 2.0000000000000E+01
A1C86
 1.1272255516274E+05 0.0000000000000E+00 0.0000000000000E+00 2.0000000000000E+01
A1C87
 1.1001983292772E+05 0.0000000000000E+00 0.0000000000000E+00 2.0000000000000E+01
A1C88
 1.1056506504352E+05 0.0000000000000E+00 0.0000000000000E+00 2.0000000000000E+01
A1C89
 1.1295575578728E+05 0.0000000000000E+00 0.0000000000000E+00 2.0000000000000E+01
A1C90
 1.1027192497516E+05 0.0000000000000E+00 0.0000000000000E+00 2.0000000000000E+01
A1C91
 1.1327045910813E+05 0.0000000000000E+00 0.0000000000000E+00 2.0000000000000E+01
A1C92
 1.1238459834014E+05 0.0000000000000E+00 0.0000000000000E+00 2.0000000000000E+01
A1C93
 1.1152541210342E+05 0.0000000000000E+00 0.0000000000000E+00 2.0000000000000E+01
A1C94
 1.1440069909356E+05 0.0000000000000E+00 0.0000000000000E+00 2.0000000000000E+01
A1C95
 1.1163113921471E+05 0.0000000000000E+00 0.0000000000000E+00 2.0000000000000E+01
A1C96
 1.1171651911939E+05 0.0000000000000E+00 0.0000000000000E+00 2.0000000000000E+01
A1C97
 1.1283546782052E+05 0.0000000000000E+00 0.0000000000000E+00 2.0000000000000E+01
A1C98
 1.1199917140237E+05 0.0000000000000E+00 0.0000000000000E+00 2.0000000000000E+01
A1C99
 1.1405102546596E+05 0.0000000000000E+00 0.0000000000000E+00 2.0000000000000E+01
A1D 0
 1.1031228279895E+05 0.0000000000000E+00 0.0000000000000E+00 2.0000000000000E+01
A1D 1
 1.1264421369955E+05 0.0000000000000E+00 0.0000000000000E+00 2.0000000000000E+01
A1D 2
 1.1208981862628E+05 0.0000000000000E+00 0.0000000000000E+00 2.0000000000000E+01
A1D 3
 1.1100812906785E+05 0.0000000000000E+00 0.0000000000000E+00 2.0000000000000E+01
A1D 4
 1.1106898766693E+05 0.0000000000000E+00 0.0000000000000E+00 2.0000000000000E+01
A1D 5
 1.1253285147830E+05 0.0000000000000E+00 0.0000000000000E+00 2.0000000000000E+01
A1D 6
 1.1188094184363E+05 0.0000000000000E+00 0.0000000000000E+00 2.0000000000000E+01
A1D 7
 1.1195113473695E+05 0.0000000000000E+00 0.0000000000000E+00 2.0000000000000E+01
A1D 8
 1.1178370708908E+05 0.0000000000000E+00 0.0000000000000E+00 2.0000000000000E+01
A1D 9
 1.1319272105811E+05 0.0000000000000E+00 0.0000000000000E+00 2.0000000000000E+01
A1D10
 1.1202627528815E+05 0.0000000000000E+00 0.0000000000000E+00 2.0000000000000E+01
A1D11
 1.1239800092466E+05 0.0000000000000E+00 0.0000000000000E+00 2.0000000000000E+01
A1D12
 1.1181020627834E+05 0.0000000000000E+00 0.0000000000000E+00 2.0000000000000E+01
A1D13
 1.1276328498699E+05 0.0000000000000E+00 0.0000000000000E+00 2.0000000000000E+01
A1D14
 1.1267821697666E+05 0.0000000000000E+00 0.0000000000000E+00 2.0000000000000E+01
A1D15
 1.1201280234618E+05 0.0000000000000E+00 0.0000000000000E+00 2.0000000000000E+01
A1D16
 1.1202076815016E+05 0.0000000000000E+00 0.0000000000000E+00 2.0000000000000E+01
A1D17
 1.1066266818315E+05 0.0000000000000E+00 0.0000000000000E+00 2.0000000000000E+01
A1D18
 1.1158812522886E+05 0.0000000000000E+00 0.0000000000000E+00 2.0000000000000E+01
A1D19
 1.1094221270788E+05 0.0000000000000E+00 0.0000000000000E+00 2.0000000000000E+01
A1D20
 1.1248660424225E+05 0.0000000000000E+00 0.0000000000000E+00 2.0000000000000E+01
A1D21
 1.1194160455314E+05 0.0000000000000E+00 0.0000000000000E+00 2.0000000000000E+01
A1D22
 1.1215456343094E+05 0.0000000000000E+00 0.0000000000000E+00 2.0000000000000E+01
A1D23
 1.1307097826016E+05 0.0000000000000E+00 0.0000000000000E+00 2.0000000000000E+01
A1D24
 1.1231357684029E+05 0.0000000000000E+00 0.0000000000000E+00 2.0000000000000E+01
A1D25
 1.1304417580702E+05 0.0000000000000E+00 0.0000000000000E+00 2.0000000000000E+01
A1D26
 1.1232798872334E+05 0.0000000000000E+00 0.0000000000000E+00 2.0000000000000E+01
A1D27
 1.1237430858599E+05 0.0000000000000E+00 0.0000000000000E+00 2.0000000000000E+01
A1D28
 1.1208388782226E+05 0.0000000000000E+00 0.0000000000000E+00 2.0000000000000E+01
A1D29
 1.1222455333073E+05 0.0000000000000E+00 0.0000000000000E+00 2.0000000000000E+01
A1D30
 1.1249787565583E+05 0.0000000000000E+00 0.0000000000000E+00 2.0000000000000E+01
A1D31
 1.1289713933333E+05 0.0000000000000E+00 0.0000000000000E+00 2.0000000000000E+01
A1D32
 1.1239409310198E+05 0.0000000000000E+00 0.0000000000000E+00 2.0000000000000E+01
A1D33
 1.1214391973100E+05 0.0000000000000E+00 0.0000000000000E+00 2.0000000000000E+01
A1D34
 1.1224275665961E+05 0.0000000000000E+00 0.0000000000000E+00 2.0000000000000E+01
A1D35
 1.1415445328193E+05 0.0000000000000E+00 0.0000000000000E+00 2.0000000000000E+01
A1D36
 1.1274800204578E+05 0.0000000000000E+00 0.0000000000000E+00 2.0000000000000E+01
A1D37
 1.1268396341768E+05 0.0000000000000E+00 0.0000000000000E+00 2.0000000000000E+01
A1D38
 1.1238361439227E+05 0.0000000000000E+00 0.0000000000000E+00 2.0000000000000E+01
A1D39
 1.1053643334408E+05 0.0000000000000E+00 0.0000000000000E+00 2.0000000000000E+01
A1D40
 1.1196986087160E+05 0.0000000000000E+00 0.0000000000000E+00 2.0000000000000E+01
A1D41
 1.1229398483643E+05 0.0000000000000E+00 0.0000000000000E+00 2.0000000000000E+01
A1D42
 1.1219173642819E+05 0.0000000000000E+00 0.0000000000000E+00 2.0000000000000E+01
A1D43
 1.1088703540752E+05 0.0000000000000E+00 0.0000000000000E+00 2.0000000000000E+01
A1D44
 1.1260029063485E+05 0.0000000000000E+00 0.0000000000000E+00 2.0000000000000E+01
A1D45
 1.1293401286588E+05 0.0000000000000E+00 0.0000000000000E+00 2.0000000000000E+01
A1D46
 1.1261411975120E+05 0.0000000000000E+00 0.0000000000000E+00 2.0000000000000E+01
A1D47
 1.1221551351579E+05 0.0000000000000E+00 0.0000000000000E+00 2.0000000000000E+01
A1D48
 1.1218581791266E+05 0.0000000000000E+00 0.0000000000000E+00 2.0000000000000E+01
A1D49
 1.1097223271087E+05 0.0000000000000E+00 0.0000000000000E+00 2.0000000000000E+01
A1D50
 1.1078223419553E+05 0.0000000000000E+00 0.0000000000000E+00 2.0000000000000E+01
A1D51
 1.1322488480722E+05 0.0000000000000E+00 0.0000000000000E+00 2.0000000000000E+01
A1D52
 1.1346409929005E+05 0.0000000000000E+00 0.0000000000000E+00 2.0000000000000E+01
A1D53
 1.1151852617694E+05 0.0000000000000E+00 0.0000000000000E+00 2.0000000000000E+01
A1D54
 1.1253008069533E+05 0.0000000000000E+00 0.0000000000000E+00 2.0000000000000E+01
A1D55
 1.1205202844318E+05 0.0000000000000E+00 0.0000000000000E+00 2.0000000000000E+01
A1D56
 1.1261132562250E+05 0.0000000000000E+00 0.0000000000000E+00 2.0000000000000E+01
A1D57
 1.1224423097172E+05 0.0000000000000E+00 0.0000000000000E+00 2.0000000000000E+01
A1D58
 1.1250573207859E+05 0.0000000000000E+00 0.0000000000000E+00 2.0000000000000E+01
A1D59
 1.1198245689598E+05 0.0000000000000E+00 0.0000000000000E+00 2.0000000000000E+01
A1D60
 1.1245921927201E+05 0.0000000000000E+00 0.0000000000000E+00 2.0000000000000E+01
A1D61
 1.1245308836726E+05 0.0000000000000E+00 0.0000000000000E+00 2.0000000000000E+01
A1D62
 1.1258902338260E+05 0.0000000000000E+00 0.0000000000000E+00 2.0000000000000E+01
A1D63
 1.1296486664985E+05 0.0000000000000E+00 0.0000000000000E+00 2.0000000000000E+01
A1D64
 1.1259338984720E+05 0.0000000000000E+00 0.0000000000000E+00 2.0000000000000E+01
A1D65
 1.1284466003760E+05 0.0000000000000E+00 0.0000000000000E+00 2.0000000000000E+01
A1D66
 1.1282511779417E+05 0.0000000000000E+00 0.0000000000000E+00 2.0000000000000E+01
A1D67
 1.1211374531449E+05 0.0000000000000E+00 0.0000000000000E+00 2.0000000000000E+01
A1D68
 1.1289332329832E+05 0.0000000000000E+00 0.0000000000000E+00 2.0000000000000E+01
A1D69
 1.1265690454432E+05 0.0000000000000E+00 0.0000000000000E+00 2.0000000000000E+01
A1D70
 1.1290805823649E+05 0.0000000000000E+00 0.0000000000000E+00 2.0000000000000E+01
A1D71
 1.1355306340010E+05 0.0000000000000E+00 0.0000000000000E+00 2.0000000000000E+01
A1D72
 1.1333491305903E+05 0.0000000000000E+00 0.0000000000000E+00 2.0000000000000E+01
A1D73
 1.1205288516705E+05 0.0000000000000E+00 0.0000000000000E+00 2.0000000000000E+01
A1D74
 1.1328523552825E+05 0.0000000000000E+00 0.0000000000000E+00 2.0000000000000E+01
A1D75
 1.1269201755610E+05 0.0000000000000E+00 0.0000000000000E+00 2.0000000000000E+01
A1D76
 1.1266592327138E+05 0.0000000000000E+00 0.0000000000000E+00 2.0000000000000E+01
A1D77
 1.1204267538347E+05 0.0000000000000E+00 0.0000000000000E+00 2.0000000000000E+01
A1D78
 1.1214133540167E+05 0.0000000000000E+00 0.0000000000000E+00 2.0000000000000E+01
A1D79
 1.1258946200813E+05 0.0000000000000E+00 0.0000000000000E+00 2.0000000000000E+01
A1D80
 1.1199578467657E+05 0.0000000000000E+00 0.0000000000000E+00 2.0000000000000E+01
A1D81
 1.1191146115562E+05 0.0000000000000E+00 0.0000000000000E+00 2.0000000000000E+01
A1D82
 1.1159101573337E+05 0.0000000000000E+00 0.0000000000000E+00 2.0000000000000E+01
A1D83
 1.1221188888620E+05 0.0000000000000E+00 0.0000000000000E+00 2.0000000000000E+01
A1D84
 1.1224871486374E+05 0.0000000000000E+00 0.0000000000000E+00 2.0000000000000E+01
A1D85
 1.1235086831839E+05 0.0000000000000E+00 0.0000000000000E+00 2.0000000000000E+01
A1D86
 1.1230256844450E+05 0.0000000000000E+00 0.0000000000000E+00 2.0000000000000E+01
A1D87
 1.1252322975159E+05 0.0000000000000E+00 0.0000000000000E+00 2.0000000000000E+01
A1D88
 1.1236250749086E+05 0.0000000000000E+00 0.0000000000000E+00 2.0000000000000E+01
A1D89
 1.1243035417839E+05 0.0000000000000E+00 0.0000000000000E+00 2.0000000000000E+01
A1D90
 1.1212268112104E+05 0.0000000000000E+00 0.0000000000000E+00 2.0000000000000E+01
A1D91
 1.1211066185694E+05 0.0000000000000E+00 0.0000000000000E+00 2.0000000000000E+01
A1D92
 1.1227261885510E+05 0.0000000000000E+00 0.0000000000000E+00 2.0000000000000E+01
A1D93
 1.1203984686415E+05 0.0000000000000E+00 0.0000000000000E+00 2.0000000000000E+01
A1D94
 1.1206894559844E+05 0.0000000000000E+00 0.0000000000000E+00 2.0000000000000E+01
A1D95
 1.1292500436992E+05 0.0000000000000E+00 0.0000000000000E+00 2.0000000000000E+01
A1D96
 1.1242820637572E+05 0.0000000000000E+00 0.0000000000000E+00 2.0000000000000E+01
A1D97
 1.1211012091490E+05 0.0000000000000E+00 0.0000000000000E+00 2.0000000000000E+01
A1D98
 1.1188398425018E+05 0.0000000000000E+00 0.0000000000000E+00 2.0000000000000E+01
A1D99
 1.1228173774083E+05 0.0000000000000E+00 0.0000000000000E+00 2.0000000000000E+01
A1E 0
 1.1360318009017E+05 0.0000000000000E+00 0.0000000000000E+00 2.0000000000000E+01
A1E 1
 1.1364145594333E+05 0.0000000000000E+00 0.0000000000000E+00 2.0000000000000E+01
A1E 2
 1.1233696446746E+05 0.0000000000000E+00 0.0000000000000E+00 2.0000000000000E+01
A1E 3
 1.1182659594840E+05 0.0000000000000E+00 0.0000000000000E+00 2.0000000000000E+01
A1E 4
 1.1217119217115E+05 0.0000000000000E+00 0.0000000000000E+00 2.0000000000000E+01
A1E 5
 1.1308631878673E+05 0.0000000000000E+00 0.0000000000000E+00 2.0000000000000E+01
A1E 6
 1.1291983079634E+05 0.0000000000000E+00 0.0000000000000E+00 2.0000000000000E+01
A1E 7
 1.1280369998681E+05 0.0000000000000E+00 0.0000000000000E+00 2.0000000000000E+01
A1E 8
 1.1245314792502E+05 0.0000000000000E+00 0.0000000000000E+00 2.0000000000000E+01
A1E 9
 1.1252057936860E+05 0.0000000000000E+00 0.0000000000000E+00 2.0000000000000E+01
A1E10
 1.1311968696994E+05 0.0000000000000E+00 0.0000000000000E+00 2.0000000000000E+01
A1E11
 1.1207021899836E+05 0.0000000000000E+00 0.0000000000000E+00 2.0000000000000E+01
A1E12
 1.1229969764609E+05 0.0000000000000E+00 0.0000000000000E+00 2.0000000000000E+01
A1E13
 1.1252095609170E+05 0.0000000000000E+00 0.0000000000000E+00 2.0000000000000E+01
A1E14
 1.1196892566584E+05 0.0000000000000E+00 0.0000000000000E+00 2.0000000000000E+01
A1E15
 1.1210033562619E+05 0.0000000000000E+00 0.0000000000000E+00 2.0000000000000E+01
A1E16
 1.1225619448464E+05 0.0000000000000E+00 0.0000000000000E+00 2.0000000000000E+01
A1E17
 1.1248697315211E+05 0.0000000000000E+00 0.0000000000000E+00 2.0000000000000E+01
A1E18
 1.1228583767406E+05 0.0000000000000E+00 0.0000000000000E+00 2.0000000000000E+01
A1E19
 1.1217977748201E+05 0.0000000000000E+00 0.0000000000000E+00 2.0000000000000E+01
A1E20
 1.1286454693689E+05 0.0000000000000E+00 0.0000000000000E+00 2.0000000000000E+01
A1E21
 1.1220191228433E+05 0.0000000000000E+00 0.0000000000000E+00 2.0000000000000E+01
A1E22
 1.1193150478117E+05 0.0000000000000E+00 0.0000000000000E+00 2.0000000000000E+01
A1E23
 1.1237466611264E+05 0.0000000000000E+00 0.0000000000000E+00 2.0000000000000E+01
A1E24
 1.1231669754562E+05 0.0000000000000E+00 0.0000000000000E+00 2.0000000000000E+01
A1E25
 1.1232638691967E+05 0.0000000000000E+00 0.0000000000000E+00 2.0000000000000E+01
A1E26
 1.1198324512871E+05 0.0000000000000E+00 0.0000000000000E+00 2.0000000000000E+01
A1E27
 1.1314404051069E+05 0.0000000000000E+00 0.0000000000000E+00 2.0000000000000E+01
A1E28
 1.1212678009798E+05 0.0000000000000E+00 0.0000000000000E+00 2.0000000000000E+01
A1E29
 1.1218522292062E+05 0.0000000000000E+00 0.0000000000000E+00 2.0000000000000E+01
A1E30
 1.1301811194878E+05 0.0000000000000E+00 0.0000000000000E+00 2.0000000000000E+01
A1E31
 1.1224162946935E+05 0.0000000000000E+00 0.0000000000000E+00 2.0000000000000E+01
A1E32
 1.1235686945196E+05 0.0000000000000E+00 0.0000000000000E+00 2.0000000000000E+01
A1E33
 1.1261934835988E+05 0.0000000000000E+00 0.0000000000000E+00 2.0000000000000E+01
A1E34
 1.1249822002114E+05 0.0000000000000E+00 0.0000000000000E+00 2.0000000000000E+01
A1E35
 1.1257304314877E+05 0.0000000000000E+00 0.0000000000000E+00 2.0000000000000E+01
A1E36
 1.1234337708611E+05 0.0000000000000E+00 0.0000000000000E+00 2.0000000000000E+01
A1E37
 1.1248546866134E+05 0.0000000000000E+00 0.0000000000000E+00 2.0000000000000E+01
A1E38
 1.1324325769485E+05 0.0000000000000E+00 0.0000000000000E+00 2.0000000000000E+01
A1E39
 1.1192717654733E+05 0.0000000000000E+00 0.0000000000000E+00 2.0000000000000E+01
A1E40
 1.1239595111728E+05 0.0000000000000E+00 0.0000000000000E+00 2.0000000000000E+01
A1E41
 1.1139580800661E+05 0.0000000000000E+00 0.0000000000000E+00 2.0000000000000E+01
A1E42
 1.1265598780041E+05 0.0000000000000E+00 0.0000000000000E+00 2.0000000000000E+01
A1E43
 1.1244816298376E+05 0.0000000000000E+00 0.0000000000000E+00 2.0000000000000E+01
A1E44
 1.1293812587403E+05 0.0000000000000E+00 0.0000000000000E+00 2.0000000000000E+01
A1E45
 1.1243177142383E+05 0.0000000000000E+00 0.0000000000000E+00 2.0000000000000E+01
A1E46
 1.1392977694765E+05 0.0000000000000E+00 0.0000000000000E+00 2.0000000000000E+01
A1E47
 1.1241926114783E+05 0.0000000000000E+00 0.0000000000000E+00 2.0000000000000E+01
A1E48
 1.1287596969344E+05 0.0000000000000E+00 0.0000000000000E+00 2.0000000000000E+01
A1E49
 1.1286014045992E+05 0.0000000000000E+00 0.0000000000000E+00 2.0000000000000E+01
A1E50
 1.1241433856676E+05 0.0000000000000E+00 0.0000000000000E+00 2.0000000000000E+01
A1E51
 1.1257683711842E+05 0.0000000000000E+00 0.0000000000000E+00 2.0000000000000E+01
A1E52
 1.1336383062838E+05 0.0000000000000E+00 0.0000000000000E+00 2.0000000000000E+01
A1E53
 1.1264538977067E+05 0.0000000000000E+00 0.0000000000000E+00 2.0000000000000E+01
A1E54
 1.1247342457053E+05 0.0000000000000E+00 0.0000000000000E+00 2.0000000000000E+01
A1E55
 1.1272019865023E+05 0.0000000000000E+00 0.0000000000000E+00 2.0000000000000E+01
A1E56
 1.1229474639722E+05 0.0000000000000E+00 0.0000000000000E+00 2.0000000000000E+01
A1E57
 1.1198418376475E+05 0.0000000000000E+00 0.0000000000000E+00 2.0000000000000E+01
A1E58
 1.1255533703662E+05 0.0000000000000E+00 0.0000000000000E+00 2.0000000000000E+01
A1E59
 1.1208291629829E+05 0.0000000000000E+00 0.0000000000000E+00 2.0000000000000E+01
A1E60
 1.1258738477550E+05 0.0000000000000E+00 0.0000000000000E+00 2.0000000000000E+01
A1E61
 1.1263517128437E+05 0.0000000000000E+00 0.0000000000000E+00 2.0000000000000E+01
A1E62
 1.1262560364477E+05 0.0000000000000E+00 0.0000000000000E+00 2.0000000000000E+01
A1E63
 1.1219896040073E+05 0.0000000000000E+00 0.0000000000000E+00 2.0000000000000E+01
A1E64
 1.1202741159139E+05 0.0000000000000E+00 0.0000000000000E+00 2.0000000000000E+01
A1E65
 1.1270086861525E+05 0.0000000000000E+00 0.0000000000000E+00 2.0000000000000E+01
A1E66
 1.1269574262762E+05 0.0000000000000E+00 0.0000000000000E+00 2.0000000000000E+01
A1E67
 1.1208433930625E+05 0.0000000000000E+00 0.0000000000000E+00 2.0000000000000E+01
A1E68
 1.1271052651070E+05 0.0000000000000E+00 0.0000000000000E+00 2.0000000000000E+01
A1E69
 1.1403361474941E+05 0.0000000000000E+00 0.0000000000000E+00 2.0000000000000E+01
A1E70
 1.1275757648119E+05 0.0000000000000E+00 0.0000000000000E+00 2.0000000000000E+01
A1E71
 1.1251588448495E+05 0.0000000000000E+00 0.0000000000000E+00 2.0000000000000E+01
A1E72
 1.1440132580954E+05 0.0000000000000E+00 0.0000000000000E+00 2.0000000000000E+01
A1E73
 1.1254551611775E+05 0.0000000000000E+00 0.0000000000000E+00 2.0000000000000E+01
A1E74
 1.1308579022145E+05 0.0000000000000E+00 0.0000000000000E+00 2.0000000000000E+01
A1E75
 1.1310933082686E+05 0.0000000000000E+00 0.0000000000000E+00 2.0000000000000E+01
A1E76
 1.1277647553771E+05 0.0000000000000E+00 0.0000000000000E+00 2.0000000000000E+01
A1E77
 1.1320239124043E+05 0.0000000000000E+00 0.0000000000000E+00 2.0000000000000E+01
A1E78
 1.1265081106597E+05 0.0000000000000E+00 0.0000000000000E+00 2.0000000000000E+01
A1E79
 1.1255581130428E+05 0.0000000000000E+00 0.0000000000000E+00 2.0000000000000E+01
A1E80
 1.1215041602896E+05 0.0000000000000E+00 0.0000000000000E+00 2.0000000000000E+01
A1E81
 1.1282582507863E+05 0.0000000000000E+00 0.0000000000000E+00 2.0000000000000E+01
A1E82
 1.1336213002104E+05 0.0000000000000E+00 0.0000000000000E+00 2.0000000000000E+01
A1E83
 1.1195615230801E+05 0.0000000000000E+00 0.0000000000000E+00 2.0000000000000E+01
A1E84
 1.1253076702497E+05 0.0000000000000E+00 0.0000000000000E+00 2.0000000000000E+01
A1E85
 1.1122509924149E+05 0.0000000000000E+00 0.0000000000000E+00 2.0000000000000E+01
A1E86
 1.1262904032765E+05 0.0000000000000E+00 0.0000000000000E+00 2.0000000000000E+01
A1E87
 1.1279121105282E+05 0.0000000000000E+00 0.0000000000000E+00 2.0000000000000E+01
A1E88
 1.1209617092829E+05 0.0000000000000E+00 0.0000000000000E+00 2.0000000000000E+01
A1E89
 1.1345120092702E+05 0.0000000000000E+00 0.0000000000000E+00 2.0000000000000E+01
A1E90
 1.1212693513813E+05 0.0000000000000E+00 0.0000000000000E+00 2.0000000000000E+01
A1E91
 1.1421421188065E+05 0.0000000000000E+00 0.0000000000000E+00 2.0000000000000E+01
A1E92
 1.1247069829607E+05 0.0000000000000E+00 0.0000000000000E+00 2.0000000000000E+01
A1E93
 1.1270164560363E+05 0.0000000000000E+00 0.0000000000000E+00 2.0000000000000E+01
A1E94
 1.1284238193492E+05 0.0000000000000E+00 0.0000000000000E+00 2.0000000000000E+01
A1E95
 1.1260326093050E+05 0.0000000000000E+00 0.0000000000000E+00 2.0000000000000E+01
A1E96
 1.1286820771524E+05 0.0000000000000E+00 0.0000000000000E+00 2.0000000000000E+01
A1E97
 1.1292166077419E+05 0.0000000000000E+00 0.0000000000000E+00 2.0000000000000E+01
A1E98
 1.1281660106854E+05 0.0000000000000E+00 0.0000000000000E+00 2.0000000000000E+01
A1E99
 1.1280148245889E+05 0.0000000000000E+00 0.0000000000000E+00 2.0000000000000E+01
A1F 0
 1.1274923241387E+05 0.0000000000000E+00 0.0000000000000E+00 2.0000000000000E+01
A1F 1
 1.1320040732942E+05 0.0000000000000E+00 0.0000000000000E+00 2.0000000000000E+01
A1F 2
 1.1029381012217E+05 0.0000000000000E+00 0.0000000000000E+00 2.0000000000000E+01
A1F 3
 1.1242202790550E+05 0.0000000000000E+00 0.0000000000000E+00 2.0000000000000E+01
A1F 4
 1.1254255190770E+05 0.0000000000000E+00 0.0000000000000E+00 2.0000000000000E+01
A1F 5
 1.1357818968832E+05 0.0000000000000E+00 0.0000000000000E+00 2.0000000000000E+01
A1F 6
 1.1218378081526E+05 0.0000000000000E+00 0.0000000000000E+00 2.0000000000000E+01
A1F 7
 1.1286071834170E+05 0.0000000000000E+00 0.0000000000000E+00 2.0000000000000E+01
A1F 8
 1.1242078638144E+05 0.0000000000000E+00 0.0000000000000E+00 2.0000000000000E+01
A1F 9
 1.1275235912927E+05 0.0000000000000E+00 0.0000000000000E+00 2.0000000000000E+01
A1F10
 1.1176430292606E+05 0.0000000000000E+00 0.0000000000000E+00 2.0000000000000E+01
A1F11
 1.1247915292407E+05 0.0000000000000E+00 0.0000000000000E+00 2.0000000000000E+01
A1F12
 1.1321097187907E+05 0.0000000000000E+00 0.0000000000000E+00 2.0000000000000E+01
A1F13
 1.1309397092620E+05 0.0000000000000E+00 0.0000000000000E+00 2.0000000000000E+01
A1F14
 1.1270166541601E+05 0.0000000000000E+00 0.0000000000000E+00 2.0000000000000E+01
A1F15
 1.1292314743857E+05 0.0000000000000E+00 0.0000000000000E+00 2.0000000000000E+01
A1F16
 1.1279425403473E+05 0.0000000000000E+00 0.0000000000000E+00 2.0000000000000E+01
A1F17
 1.1381860774334E+05 0.0000000000000E+00 0.0000000000000E+00 2.0000000000000E+01
A1F18
 1.1238601337721E+05 0.0000000000000E+00 0.0000000000000E+00 2.0000000000000E+01
A1F19
 1.1225355926248E+05 0.0000000000000E+00 0.0000000000000E+00 2.0000000000000E+01
A1F20
 1.1098397153832E+05 0.0000000000000E+00 0.0000000000000E+00 2.0000000000000E+01
A1F21
 1.1290356524391E+05 0.0000000000000E+00 0.0000000000000E+00 2.0000000000000E+01
A1F22
 1.1070738407419E+05 0.0000000000000E+00 0.0000000000000E+00 2.0000000000000E+01
A1F23
 1.1265549684642E+05 0.0000000000000E+00 0.0000000000000E+00 2.0000000000000E+01
A1F24
 1.1258469665926E+05 0.0000000000000E+00 0.0000000000000E+00 2.0000000000000E+01
A1F25
 1.1249569120893E+05 0.0000000000000E+00 0.0000000000000E+00 2.0000000000000E+01
A1F26
 1.1299795157796E+05 0.0000000000000E+00 0.0000000000000E+00 2.0000000000000E+01
A1F27
 1.1313647456556E+05 0.0000000000000E+00 0.0000000000000E+00 2.0000000000000E+01
A1F28
 1.1325451841514E+05 0.0000000000000E+00 0.0000000000000E+00 2.0000000000000E+01
A1F29
 1.1273679249902E+05 0.0000000000000E+00 0.0000000000000E+00 2.0000000000000E+01
A1F30
 1.1289254724120E+05 0.0000000000000E+00 0.0000000000000E+00 2.0000000000000E+01
A1F31
 1.1244324222794E+05 0.0000000000000E+00 0.0000000000000E+00 2.0000000000000E+01
A1F32
 1.1239732186391E+05 0.0000000000000E+00 0.0000000000000E+00 2.0000000000000E+01
A1F33
 1.1358330531144E+05 0.0000000000000E+00 0.0000000000000E+00 2.0000000000000E+01
A1F34
 1.1366158104057E+05 0.0000000000000E+00 0.0000000000000E+00 2.0000000000000E+01
A1F35
 1.1255285311667E+05 0.0000000000000E+00 0.0000000000000E+00 2.0000000000000E+01
A1F36
 1.1293979981626E+05 0.0000000000000E+00 0.0000000000000E+00 2.0000000000000E+01
A1F37
 1.1330498143720E+05 0.0000000000000E+00 0.0000000000000E+00 2.0000000000000E+01
A1F38
 1.1255349315922E+05 0.0000000000000E+00 0.0000000000000E+00 2.0000000000000E+01
A1F39
 1.1276346408612E+05 0.0000000000000E+00 0.0000000000000E+00 2.0000000000000E+01
A1F40
 1.1311558801109E+05 0.0000000000000E+00 0.0000000000000E+00 2.0000000000000E+01
A1F41
 1.1094432589665E+05 0.0000000000000E+00 0.0000000000000E+00 2.0000000000000E+01
A1F42
 1.1272823299434E+05 0.0000000000000E+00 0.0000000000000E+00 2.0000000000000E+01
A1F43
 1.1222526621797E+05 0.0000000000000E+00 0.0000000000000E+00 2.0000000000000E+01
A1F44
 1.1181163743925E+05 0.0000000000000E+00 0.0000000000000E+00 2.0000000000000E+01
A1F45
 1.1228267423649E+05 0.0000000000000E+00 0.0000000000000E+00 2.0000000000000E+01
A1F46
 1.1280204942068E+05 0.0000000000000E+00 0.0000000000000E+00 2.0000000000000E+01
A1F47
 1.1154623654759E+05 0.0000000000000E+00 0.0000000000000E+00 2.0000000000000E+01
A1F48
 1.1166741507316E+05 0.0000000000000E+00 0.0000000000000E+00 2.0000000000000E+01
A1F49
 1.1276724280965E+05 0.0000000000000E+00 0.0000000000000E+00 2.0000000000000E+01
A1F50
 1.1218623017544E+05 0.0000000000000E+00 0.0000000000000E+00 2.0000000000000E+01
A1F51
 1.1302936085670E+05 0.0000000000000E+00 0.0000000000000E+00 2.0000000000000E+01
A1F52
 1.1267020052127E+05 0.0000000000000E+00 0.0000000000000E+00 2.0000000000000E+01
A1F53
 1.1345389675609E+05 0.0000000000000E+00 0.0000000000000E+00 2.0000000000000E+01
A1F54
 1.1267622933778E+05 0.0000000000000E+00 0.0000000000000E+00 2.0000000000000E+01
A1F55
 1.1201334185683E+05 0.0000000000000E+00 0.0000000000000E+00 2.0000000000000E+01
A1F56
 1.1363273319117E+05 0.0000000000000E+00 0.0000000000000E+00 2.0000000000000E+01
A1F57
 1.1309839956881E+05 0.0000000000000E+00 0.0000000000000E+00 2.0000000000000E+01
A1F58
 1.1240469149233E+05 0.0000000000000E+00 0.0000000000000E+00 2.0000000000000E+01
A1F59
 1.1246063464316E+05 0.0000000000000E+00 0.0000000000000E+00 2.0000000000000E+01
A1F60
 1.1274453198616E+05 0.0000000000000E+00 0.0000000000000E+00 2.0000000000000E+01
A1F61
 1.1257337425365E+05 0.0000000000000E+00 0.0000000000000E+00 2.0000000000000E+01
A1F62
 1.1345410944820E+05 0.0000000000000E+00 0.0000000000000E+00 2.0000000000000E+01
A1F63
 1.1290053113899E+05 0.0000000000000E+00 0.0000000000000E+00 2.0000000000000E+01
A1F64
 1.1225043058091E+05 0.0000000000000E+00 0.0000000000000E+00 2.0000000000000E+01
A1F65
 1.1235604061306E+05 0.0000000000000E+00 0.0000000000000E+00 2.0000000000000E+01
A1F66
 1.1162155668721E+05 0.0000000000000E+00 0.0000000000000E+00 2.0000000000000E+01
A1F67
 1.1384559357113E+05 0.0000000000000E+00 0.0000000000000E+00 2.0000000000000E+01
A1F68
 1.1255570588375E+05 0.0000000000000E+00 0.0000000000000E+00 2.0000000000000E+01
A1F69
 1.1266979363407E+05 0.0000000000000E+00 0.0000000000000E+00 2.0000000000000E+01
A1F70
 1.1397447649966E+05 0.0000000000000E+00 0.0000000000000E+00 2.0000000000000E+01
A1F71
 1.1245504006979E+05 0.0000000000000E+00 0.0000000000000E+00 2.0000000000000E+01
A1F72
 1.1259711156041E+05 0.0000000000000E+00 0.0000000000000E+00 2.0000000000000E+01
A1F73
 1.1421374151437E+05 0.0000000000000E+00 0.0000000000000E+00 2.0000000000000E+01
A1F74
 1.1329900055419E+05 0.0000000000000E+00 0.0000000000000E+00 2.0000000000000E+01
A1F75
 1.1249930082308E+05 0.0000000000000E+00 0.0000000000000E+00 2.0000000000000E+01
A1F76
 1.1303421915581E+05 0.0000000000000E+00 0.0000000000000E+00 2.0000000000000E+01
A1F77
 1.1229842673599E+05 0.0000000000000E+00 0.0000000000000E+00 2.0000000000000E+01
A1F78
 1.1232199213819E+05 0.0000000000000E+00 0.0000000000000E+00 2.0000000000000E+01
A1F79
 1.1138861918876E+05 0.0000000000000E+00 0.0000000000000E+00 2.0000000000000E+01
A1F80
 1.1282201557281E+05 0.0000000000000E+00 0.0000000000000E+00 2.0000000000000E+01
A1F81
 1.1273051394087E+05 0.0000000000000E+00 0.0000000000000E+00 2.0000000000000E+01
A1F82
 1.1273789756683E+05 0.0000000000000E+00 0.0000000000000E+00 2.0000000000000E+01
A1F83
 1.1053058998895E+05 0.0000000000000E+00 0.0000000000000E+00 2.0000000000000E+01
A1F84
 1.1326577222471E+05 0.0000000000000E+00 0.0000000000000E+00 2.0000000000000E+01
A1F85
 1.1349663629948E+05 0.0000000000000E+00 0.0000000000000E+00 2.0000000000000E+01
A1F86
 1.1012367912260E+05 0.0000000000000E+00 0.0000000000000E+00 2.0000000000000E+01
A1F87
 1.1247689432538E+05 0.0000000000000E+00 0.0000000000000E+00 2.0000000000000E+01
A1F88
 1.1126978991864E+05 0.0000000000000E+00 0.0000000000000E+00 2.0000000000000E+01
A1F89
 1.1389458654240E+05 0.0000000000000E+00 0.0000000000000E+00 2.0000000000000E+01
A1F90
 1.1382632681127E+05 0.0000000000000E+00 0.0000000000000E+00 2.0000000000000E+01
A1F91
 1.1191372405407E+05 0.0000000000000E+00 0.0000000000000E+00 2.0000000000000E+01
A1F92
 1.1153643758061E+05 0.0000000000000E+00 0.0000000000000E+00 2.0000000000000E+01
A1F93
 1.1390215145651E+05 0.0000000000000E+00 0.0000000000000E+00 2.0000000000000E+01
A1F94
 1.1372894124246E+05 0.0000000000000E+00 0.0000000000000E+00 2.0000000000000E+01
A1F95
 1.1237940695041E+05 0.0000000000000E+00 0.0000000000000E+00 2.0000000000000E+01
A1F96
 1.1237148004718E+05 0.0000000000000E+00 0.0000000000000E+00 2.0000000000000E+01
A1F97
 1.1259309499101E+05 0.0000000000000E+00 0.0000000000000E+00 2.0000000000000E+01
A1F98
 1.1139859578039E+05 0.0000000000000E+00 0.0000000000000E+00 2.0000000000000E+01
A1F99
 1.1071926888720E+05 0.0000000000000E+00 0.0000000000000E+00 2.0000000000000E+01
A1G 0
 1.1209175639509E+05 0.0000000000000E+00 0.0000000000000E+00 2.0000000000000E+01
A1G 1
 1.1350658507826E+05 0.0000000000000E+00 0.0000000000000E+00 2.0000000000000E+01
A1G 2
 1.1264903564693E+05 0.0000000000000E+00 0.0000000000000E+00 2.0000000000000E+01
A1G 3
 1.1200076411323E+05 0.0000000000000E+00 0.0000000000000E+00 2.0000000000000E+01
A1G 4
 1.1149669610607E+05 0.0000000000000E+00 0.0000000000000E+00 2.0000000000000E+01
A1G 5
 1.1263343307491E+05 0.0000000000000E+00 0.0000000000000E+00 2.0000000000000E+01
A1G 6
 1.1165699445676E+05 0.0000000000000E+00 0.0000000000000E+00 2.0000000000000E+01
A1G 7
 1.1304405977604E+05 0.0000000000000E+00 0.0000000000000E+00 2.0000000000000E+01
A1G 8
 1.1157874951474E+05 0.0000000000000E+00 0.0000000000000E+00 2.0000000000000E+01
A1G 9
 1.1182114478625E+05 0.0000000000000E+00 0.0000000000000E+00 2.0000000000000E+01
A1G10
 1.1330326940509E+05 0.0000000000000E+00 0.0000000000000E+00 2.0000000000000E+01
A1G11
 1.1148465290445E+05 0.0000000000000E+00 0.0000000000000E+00 2.0000000000000E+01
A1G12
 1.1339069761520E+05 0.0000000000000E+00 0.0000000000000E+00 2.0000000000000E+01
A1G13
 1.1164653402015E+05 0.0000000000000E+00 0.0000000000000E+00 2.0000000000000E+01
A1G14
 1.1318426975748E+05 0.0000000000000E+00 0.0000000000000E+00 2.0000000000000E+01
A1G15
 1.1295170040527E+05 0.0000000000000E+00 0.0000000000000E+00 2.0000000000000E+01
A1G16
 1.1336192896496E+05 0.0000000000000E+00 0.0000000000000E+00 2.0000000000000E+01
A1G17
 1.1263759346364E+05 0.0000000000000E+00 0.0000000000000E+00 2.0000000000000E+01
A1G18
 1.1382711741343E+05 0.0000000000000E+00 0.0000000000000E+00 2.0000000000000E+01
A1G19
 1.1376307579427E+05 0.0000000000000E+00 0.0000000000000E+00 2.0000000000000E+01
A1G20
 1.1185753879129E+05 0.0000000000000E+00 0.0000000000000E+00 2.0000000000000E+01
A1G21
 1.1294902314779E+05 0.0000000000000E+00 0.0000000000000E+00 2.0000000000000E+01
A1G22
 1.1218843054088E+05 0.0000000000000E+00 0.0000000000000E+00 2.0000000000000E+01
A1G23
 1.1268651389616E+05 0.0000000000000E+00 0.0000000000000E+00 2.0000000000000E+01
A1G24
 1.1275794013424E+05 0.0000000000000E+00 0.0000000000000E+00 2.0000000000000E+01
A1G25
 1.1348165265707E+05 0.0000000000000E+00 0.0000000000000E+00 2.0000000000000E+01
A1G26
 1.1204942439861E+05 0.0000000000000E+00 0.0000000000000E+00 2.0000000000000E+01
A1G27
 1.1281365622223E+05 0.0000000000000E+00 0.0000000000000E+00 2.0000000000000E+01
A1G28
 1.1351157930457E+05 0.0000000000000E+00 0.0000000000000E+00 2.0000000000000E+01
A1G29
 1.1353525659148E+05 0.0000000000000E+00 0.0000000000000E+00 2.0000000000000E+01
A1G30
 1.1367044883981E+05 0.0000000000000E+00 0.0000000000000E+00 2.0000000000000E+01
A1G31
 1.1363964426051E+05 0.0000000000000E+00 0.0000000000000E+00 2.0000000000000E+01
A1G32
 1.1337379971858E+05 0.0000000000000E+00 0.0000000000000E+00 2.0000000000000E+01
A1G33
 1.1360795778219E+05 0.0000000000000E+00 0.0000000000000E+00 2.0000000000000E+01
A1G34
 1.1291481507706E+05 0.0000000000000E+00 0.0000000000000E+00 2.0000000000000E+01
A1G35
 1.1277934721074E+05 0.0000000000000E+00 0.0000000000000E+00 2.0000000000000E+01
A1G36
 1.1274300063698E+05 0.0000000000000E+00 0.0000000000000E+00 2.0000000000000E+01
A1G37
 1.1412473435234E+05 0.0000000000000E+00 0.0000000000000E+00 2.0000000000000E+01
A1G38
 1.1384411032657E+05 0.0000000000000E+00 0.0000000000000E+00 2.0000000000000E+01
A1G39
 1.1175365506966E+05 0.0000000000000E+00 0.0000000000000E+00 2.0000000000000E+01
A1G40
 1.1403166113857E+05 0.0000000000000E+00 0.0000000000000E+00 2.0000000000000E+01
A1G41
 1.1285679169854E+05 0.0000000000000E+00 0.0000000000000E+00 2.0000000000000E+01
A1G42
 1.1283819661419E+05 0.0000000000000E+00 0.0000000000000E+00 2.0000000000000E+01
A1G43
 1.1205428171069E+05 0.0000000000000E+00 0.0000000000000E+00 2.0000000000000E+01
A1G44
 1.1234463766836E+05 0.0000000000000E+00 0.0000000000000E+00 2.0000000000000E+01
A1G45
 1.1243178162189E+05 0.0000000000000E+00 0.0000000000000E+00 2.0000000000000E+01
A1G46
 1.1079468461258E+05 0.0000000000000E+00 0.0000000000000E+00 2.0000000000000E+01
A1G47
 1.1300687355343E+05 0.0000000000000E+00 0.0000000000000E+00 2.0000000000000E+01
A1G48
 1.1131542465927E+05 0.0000000000000E+00 0.0000000000000E+00 2.0000000000000E+01
A1G49
 1.1236199180555E+05 0.0000000000000E+00 0.0000000000000E+00 2.0000000000000E+01
A1G50
 1.1272388451556E+05 0.0000000000000E+00 0.0000000000000E+00 2.0000000000000E+01
A1G51
 1.1321490953433E+05 0.0000000000000E+00 0.0000000000000E+00 2.0000000000000E+01
A1G52
 1.1195052151773E+05 0.0000000000000E+00 0.0000000000000E+00 2.0000000000000E+01
A1G53
 1.1091783377080E+05 0.0000000000000E+00 0.0000000000000E+00 2.0000000000000E+01
A1G54
 1.1248444366995E+05 0.0000000000000E+00 0.0000000000000E+00 2.0000000000000E+01
A1G55
 1.1091864434167E+05 0.0000000000000E+00 0.0000000000000E+00 2.0000000000000E+01
A1G56
 1.1031666186341E+05 0.0000000000000E+00 0.0000000000000E+00 2.0000000000000E+01
A1G57
 1.1198956509950E+05 0.0000000000000E+00 0.0000000000000E+00 2.0000000000000E+01
A1G58
 1.1167011198568E+05 0.0000000000000E+00 0.0000000000000E+00 2.0000000000000E+01
A1G59
 1.1319869085423E+05 0.0000000000000E+00 0.0000000000000E+00 2.0000000000000E+01
A1G60
 1.1106310609861E+05 0.0000000000000E+00 0.0000000000000E+00 2.0000000000000E+01
A1G61
 1.1349378541810E+05 0.0000000000000E+00 0.0000000000000E+00 2.0000000000000E+01
A1G62
 1.1312387376294E+05 0.0000000000000E+00 0.0000000000000E+00 2.0000000000000E+01
A1G63
 1.1301421614997E+05 0.0000000000000E+00 0.0000000000000E+00 2.0000000000000E+01
A1G64
 1.1360464470804E+05 0.0000000000000E+00 0.0000000000000E+00 2.0000000000000E+01
A1G65
 1.1311798953803E+05 0.0000000000000E+00 0.0000000000000E+00 2.0000000000000E+01
A1G66
 1.1066589625247E+05 0.0000000000000E+00 0.0000000000000E+00 2.0000000000000E+01
A1G67
 1.1160128050456E+05 0.0000000000000E+00 0.0000000000000E+00 2.0000000000000E+01
A1G68
 1.1226175170478E+05 0.0000000000000E+00 0.0000000000000E+00 2.0000000000000E+01
A1G69
 1.1251983741866E+05 0.0000000000000E+00 0.0000000000000E+00 2.0000000000000E+01
A1G70
 1.1346715262218E+05 0.0000000000000E+00 0.0000000000000E+00 2.0000000000000E+01
A1G71
 1.1001739852563E+05 0.0000000000000E+00 0.0000000000000E+00 2.0000000000000E+01
A1G72
 1.1165159197669E+05 0.0000000000000E+00 0.0000000000000E+00 2.0000000000000E+01
A1G73
 1.1125778401455E+05 0.0000000000000E+00 0.0000000000000E+00 2.0000000000000E+01
A1G74
 1.1158429823887E+05 0.0000000000000E+00 0.0000000000000E+00 2.0000000000000E+01
A1G75
 1.1318727694744E+05 0.0000000000000E+00 0.0000000000000E+00 2.0000000000000E+01
A1G76
 1.1011360893833E+05 0.0000000000000E+00 0.0000000000000E+00 2.0000000000000E+01
A1G77
 1.1327388636532E+05 0.0000000000000E+00 0.0000000000000E+00 2.0000000000000E+01
A1G78
 1.1296662113926E+05 0.0000000000000E+00 0.0000000000000E+00 2.0000000000000E+01
A1G79
 1.1114995176132E+05 0.0000000000000E+00 0.0000000000000E+00 2.0000000000000E+01
A1G80
 1.1257500244465E+05 0.0000000000000E+00 0.0000000000000E+00 2.0000000000000E+01
A1G81
 1.1267926072253E+05 0.0000000000000E+00 0.0000000000000E+00 2.0000000000000E+01
A1G82
 1.1108849254841E+05 0.0000000000000E+00 0.0000000000000E+00 2.0000000000000E+01
A1G83
 1.1090960708525E+05 0.0000000000000E+00 0.0000000000000E+00 2.0000000000000E+01
A1G84
 1.1250385333053E+05 0.0000000000000E+00 0.0000000000000E+00 2.0000000000000E+01
A1G85
 1.1109646065459E+05 0.0000000000000E+00 0.0000000000000E+00 2.0000000000000E+01
A1G86
 1.1261701618959E+05 0.0000000000000E+00 0.0000000000000E+00 2.0000000000000E+01
A1G87
 1.1259584987860E+05 0.0000000000000E+00 0.0000000000000E+00 2.0000000000000E+01
A1G88
 1.1368178240991E+05 0.0000000000000E+00 0.0000000000000E+00 2.0000000000000E+01
A1G89
 1.1104238665097E+05 0.0000000000000E+00 0.0000000000000E+00 2.0000000000000E+01
A1G90
 1.1226263912073E+05 0.0000000000000E+00 0.0000000000000E+00 2.0000000000000E+01
A1G91
 1.1236655959669E+05 0.0000000000000E+00 0.0000000000000E+00 2.0000000000000E+01
A1G92
 1.1366231560515E+05 0.0000000000000E+00 0.0000000000000E+00 2.0000000000000E+01
A1G93
 1.1377986072648E+05 0.0000000000000E+00 0.0000000000000E+00 2.0000000000000E+01
A1G94
 1.1008316839820E+05 0.0000000000000E+00 0.0000000000000E+00 2.0000000000000E+01
A1G95
 1.1086456876086E+05 0.0000000000000E+00 0.0000000000000E+00 2.0000000000000E+01
A1G96
 1.1254509684626E+05 0.0000000000000E+00 0.0000000000000E+00 2.0000000000000E+01
A1G97
 1.1019550899325E+05 0.0000000000000E+00 0.0000000000000E+00 2.0000000000000E+01
A1G98
 1.1318472635501E+05 0.0000000000000E+00 0.0000000000000E+00 2.0000000000000E+01
A1G99
 1.1307444362088E+05 0.0000000000000E+00 0.0000000000000E+00 2.0000000000000E+01
A1H 0
 1.1388175614233E+05 0.0000000000000E+00 0.0000000000000E+00 2.0000000000000E+01
A1H 1
 1.1232790034041E+05 0.0000000000000E+00 0.0000000000000E+00 2.0000000000000E+01
A1H 2
 1.1294479366459E+05 0.0000000000000E+00 0.0000000000000E+00 2.0000000000000E+01
A1H 3
 1.1227813529238E+05 0.0000000000000E+00 0.0000000000000E+00 2.0000000000000E+01
A1H 4
 1.1277793696725E+05 0.0000000000000E+00 0.0000000000000E+00 2.0000000000000E+01
A1H 5
 1.1128325751604E+05 0.0000000000000E+00 0.0000000000000E+00 2.0000000000000E+01
A1H 6
 1.1431995043883E+05 0.0000000000000E+00 0.0000000000000E+00 2.0000000000000E+01
A1H 7
 1.1318892942649E+05 0.0000000000000E+00 0.0000000000000E+00 2.0000000000000E+01
A1H 8
 1.1312899286602E+05 0.0000000000000E+00 0.0000000000000E+00 2.0000000000000E+01
A1H 9
 1.1018647911570E+05 0.0000000000000E+00 0.0000000000000E+00 2.0000000000000E+01
A1H10
 1.1232866749234E+05 0.0000000000000E+00 0.0000000000000E+00 2.0000000000000E+01
A1H11
 1.1036774902765E+05 0.0000000000000E+00 0.0000000000000E+00 2.0000000000000E+01
A1H12
 1.1415866833295E+05 0.0000000000000E+00 0.0000000000000E+00 2.0000000000000E+01
A1H13
 1.1372342930813E+05 0.0000000000000E+00 0.0000000000000E+00 2.0000000000000E+01
A1H14
 1.1301367896733E+05 0.0000000000000E+00 0.0000000000000E+00 2.0000000000000E+01
A1H15
 1.1137627308155E+05 0.0000000000000E+00 0.0000000000000E+00 2.0000000000000E+01
A1H16
 1.1044778874511E+05 0.0000000000000E+00 0.0000000000000E+00 2.0000000000000E+01
A1H17
 1.1199963389596E+05 0.0000000000000E+00 0.0000000000000E+00 2.0000000000000E+01
A1H18
 1.1109806314654E+05 0.0000000000000E+00 0.0000000000000E+00 2.0000000000000E+01
A1H19
 1.1394747316175E+05 0.0000000000000E+00 0.0000000000000E+00 2.0000000000000E+01
A1H20
 1.1223935007683E+05 0.0000000000000E+00 0.0000000000000E+00 2.0000000000000E+01
A1H21
 1.1365940513750E+05 0.0000000000000E+00 0.0000000000000E+00 2.0000000000000E+01
A1H22
 1.1226812997419E+05 0.0000000000000E+00 0.0000000000000E+00 2.0000000000000E+01
A1H23
 1.1388964478687E+05 0.0000000000000E+00 0.0000000000000E+00 2.0000000000000E+01
A1H24
 1.1204334086992E+05 0.0000000000000E+00 0.0000000000000E+00 2.0000000000000E+01
A1H25
 1.1291488267603E+05 0.0000000000000E+00 0.0000000000000E+00 2.0000000000000E+01
A1H26
 1.1084005837273E+05 0.0000000000000E+00 0.0000000000000E+00 2.0000000000000E+01
A1H27
 1.1187159892900E+05 0.0000000000000E+00 0.0000000000000E+00 2.0000000000000E+01
A1H28
 1.1394289645763E+05 0.0000000000000E+00 0.0000000000000E+00 2.0000000000000E+01
A1H29
 1.1208200406167E+05 0.0000000000000E+00 0.0000000000000E+00 2.0000000000000E+01
A1H30
 1.1144757439386E+05 0.0000000000000E+00 0.0000000000000E+00 2.0000000000000E+01
A1H31
 1.1362472113747E+05 0.0000000000000E+00 0.0000000000000E+00 2.0000000000000E+01
A1H32
 1.1343207344753E+05 0.0000000000000E+00 0.0000000000000E+00 2.0000000000000E+01
A1H33
 1.1290978344945E+05 0.0000000000000E+00 0.0000000000000E+00 2.0000000000000E+01
A1H34
 1.1400733582181E+05 0.0000000000000E+00 0.0000000000000E+00 2.0000000000000E+01
A1H35
 1.1219063382134E+05 0.0000000000000E+00 0.0000000000000E+00 2.0000000000000E+01
A1H36
 1.1190525283923E+05 0.0000000000000E+00 0.0000000000000E+00 2.0000000000000E+01
A1H37
 1.1098826748259E+05 0.0000000000000E+00 0.0000000000000E+00 2.0000000000000E+01
A1H38
 1.1013956177910E+05 0.0000000000000E+00 0.0000000000000E+00 2.0000000000000E+01
A1H39
 1.1171559393080E+05 0.0000000000000E+00 0.0000000000000E+00 2.0000000000000E+01
A1H40
 1.1128050354899E+05 0.0000000000000E+00 0.0000000000000E+00 2.0000000000000E+01
A1H41
 1.1358217279546E+05 0.0000000000000E+00 0.0000000000000E+00 2.0000000000000E+01
A1H42
 1.1270385081886E+05 0.0000000000000E+00 0.0000000000000E+00 2.0000000000000E+01
A1H43
 1.1241292334287E+05 0.0000000000000E+00 0.0000000000000E+00 2.0000000000000E+01
A1H44
 1.1296385960374E+05 0.0000000000000E+00 0.0000000000000E+00 2.0000000000000E+01
A1H45
 1.1042456623870E+05 0.0000000000000E+00 0.0000000000000E+00 2.0000000000000E+01
A1H46
 1.1011687562119E+05 0.0000000000000E+00 0.0000000000000E+00 2.0000000000000E+01
A1H47
 1.1039544508544E+05 0.0000000000000E+00 0.0000000000000E+00 2.0000000000000E+01
A1H48
 1.1088045583693E+05 0.0000000000000E+00 0.0000000000000E+00 2.0000000000000E+01
A1H49
 1.1236555058784E+05 0.0000000000000E+00 0.0000000000000E+00 2.0000000000000E+01
A1H50
 1.1082198241265E+05 0.0000000000000E+00 0.0000000000000E+00 2.0000000000000E+01
A1H51
 1.1186719569124E+05 0.0000000000000E+00 0.0000000000000E+00 2.0000000000000E+01
A1H52
 1.1366199889212E+05 0.0000000000000E+00 0.0000000000000E+00 2.0000000000000E+01
A1H53
 1.1012031026498E+05 0.0000000000000E+00 0.0000000000000E+00 2.0000000000000E+01
A1H54
 1.1142288987326E+05 0.0000000000000E+00 0.0000000000000E+00 2.0000000000000E+01
A1H55
 1.1082908004766E+05 0.0000000000000E+00 0.0000000000000E+00 2.0000000000000E+01
A1H56
 1.1041845483913E+05 0.0000000000000E+00 0.0000000000000E+00 2.0000000000000E+01
A1H57
 1.1297249233927E+05 0.0000000000000E+00 0.0000000000000E+00 2.0000000000000E+01
A1H58
 1.1032728673559E+05 0.0000000000000E+00 0.0000000000000E+00 2.0000000000000E+01
A1H59
 1.1326837843029E+05 0.0000000000000E+00 0.0000000000000E+00 2.0000000000000E+01
A1H60
 1.1091529534485E+05 0.0000000000000E+00 0.0000000000000E+00 2.0000000000000E+01
A1H61
 1.1213192045851E+05 0.0000000000000E+00 0.0000000000000E+00 2.0000000000000E+01
A1H62
 1.1253301527143E+05 0.0000000000000E+00 0.0000000000000E+00 2.0000000000000E+01
A1H63
 1.1109033196958E+05 0.0000000000000E+00 0.0000000000000E+00 2.0000000000000E+01
A1H64
 1.1135048168504E+05 0.0000000000000E+00 0.0000000000000E+00 2.0000000000000E+01
A1H65
 1.1400842118053E+05 0.0000000000000E+00 0.0000000000000E+00 2.0000000000000E+01
A1H66
 1.1435689942692E+05 0.0000000000000E+00 0.0000000000000E+00 2.0000000000000E+01
A1H67
 1.1327692927211E+05 0.0000000000000E+00 0.0000000000000E+00 2.0000000000000E+01
A1H68
 1.1107029468743E+05 0.0000000000000E+00 0.0000000000000E+00 2.0000000000000E+01
A1H69
 1.1220251220787E+05 0.0000000000000E+00 0.0000000000000E+00 2.0000000000000E+01
A1H70
 1.1380592474650E+05 0.0000000000000E+00 0.0000000000000E+00 2.0000000000000E+01
A1H71
 1.1051753160468E+05 0.0000000000000E+00 0.0000000000000E+00 2.0000000000000E+01
A1H72
 1.1354626034140E+05 0.0000000000000E+00 0.0000000000000E+00 2.0000000000000E+01
A1H73
 1.1358846287945E+05 0.0000000000000E+00 0.0000000000000E+00 2.0000000000000E+01
A1H74
 1.1350407489118E+05 0.0000000000000E+00 0.0000000000000E+00 2.0000000000000E+01
A1H75
 1.1047280501563E+05 0.0000000000000E+00 0.0000000000000E+00 2.0000000000000E+01
A1H76
 1.1332437561239E+05 0.0000000000000E+00 0.0000000000000E+00 2.0000000000000E+01
A1H77
 1.1349264572853E+05 0.0000000000000E+00 0.0000000000000E+00 2.0000000000000E+01
A1H78
 1.1353884352544E+05 0.0000000000000E+00 0.0000000000000E+00 2.0000000000000E+01
A1H79
 1.1064552751505E+05 0.0000000000000E+00 0.0000000000000E+00 2.0000000000000E+01
A1H80
 1.1120361316722E+05 0.0000000000000E+00 0.0000000000000E+00 2.0000000000000E+01
A1H81
 1.1344129253374E+05 0.0000000000000E+00 0.0000000000000E+00 2.0000000000000E+01
A1H82
 1.1024026250360E+05 0.0000000000000E+00 0.0000000000000E+00 2.0000000000000E+01
A1H83
 1.1028722089390E+05 0.0000000000000E+00 0.0000000000000E+00 2.0000000000000E+01
A1H84
 1.1019515063786E+05 0.0000000000000E+00 0.0000000000000E+00 2.0000000000000E+01
A1H85
 1.1129923515384E+05 0.0000000000000E+00 0.0000000000000E+00 2.0000000000000E+01
A1H86
 1.1202185806481E+05 0.0000000000000E+00 0.0000000000000E+00 2.0000000000000E+01
A1H87
 1.1092264218506E+05 0.0000000000000E+00 0.0000000000000E+00 2.0000000000000E+01
A1H88
 1.1125437586005E+05 0.0000000000000E+00 0.0000000000000E+00 2.0000000000000E+01
A1H89
 1.1120160436845E+05 0.0000000000000E+00 0.0000000000000E+00 2.0000000000000E+01
A1H90
 1.1359156891329E+05 0.0000000000000E+00 0.0000000000000E+00 2.0000000000000E+01
A1H91
 1.1132705991940E+05 0.0000000000000E+00 0.0000000000000E+00 2.0000000000000E+01
A1H92
 1.1394998214085E+05 0.0000000000000E+00 0.0000000000000E+00 2.0000000000000E+01
A1H93
 1.1117029560385E+05 0.0000000000000E+00 0.0000000000000E+00 2.0000000000000E+01
A1H94
 1.1286151069322E+05 0.0000000000000E+00 0.0000000000000E+00 2.0000000000000E+01
A1H95
 1.1214710319565E+05 0.0000000000000E+00 0.0000000000000E+00 2.0000000000000E+01
A1H96
 1.1317064773390E+05 0.0000000000000E+00 0.0000000000000E+00 2.0000000000000E+01
A1H97
 1.1072814427062E+05 0.0000000000000E+00 0.0000000000000E+00 2.0000000000000E+01
A1H98
 1.1182667154039E+05 0.0000000000000E+00 0.0000000000000E+00 2.0000000000000E+01
A1H99
 1.1332042788022E+05 0.0000000000000E+00 0.0000000000000E+00 2.0000000000000E+01
A1I 0
 1.1231218356415E+05 0.0000000000000E+00 0.0000000000000E+00 2.0000000000000E+01
A1I 1
 1.1310594924011E+05 0.0000000000000E+00 0.0000000000000E+00 2.0000000000000E+01
A1I 2
 1.1299975909029E+05 0.0000000000000E+00 0.0000000000000E+00 2.0000000000000E+01
A1I 3
 1.1347388309862E+05 0.0000000000000E+00 0.0000000000000E+00 2.0000000000000E+01
A1I 4
 1.1214578408228E+05 0.0000000000000E+00 0.0000000000000E+00 2.0000000000000E+01
A1I 5
 1.1265299890635E+05 0.0000000000000E+00 0.0000000000000E+00 2.0000000000000E+01
A1I 6
 1.1364985035198E+05 0.0000000000000E+00 0.0000000000000E+00 2.0000000000000E+01
A1I 7
 1.1320360435620E+05 0.0000000000000E+00 0.0000000000000E+00 2.0000000000000E+01
A1I 8
 1.1126844129452E+05 0.0000000000000E+00 0.0000000000000E+00 2.0000000000000E+01
A1I 9
 1.1032152039029E+05 0.0000000000000E+00 0.0000000000000E+00 2.0000000000000E+01
A1I10
 1.1113131407718E+05 0.0000000000000E+00 0.0000000000000E+00 2.0000000000000E+01
A1I11
 1.1296394725148E+05 0.0000000000000E+00 0.0000000000000E+00 2.0000000000000E+01
A1I12
 1.1061447110166E+05 0.0000000000000E+00 0.0000000000000E+00 2.0000000000000E+01
A1I13
 1.1289215815995E+05 0.0000000000000E+00 0.0000000000000E+00 2.0000000000000E+01
A1I14
 1.1315526317875E+05 0.0000000000000E+00 0.0000000000000E+00 2.0000000000000E+01
A1I15
 1.1062050869646E+05 0.0000000000000E+00 0.0000000000000E+00 2.0000000000000E+01
A1I16
 1.1210651957993E+05 0.0000000000000E+00 0.0000000000000E+00 2.0000000000000E+01
A1I17
 1.1168223018877E+05 0.0000000000000E+00 0.0000000000000E+00 2.0000000000000E+01
A1I18
 1.1356039354229E+05 0.0000000000000E+00 0.0000000000000E+00 2.0000000000000E+01
A1I19
 1.1181547324923E+05 0.0000000000000E+00 0.0000000000000E+00 2.0000000000000E+01
A1I20
 1.1304009050446E+05 0.0000000000000E+00 0.0000000000000E+00 2.0000000000000E+01
A1I21
 1.1316997280679E+05 0.0000000000000E+00 0.0000000000000E+00 2.0000000000000E+01
A1I22
 1.1303983114283E+05 0.0000000000000E+00 0.0000000000000E+00 2.0000000000000E+01
A1I23
 1.1455837650676E+05 0.0000000000000E+00 0.0000000000000E+00 2.0000000000000E+01
A1I24
 1.1243159151714E+05 0.0000000000000E+00 0.0000000000000E+00 2.0000000000000E+01
A1I25
 1.1474718203675E+05 0.0000000000000E+00 0.0000000000000E+00 2.0000000000000E+01
A1I26
 1.1487068195124E+05 0.0000000000000E+00 0.0000000000000E+00 2.0000000000000E+01
A1I27
 1.1108027788326E+05 0.0000000000000E+00 0.0000000000000E+00 2.0000000000000E+01
A1I28
 1.1355110067364E+05 0.0000000000000E+00 0.0000000000000E+00 2.0000000000000E+01
A1I29
 1.1068279619582E+05 0.0000000000000E+00 0.0000000000000E+00 2.0000000000000E+01
A1I30
 1.1423277800228E+05 0.0000000000000E+00 0.0000000000000E+00 2.0000000000000E+01
A1I31
 1.1353794407146E+05 0.0000000000000E+00 0.0000000000000E+00 2.0000000000000E+01
A1I32
 1.1138332025560E+05 0.0000000000000E+00 0.0000000000000E+00 2.0000000000000E+01
A1I33
 1.1375050528681E+05 0.0000000000000E+00 0.0000000000000E+00 2.0000000000000E+01
A1I34
 1.1116203067273E+05 0.0000000000000E+00 0.0000000000000E+00 2.0000000000000E+01
A1I35
 1.1040643216241E+05 0.0000000000000E+00 0.0000000000000E+00 2.0000000000000E+01
A1I36
 1.1190188421564E+05 0.0000000000000E+00 0.0000000000000E+00 2.0000000000000E+01
A1I37
 1.1268168347156E+05 0.0000000000000E+00 0.0000000000000E+00 2.0000000000000E+01
A1I38
 1.1368245788810E+05 0.0000000000000E+00 0.0000000000000E+00 2.0000000000000E+01
A1I39
 1.1321576496681E+05 0.0000000000000E+00 0.0000000000000E+00 2.0000000000000E+01
A1I40
 1.1349634339043E+05 0.0000000000000E+00 0.0000000000000E+00 2.0000000000000E+01
A1I41
 1.1001026588770E+05 0.0000000000000E+00 0.0000000000000E+00 2.0000000000000E+01
A1I42
 1.1133539664637E+05 0.0000000000000E+00 0.0000000000000E+00 2.0000000000000E+01
A1I43
 1.1023746195667E+05 0.0000000000000E+00 0.0000000000000E+00 2.0000000000000E+01
A1I44
 1.1079148545490E+05 0.0000000000000E+00 0.0000000000000E+00 2.0000000000000E+01
A1I45
 1.1181651815663E+05 0.0000000000000E+00 0.0000000000000E+00 2.0000000000000E+01
A1I46
 1.1243118715130E+05 0.0000000000000E+00 0.0000000000000E+00 2.0000000000000E+01
A1I47
 1.1298879470072E+05 0.0000000000000E+00 0.0000000000000E+00 2.0000000000000E+01
A1I48
 1.1058835481949E+05 0.0000000000000E+00 0.0000000000000E+00 2.0000000000000E+01
A1I49
 1.1296034282958E+05 0.0000000000000E+00 0.0000000000000E+00 2.0000000000000E+01
A1I50
 1.1069232516316E+05 0.0000000000000E+00 0.0000000000000E+00 2.0000000000000E+01
A1I51
 1.1297209332819E+05 0.0000000000000E+00 0.0000000000000E+00 2.0000000000000E+01
A1I52
 1.1005201748850E+05 0.0000000000000E+00 0.0000000000000E+00 2.0000000000000E+01
A1I53
 1.1146594178799E+05 0.0000000000000E+00 0.0000000000000E+00 2.0000000000000E+01
A1I54
 1.1285200468021E+05 0.0000000000000E+00 0.0000000000000E+00 2.0000000000000E+01
A1I55
 1.1018051821835E+05 0.0000000000000E+00 0.0000000000000E+00 2.0000000000000E+01
A1I56
 1.1376276743110E+05 0.0000000000000E+00 0.0000000000000E+00 2.0000000000000E+01
A1I57
 1.1336325358908E+05 0.0000000000000E+00 0.0000000000000E+00 2.0000000000000E+01
A1I58
 1.1337934551129E+05 0.0000000000000E+00 0.0000000000000E+00 2.0000000000000E+01
A1I59
 1.1143163319103E+05 0.0000000000000E+00 0.0000000000000E+00 2.0000000000000E+01
A1I60
 1.1124092402575E+05 0.0000000000000E+00 0.0000000000000E+00 2.0000000000000E+01
A1I61
 1.1043944542503E+05 0.0000000000000E+00 0.0000000000000E+00 2.0000000000000E+01
A1I62
 1.1347906255409E+05 0.0000000000000E+00 0.0000000000000E+00 2.0000000000000E+01
A1I63
 1.1370732252252E+05 0.0000000000000E+00 0.0000000000000E+00 2.0000000000000E+01
A1I64
 1.1358295686421E+05 0.0000000000000E+00 0.0000000000000E+00 2.0000000000000E+01
A1I65
 1.1175189216556E+05 0.0000000000000E+00 0.0000000000000E+00 2.0000000000000E+01
A1I66
 1.1049940622728E+05 0.0000000000000E+00 0.0000000000000E+00 2.0000000000000E+01
A1I67
 1.1130049848934E+05 0.0000000000000E+00 0.0000000000000E+00 2.0000000000000E+01
A1I68
 1.1081001262275E+05 0.0000000000000E+00 0.0000000000000E+00 2.0000000000000E+01
A1I69
 1.1423998467762E+05 0.0000000000000E+00 0.0000000000000E+00 2.0000000000000E+01
A1I70
 1.1333071431595E+05 0.0000000000000E+00 0.0000000000000E+00 2.0000000000000E+01
A1I71
 1.1120377134158E+05 0.0000000000000E+00 0.0000000000000E+00 2.0000000000000E+01
A1I72
 1.1170983426996E+05 0.0000000000000E+00 0.0000000000000E+00 2.0000000000000E+01
A1I73
 1.1018211605618E+05 0.0000000000000E+00 0.0000000000000E+00 2.0000000000000E+01
A1I74
 1.1042237692450E+05 0.0000000000000E+00 0.0000000000000E+00 2.0000000000000E+01
A1I75
 1.1086583026985E+05 0.0000000000000E+00 0.0000000000000E+00 2.0000000000000E+01
A1I76
 1.1302730582176E+05 0.0000000000000E+00 0.0000000000000E+00 2.0000000000000E+01
A1I77
 1.1097732043041E+05 0.0000000000000E+00 0.0000000000000E+00 2.0000000000000E+01
A1I78
 1.1200112528098E+05 0.0000000000000E+00 0.0000000000000E+00 2.0000000000000E+01
A1I79
 1.1153412207954E+05 0.0000000000000E+00 0.0000000000000E+00 2.0000000000000E+01
A1I80
 1.1326882705386E+05 0.0000000000000E+00 0.0000000000000E+00 2.0000000000000E+01
A1I81
 1.1365196074681E+05 0.0000000000000E+00 0.0000000000000E+00 2.0000000000000E+01
A1I82
 1.1060375648703E+05 0.0000000000000E+00 0.0000000000000E+00 2.0000000000000E+01
A1I83
 1.1218751992601E+05 0.0000000000000E+00 0.0000000000000E+00 2.0000000000000E+01
A1I84
 1.1325110877901E+05 0.0000000000000E+00 0.0000000000000E+00 2.0000000000000E+01
A1I85
 1.1146502698697E+05 0.0000000000000E+00 0.0000000000000E+00 2.0000000000000E+01
A1I86
 1.1349572198348E+05 0.0000000000000E+00 0.0000000000000E+00 2.0000000000000E+01
A1I87
 1.1050416569933E+05 0.0000000000000E+00 0.0000000000000E+00 2.0000000000000E+01
A1I88
 1.1395460703603E+05 0.0000000000000E+00 0.0000000000000E+00 2.0000000000000E+01
A1I89
 1.1373455577934E+05 0.0000000000000E+00 0.0000000000000E+00 2.0000000000000E+01
A1I90
 1.1309045497377E+05 0.0000000000000E+00 0.0000000000000E+00 2.0000000000000E+01
A1I91
 1.1199366966994E+05 0.0000000000000E+00 0.0000000000000E+00 2.0000000000000E+01
A1I92
 1.1375133488044E+05 0.0000000000000E+00 0.0000000000000E+00 2.0000000000000E+01
A1I93
 1.1352121415985E+05 0.0000000000000E+00 0.0000000000000E+00 2.0000000000000E+01
A1I94
 1.1117970998893E+05 0.0000000000000E+00 0.0000000000000E+00 2.0000000000000E+01
A1I95
 1.1329236154921E+05 0.0000000000000E+00 0.0000000000000E+00 2.0000000000000E+01
A1I96
 1.1046088117037E+05 0.0000000000000E+00 0.0000000000000E+00 2.0000000000000E+01
A1I97
 1.1330870467087E+05 0.0000000000000E+00 0.0000000000000E+00 2.0000000000000E+01
A1I98
 1.1159157285818E+05 0.0000000000000E+00 0.0000000000000E+00 2.0000000000000E+01
A1I99
 1.1035867589140E+05 0.0000000000000E+00 0.0000000000000E+00 2.0000000000000E+01
A1J 0
 1.1430113067255E+05 0.0000000000000E+00 0.0000000000000E+00 2.0000000000000E+01
A1J 1
 1.1090267165022E+05 0.0000000000000E+00 0.0000000000000E+00 2.0000000000000E+01
A1J 2
 1.1237012133852E+05 0.0000000000000E+00 0.0000000000000E+00 2.0000000000000E+01
A1J 3
 1.1392570884808E+05 0.0000000000000E+00 0.0000000000000E+00 2.0000000000000E+01
A1J 4
 1.1332162453192E+05 0.0000000000000E+00 0.0000000000000E+00 2.0000000000000E+01
A1J 5
 1.1221016114168E+05 0.0000000000000E+00 0.0000000000000E+00 2.0000000000000E+01
A1J 6
 1.1366413246175E+05 0.0000000000000E+00 0.0000000000000E+00 2.0000000000000E+01
A1J 7
 1.1321201971428E+05 0.0000000000000E+00 0.0000000000000E+00 2.0000000000000E+01
A1J 8
 1.1298930137585E+05 0.0000000000000E+00 0.0000000000000E+00 2.0000000000000E+01
A1J 9
 1.1215392342231E+05 0.0000000000000E+00 0.0000000000000E+00 2.0000000000000E+01
A1J10
 1.1084919458986E+05 0.0000000000000E+00 0.0000000000000E+00 2.0000000000000E+01
A1J11
 1.1101714329552E+05 0.0000000000000E+00 0.0000000000000E+00 2.0000000000000E+01
A1J12
 1.1362225287878E+05 0.0000000000000E+00 0.0000000000000E+00 2.0000000000000E+01
A1J13
 1.1327817673559E+05 0.0000000000000E+00 0.0000000000000E+00 2.0000000000000E+01
A1J14
 1.1323130516489E+05 0.0000000000000E+00 0.0000000000000E+00 2.0000000000000E+01
A1J15
 1.1410892771065E+05 0.0000000000000E+00 0.0000000000000E+00 2.0000000000000E+01
A1J16
 1.1390157621274E+05 0.0000000000000E+00 0.0000000000000E+00 2.0000000000000E+01
A1J17
 1.1396229760593E+05 0.0000000000000E+00 0.0000000000000E+00 2.0000000000000E+01
A1J18
 1.1159256435469E+05 0.0000000000000E+00 0.0000000000000E+00 2.0000000000000E+01
A1J19
 1.1062058948835E+05 0.0000000000000E+00 0.0000000000000E+00 2.0000000000000E+01
A1J20
 1.1197124330545E+05 0.0000000000000E+00 0.0000000000000E+00 2.0000000000000E+01
A1J21
 1.1309129565411E+05 0.0000000000000E+00 0.0000000000000E+00 2.0000000000000E+01
A1J22
 1.1345337616415E+05 0.0000000000000E+00 0.0000000000000E+00 2.0000000000000E+01
A1J23
 1.1321049670779E+05 0.0000000000000E+00 0.0000000000000E+00 2.0000000000000E+01
A1J24
 1.1381843358293E+05 0.0000000000000E+00 0.0000000000000E+00 2.0000000000000E+01
A1J25
 1.1127912715656E+05 0.0000000000000E+00 0.0000000000000E+00 2.0000000000000E+01
A1J26
 1.1474008772665E+05 0.0000000000000E+00 0.0000000000000E+00 2.0000000000000E+01
A1J27
 1.1131042940393E+05 0.0000000000000E+00 0.0000000000000E+00 2.0000000000000E+01
A1J28
 1.1355093987067E+05 0.0000000000000E+00 0.0000000000000E+00 2.0000000000000E+01
A1J29
 1.1036311547770E+05 0.0000000000000E+00 0.0000000000000E+00 2.0000000000000E+01
A1J30
 1.1310121150528E+05 0.0000000000000E+00 0.0000000000000E+00 2.0000000000000E+01
A1J31
 1.1401931200990E+05 0.0000000000000E+00 0.0000000000000E+00 2.0000000000000E+01
A1J32
 1.1014190367936E+05 0.0000000000000E+00 0.0000000000000E+00 2.0000000000000E+01
A1J33
 1.1407123830857E+05 0.0000000000000E+00 0.0000000000000E+00 2.0000000000000E+01
A1J34
 1.1329140453342E+05 0.0000000000000E+00 0.0000000000000E+00 2.0000000000000E+01
A1J35
 1.1118200545166E+05 0.0000000000000E+00 0.0000000000000E+00 2.0000000000000E+01
A1J36
 1.1106878806212E+05 0.0000000000000E+00 0.0000000000000E+00 2.0000000000000E+01
A1J37
 1.1346065377482E+05 0.0000000000000E+00 0.0000000000000E+00 2.0000000000000E+01
A1J38
 1.1344086282282E+05 0.0000000000000E+00 0.0000000000000E+00 2.0000000000000E+01
A1J39
 1.1115432801328E+05 0.0000000000000E+00 0.0000000000000E+00 2.0000000000000E+01
A1J40
 1.1068720828020E+05 0.0000000000000E+00 0.0000000000000E+00 2.0000000000000E+01
A1J41
 1.1176843807970E+05 0.0000000000000E+00 0.0000000000000E+00 2.0000000000000E+01
A1J42
 1.1309936692221E+05 0.0000000000000E+00 0.0000000000000E+00 2.0000000000000E+01
A1J43
 1.1304929851451E+05 0.0000000000000E+00 0.0000000000000E+00 2.0000000000000E+01
A1J44
 1.1371798992211E+05 0.0000000000000E+00 0.0000000000000E+00 2.0000000000000E+01
A1J45
 1.1314384815227E+05 0.0000000000000E+00 0.0000000000000E+00 2.0000000000000E+01
A1J46
 1.1150561953115E+05 0.0000000000000E+00 0.0000000000000E+00 2.0000000000000E+01
A1J47
 1.1409013779222E+05 0.0000000000000E+00 0.0000000000000E+00 2.0000000000000E+01
A1J48
 1.1063267472791E+05 0.0000000000000E+00 0.0000000000000E+00 2.0000000000000E+01
A1J49
 1.1360028234535E+05 0.0000000000000E+00 0.0000000000000E+00 2.0000000000000E+01
A1J50
 1.1334791814588E+05 0.0000000000000E+00 0.0000000000000E+00 2.0000000000000E+01
A1J51
 1.1486249055889E+05 0.0000000000000E+00 0.0000000000000E+00 2.0000000000000E+01
A1J52
 1.1399013010135E+05 0.0000000000000E+00 0.0000000000000E+00 2.0000000000000E+01
A1J53
 1.1387638933053E+05 0.0000000000000E+00 0.0000000000000E+00 2.0000000000000E+01
A1J54
 1.1112343139786E+05 0.0000000000000E+00 0.0000000000000E+00 2.0000000000000E+01
A1J55
 1.1132855503036E+05 0.0000000000000E+00 0.0000000000000E+00 2.0000000000000E+01
A1J56
 1.1156049550198E+05 0.0000000000000E+00 0.0000000000000E+00 2.0000000000000E+01
A1J57
 1.1037873434125E+05 0.0000000000000E+00 0.0000000000000E+00 2.0000000000000E+01
A1J58
 1.1295909805833E+05 0.0000000000000E+00 0.0000000000000E+00 2.0000000000000E+01
A1J59
 1.1290766441493E+05 0.0000000000000E+00 0.0000000000000E+00 2.0000000000000E+01
A1J60
 1.1382007586698E+05 0.0000000000000E+00 0.0000000000000E+00 2.0000000000000E+01
A1J61
 1.1171266123964E+05 0.0000000000000E+00 0.0000000000000E+00 2.0000000000000E+01
A1J62
 1.1117563092810E+05 0.0000000000000E+00 0.0000000000000E+00 2.0000000000000E+01
A1J63
 1.1010108205270E+05 0.0000000000000E+00 0.0000000000000E+00 2.0000000000000E+01
A1J64
 1.1377442817774E+05 0.0000000000000E+00 0.0000000000000E+00 2.0000000000000E+01
A1J65
 1.1119473383508E+05 0.0000000000000E+00 0.0000000000000E+00 2.0000000000000E+01
A1J66
 1.1149161423848E+05 0.0000000000000E+00 0.0000000000000E+00 2.0000000000000E+01
A1J67
 1.1133956870607E+05 0.0000000000000E+00 0.0000000000000E+00 2.0000000000000E+01
A1J68
 1.1381113715229E+05 0.0000000000000E+00 0.0000000000000E+00 2.0000000000000E+01
A1J69
 1.1354964269079E+05 0.0000000000000E+00 0.0000000000000E+00 2.0000000000000E+01
A1J70
 1.1206747082313E+05 0.0000000000000E+00 0.0000000000000E+00 2.0000000000000E+01
A1J71
 1.1067338787637E+05 0.0000000000000E+00 0.0000000000000E+00 2.0000000000000E+01
A1J72
 1.1325674265357E+05 0.0000000000000E+00 0.0000000000000E+00 2.0000000000000E+01
A1J73
 1.1115595230713E+05 0.0000000000000E+00 0.0000000000000E+00 2.0000000000000E+01
A1J74
 1.1359695928621E+05 0.0000000000000E+00 0.0000000000000E+00 2.0000000000000E+01
A1J75
 1.1042064401969E+05 0.0000000000000E+00 0.0000000000000E+00 2.0000000000000E+01
A1J76
 1.1107516991109E+05 0.0000000000000E+00 0.0000000000000E+00 2.0000000000000E+01
A1J77
 1.1319161592241E+05 0.0000000000000E+00 0.0000000000000E+00 2.0000000000000E+01
A1J78
 1.1113104223289E+05 0.0000000000000E+00 0.0000000000000E+00 2.0000000000000E+01
A1J79
 1.1082481877152E+05 0.0000000000000E+00 0.0000000000000E+00 2.0000000000000E+01
A1J80
 1.1140460999231E+05 0.0000000000000E+00 0.0000000000000E+00 2.0000000000000E+01
A1J81
 1.1091841517555E+05 0.0000000000000E+00 0.0000000000000E+00 2.0000000000000E+01
A1J82
 1.1303447206174E+05 0.0000000000000E+00 0.0000000000000E+00 2.0000000000000E+01
A1J83
 1.1366304713290E+05 0.0000000000000E+00 0.0000000000000E+00 2.0000000000000E+01
A1J84
 1.1167672673977E+05 0.0000000000000E+00 0.0000000000000E+00 2.0000000000000E+01
A1J85
 1.1339145715057E+05 0.0000000000000E+00 0.0000000000000E+00 2.0000000000000E+01
A1J86
 1.1307255207975E+05 0.0000000000000E+00 0.0000000000000E+00 2.0000000000000E+01
A1J87
 1.1403315092053E+05 0.0000000000000E+00 0.0000000000000E+00 2.0000000000000E+01
A1J88
 1.1055564274042E+05 0.0000000000000E+00 0.0000000000000E+00 2.0000000000000E+01
A1J89
 1.1039199750259E+05 0.0000000000000E+00 0.0000000000000E+00 2.0000000000000E+01
A1J90
 1.1351868472070E+05 0.0000000000000E+00 0.0000000000000E+00 2.0000000000000E+01
A1J91
 1.1050804121184E+05 0.0000000000000E+00 0.0000000000000E+00 2.0000000000000E+01
A1J92
 1.1303182512881E+05 0.0000000000000E+00 0.0000000000000E+00 2.0000000000000E+01
A1J93
 1.1325303088274E+05 0.0000000000000E+00 0.0000000000000E+00 2.0000000000000E+01
A1J94
 1.1324894343721E+05 0.0000000000000E+00 0.0000000000000E+00 2.0000000000000E+01
A1J95
 1.1145737765399E+05 0.0000000000000E+00 0.0000000000000E+00 2.0000000000000E+01
A1J96
 1.1054998333003E+05 0.0000000000000E+00 0.0000000000000E+00 2.0000000000000E+01
A1J97
 1.1329740478707E+05 0.0000000000000E+00 0.0000000000000E+00 2.0000000000000E+01
A1J98
 1.1343572135348E+05 0.0000000000000E+00 0.0000000000000E+00 2.0000000000000E+01
A1J99
 1.1004776986928E+05 0.0000000000000E+00 0.0000000000000E+00 2.0000000000000E+01
A1K 0
 1.1293757103066E+05 0.0000000000000E+00 0.0000000000000E+00 2.0000000000000E+01
A1K 1
 1.1080780363080E+05 0.0000000000000E+00 0.0000000000000E+00 2.0000000000000E+01
A1K 2
 1.1165097546927E+05 0.0000000000000E+00 0.0000000000000E+00 2.0000000000000E+01
A1K 3
 1.1381472961484E+05 0.0000000000000E+00 0.0000000000000E+00 2.0000000000000E+01
A1K 4
 1.1101681832956E+05 0.0000000000000E+00 0.0000000000000E+00 2.0000000000000E+01
A1K 5
 1.1194146750851E+05 0.0000000000000E+00 0.0000000000000E+00 2.0000000000000E+01
A1K 6
 1.1330363141239E+05 0.0000000000000E+00 0.0000000000000E+00 2.0000000000000E+01
A1K 7
 1.1147996525629E+05 0.0000000000000E+00 0.0000000000000E+00 2.0000000000000E+01
A1K 8
 1.1455727942451E+05 0.0000000000000E+00 0.0000000000000E+00 2.0000000000000E+01
A1K 9
 1.1076057541177E+05 0.0000000000000E+00 0.0000000000000E+00 2.0000000000000E+01
A1K10
 1.1124079084284E+05 0.0000000000000E+00 0.0000000000000E+00 2.0000000000000E+01
A1K11
 1.1320175328564E+05 0.0000000000000E+00 0.0000000000000E+00 2.0000000000000E+01
A1K12
 1.1123994337894E+05 0.0000000000000E+00 0.0000000000000E+00 2.0000000000000E+01
A1K13
 1.1198107226017E+05 0.0000000000000E+00 0.0000000000000E+00 2.0000000000000E+01
A1K14
 1.1112248770422E+05 0.0000000000000E+00 0.0000000000000E+00 2.0000000000000E+01
A1K15
 1.1131579504051E+05 0.0000000000000E+00 0.0000000000000E+00 2.0000000000000E+01
A1K16
 1.1341603051958E+05 0.0000000000000E+00 0.0000000000000E+00 2.0000000000000E+01
A1K17
 1.1141537500359E+05 0.0000000000000E+00 0.0000000000000E+00 2.0000000000000E+01
A1K18
 1.1120989677361E+05 0.0000000000000E+00 0.0000000000000E+00 2.0000000000000E+01
A1K19
 1.1113632114438E+05 0.0000000000000E+00 0.0000000000000E+00 2.0000000000000E+01
A1K20
 1.1056194301314E+05 0.0000000000000E+00 0.0000000000000E+00 2.0000000000000E+01
A1K21
 1.1073993948094E+05 0.0000000000000E+00 0.0000000000000E+00 2.0000000000000E+01
A1K22
 1.1335033302207E+05 0.0000000000000E+00 0.0000000000000E+00 2.0000000000000E+01
A1K23
 1.1134841716136E+05 0.0000000000000E+00 0.0000000000000E+00 2.0000000000000E+01
A1K24
 1.1164947690875E+05 0.0000000000000E+00 0.0000000000000E+00 2.0000000000000E+01
A1K25
 1.1031161086657E+05 0.0000000000000E+00 0.0000000000000E+00 2.0000000000000E+01
A1K26
 1.1350732333995E+05 0.0000000000000E+00 0.0000000000000E+00 2.0000000000000E+01
A1K27
 1.1059488827010E+05 0.0000000000000E+00 0.0000000000000E+00 2.0000000000000E+01
A1K28
 1.1374728150519E+05 0.0000000000000E+00 0.0000000000000E+00 2.0000000000000E+01
A1K29
 1.1125732590812E+05 0.0000000000000E+00 0.0000000000000E+00 2.0000000000000E+01
A1K30
 1.1033952380274E+05 0.0000000000000E+00 0.0000000000000E+00 2.0000000000000E+01
A1K31
 1.1149596985641E+05 0.0000000000000E+00 0.0000000000000E+00 2.0000000000000E+01
A1K32
 1.1375322522722E+05 0.0000000000000E+00 0.0000000000000E+00 2.0000000000000E+01
A1K33
 1.1246868764988E+05 0.0000000000000E+00 0.0000000000000E+00 2.0000000000000E+01
A1K34
 1.1385852466224E+05 0.0000000000000E+00 0.0000000000000E+00 2.0000000000000E+01
A1K35
 1.1302227576723E+05 0.0000000000000E+00 0.0000000000000E+00 2.0000000000000E+01
A1K36
 1.1325407623371E+05 0.0000000000000E+00 0.0000000000000E+00 2.0000000000000E+01
A1K37
 1.1151231924333E+05 0.0000000000000E+00 0.0000000000000E+00 2.0000000000000E+01
A1K38
 1.1299284660040E+05 0.0000000000000E+00 0.0000000000000E+00 2.0000000000000E+01
A1K39
 1.1376373572976E+05 0.0000000000000E+00 0.0000000000000E+00 2.0000000000000E+01
A1K40
 1.1349675621442E+05 0.0000000000000E+00 0.0000000000000E+00 2.0000000000000E+01
A1K41
 1.1031465465082E+05 0.0000000000000E+00 0.0000000000000E+00 2.0000000000000E+01
A1K42
 1.1167254244588E+05 0.0000000000000E+00 0.0000000000000E+00 2.0000000000000E+01
A1K43
 1.1030405535005E+05 0.0000000000000E+00 0.0000000000000E+00 2.0000000000000E+01
A1K44
 1.1321629679927E+05 0.0000000000000E+00 0.0000000000000E+00 2.0000000000000E+01
A1K45
 1.1098884671943E+05 0.0000000000000E+00 0.0000000000000E+00 2.0000000000000E+01
A1K46
 1.1062876585771E+05 0.0000000000000E+00 0.0000000000000E+00 2.0000000000000E+01
A1K47
 1.1287220093965E+05 0.0000000000000E+00 0.0000000000000E+00 2.0000000000000E+01
A1K48
 1.1334340588752E+05 0.0000000000000E+00 0.0000000000000E+00 2.0000000000000E+01
A1K49
 1.1403312207966E+05 0.0000000000000E+00 0.0000000000000E+00 2.0000000000000E+01
A1K50
 1.1358583759104E+05 0.0000000000000E+00 0.0000000000000E+00 2.0000000000000E+01
A1K51
 1.1395000982032E+05 0.0000000000000E+00 0.0000000000000E+00 2.0000000000000E+01
A1K52
 1.1076275834649E+05 0.0000000000000E+00 0.0000000000000E+00 2.0000000000000E+01
A1K53
 1.1426309333574E+05 0.0000000000000E+00 0.0000000000000E+00 2.0000000000000E+01
A1K54
 1.1044630379070E+05 0.0000000000000E+00 0.0000000000000E+00 2.0000000000000E+01
A1K55
 1.1197865304251E+05 0.0000000000000E+00 0.0000000000000E+00 2.0000000000000E+01
A1K56
 1.1394495246480E+05 0.0000000000000E+00 0.0000000000000E+00 2.0000000000000E+01
A1K57
 1.1106957949703E+05 0.0000000000000E+00 0.0000000000000E+00 2.0000000000000E+01
A1K58
 1.1084684030601E+05 0.0000000000000E+00 0.0000000000000E+00 2.0000000000000E+01
A1K59
 1.1319181650165E+05 0.0000000000000E+00 0.0000000000000E+00 2.0000000000000E+01
A1K60
 1.1130067627513E+05 0.0000000000000E+00 0.0000000000000E+00 2.0000000000000E+01
A1K61
 1.1120233751463E+05 0.0000000000000E+00 0.0000000000000E+00 2.0000000000000E+01
A1K62
 1.1089591983510E+05 0.0000000000000E+00 0.0000000000000E+00 2.0000000000000E+01
A1K63
 1.1097389283875E+05 0.0000000000000E+00 0.0000000000000E+00 2.0000000000000E+01
A1K64
 1.1220855431583E+05 0.0000000000000E+00 0.0000000000000E+00 2.0000000000000E+01
A1K65
 1.1175902229561E+05 0.0000000000000E+00 0.0000000000000E+00 2.0000000000000E+01
A1K66
 1.1150446084979E+05 0.0000000000000E+00 0.0000000000000E+00 2.0000000000000E+01
A1K67
 1.1144503293589E+05 0.0000000000000E+00 0.0000000000000E+00 2.0000000000000E+01
A1K68
 1.1199242936451E+05 0.0000000000000E+00 0.0000000000000E+00 2.0000000000000E+01
A1K69
 1.1107660753855E+05 0.0000000000000E+00 0.0000000000000E+00 2.0000000000000E+01
A1K70
 1.1168152362783E+05 0.0000000000000E+00 0.0000000000000E+00 2.0000000000000E+01
A1K71
 1.1134290354638E+05 0.0000000000000E+00 0.0000000000000E+00 2.0000000000000E+01
A1K72
 1.1188993887367E+05 0.0000000000000E+00 0.0000000000000E+00 2.0000000000000E+01
A1K73
 1.1113581428760E+05 0.0000000000000E+00 0.0000000000000E+00 2.0000000000000E+01
A1K74
 1.1130995989437E+05 0.0000000000000E+00 0.0000000000000E+00 2.0000000000000E+01
A1K75
 1.1157889984183E+05 0.0000000000000E+00 0.0000000000000E+00 2.0000000000000E+01
A1K76
 1.1121359199686E+05 0.0000000000000E+00 0.0000000000000E+00 2.0000000000000E+01
A1K77
 1.1212109554487E+05 0.0000000000000E+00 0.0000000000000E+00 2.0000000000000E+01
A1K78
 1.1206561437474E+05 0.0000000000000E+00 0.0000000000000E+00 2.0000000000000E+01
A1K79
 1.1181244020589E+05 0.0000000000000E+00 0.0000000000000E+00 2.0000000000000E+01
A1K80
 1.1218000679409E+05 0.0000000000000E+00 0.0000000000000E+00 2.0000000000000E+01
A1K81
 1.1120533602641E+05 0.0000000000000E+00 0.0000000000000E+00 2.0000000000000E+01
A1K82
 1.1163207938406E+05 0.0000000000000E+00 0.0000000000000E+00 2.0000000000000E+01
A1K83
 1.1112814516285E+05 0.0000000000000E+00 0.0000000000000E+00 2.0000000000000E+01
A1K84
 1.1062635346211E+05 0.0000000000000E+00 0.0000000000000E+00 2.0000000000000E+01
A1K85
 1.1107748630374E+05 0.0000000000000E+00 0.0000000000000E+00 2.0000000000000E+01
A1K86
 1.1086180124798E+05 0.0000000000000E+00 0.0000000000000E+00 2.0000000000000E+01
A1K87
 1.1149903977214E+05 0.0000000000000E+00 0.0000000000000E+00 2.0000000000000E+01
A1K88
 1.1162859834652E+05 0.0000000000000E+00 0.0000000000000E+00 2.0000000000000E+01
A1K89
 1.1141009764123E+05 0.0000000000000E+00 0.0000000000000E+00 2.0000000000000E+01
A1K90
 1.1101810945562E+05 0.0000000000000E+00 0.0000000000000E+00 2.0000000000000E+01
A1K91
 1.1078957536270E+05 0.0000000000000E+00 0.0000000000000E+00 2.0000000000000E+01
A1K92
 1.1094206597323E+05 0.0000000000000E+00 0.0000000000000E+00 2.0000000000000E+01
A1K93
 1.1183661960518E+05 0.0000000000000E+00 0.0000000000000E+00 2.0000000000000E+01
A1K94
 1.1155104006168E+05 0.0000000000000E+00 0.0000000000000E+00 2.0000000000000E+01
A1K95
 1.1057051536273E+05 0.0000000000000E+00 0.0000000000000E+00 2.0000000000000E+01
A1K96
 1.1122130670532E+05 0.0000000000000E+00 0.0000000000000E+00 2.0000000000000E+01
A1K97
 1.1146303132577E+05 0.0000000000000E+00 0.0000000000000E+00 2.0000000000000E+01
A1K98
 1.1066952720868E+05 0.0000000000000E+00 0.0000000000000E+00 2.0000000000000E+01
A1K99
 1.1164059974121E+05 0.0000000000000E+00 0.0000000000000E+00 2.0000000000000E+01
A1L 0
 1.1141384160601E+05 0.0000000000000E+00 0.0000000000000E+00 2.0000000000000E+01
A1L 1
 1.1144809543673E+05 0.0000000000000E+00 0.0000000000000E+00 2.0000000000000E+01
A1L 2
 1.1087973624036E+05 0.0000000000000E+00 0.0000000000000E+00 2.0000000000000E+01
A1L 3
 1.1176361711154E+05 0.0000000000000E+00 0.0000000000000E+00 2.0000000000000E+01
A1L 4
 1.1171709786743E+05 0.0000000000000E+00 0.0000000000000E+00 2.0000000000000E+01
A1L 5
 1.1169975688976E+05 0.0000000000000E+00 0.0000000000000E+00 2.0000000000000E+01
A1L 6
 1.1128908392374E+05 0.0000000000000E+00 0.0000000000000E+00 2.0000000000000E+01
A1L 7
 1.1157276659024E+05 0.0000000000000E+00 0.0000000000000E+00 2.0000000000000E+01
A1L 8
 1.1136113358902E+05 0.0000000000000E+00 0.0000000000000E+00 2.0000000000000E+01
A1L 9
 1.1060038698617E+05 0.0000000000000E+00 0.0000000000000E+00 2.0000000000000E+01
A1L10
 1.1139983469020E+05 0.0000000000000E+00 0.0000000000000E+00 2.0000000000000E+01
A1L11
 1.1180046449412E+05 0.0000000000000E+00 0.0000000000000E+00 2.0000000000000E+01
A1L12
 1.1049236503454E+05 0.0000000000000E+00 0.0000000000000E+00 2.0000000000000E+01
A1L13
 1.1124938294438E+05 0.0000000000000E+00 0.0000000000000E+00 2.0000000000000E+01
A1L14
 1.1207730566188E+05 0.0000000000000E+00 0.0000000000000E+00 2.0000000000000E+01
A1L15
 1.1075559386635E+05 0.0000000000000E+00 0.0000000000000E+00 2.0000000000000E+01
A1L16
 1.1192781843487E+05 0.0000000000000E+00 0.0000000000000E+00 2.0000000000000E+01
A1L17
 1.1111618932624E+05 0.0000000000000E+00 0.0000000000000E+00 2.0000000000000E+01
A1L18
 1.1179424862682E+05 0.0000000000000E+00 0.0000000000000E+00 2.0000000000000E+01
A1L19
 1.1094349577885E+05 0.0000000000000E+00 0.0000000000000E+00 2.0000000000000E+01
A1L20
 1.1084934885313E+05 0.0000000000000E+00 0.0000000000000E+00 2.0000000000000E+01
A1L21
 1.1199572080910E+05 0.0000000000000E+00 0.0000000000000E+00 2.0000000000000E+01
A1L22
 1.1037611011952E+05 0.0000000000000E+00 0.0000000000000E+00 2.0000000000000E+01
A1L23
 1.1112328788427E+05 0.0000000000000E+00 0.0000000000000E+00 2.0000000000000E+01
A1L24
 1.1144560020285E+05 0.0000000000000E+00 0.0000000000000E+00 2.0000000000000E+01
A1L25
 1.1064425003706E+05 0.0000000000000E+00 0.0000000000000E+00 2.0000000000000E+01
A1L26
 1.1134321999385E+05 0.0000000000000E+00 0.0000000000000E+00 2.0000000000000E+01
A1L27
 1.1176756989523E+05 0.0000000000000E+00 0.0000000000000E+00 2.0000000000000E+01
A1L28
 1.1134348735520E+05 0.0000000000000E+00 0.0000000000000E+00 2.0000000000000E+01
A1L29
 1.1166611913913E+05 0.0000000000000E+00 0.0000000000000E+00 2.0000000000000E+01
A1L30
 1.1184213244226E+05 0.0000000000000E+00 0.0000000000000E+00 2.0000000000000E+01
A1L31
 1.1102949248078E+05 0.0000000000000E+00 0.0000000000000E+00 2.0000000000000E+01
A1L32
 1.1073609516125E+05 0.0000000000000E+00 0.0000000000000E+00 2.0000000000000E+01
A1L33
 1.1120852892634E+05 0.0000000000000E+00 0.0000000000000E+00 2.0000000000000E+01
A1L34
 1.1048829643958E+05 0.0000000000000E+00 0.0000000000000E+00 2.0000000000000E+01
A1L35
 1.1094360859902E+05 0.0000000000000E+00 0.0000000000000E+00 2.0000000000000E+01
A1L36
 1.1140031444555E+05 0.0000000000000E+00 0.0000000000000E+00 2.0000000000000E+01
A1L37
 1.1114964621253E+05 0.0000000000000E+00 0.0000000000000E+00 2.0000000000000E+01
A1L38
 1.1052388755587E+05 0.0000000000000E+00 0.0000000000000E+00 2.0000000000000E+01
A1L39
 1.1040587483904E+05 0.0000000000000E+00 0.0000000000000E+00 2.0000000000000E+01
A1L40
 1.1211779525523E+05 0.0000000000000E+00 0.0000000000000E+00 2.0000000000000E+01
A1L41
 1.1112256978670E+05 0.0000000000000E+00 0.0000000000000E+00 2.0000000000000E+01
A1L42
 1.1192385047341E+05 0.0000000000000E+00 0.0000000000000E+00 2.0000000000000E+01
A1L43
 1.1107562792297E+05 0.0000000000000E+00 0.0000000000000E+00 2.0000000000000E+01
A1L44
 1.1054409486083E+05 0.0000000000000E+00 0.0000000000000E+00 2.0000000000000E+01
A1L45
 1.1067549310325E+05 0.0000000000000E+00 0.0000000000000E+00 2.0000000000000E+01
A1L46
 1.1090293818809E+05 0.0000000000000E+00 0.0000000000000E+00 2.0000000000000E+01
A1L47
 1.1080230646577E+05 0.0000000000000E+00 0.0000000000000E+00 2.0000000000000E+01
A1L48
 1.1071016863125E+05 0.0000000000000E+00 0.0000000000000E+00 2.0000000000000E+01
A1L49
 1.1142210337223E+05 0.0000000000000E+00 0.0000000000000E+00 2.0000000000000E+01
A1L50
 1.1045583163276E+05 0.0000000000000E+00 0.0000000000000E+00 2.0000000000000E+01
A1L51
 1.1098850588853E+05 0.0000000000000E+00 0.0000000000000E+00 2.0000000000000E+01
A1L52
 1.1136342940275E+05 0.0000000000000E+00 0.0000000000000E+00 2.0000000000000E+01
A1L53
 1.1070102048584E+05 0.0000000000000E+00 0.0000000000000E+00 2.0000000000000E+01
A1L54
 1.1103135601018E+05 0.0000000000000E+00 0.0000000000000E+00 2.0000000000000E+01
A1L55
 1.1059290727449E+05 0.0000000000000E+00 0.0000000000000E+00 2.0000000000000E+01
A1L56
 1.1129225147700E+05 0.0000000000000E+00 0.0000000000000E+00 2.0000000000000E+01
A1L57
 1.1079848540263E+05 0.0000000000000E+00 0.0000000000000E+00 2.0000000000000E+01
A1L58
 1.1100475052478E+05 0.0000000000000E+00 0.0000000000000E+00 2.0000000000000E+01
A1L59
 1.1200312127596E+05 0.0000000000000E+00 0.0000000000000E+00 2.0000000000000E+01
A1L60
 1.1146777477591E+05 0.0000000000000E+00 0.0000000000000E+00 2.0000000000000E+01
A1L61
 1.1053334297075E+05 0.0000000000000E+00 0.0000000000000E+00 2.0000000000000E+01
A1L62
 1.1062198215734E+05 0.0000000000000E+00 0.0000000000000E+00 2.0000000000000E+01
A1L63
 1.1200836054648E+05 0.0000000000000E+00 0.0000000000000E+00 2.0000000000000E+01
A1L64
 1.1123068399452E+05 0.0000000000000E+00 0.0000000000000E+00 2.0000000000000E+01
A1L65
 1.1185283339262E+05 0.0000000000000E+00 0.0000000000000E+00 2.0000000000000E+01
A1L66
 1.1104281369016E+05 0.0000000000000E+00 0.0000000000000E+00 2.0000000000000E+01
A1L67
 1.1059270903621E+05 0.0000000000000E+00 0.0000000000000E+00 2.0000000000000E+01
A1L68
 1.1091475937610E+05 0.0000000000000E+00 0.0000000000000E+00 2.0000000000000E+01
A1L69
 1.1105836259124E+05 0.0000000000000E+00 0.0000000000000E+00 2.0000000000000E+01
A1L70
 1.1076464144039E+05 0.0000000000000E+00 0.0000000000000E+00 2.0000000000000E+01
A1L71
 1.1079309979776E+05 0.0000000000000E+00 0.0000000000000E+00 2.0000000000000E+01
A1L72
 1.1073452935243E+05 0.0000000000000E+00 0.0000000000000E+00 2.0000000000000E+01
A1L73
 1.1072571257389E+05 0.0000000000000E+00 0.0000000000000E+00 2.0000000000000E+01
A1L74
 1.1082145743634E+05 0.0000000000000E+00 0.0000000000000E+00 2.0000000000000E+01
A1L75
 1.1038851118280E+05 0.0000000000000E+00 0.0000000000000E+00 2.0000000000000E+01
A1L76
 1.1115010848058E+05 0.0000000000000E+00 0.0000000000000E+00 2.0000000000000E+01
A1L77
 1.1166360463966E+05 0.0000000000000E+00 0.0000000000000E+00 2.0000000000000E+01
A1L78
 1.1167133837965E+05 0.0000000000000E+00 0.0000000000000E+00 2.0000000000000E+01
A1L79
 1.1061961203481E+05 0.0000000000000E+00 0.0000000000000E+00 2.0000000000000E+01
A1L80
 1.1087215797005E+05 0.0000000000000E+00 0.0000000000000E+00 2.0000000000000E+01
A1L81
 1.1047047471173E+05 0.0000000000000E+00 0.0000000000000E+00 2.0000000000000E+01
A1L82
 1.1107209776003E+05 0.0000000000000E+00 0.0000000000000E+00 2.0000000000000E+01
A1L83
 1.1180014082118E+05 0.0000000000000E+00 0.0000000000000E+00 2.0000000000000E+01
A1L84
 1.1074027011675E+05 0.0000000000000E+00 0.0000000000000E+00 2.0000000000000E+01
A1L85
 1.1086728425069E+05 0.0000000000000E+00 0.0000000000000E+00 2.0000000000000E+01
A1L86
 1.1183834173162E+05 0.0000000000000E+00 0.0000000000000E+00 2.0000000000000E+01
A1L87
 1.1052798958553E+05 0.0000000000000E+00 0.0000000000000E+00 2.0000000000000E+01
A1L88
 1.1120839668944E+05 0.0000000000000E+00 0.0000000000000E+00 2.0000000000000E+01
A1L89
 1.1156356878972E+05 0.0000000000000E+00 0.0000000000000E+00 2.0000000000000E+01
A1L90
 1.1067880893867E+05 0.0000000000000E+00 0.0000000000000E+00 2.0000000000000E+01
A1L91
 1.1052190693285E+05 0.0000000000000E+00 0.0000000000000E+00 2.0000000000000E+01
A1L92
 1.1044973696666E+05 0.0000000000000E+00 0.0000000000000E+00 2.0000000000000E+01
A1L93
 1.1172775912664E+05 0.0000000000000E+00 0.0000000000000E+00 2.0000000000000E+01
A1L94
 1.1174479598559E+05 0.0000000000000E+00 0.0000000000000E+00 2.0000000000000E+01
A1L95
 1.1157400597336E+05 0.0000000000000E+00 0.0000000000000E+00 2.0000000000000E+01
A1L96
 1.1064304667125E+05 0.0000000000000E+00 0.0000000000000E+00 2.0000000000000E+01
A1L97
 1.1069916542593E+05 0.0000000000000E+00 0.0000000000000E+00 2.0000000000000E+01
A1L98
 1.1093188379469E+05 0.0000000000000E+00 0.0000000000000E+00 2.0000000000000E+01
A1L99
 1.1088072242332E+05 0.0000000000000E+00 0.0000000000000E+00 2.0000000000000E+01
A1M 0
 1.1046114306103E+05 0.0000000000000E+00 0.0000000000000E+00 2.0000000000000E+01
A1M 1
 1.1076429727801E+05 0.0000000000000E+00 0.0000000000000E+00 2.0000000000000E+01
A1M 2
 1.1058915112659E+05 0.0000000000000E+00 0.0000000000000E+00 2.0000000000000E+01
A1M 3
 1.0955974040356E+05 0.0000000000000E+00 0.0000000000000E+00 2.0000000000000E+01
A1M 4
 1.0994124811180E+05 0.0000000000000E+00 0.0000000000000E+00 2.0000000000000E+01
A1M 5
 1.1026671149286E+05 0.0000000000000E+00 0.0000000000000E+00 2.0000000000000E+01
A1M 6
 1.1010433848255E+05 0.0000000000000E+00 0.0000000000000E+00 2.0000000000000E+01
A1M 7
 1.0945166903770E+05 0.0000000000000E+00 0.0000000000000E+00 2.0000000000000E+01
A1M 8
 1.0974909015333E+05 0.0000000000000E+00 0.0000000000000E+00 2.0000000000000E+01
A1M 9
 1.0947392614649E+05 0.0000000000000E+00 0.0000000000000E+00 2.0000000000000E+01
A1M10
 1.0955344079612E+05 0.0000000000000E+00 0.0000000000000E+00 2.0000000000000E+01
A1M11
 1.0954684061992E+05 0.0000000000000E+00 0.0000000000000E+00 2.0000000000000E+01
A1M12
 1.1032208074866E+05 0.0000000000000E+00 0.0000000000000E+00 2.0000000000000E+01
A1M13
 1.0961061968675E+05 0.0000000000000E+00 0.0000000000000E+00 2.0000000000000E+01
A1M14
 1.0941396158169E+05 0.0000000000000E+00 0.0000000000000E+00 2.0000000000000E+01
A1M15
 1.0986629907705E+05 0.0000000000000E+00 0.0000000000000E+00 2.0000000000000E+01
A1M16
 1.0943325439794E+05 0.0000000000000E+00 0.0000000000000E+00 2.0000000000000E+01
A1M17
 1.1006382787262E+05 0.0000000000000E+00 0.0000000000000E+00 2.0000000000000E+01
A1M18
 1.0976219072235E+05 0.0000000000000E+00 0.0000000000000E+00 2.0000000000000E+01
A1M19
 1.0953758509670E+05 0.0000000000000E+00 0.0000000000000E+00 2.0000000000000E+01
A1M20
 1.0964459949638E+05 0.0000000000000E+00 0.0000000000000E+00 2.0000000000000E+01
A1M21
 1.0965294455008E+05 0.0000000000000E+00 0.0000000000000E+00 2.0000000000000E+01
A1M22
 1.0909065392638E+05 0.0000000000000E+00 0.0000000000000E+00 2.0000000000000E+01
A1M23
 1.0935284203344E+05 0.0000000000000E+00 0.0000000000000E+00 2.0000000000000E+01
A1M24
 1.0943864460440E+05 0.0000000000000E+00 0.0000000000000E+00 2.0000000000000E+01
A1M25
 1.0978247385975E+05 0.0000000000000E+00 0.0000000000000E+00 2.0000000000000E+01
A1M26
 1.0920989146100E+05 0.0000000000000E+00 0.0000000000000E+00 2.0000000000000E+01
A1M27
 1.0910385439934E+05 0.0000000000000E+00 0.0000000000000E+00 2.0000000000000E+01
A1M28
 1.0978725097376E+05 0.0000000000000E+00 0.0000000000000E+00 2.0000000000000E+01
A1M29
 1.1012479915480E+05 0.0000000000000E+00 0.0000000000000E+00 2.0000000000000E+01
A1M30
 1.0956517898778E+05 0.0000000000000E+00 0.0000000000000E+00 2.0000000000000E+01
A1M31
 1.0928637026042E+05 0.0000000000000E+00 0.0000000000000E+00 2.0000000000000E+01
A1M32
 1.0991325406961E+05 0.0000000000000E+00 0.0000000000000E+00 2.0000000000000E+01
A1M33
 1.1025455844843E+05 0.0000000000000E+00 0.0000000000000E+00 2.0000000000000E+01
A1M34
 1.0942872335022E+05 0.0000000000000E+00 0.0000000000000E+00 2.0000000000000E+01
A1M35
 1.1014856029882E+05 0.0000000000000E+00 0.0000000000000E+00 2.0000000000000E+01
A1M36
 1.0920552962348E+05 0.0000000000000E+00 0.0000000000000E+00 2.0000000000000E+01
A1M37
 1.0920859113330E+05 0.0000000000000E+00 0.0000000000000E+00 2.0000000000000E+01
A1M38
 1.1011332006271E+05 0.0000000000000E+00 0.0000000000000E+00 2.0000000000000E+01
A1M39
 1.1019964681064E+05 0.0000000000000E+00 0.0000000000000E+00 2.0000000000000E+01
A1M40
 1.1032711152640E+05 0.0000000000000E+00 0.0000000000000E+00 2.0000000000000E+01
A1M41
 1.0976574516635E+05 0.0000000000000E+00 0.0000000000000E+00 2.0000000000000E+01
A1M42
 1.0998364868489E+05 0.0000000000000E+00 0.0000000000000E+00 2.0000000000000E+01
A1M43
 1.1007148962982E+05 0.0000000000000E+00 0.0000000000000E+00 2.0000000000000E+01
A1M44
 1.0943826302213E+05 0.0000000000000E+00 0.0000000000000E+00 2.0000000000000E+01
A1M45
 1.0972248112552E+05 0.0000000000000E+00 0.0000000000000E+00 2.0000000000000E+01
A1M46
 1.0961660240991E+05 0.0000000000000E+00 0.0000000000000E+00 2.0000000000000E+01
A1M47
 1.1030475125608E+05 0.0000000000000E+00 0.0000000000000E+00 2.0000000000000E+01
A1M48
 1.0995589401611E+05 0.0000000000000E+00 0.0000000000000E+00 2.0000000000000E+01
A1M49
 1.0982107804342E+05 0.0000000000000E+00 0.0000000000000E+00 2.0000000000000E+01
A1M50
 1.1019262707960E+05 0.0000000000000E+00 0.0000000000000E+00 2.0000000000000E+01
A1M51
 1.0993416846309E+05 0.0000000000000E+00 0.0000000000000E+00 2.0000000000000E+01
A1M52
 1.0982451752921E+05 0.0000000000000E+00 0.0000000000000E+00 2.0000000000000E+01
A1M53
 1.0910284583797E+05 0.0000000000000E+00 0.0000000000000E+00 2.0000000000000E+01
A1M54
 1.0942917063933E+05 0.0000000000000E+00 0.0000000000000E+00 2.0000000000000E+01
A1M55
 1.0920647431042E+05 0.0000000000000E+00 0.0000000000000E+00 2.0000000000000E+01
A1M56
 1.0908522942822E+05 0.0000000000000E+00 0.0000000000000E+00 2.0000000000000E+01
A1M57
 1.0934469427310E+05 0.0000000000000E+00 0.0000000000000E+00 2.0000000000000E+01
A1M58
 1.1016534738361E+05 0.0000000000000E+00 0.0000000000000E+00 2.0000000000000E+01
A1M59
 1.1019381545746E+05 0.0000000000000E+00 0.0000000000000E+00 2.0000000000000E+01
A1M60
 1.0999515472903E+05 0.0000000000000E+00 0.0000000000000E+00 2.0000000000000E+01
A1M61
 1.1040690296479E+05 0.0000000000000E+00 0.0000000000000E+00 2.0000000000000E+01
A1M62
 1.1025351584521E+05 0.0000000000000E+00 0.0000000000000E+00 2.0000000000000E+01
A1M63
 1.1038219425539E+05 0.0000000000000E+00 0.0000000000000E+00 2.0000000000000E+01
A1M64
 1.1007537427024E+05 0.0000000000000E+00 0.0000000000000E+00 2.0000000000000E+01
A1M65
 1.0986974640454E+05 0.0000000000000E+00 0.0000000000000E+00 2.0000000000000E+01
A1M66
 1.0921931308709E+05 0.0000000000000E+00 0.0000000000000E+00 2.0000000000000E+01
A1M67
 1.0963498958431E+05 0.0000000000000E+00 0.0000000000000E+00 2.0000000000000E+01
A1M68
 1.0922879985132E+05 0.0000000000000E+00 0.0000000000000E+00 2.0000000000000E+01
A1M69
 1.0912998708404E+05 0.0000000000000E+00 0.0000000000000E+00 2.0000000000000E+01
A1M70
 1.0947304881525E+05 0.0000000000000E+00 0.0000000000000E+00 2.0000000000000E+01
A1M71
 1.0943571592081E+05 0.0000000000000E+00 0.0000000000000E+00 2.0000000000000E+01
A1M72
 1.0913780444370E+05 0.0000000000000E+00 0.0000000000000E+00 2.0000000000000E+01
A1M73
 1.0986950676899E+05 0.0000000000000E+00 0.0000000000000E+00 2.0000000000000E+01
A1M74
 1.0917427815558E+05 0.0000000000000E+00 0.0000000000000E+00 2.0000000000000E+01
A1M75
 1.1016486696608E+05 0.0000000000000E+00 0.0000000000000E+00 2.0000000000000E+01
A1M76
 1.0931534046149E+05 0.0000000000000E+00 0.0000000000000E+00 2.0000000000000E+01
A1M77
 1.0997217654355E+05 0.0000000000000E+00 0.0000000000000E+00 2.0000000000000E+01
A1M78
 1.0981802513859E+05 0.0000000000000E+00 0.0000000000000E+00 2.0000000000000E+01
A1M79
 1.0927525767011E+05 0.0000000000000E+00 0.0000000000000E+00 2.0000000000000E+01
A1M80
 1.0998110633056E+05 0.0000000000000E+00 0.0000000000000E+00 2.0000000000000E+01
A1M81
 1.1037393556537E+05 0.0000000000000E+00 0.0000000000000E+00 2.0000000000000E+01
A1M82
 1.0979698908440E+05 0.0000000000000E+00 0.0000000000000E+00 2.0000000000000E+01
A1M83
 1.0971509730587E+05 0.0000000000000E+00 0.0000000000000E+00 2.0000000000000E+01
A1M84
 1.1044423829006E+05 0.0000000000000E+00 0.0000000000000E+00 2.0000000000000E+01
A1M85
 1.1031789068348E+05 0.0000000000000E+00 0.0000000000000E+00 2.0000000000000E+01
A1M86
 1.1008101724361E+05 0.0000000000000E+00 0.0000000000000E+00 2.0000000000000E+01
A1M87
 1.1026850873411E+05 0.0000000000000E+00 0.0000000000000E+00 2.0000000000000E+01
A1M88
 1.1032984643543E+05 0.0000000000000E+00 0.0000000000000E+00 2.0000000000000E+01
A1M89
 1.0970994368154E+05 0.0000000000000E+00 0.0000000000000E+00 2.0000000000000E+01
A1M90
 1.0947690104217E+05 0.0000000000000E+00 0.0000000000000E+00 2.0000000000000E+01
A1M91
 1.0978855045196E+05 0.0000000000000E+00 0.0000000000000E+00 2.0000000000000E+01
A1M92
 1.0953083253007E+05 0.0000000000000E+00 0.0000000000000E+00 2.0000000000000E+01
A1M93
 1.0954086891726E+05 0.0000000000000E+00 0.0000000000000E+00 2.0000000000000E+01
A1M94
 1.1026590755584E+05 0.0000000000000E+00 0.0000000000000E+00 2.0000000000000E+01
A1M95
 1.0923506664841E+05 0.0000000000000E+00 0.0000000000000E+00 2.0000000000000E+01
A1M96
 1.0996232705807E+05 0.0000000000000E+00 0.0000000000000E+00 2.0000000000000E+01
A1M97
 1.0933562515946E+05 0.0000000000000E+00 0.0000000000000E+00 2.0000000000000E+01
A1M98
 1.0942403679255E+05 0.0000000000000E+00 0.0000000000000E+00 2.0000000000000E+01
A1M99
 1.1002135146644E+05 0.0000000000000E+00 0.0000000000000E+00 2.0000000000000E+01
A1N 0
 1.0981220379251E+05 0.0000000000000E+00 0.0000000000000E+00 2.0000000000000E+01
A1N 1
 1.1010360967987E+05 0.0000000000000E+00 0.0000000000000E+00 2.0000000000000E+01
A1N 2
 1.0970386081135E+05 0.0000000000000E+00 0.0000000000000E+00 2.0000000000000E+01
A1N 3
 1.0997847994143E+05 0.0000000000000E+00 0.0000000000000E+00 2.0000000000000E+01
A1N 4
 1.1010454785512E+05 0.0000000000000E+00 0.0000000000000E+00 2.0000000000000E+01
A1N 5
 1.0885691286446E+05 0.0000000000000E+00 0.0000000000000E+00 2.0000000000000E+01
A1N 6
 1.0872152728868E+05 0.0000000000000E+00 0.0000000000000E+00 2.0000000000000E+01
A1N 7
 1.0874163514794E+05 0.0000000000000E+00 0.0000000000000E+00 2.0000000000000E+01
A1N 8
 1.0886624091297E+05 0.0000000000000E+00 0.0000000000000E+00 2.0000000000000E+01
A1N 9
 1.0826702342696E+05 0.0000000000000E+00 0.0000000000000E+00 2.0000000000000E+01
A1N10
 1.0838226279734E+05 0.0000000000000E+00 0.0000000000000E+00 2.0000000000000E+01
A1N11
 1.0853951520896E+05 0.0000000000000E+00 0.0000000000000E+00 2.0000000000000E+01
A1N12
 1.0851025900009E+05 0.0000000000000E+00 0.0000000000000E+00 2.0000000000000E+01
A1N13
 1.0832967943029E+05 0.0000000000000E+00 0.0000000000000E+00 2.0000000000000E+01
A1N14
 1.0900739474683E+05 0.0000000000000E+00 0.0000000000000E+00 2.0000000000000E+01
A1N15
 1.0840482348406E+05 0.0000000000000E+00 0.0000000000000E+00 2.0000000000000E+01
A1N16
 1.0884579942834E+05 0.0000000000000E+00 0.0000000000000E+00 2.0000000000000E+01
A1N17
 1.0849394765550E+05 0.0000000000000E+00 0.0000000000000E+00 2.0000000000000E+01
A1N18
 1.0848406768903E+05 0.0000000000000E+00 0.0000000000000E+00 2.0000000000000E+01
A1N19
 1.0812597391383E+05 0.0000000000000E+00 0.0000000000000E+00 2.0000000000000E+01
A1N20
 1.0857081107675E+05 0.0000000000000E+00 0.0000000000000E+00 2.0000000000000E+01
A1N21
 1.0865974395924E+05 0.0000000000000E+00 0.0000000000000E+00 2.0000000000000E+01
A1N22
 1.0845448692801E+05 0.0000000000000E+00 0.0000000000000E+00 2.0000000000000E+01
A1N23
 1.0837796945623E+05 0.0000000000000E+00 0.0000000000000E+00 2.0000000000000E+01
A1N24
 1.0853620803486E+05 0.0000000000000E+00 0.0000000000000E+00 2.0000000000000E+01
A1N25
 1.0861681230756E+05 0.0000000000000E+00 0.0000000000000E+00 2.0000000000000E+01
A1N26
 1.0845648789475E+05 0.0000000000000E+00 0.0000000000000E+00 2.0000000000000E+01
A1N27
 1.0848659329219E+05 0.0000000000000E+00 0.0000000000000E+00 2.0000000000000E+01
A1N28
 1.0819674495130E+05 0.0000000000000E+00 0.0000000000000E+00 2.0000000000000E+01
A1N29
 1.0887029096771E+05 0.0000000000000E+00 0.0000000000000E+00 2.0000000000000E+01
A1N30
 1.0882612141264E+05 0.0000000000000E+00 0.0000000000000E+00 2.0000000000000E+01
A1N31
 1.0893677335194E+05 0.0000000000000E+00 0.0000000000000E+00 2.0000000000000E+01
A1N32
 1.0850048818874E+05 0.0000000000000E+00 0.0000000000000E+00 2.0000000000000E+01
A1N33
 1.0867053557906E+05 0.0000000000000E+00 0.0000000000000E+00 2.0000000000000E+01
A1N34
 1.0875878860980E+05 0.0000000000000E+00 0.0000000000000E+00 2.0000000000000E+01
A1N35
 1.0908185915109E+05 0.0000000000000E+00 0.0000000000000E+00 2.0000000000000E+01
A1N36
 1.0879825413751E+05 0.0000000000000E+00 0.0000000000000E+00 2.0000000000000E+01
A1N37
 1.0877285525494E+05 0.0000000000000E+00 0.0000000000000E+00 2.0000000000000E+01
A1N38
 1.0872847979496E+05 0.0000000000000E+00 0.0000000000000E+00 2.0000000000000E+01
A1N39
 1.0826002345883E+05 0.0000000000000E+00 0.0000000000000E+00 2.0000000000000E+01
A1N40
 1.0812906849142E+05 0.0000000000000E+00 0.0000000000000E+00 2.0000000000000E+01
A1N41
 1.0818759795883E+05 0.0000000000000E+00 0.0000000000000E+00 2.0000000000000E+01
A1N42
 1.0837195800634E+05 0.0000000000000E+00 0.0000000000000E+00 2.0000000000000E+01
A1N43
 1.0832645036900E+05 0.0000000000000E+00 0.0000000000000E+00 2.0000000000000E+01
A1N44
 1.0854666541439E+05 0.0000000000000E+00 0.0000000000000E+00 2.0000000000000E+01
A1N45
 1.0916657829325E+05 0.0000000000000E+00 0.0000000000000E+00 2.0000000000000E+01
A1N46
 1.0918277501902E+05 0.0000000000000E+00 0.0000000000000E+00 2.0000000000000E+01
A1N47
 1.0885133686714E+05 0.0000000000000E+00 0.0000000000000E+00 2.0000000000000E+01
A1N48
 1.0889236037371E+05 0.0000000000000E+00 0.0000000000000E+00 2.0000000000000E+01
A1N49
 1.0907539935442E+05 0.0000000000000E+00 0.0000000000000E+00 2.0000000000000E+01
A1N50
 1.0888611751212E+05 0.0000000000000E+00 0.0000000000000E+00 2.0000000000000E+01
A1N51
 1.0881003187234E+05 0.0000000000000E+00 0.0000000000000E+00 2.0000000000000E+01
A1N52
 1.0873569091589E+05 0.0000000000000E+00 0.0000000000000E+00 2.0000000000000E+01
A1N53
 1.0893793551680E+05 0.0000000000000E+00 0.0000000000000E+00 2.0000000000000E+01
A1N54
 1.0874691324540E+05 0.0000000000000E+00 0.0000000000000E+00 2.0000000000000E+01
A1N55
 1.0862515204370E+05 0.0000000000000E+00 0.0000000000000E+00 2.0000000000000E+01
A1N56
 1.0894248099419E+05 0.0000000000000E+00 0.0000000000000E+00 2.0000000000000E+01
A1N57
 1.0839655519456E+05 0.0000000000000E+00 0.0000000000000E+00 2.0000000000000E+01
A1N58
 1.0815646788149E+05 0.0000000000000E+00 0.0000000000000E+00 2.0000000000000E+01
A1N59
 1.0866381638683E+05 0.0000000000000E+00 0.0000000000000E+00 2.0000000000000E+01
A1N60
 1.0840034658391E+05 0.0000000000000E+00 0.0000000000000E+00 2.0000000000000E+01
A1N61
 1.0900253869979E+05 0.0000000000000E+00 0.0000000000000E+00 2.0000000000000E+01
A1N62
 1.0860053871023E+05 0.0000000000000E+00 0.0000000000000E+00 2.0000000000000E+01
A1N63
 1.0840512689381E+05 0.0000000000000E+00 0.0000000000000E+00 2.0000000000000E+01
A1N64
 1.0913815947155E+05 0.0000000000000E+00 0.0000000000000E+00 2.0000000000000E+01
A1N65
 1.0901166493178E+05 0.0000000000000E+00 0.0000000000000E+00 2.0000000000000E+01
A1N66
 1.0822124767311E+05 0.0000000000000E+00 0.0000000000000E+00 2.0000000000000E+01
A1N67
 1.0827731501745E+05 0.0000000000000E+00 0.0000000000000E+00 2.0000000000000E+01
A1N68
 1.0886593010938E+05 0.0000000000000E+00 0.0000000000000E+00 2.0000000000000E+01
A1N69
 1.0860922194391E+05 0.0000000000000E+00 0.0000000000000E+00 2.0000000000000E+01
A1N70
 1.0906013425305E+05 0.0000000000000E+00 0.0000000000000E+00 2.0000000000000E+01
A1N71
 1.0835439593029E+05 0.0000000000000E+00 0.0000000000000E+00 2.0000000000000E+01
A1N72
 1.0884817108465E+05 0.0000000000000E+00 0.0000000000000E+00 2.0000000000000E+01
A1N73
 1.0808842219584E+05 0.0000000000000E+00 0.0000000000000E+00 2.0000000000000E+01
A1N74
 1.0830096119086E+05 0.0000000000000E+00 0.0000000000000E+00 2.0000000000000E+01
A1N75
 1.0907369271761E+05 0.0000000000000E+00 0.0000000000000E+00 2.0000000000000E+01
A1N76
 1.0820147965532E+05 0.0000000000000E+00 0.0000000000000E+00 2.0000000000000E+01
A1N77
 1.0824809308753E+05 0.0000000000000E+00 0.0000000000000E+00 2.0000000000000E+01
A1N78
 1.0882132153298E+05 0.0000000000000E+00 0.0000000000000E+00 2.0000000000000E+01
A1N79
 1.0848326340550E+05 0.0000000000000E+00 0.0000000000000E+00 2.0000000000000E+01
A1N80
 1.0820277157374E+05 0.0000000000000E+00 0.0000000000000E+00 2.0000000000000E+01
A1N81
 1.0851391935576E+05 0.0000000000000E+00 0.0000000000000E+00 2.0000000000000E+01
A1N82
 1.0807792226668E+05 0.0000000000000E+00 0.0000000000000E+00 2.0000000000000E+01
A1N83
 1.0782979934708E+05 0.0000000000000E+00 0.0000000000000E+00 2.0000000000000E+01
A1N84
 1.0795401857107E+05 0.0000000000000E+00 0.0000000000000E+00 2.0000000000000E+01
A1N85
 1.0778272786667E+05 0.0000000000000E+00 0.0000000000000E+00 2.0000000000000E+01
A1N86
 1.0787671188021E+05 0.0000000000000E+00 0.0000000000000E+00 2.0000000000000E+01
A1N87
 1.0773749849582E+05 0.0000000000000E+00 0.0000000000000E+00 2.0000000000000E+01
A1N88
 1.0776006472962E+05 0.0000000000000E+00 0.0000000000000E+00 2.0000000000000E+01
A1N89
 1.0780978695142E+05 0.0000000000000E+00 0.0000000000000E+00 2.0000000000000E+01
A1N90
 1.0805472130713E+05 0.0000000000000E+00 0.0000000000000E+00 2.0000000000000E+01
A1N91
 1.0815823792797E+05 0.0000000000000E+00 0.0000000000000E+00 2.0000000000000E+01
A1N92
 1.0801347740084E+05 0.0000000000000E+00 0.0000000000000E+00 2.0000000000000E+01
A1N93
 1.0789698783384E+05 0.0000000000000E+00 0.0000000000000E+00 2.0000000000000E+01
A1N94
 1.0783485029431E+05 0.0000000000000E+00 0.0000000000000E+00 2.0000000000000E+01
A1N95
 1.0767929502939E+05 0.0000000000000E+00 0.0000000000000E+00 2.0000000000000E+01
A1N96
 1.0816883376031E+05 0.0000000000000E+00 0.0000000000000E+00 2.0000000000000E+01
A1N97
 1.0806301907971E+05 0.0000000000000E+00 0.0000000000000E+00 2.0000000000000E+01
A1N98
 1.0820217410763E+05 0.0000000000000E+00 0.0000000000000E+00 2.0000000000000E+01
A1N99
 1.0796709520830E+05 0.0000000000000E+00 0.0000000000000E+00 2.0000000000000E+01
A1O 0
 1.0775074743996E+05 0.0000000000000E+00 0.0000000000000E+00 2.0000000000000E+01
A1O 1
 1.0773847987679E+05 0.0000000000000E+00 0.0000000000000E+00 2.0000000000000E+01
A1O 2
 1.0785253620900E+05 0.0000000000000E+00 0.0000000000000E+00 2.0000000000000E+01
A1O 3
 1.0772302491178E+05 0.0000000000000E+00 0.0000000000000E+00 2.0000000000000E+01
A1O 4
 1.0816600172089E+05 0.0000000000000E+00 0.0000000000000E+00 2.0000000000000E+01
A1O 5
 1.0776057236901E+05 0.0000000000000E+00 0.0000000000000E+00 2.0000000000000E+01
A1O 6
 1.0776240523353E+05 0.0000000000000E+00 0.0000000000000E+00 2.0000000000000E+01
A1O 7
 1.0795222413138E+05 0.0000000000000E+00 0.0000000000000E+00 2.0000000000000E+01
A1O 8
 1.0805451305989E+05 0.0000000000000E+00 0.0000000000000E+00 2.0000000000000E+01
A1O 9
 1.0809412743754E+05 0.0000000000000E+00 0.0000000000000E+00 2.0000000000000E+01
A1O10
 1.0785956657872E+05 0.0000000000000E+00 0.0000000000000E+00 2.0000000000000E+01
A1O11
 1.0782428673982E+05 0.0000000000000E+00 0.0000000000000E+00 2.0000000000000E+01
A1O12
 1.0784491388619E+05 0.0000000000000E+00 0.0000000000000E+00 2.0000000000000E+01
A1O13
 1.0786416924070E+05 0.0000000000000E+00 0.0000000000000E+00 2.0000000000000E+01
A1O14
 1.0813243278632E+05 0.0000000000000E+00 0.0000000000000E+00 2.0000000000000E+01
A1O15
 1.0775065048074E+05 0.0000000000000E+00 0.0000000000000E+00 2.0000000000000E+01
A1O16
 1.0812049818488E+05 0.0000000000000E+00 0.0000000000000E+00 2.0000000000000E+01
A1O17
 1.0787202189228E+05 0.0000000000000E+00 0.0000000000000E+00 2.0000000000000E+01
A1O18
 1.0794171941035E+05 0.0000000000000E+00 0.0000000000000E+00 2.0000000000000E+01
A1O19
 1.0787887848922E+05 0.0000000000000E+00 0.0000000000000E+00 2.0000000000000E+01
A1O20
 1.0779403675059E+05 0.0000000000000E+00 0.0000000000000E+00 2.0000000000000E+01
A1O21
 1.0797669579456E+05 0.0000000000000E+00 0.0000000000000E+00 2.0000000000000E+01
A1O22
 1.0792645564497E+05 0.0000000000000E+00 0.0000000000000E+00 2.0000000000000E+01
A1O23
 1.0797603599222E+05 0.0000000000000E+00 0.0000000000000E+00 2.0000000000000E+01
A1O24
 1.0801999495781E+05 0.0000000000000E+00 0.0000000000000E+00 2.0000000000000E+01
A1O25
 1.0785580035442E+05 0.0000000000000E+00 0.0000000000000E+00 2.0000000000000E+01
A1O26
 1.0799269526635E+05 0.0000000000000E+00 0.0000000000000E+00 2.0000000000000E+01
A1O27
 1.0807748080475E+05 0.0000000000000E+00 0.0000000000000E+00 2.0000000000000E+01
A1O28
 1.0774672105101E+05 0.0000000000000E+00 0.0000000000000E+00 2.0000000000000E+01
A1O29
 1.0785828294627E+05 0.0000000000000E+00 0.0000000000000E+00 2.0000000000000E+01
A1O30
 1.0786292321071E+05 0.0000000000000E+00 0.0000000000000E+00 2.0000000000000E+01
A1O31
 1.0774445492309E+05 0.0000000000000E+00 0.0000000000000E+00 2.0000000000000E+01
A1O32
 1.0788902305822E+05 0.0000000000000E+00 0.0000000000000E+00 2.0000000000000E+01
A1O33
 1.0802564416731E+05 0.0000000000000E+00 0.0000000000000E+00 2.0000000000000E+01
A1O34
 1.0785491943755E+05 0.0000000000000E+00 0.0000000000000E+00 2.0000000000000E+01
A1O35
 1.0786739442508E+05 0.0000000000000E+00 0.0000000000000E+00 2.0000000000000E+01
A1O36
 1.0789680870729E+05 0.0000000000000E+00 0.0000000000000E+00 2.0000000000000E+01
A1O37
 1.0797046443225E+05 0.0000000000000E+00 0.0000000000000E+00 2.0000000000000E+01
A1O38
 1.0803501657297E+05 0.0000000000000E+00 0.0000000000000E+00 2.0000000000000E+01
A1O39
 1.0838029782774E+05 0.0000000000000E+00 0.0000000000000E+00 2.0000000000000E+01
A1O40
 1.0765921392516E+05 0.0000000000000E+00 0.0000000000000E+00 2.0000000000000E+01
A1O41
 1.1038581502839E+05 0.0000000000000E+00 0.0000000000000E+00 2.0000000000000E+01
A1O42
 1.0770868795224E+05 0.0000000000000E+00 0.0000000000000E+00 2.0000000000000E+01
A1O43
 1.0774138962154E+05 0.0000000000000E+00 0.0000000000000E+00 2.0000000000000E+01
A1O44
 1.0815887474642E+05 0.0000000000000E+00 0.0000000000000E+00 2.0000000000000E+01
A1O45
 1.0937707539790E+05 0.0000000000000E+00 0.0000000000000E+00 2.0000000000000E+01
A1O46
 1.0766164402176E+05 0.0000000000000E+00 0.0000000000000E+00 2.0000000000000E+01
A1O47
 1.0792040368244E+05 0.0000000000000E+00 0.0000000000000E+00 2.0000000000000E+01
A1O48
 1.0813311229785E+05 0.0000000000000E+00 0.0000000000000E+00 2.0000000000000E+01
A1O49
 1.0823441286236E+05 0.0000000000000E+00 0.0000000000000E+00 2.0000000000000E+01
A1O50
 1.0794686549959E+05 0.0000000000000E+00 0.0000000000000E+00 2.0000000000000E+01
A1O51
 1.0786336599443E+05 0.0000000000000E+00 0.0000000000000E+00 2.0000000000000E+01
A1O52
 1.0804103860074E+05 0.0000000000000E+00 0.0000000000000E+00 2.0000000000000E+01
A1O53
 1.0803300170976E+05 0.0000000000000E+00 0.0000000000000E+00 2.0000000000000E+01
A1O54
 1.1045798499458E+05 0.0000000000000E+00 0.0000000000000E+00 2.0000000000000E+01
A1O55
 1.0949937779066E+05 0.0000000000000E+00 0.0000000000000E+00 2.0000000000000E+01
A1O56
 1.0847931391200E+05 0.0000000000000E+00 0.0000000000000E+00 2.0000000000000E+01
A1O57
 1.0879735790420E+05 0.0000000000000E+00 0.0000000000000E+00 2.0000000000000E+01
A1O58
 1.0774379681243E+05 0.0000000000000E+00 0.0000000000000E+00 2.0000000000000E+01
A1O59
 1.0762653516156E+05 0.0000000000000E+00 0.0000000000000E+00 2.0000000000000E+01
A1O60
 1.1024000734018E+05 0.0000000000000E+00 0.0000000000000E+00 2.0000000000000E+01
A1O61
 1.0919074332100E+05 0.0000000000000E+00 0.0000000000000E+00 2.0000000000000E+01
A1O62
 1.0912838075953E+05 0.0000000000000E+00 0.0000000000000E+00 2.0000000000000E+01
A1O63
 1.0763059492086E+05 0.0000000000000E+00 0.0000000000000E+00 2.0000000000000E+01
A1O64
 1.0981582703034E+05 0.0000000000000E+00 0.0000000000000E+00 2.0000000000000E+01
A1O65
 1.0964868278500E+05 0.0000000000000E+00 0.0000000000000E+00 2.0000000000000E+01
A1O66
 1.1014785517574E+05 0.0000000000000E+00 0.0000000000000E+00 2.0000000000000E+01
A1O67
 1.0995296806734E+05 0.0000000000000E+00 0.0000000000000E+00 2.0000000000000E+01
A1O68
 1.0896791996659E+05 0.0000000000000E+00 0.0000000000000E+00 2.0000000000000E+01
A1O69
 1.0866417022050E+05 0.0000000000000E+00 0.0000000000000E+00 2.0000000000000E+01
A1O70
 1.1046848098931E+05 0.0000000000000E+00 0.0000000000000E+00 2.0000000000000E+01
A1O71
 1.1022627654939E+05 0.0000000000000E+00 0.0000000000000E+00 2.0000000000000E+01
A1O72
 1.0965141007082E+05 0.0000000000000E+00 0.0000000000000E+00 2.0000000000000E+01
A1O73
 1.0958947445765E+05 0.0000000000000E+00 0.0000000000000E+00 2.0000000000000E+01
A1O74
 1.0970104811782E+05 0.0000000000000E+00 0.0000000000000E+00 2.0000000000000E+01
A1O75
 1.1072771949510E+05 0.0000000000000E+00 0.0000000000000E+00 2.0000000000000E+01
A1O76
 1.1069556907344E+05 0.0000000000000E+00 0.0000000000000E+00 2.0000000000000E+01
A1O77
 1.0942837681802E+05 0.0000000000000E+00 0.0000000000000E+00 2.0000000000000E+01
A1O78
 1.1005065814359E+05 0.0000000000000E+00 0.0000000000000E+00 2.0000000000000E+01
A1O79
 1.1061210794387E+05 0.0000000000000E+00 0.0000000000000E+00 2.0000000000000E+01
A1O80
 1.1070367941013E+05 0.0000000000000E+00 0.0000000000000E+00 2.0000000000000E+01
A1O81
 1.0983219209695E+05 0.0000000000000E+00 0.0000000000000E+00 2.0000000000000E+01
A1O82
 1.1015763630242E+05 0.0000000000000E+00 0.0000000000000E+00 2.0000000000000E+01
A1O83
 1.1035580200189E+05 0.0000000000000E+00 0.0000000000000E+00 2.0000000000000E+01
A1O84
 1.1067433696320E+05 0.0000000000000E+00 0.0000000000000E+00 2.0000000000000E+01
A1O85
 1.0936198829442E+05 0.0000000000000E+00 0.0000000000000E+00 2.0000000000000E+01
A1O86
 1.0953983641065E+05 0.0000000000000E+00 0.0000000000000E+00 2.0000000000000E+01
A1O87
 1.1063405946475E+05 0.0000000000000E+00 0.0000000000000E+00 2.0000000000000E+01
A1O88
 1.1060665371267E+05 0.0000000000000E+00 0.0000000000000E+00 2.0000000000000E+01
A1O89
 1.0992441128217E+05 0.0000000000000E+00 0.0000000000000E+00 2.0000000000000E+01
A1O90
 1.1028716175491E+05 0.0000000000000E+00 0.0000000000000E+00 2.0000000000000E+01
A1O91
 1.0995843895837E+05 0.0000000000000E+00 0.0000000000000E+00 2.0000000000000E+01
A1O92
 1.1050327766745E+05 0.0000000000000E+00 0.0000000000000E+00 2.0000000000000E+01
A1O93
 1.0949253387951E+05 0.0000000000000E+00 0.0000000000000E+00 2.0000000000000E+01
A1O94
 1.0937650730891E+05 0.0000000000000E+00 0.0000000000000E+00 2.0000000000000E+01
A1O95
 1.0969360463677E+05 0.0000000000000E+00 0.0000000000000E+00 2.0000000000000E+01
A1O96
 1.1045282126587E+05 0.0000000000000E+00 0.0000000000000E+00 2.0000000000000E+01
A1O97
 1.1021678519081E+05 0.0000000000000E+00 0.0000000000000E+00 2.0000000000000E+01
A1O98
 1.1024906895053E+05 0.0000000000000E+00 0.0000000000000E+00 2.0000000000000E+01
A1O99
 1.0975397338575E+05 0.0000000000000E+00 0.0000000000000E+00 2.0000000000000E+01
A1P 0
 1.0956132867971E+05 0.0000000000000E+00 0.0000000000000E+00 2.0000000000000E+01
A1P 1
 1.0963369173463E+05 0.0000000000000E+00 0.0000000000000E+00 2.0000000000000E+01
A1P 2
 1.1040035990287E+05 0.0000000000000E+00 0.0000000000000E+00 2.0000000000000E+01
A1P 3
 1.1008080070684E+05 0.0000000000000E+00 0.0000000000000E+00 2.0000000000000E+01
A1P 4
 1.0914790681666E+05 0.0000000000000E+00 0.0000000000000E+00 2.0000000000000E+01
A1P 5
 1.0998541655495E+05 0.0000000000000E+00 0.0000000000000E+00 2.0000000000000E+01
A1P 6
 1.0949437829599E+05 0.0000000000000E+00 0.0000000000000E+00 2.0000000000000E+01
A1P 7
 1.0950646239948E+05 0.0000000000000E+00 0.0000000000000E+00 2.0000000000000E+01
A1P 8
 1.1052808182773E+05 0.0000000000000E+00 0.0000000000000E+00 2.0000000000000E+01
A1P 9
 1.1019438041555E+05 0.0000000000000E+00 0.0000000000000E+00 2.0000000000000E+01
A1P10
 1.1016336089433E+05 0.0000000000000E+00 0.0000000000000E+00 2.0000000000000E+01
A1P11
 1.1066128254356E+05 0.0000000000000E+00 0.0000000000000E+00 2.0000000000000E+01
A1P12
 1.0967459851864E+05 0.0000000000000E+00 0.0000000000000E+00 2.0000000000000E+01
A1P13
 1.1001944353537E+05 0.0000000000000E+00 0.0000000000000E+00 2.0000000000000E+01
A1P14
 1.1028121765807E+05 0.0000000000000E+00 0.0000000000000E+00 2.0000000000000E+01
A1P15
 1.0921794283905E+05 0.0000000000000E+00 0.0000000000000E+00 2.0000000000000E+01
A1P16
 1.0911842973505E+05 0.0000000000000E+00 0.0000000000000E+00 2.0000000000000E+01
A1P17
 1.0951832432654E+05 0.0000000000000E+00 0.0000000000000E+00 2.0000000000000E+01
A1P18
 1.0939552803017E+05 0.0000000000000E+00 0.0000000000000E+00 2.0000000000000E+01
A1P19
 1.0985211909638E+05 0.0000000000000E+00 0.0000000000000E+00 2.0000000000000E+01
A1P20
 1.1035759298558E+05 0.0000000000000E+00 0.0000000000000E+00 2.0000000000000E+01
A1P21
 1.1028808524599E+05 0.0000000000000E+00 0.0000000000000E+00 2.0000000000000E+01
A1P22
 1.0884110000124E+05 0.0000000000000E+00 0.0000000000000E+00 2.0000000000000E+01
A1P23
 1.1059654090533E+05 0.0000000000000E+00 0.0000000000000E+00 2.0000000000000E+01
A1P24
 1.1050209210307E+05 0.0000000000000E+00 0.0000000000000E+00 2.0000000000000E+01
A1P25
 1.1005693881279E+05 0.0000000000000E+00 0.0000000000000E+00 2.0000000000000E+01
A1P26
 1.1054645215653E+05 0.0000000000000E+00 0.0000000000000E+00 2.0000000000000E+01
A1P27
 1.0956326028727E+05 0.0000000000000E+00 0.0000000000000E+00 2.0000000000000E+01
A1P28
 1.0975806531244E+05 0.0000000000000E+00 0.0000000000000E+00 2.0000000000000E+01
A1P29
 1.0896297347648E+05 0.0000000000000E+00 0.0000000000000E+00 2.0000000000000E+01
A1P30
 1.0956310877667E+05 0.0000000000000E+00 0.0000000000000E+00 2.0000000000000E+01
A1P31
 1.0895494740030E+05 0.0000000000000E+00 0.0000000000000E+00 2.0000000000000E+01
A1P32
 1.0925496866468E+05 0.0000000000000E+00 0.0000000000000E+00 2.0000000000000E+01
A1P33
 1.1036931872295E+05 0.0000000000000E+00 0.0000000000000E+00 2.0000000000000E+01
A1P34
 1.0961330450389E+05 0.0000000000000E+00 0.0000000000000E+00 2.0000000000000E+01
A1P35
 1.0956174665703E+05 0.0000000000000E+00 0.0000000000000E+00 2.0000000000000E+01
A1P36
 1.0927647554981E+05 0.0000000000000E+00 0.0000000000000E+00 2.0000000000000E+01
A1P37
 1.1044621898606E+05 0.0000000000000E+00 0.0000000000000E+00 2.0000000000000E+01
A1P38
 1.0913294599544E+05 0.0000000000000E+00 0.0000000000000E+00 2.0000000000000E+01
A1P39
 1.0917210985077E+05 0.0000000000000E+00 0.0000000000000E+00 2.0000000000000E+01
A1P40
 1.0933673861716E+05 0.0000000000000E+00 0.0000000000000E+00 2.0000000000000E+01
A1P41
 1.0962100513087E+05 0.0000000000000E+00 0.0000000000000E+00 2.0000000000000E+01
A1P42
 1.0906754127034E+05 0.0000000000000E+00 0.0000000000000E+00 2.0000000000000E+01
A1P43
 1.0989003688741E+05 0.0000000000000E+00 0.0000000000000E+00 2.0000000000000E+01
A1P44
 1.0979450525434E+05 0.0000000000000E+00 0.0000000000000E+00 2.0000000000000E+01
A1P45
 1.1023337199036E+05 0.0000000000000E+00 0.0000000000000E+00 2.0000000000000E+01
A1P46
 1.0980363619690E+05 0.0000000000000E+00 0.0000000000000E+00 2.0000000000000E+01
A1P47
 1.1011716251348E+05 0.0000000000000E+00 0.0000000000000E+00 2.0000000000000E+01
A1P48
 1.1002997447958E+05 0.0000000000000E+00 0.0000000000000E+00 2.0000000000000E+01
A1P49
 1.1060185337852E+05 0.0000000000000E+00 0.0000000000000E+00 2.0000000000000E+01
A1P50
 1.0949300580499E+05 0.0000000000000E+00 0.0000000000000E+00 2.0000000000000E+01
A1P51
 1.1069559213243E+05 0.0000000000000E+00 0.0000000000000E+00 2.0000000000000E+01
A1P52
 1.0928178377928E+05 0.0000000000000E+00 0.0000000000000E+00 2.0000000000000E+01
A1P53
 1.0974066001501E+05 0.0000000000000E+00 0.0000000000000E+00 2.0000000000000E+01
A1P54
 1.1051321578180E+05 0.0000000000000E+00 0.0000000000000E+00 2.0000000000000E+01
A1P55
 1.1016918742359E+05 0.0000000000000E+00 0.0000000000000E+00 2.0000000000000E+01
A1P56
 1.1078429528650E+05 0.0000000000000E+00 0.0000000000000E+00 2.0000000000000E+01
A1P57
 1.1039531865300E+05 0.0000000000000E+00 0.0000000000000E+00 2.0000000000000E+01
A1P58
 1.1026999749166E+05 0.0000000000000E+00 0.0000000000000E+00 2.0000000000000E+01
A1P59
 1.0951229283309E+05 0.0000000000000E+00 0.0000000000000E+00 2.0000000000000E+01
A1P60
 1.0987610513822E+05 0.0000000000000E+00 0.0000000000000E+00 2.0000000000000E+01
A1P61
 1.0971585084655E+05 0.0000000000000E+00 0.0000000000000E+00 2.0000000000000E+01
A1P62
 1.1006131378762E+05 0.0000000000000E+00 0.0000000000000E+00 2.0000000000000E+01
A1P63
 1.1066769851916E+05 0.0000000000000E+00 0.0000000000000E+00 2.0000000000000E+01
A1P64
 1.1033723915970E+05 0.0000000000000E+00 0.0000000000000E+00 2.0000000000000E+01
A1P65
 1.1011180905863E+05 0.0000000000000E+00 0.0000000000000E+00 2.0000000000000E+01
A1P66
 1.0979958341683E+05 0.0000000000000E+00 0.0000000000000E+00 2.0000000000000E+01
A1P67
 1.1011589897726E+05 0.0000000000000E+00 0.0000000000000E+00 2.0000000000000E+01
A1P68
 1.1043107464345E+05 0.0000000000000E+00 0.0000000000000E+00 2.0000000000000E+01
A1P69
 1.0991811567680E+05 0.0000000000000E+00 0.0000000000000E+00 2.0000000000000E+01
A1P70
 1.0918317206158E+05 0.0000000000000E+00 0.0000000000000E+00 2.0000000000000E+01
A1P71
 1.1017113296696E+05 0.0000000000000E+00 0.0000000000000E+00 2.0000000000000E+01
A1P72
 1.1053945359366E+05 0.0000000000000E+00 0.0000000000000E+00 2.0000000000000E+01
A1P73
 1.0923570246631E+05 0.0000000000000E+00 0.0000000000000E+00 2.0000000000000E+01
A1P74
 1.1017926867094E+05 0.0000000000000E+00 0.0000000000000E+00 2.0000000000000E+01
A1P75
 1.1049606833496E+05 0.0000000000000E+00 0.0000000000000E+00 2.0000000000000E+01
A1P76
 1.1011585991647E+05 0.0000000000000E+00 0.0000000000000E+00 2.0000000000000E+01
A1P77
 1.0883127972734E+05 0.0000000000000E+00 0.0000000000000E+00 2.0000000000000E+01
A1P78
 1.0900205779729E+05 0.0000000000000E+00 0.0000000000000E+00 2.0000000000000E+01
A1P79
 1.1063818782593E+05 0.0000000000000E+00 0.0000000000000E+00 2.0000000000000E+01
A1P80
 1.0976986763686E+05 0.0000000000000E+00 0.0000000000000E+00 2.0000000000000E+01
A1P81
 1.0912939838851E+05 0.0000000000000E+00 0.0000000000000E+00 2.0000000000000E+01
A1P82
 1.1053115454043E+05 0.0000000000000E+00 0.0000000000000E+00 2.0000000000000E+01
A1P83
 1.0922182734830E+05 0.0000000000000E+00 0.0000000000000E+00 2.0000000000000E+01
A1P84
 1.0931368114165E+05 0.0000000000000E+00 0.0000000000000E+00 2.0000000000000E+01
A1P85
 1.0921112025877E+05 0.0000000000000E+00 0.0000000000000E+00 2.0000000000000E+01
A1P86
 1.0977733236339E+05 0.0000000000000E+00 0.0000000000000E+00 2.0000000000000E+01
A1P87
 1.0938180918784E+05 0.0000000000000E+00 0.0000000000000E+00 2.0000000000000E+01
A1P88
 1.1070184272562E+05 0.0000000000000E+00 0.0000000000000E+00 2.0000000000000E+01
A1P89
 1.0948970553534E+05 0.0000000000000E+00 0.0000000000000E+00 2.0000000000000E+01
A1P90
 1.0895985853690E+05 0.0000000000000E+00 0.0000000000000E+00 2.0000000000000E+01
A1P91
 1.0917862340139E+05 0.0000000000000E+00 0.0000000000000E+00 2.0000000000000E+01
A1P92
 1.0922109641685E+05 0.0000000000000E+00 0.0000000000000E+00 2.0000000000000E+01
A1P93
 1.0955648019475E+05 0.0000000000000E+00 0.0000000000000E+00 2.0000000000000E+01
A1P94
 1.0926428629505E+05 0.0000000000000E+00 0.0000000000000E+00 2.0000000000000E+01
A1P95
 1.1020595920979E+05 0.0000000000000E+00 0.0000000000000E+00 2.0000000000000E+01
A1P96
 1.0941376971260E+05 0.0000000000000E+00 0.0000000000000E+00 2.0000000000000E+01
A1P97
 1.0943140323048E+05 0.0000000000000E+00 0.0000000000000E+00 2.0000000000000E+01
A1P98
 1.0939013819462E+05 0.0000000000000E+00 0.0000000000000E+00 2.0000000000000E+01
A1P99
 1.0954729581613E+05 0.0000000000000E+00 0.0000000000000E+00 2.0000000000000E+01
A1Q 0
 1.0935557437499E+05 0.0000000000000E+00 0.0000000000000E+00 2.0000000000000E+01
A1Q 1
 1.0934359306266E+05 0.0000000000000E+00 0.0000000000000E+00 2.0000000000000E+01
A1Q 2
 1.0929275145800E+05 0.0000000000000E+00 0.0000000000000E+00 2.0000000000000E+01
A1Q 3
 1.0974397098013E+05 0.0000000000000E+00 0.0000000000000E+00 2.0000000000000E+01
A1Q 4
 1.0937656248035E+05 0.0000000000000E+00 0.0000000000000E+00 2.0000000000000E+01
A1Q 5
 1.0946624112449E+05 0.0000000000000E+00 0.0000000000000E+00 2.0000000000000E+01
A1Q 6
 1.0937405439226E+05 0.0000000000000E+00 0.0000000000000E+00 2.0000000000000E+01
A1Q 7
 1.0998878908817E+05 0.0000000000000E+00 0.0000000000000E+00 2.0000000000000E+01
A1Q 8
 1.0936055587634E+05 0.0000000000000E+00 0.0000000000000E+00 2.0000000000000E+01
A1Q 9
 1.0981874675969E+05 0.0000000000000E+00 0.0000000000000E+00 2.0000000000000E+01
A1Q10
 1.0984252938711E+05 0.0000000000000E+00 0.0000000000000E+00 2.0000000000000E+01
A1Q11
 1.0887322758253E+05 0.0000000000000E+00 0.0000000000000E+00 2.0000000000000E+01
A1Q12
 1.0970276065454E+05 0.0000000000000E+00 0.0000000000000E+00 2.0000000000000E+01
A1Q13
 1.1057488158607E+05 0.0000000000000E+00 0.0000000000000E+00 2.0000000000000E+01
A1Q14
 1.0996088664509E+05 0.0000000000000E+00 0.0000000000000E+00 2.0000000000000E+01
A1Q15
 1.0985391774841E+05 0.0000000000000E+00 0.0000000000000E+00 2.0000000000000E+01
A1Q16
 1.0934516695599E+05 0.0000000000000E+00 0.0000000000000E+00 2.0000000000000E+01
A1Q17
 1.0978943372681E+05 0.0000000000000E+00 0.0000000000000E+00 2.0000000000000E+01
A1Q18
 1.1024279342573E+05 0.0000000000000E+00 0.0000000000000E+00 2.0000000000000E+01
A1Q19
 1.1063791749072E+05 0.0000000000000E+00 0.0000000000000E+00 2.0000000000000E+01
A1Q20
 1.0950831782330E+05 0.0000000000000E+00 0.0000000000000E+00 2.0000000000000E+01
A1Q21
 1.0993654205038E+05 0.0000000000000E+00 0.0000000000000E+00 2.0000000000000E+01
A1Q22
 1.0929787610723E+05 0.0000000000000E+00 0.0000000000000E+00 2.0000000000000E+01
A1Q23
 1.0955081054259E+05 0.0000000000000E+00 0.0000000000000E+00 2.0000000000000E+01
A1Q24
 1.0942270410508E+05 0.0000000000000E+00 0.0000000000000E+00 2.0000000000000E+01
A1Q25
 1.0977305372529E+05 0.0000000000000E+00 0.0000000000000E+00 2.0000000000000E+01
A1Q26
 1.0964188128049E+05 0.0000000000000E+00 0.0000000000000E+00 2.0000000000000E+01
A1Q27
 1.0999914432937E+05 0.0000000000000E+00 0.0000000000000E+00 2.0000000000000E+01
A1Q28
 1.1010237976729E+05 0.0000000000000E+00 0.0000000000000E+00 2.0000000000000E+01
A1Q29
 1.0980878701271E+05 0.0000000000000E+00 0.0000000000000E+00 2.0000000000000E+01
A1Q30
 1.0999385498582E+05 0.0000000000000E+00 0.0000000000000E+00 2.0000000000000E+01
A1Q31
 1.1081008071751E+05 0.0000000000000E+00 0.0000000000000E+00 2.0000000000000E+01
A1Q32
 1.0967245764588E+05 0.0000000000000E+00 0.0000000000000E+00 2.0000000000000E+01
A1Q33
 1.0911025366369E+05 0.0000000000000E+00 0.0000000000000E+00 2.0000000000000E+01
A1Q34
 1.0890000958831E+05 0.0000000000000E+00 0.0000000000000E+00 2.0000000000000E+01
A1Q35
 1.1037038081507E+05 0.0000000000000E+00 0.0000000000000E+00 2.0000000000000E+01
A1Q36
 1.1072735247432E+05 0.0000000000000E+00 0.0000000000000E+00 2.0000000000000E+01
A1Q37
 1.0952624408049E+05 0.0000000000000E+00 0.0000000000000E+00 2.0000000000000E+01
A1Q38
 1.1045704480104E+05 0.0000000000000E+00 0.0000000000000E+00 2.0000000000000E+01
A1Q39
 1.0983384894753E+05 0.0000000000000E+00 0.0000000000000E+00 2.0000000000000E+01
A1Q40
 1.0886980526552E+05 0.0000000000000E+00 0.0000000000000E+00 2.0000000000000E+01
A1Q41
 1.0919302211603E+05 0.0000000000000E+00 0.0000000000000E+00 2.0000000000000E+01
A1Q42
 1.0986908672503E+05 0.0000000000000E+00 0.0000000000000E+00 2.0000000000000E+01
A1Q43
 1.0916899660320E+05 0.0000000000000E+00 0.0000000000000E+00 2.0000000000000E+01
A1Q44
 1.1000276119623E+05 0.0000000000000E+00 0.0000000000000E+00 2.0000000000000E+01
A1Q45
 1.0900642699860E+05 0.0000000000000E+00 0.0000000000000E+00 2.0000000000000E+01
A1Q46
 1.0950777207127E+05 0.0000000000000E+00 0.0000000000000E+00 2.0000000000000E+01
A1Q47
 1.0969784116073E+05 0.0000000000000E+00 0.0000000000000E+00 2.0000000000000E+01
A1Q48
 1.0986320698106E+05 0.0000000000000E+00 0.0000000000000E+00 2.0000000000000E+01
A1Q49
 1.1111195381135E+05 0.0000000000000E+00 0.0000000000000E+00 2.0000000000000E+01
A1Q50
 1.0892383894680E+05 0.0000000000000E+00 0.0000000000000E+00 2.0000000000000E+01
A1Q51
 1.0957728683485E+05 0.0000000000000E+00 0.0000000000000E+00 2.0000000000000E+01
A1Q52
 1.0992298867427E+05 0.0000000000000E+00 0.0000000000000E+00 2.0000000000000E+01
A1Q53
 1.1054665335748E+05 0.0000000000000E+00 0.0000000000000E+00 2.0000000000000E+01
A1Q54
 1.0876228207215E+05 0.0000000000000E+00 0.0000000000000E+00 2.0000000000000E+01
A1Q55
 1.0970863475679E+05 0.0000000000000E+00 0.0000000000000E+00 2.0000000000000E+01
A1Q56
 1.0945579054879E+05 0.0000000000000E+00 0.0000000000000E+00 2.0000000000000E+01
A1Q57
 1.1006408249578E+05 0.0000000000000E+00 0.0000000000000E+00 2.0000000000000E+01
A1Q58
 1.0980227734225E+05 0.0000000000000E+00 0.0000000000000E+00 2.0000000000000E+01
A1Q59
 1.1019653963312E+05 0.0000000000000E+00 0.0000000000000E+00 2.0000000000000E+01
A1Q60
 1.1087085337520E+05 0.0000000000000E+00 0.0000000000000E+00 2.0000000000000E+01
A1Q61
 1.0972600164144E+05 0.0000000000000E+00 0.0000000000000E+00 2.0000000000000E+01
A1Q62
 1.0926993382080E+05 0.0000000000000E+00 0.0000000000000E+00 2.0000000000000E+01
A1Q63
 1.0910229009285E+05 0.0000000000000E+00 0.0000000000000E+00 2.0000000000000E+01
A1Q64
 1.0899694913667E+05 0.0000000000000E+00 0.0000000000000E+00 2.0000000000000E+01
A1Q65
 1.0946164602566E+05 0.0000000000000E+00 0.0000000000000E+00 2.0000000000000E+01
A1Q66
 1.0982300737989E+05 0.0000000000000E+00 0.0000000000000E+00 2.0000000000000E+01
A1Q67
 1.0971856522217E+05 0.0000000000000E+00 0.0000000000000E+00 2.0000000000000E+01
A1Q68
 1.0944113837505E+05 0.0000000000000E+00 0.0000000000000E+00 2.0000000000000E+01
A1Q69
 1.1051688609968E+05 0.0000000000000E+00 0.0000000000000E+00 2.0000000000000E+01
A1Q70
 1.0998872357376E+05 0.0000000000000E+00 0.0000000000000E+00 2.0000000000000E+01
A1Q71
 1.0959255036610E+05 0.0000000000000E+00 0.0000000000000E+00 2.0000000000000E+01
A1Q72
 1.0951565615958E+05 0.0000000000000E+00 0.0000000000000E+00 2.0000000000000E+01
A1Q73
 1.1000318957061E+05 0.0000000000000E+00 0.0000000000000E+00 2.0000000000000E+01
A1Q74
 1.0987328622642E+05 0.0000000000000E+00 0.0000000000000E+00 2.0000000000000E+01
A1Q75
 1.0959332085922E+05 0.0000000000000E+00 0.0000000000000E+00 2.0000000000000E+01
A1Q76
 1.0945031459605E+05 0.0000000000000E+00 0.0000000000000E+00 2.0000000000000E+01
A1Q77
 1.1006691836162E+05 0.0000000000000E+00 0.0000000000000E+00 2.0000000000000E+01
A1Q78
 1.1011989930846E+05 0.0000000000000E+00 0.0000000000000E+00 2.0000000000000E+01
A1Q79
 1.1083627020316E+05 0.0000000000000E+00 0.0000000000000E+00 2.0000000000000E+01
A1Q80
 1.0987170527802E+05 0.0000000000000E+00 0.0000000000000E+00 2.0000000000000E+01
A1Q81
 1.1006512547063E+05 0.0000000000000E+00 0.0000000000000E+00 2.0000000000000E+01
A1Q82
 1.1072845736667E+05 0.0000000000000E+00 0.0000000000000E+00 2.0000000000000E+01
A1Q83
 1.0973027850134E+05 0.0000000000000E+00 0.0000000000000E+00 2.0000000000000E+01
A1Q84
 1.0982301315777E+05 0.0000000000000E+00 0.0000000000000E+00 2.0000000000000E+01
A1Q85
 1.1018712961296E+05 0.0000000000000E+00 0.0000000000000E+00 2.0000000000000E+01
A1Q86
 1.1004454243020E+05 0.0000000000000E+00 0.0000000000000E+00 2.0000000000000E+01
A1Q87
 1.1028106986888E+05 0.0000000000000E+00 0.0000000000000E+00 2.0000000000000E+01
A1Q88
 1.1080646578016E+05 0.0000000000000E+00 0.0000000000000E+00 2.0000000000000E+01
A1Q89
 1.0958189216335E+05 0.0000000000000E+00 0.0000000000000E+00 2.0000000000000E+01
A1Q90
 1.0949310179098E+05 0.0000000000000E+00 0.0000000000000E+00 2.0000000000000E+01
A1Q91
 1.1019038914967E+05 0.0000000000000E+00 0.0000000000000E+00 2.0000000000000E+01
A1Q92
 1.1003107207237E+05 0.0000000000000E+00 0.0000000000000E+00 2.0000000000000E+01
A1Q93
 1.0930621853178E+05 0.0000000000000E+00 0.0000000000000E+00 2.0000000000000E+01
A1Q94
 1.0979133457671E+05 0.0000000000000E+00 0.0000000000000E+00 2.0000000000000E+01
A1Q95
 1.0911680516703E+05 0.0000000000000E+00 0.0000000000000E+00 2.0000000000000E+01
A1Q96
 1.0889507940843E+05 0.0000000000000E+00 0.0000000000000E+00 2.0000000000000E+01
A1Q97
 1.1066026170754E+05 0.0000000000000E+00 0.0000000000000E+00 2.0000000000000E+01
A1Q98
 1.0883203000980E+05 0.0000000000000E+00 0.0000000000000E+00 2.0000000000000E+01
A1Q99
 1.1082480528084E+05 0.0000000000000E+00 0.0000000000000E+00 2.0000000000000E+01
A1R 0
 1.0889935519390E+05 0.0000000000000E+00 0.0000000000000E+00 2.0000000000000E+01
A1R 1
 1.1010926605738E+05 0.0000000000000E+00 0.0000000000000E+00 2.0000000000000E+01
A1R 2
 1.0985065564359E+05 0.0000000000000E+00 0.0000000000000E+00 2.0000000000000E+01
A1R 3
 1.1003589566337E+05 0.0000000000000E+00 0.0000000000000E+00 2.0000000000000E+01
A1R 4
 1.1017321614957E+05 0.0000000000000E+00 0.0000000000000E+00 2.0000000000000E+01
A1R 5
 1.1038467401672E+05 0.0000000000000E+00 0.0000000000000E+00 2.0000000000000E+01
A1R 6
 1.1011807458957E+05 0.0000000000000E+00 0.0000000000000E+00 2.0000000000000E+01
A1R 7
 1.0980946874691E+05 0.0000000000000E+00 0.0000000000000E+00 2.0000000000000E+01
A1R 8
 1.1014665878637E+05 0.0000000000000E+00 0.0000000000000E+00 2.0000000000000E+01
A1R 9
 1.0938927131663E+05 0.0000000000000E+00 0.0000000000000E+00 2.0000000000000E+01
A1R10
 1.0990398816056E+05 0.0000000000000E+00 0.0000000000000E+00 2.0000000000000E+01
A1R11
 1.0947685487247E+05 0.0000000000000E+00 0.0000000000000E+00 2.0000000000000E+01
A1R12
 1.0945564681275E+05 0.0000000000000E+00 0.0000000000000E+00 2.0000000000000E+01
A1R13
 1.0942421745087E+05 0.0000000000000E+00 0.0000000000000E+00 2.0000000000000E+01
A1R14
 1.0926612479840E+05 0.0000000000000E+00 0.0000000000000E+00 2.0000000000000E+01
A1R15
 1.0938635036613E+05 0.0000000000000E+00 0.0000000000000E+00 2.0000000000000E+01
A1R16
 1.1016409417963E+05 0.0000000000000E+00 0.0000000000000E+00 2.0000000000000E+01
A1R17
 1.1026803155004E+05 0.0000000000000E+00 0.0000000000000E+00 2.0000000000000E+01
A1R18
 1.1021736483677E+05 0.0000000000000E+00 0.0000000000000E+00 2.0000000000000E+01
A1R19
 1.1078686817122E+05 0.0000000000000E+00 0.0000000000000E+00 2.0000000000000E+01
A1R20
 1.1047303115269E+05 0.0000000000000E+00 0.0000000000000E+00 2.0000000000000E+01
A1R21
 1.0951053262091E+05 0.0000000000000E+00 0.0000000000000E+00 2.0000000000000E+01
A1R22
 1.0980408723331E+05 0.0000000000000E+00 0.0000000000000E+00 2.0000000000000E+01
A1R23
 1.1003316278754E+05 0.0000000000000E+00 0.0000000000000E+00 2.0000000000000E+01
A1R24
 1.1061047567221E+05 0.0000000000000E+00 0.0000000000000E+00 2.0000000000000E+01
A1R25
 1.0958354510501E+05 0.0000000000000E+00 0.0000000000000E+00 2.0000000000000E+01
A1R26
 1.0899724353390E+05 0.0000000000000E+00 0.0000000000000E+00 2.0000000000000E+01
A1R27
 1.0925620063264E+05 0.0000000000000E+00 0.0000000000000E+00 2.0000000000000E+01
A1R28
 1.0896538427437E+05 0.0000000000000E+00 0.0000000000000E+00 2.0000000000000E+01
A1R29
 1.0985133182613E+05 0.0000000000000E+00 0.0000000000000E+00 2.0000000000000E+01
A1R30
 1.1008172055405E+05 0.0000000000000E+00 0.0000000000000E+00 2.0000000000000E+01
A1R31
 1.0879100663590E+05 0.0000000000000E+00 0.0000000000000E+00 2.0000000000000E+01
A1R32
 1.0945133918791E+05 0.0000000000000E+00 0.0000000000000E+00 2.0000000000000E+01
A1R33
 1.0900435929504E+05 0.0000000000000E+00 0.0000000000000E+00 2.0000000000000E+01
A1R34
 1.1009458563409E+05 0.0000000000000E+00 0.0000000000000E+00 2.0000000000000E+01
A1R35
 1.0920251824777E+05 0.0000000000000E+00 0.0000000000000E+00 2.0000000000000E+01
A1R36
 1.0938813635268E+05 0.0000000000000E+00 0.0000000000000E+00 2.0000000000000E+01
A1R37
 1.0881094111713E+05 0.0000000000000E+00 0.0000000000000E+00 2.0000000000000E+01
A1R38
 1.0907847462306E+05 0.0000000000000E+00 0.0000000000000E+00 2.0000000000000E+01
A1R39
 1.0876003304007E+05 0.0000000000000E+00 0.0000000000000E+00 2.0000000000000E+01
A1R40
 1.0983188007520E+05 0.0000000000000E+00 0.0000000000000E+00 2.0000000000000E+01
A1R41
 1.0877557025349E+05 0.0000000000000E+00 0.0000000000000E+00 2.0000000000000E+01
A1R42
 1.1072099639280E+05 0.0000000000000E+00 0.0000000000000E+00 2.0000000000000E+01
A1R43
 1.0970203585661E+05 0.0000000000000E+00 0.0000000000000E+00 2.0000000000000E+01
A1R44
 1.1009181379509E+05 0.0000000000000E+00 0.0000000000000E+00 2.0000000000000E+01
A1R45
 1.0888282403085E+05 0.0000000000000E+00 0.0000000000000E+00 2.0000000000000E+01
A1R46
 1.1008827718905E+05 0.0000000000000E+00 0.0000000000000E+00 2.0000000000000E+01
A1R47
 1.0877299182994E+05 0.0000000000000E+00 0.0000000000000E+00 2.0000000000000E+01
A1R48
 1.0875949302075E+05 0.0000000000000E+00 0.0000000000000E+00 2.0000000000000E+01
A1R49
 1.0883169627792E+05 0.0000000000000E+00 0.0000000000000E+00 2.0000000000000E+01
A1R50
 1.0887320521117E+05 0.0000000000000E+00 0.0000000000000E+00 2.0000000000000E+01
A1R51
 1.0974481094784E+05 0.0000000000000E+00 0.0000000000000E+00 2.0000000000000E+01
A1R52
 1.0972360109659E+05 0.0000000000000E+00 0.0000000000000E+00 2.0000000000000E+01
A1R53
 1.0983864767749E+05 0.0000000000000E+00 0.0000000000000E+00 2.0000000000000E+01
A1R54
 1.1096026969352E+05 0.0000000000000E+00 0.0000000000000E+00 2.0000000000000E+01
A1R55
 1.0881081913395E+05 0.0000000000000E+00 0.0000000000000E+00 2.0000000000000E+01
A1R56
 1.0989259669833E+05 0.0000000000000E+00 0.0000000000000E+00 2.0000000000000E+01
A1R57
 1.0954653155046E+05 0.0000000000000E+00 0.0000000000000E+00 2.0000000000000E+01
A1R58
 1.0929089747964E+05 0.0000000000000E+00 0.0000000000000E+00 2.0000000000000E+01
A1R59
 1.0969653575619E+05 0.0000000000000E+00 0.0000000000000E+00 2.0000000000000E+01
A1R60
 1.0976842079142E+05 0.0000000000000E+00 0.0000000000000E+00 2.0000000000000E+01
A1R61
 1.1044192089014E+05 0.0000000000000E+00 0.0000000000000E+00 2.0000000000000E+01
A1R62
 1.0916398775779E+05 0.0000000000000E+00 0.0000000000000E+00 2.0000000000000E+01
A1R63
 1.0998546292461E+05 0.0000000000000E+00 0.0000000000000E+00 2.0000000000000E+01
A1R64
 1.0984265250716E+05 0.0000000000000E+00 0.0000000000000E+00 2.0000000000000E+01
A1R65
 1.0888958970206E+05 0.0000000000000E+00 0.0000000000000E+00 2.0000000000000E+01
A1R66
 1.0980831388895E+05 0.0000000000000E+00 0.0000000000000E+00 2.0000000000000E+01
A1R67
 1.1018351060818E+05 0.0000000000000E+00 0.0000000000000E+00 2.0000000000000E+01
A1R68
 1.0894984135715E+05 0.0000000000000E+00 0.0000000000000E+00 2.0000000000000E+01
A1R69
 1.1007361523566E+05 0.0000000000000E+00 0.0000000000000E+00 2.0000000000000E+01
A1R70
 1.1002076779003E+05 0.0000000000000E+00 0.0000000000000E+00 2.0000000000000E+01
A1R71
 1.0981190671001E+05 0.0000000000000E+00 0.0000000000000E+00 2.0000000000000E+01
A1R72
 1.0920844482813E+05 0.0000000000000E+00 0.0000000000000E+00 2.0000000000000E+01
A1R73
 1.0948857159781E+05 0.0000000000000E+00 0.0000000000000E+00 2.0000000000000E+01
A1R74
 1.0985556060345E+05 0.0000000000000E+00 0.0000000000000E+00 2.0000000000000E+01
A1R75
 1.0990807835211E+05 0.0000000000000E+00 0.0000000000000E+00 2.0000000000000E+01
A1R76
 1.0940759161108E+05 0.0000000000000E+00 0.0000000000000E+00 2.0000000000000E+01
A1R77
 1.0989844417779E+05 0.0000000000000E+00 0.0000000000000E+00 2.0000000000000E+01
A1R78
 1.0980286292569E+05 0.0000000000000E+00 0.0000000000000E+00 2.0000000000000E+01
A1R79
 1.1053069955240E+05 0.0000000000000E+00 0.0000000000000E+00 2.0000000000000E+01
A1R80
 1.0997918470143E+05 0.0000000000000E+00 0.0000000000000E+00 2.0000000000000E+01
A1R81
 1.0970685612532E+05 0.0000000000000E+00 0.0000000000000E+00 2.0000000000000E+01
A1R82
 1.1051119162246E+05 0.0000000000000E+00 0.0000000000000E+00 2.0000000000000E+01
A1R83
 1.0993147756798E+05 0.0000000000000E+00 0.0000000000000E+00 2.0000000000000E+01
A1R84
 1.0968787022575E+05 0.0000000000000E+00 0.0000000000000E+00 2.0000000000000E+01
A1R85
 1.0943599942511E+05 0.0000000000000E+00 0.0000000000000E+00 2.0000000000000E+01
A1R86
 1.1012446846591E+05 0.0000000000000E+00 0.0000000000000E+00 2.0000000000000E+01
A1R87
 1.0995828901543E+05 0.0000000000000E+00 0.0000000000000E+00 2.0000000000000E+01
A1R88
 1.0985073175323E+05 0.0000000000000E+00 0.0000000000000E+00 2.0000000000000E+01
A1R89
 1.0951426542642E+05 0.0000000000000E+00 0.0000000000000E+00 2.0000000000000E+01
A1R90
 1.1034083335519E+05 0.0000000000000E+00 0.0000000000000E+00 2.0000000000000E+01
A1R91
 1.0976783144081E+05 0.0000000000000E+00 0.0000000000000E+00 2.0000000000000E+01
A1R92
 1.1035941108542E+05 0.0000000000000E+00 0.0000000000000E+00 2.0000000000000E+01
A1R93
 1.1030383265246E+05 0.0000000000000E+00 0.0000000000000E+00 2.0000000000000E+01
A1R94
 1.0891562060451E+05 0.0000000000000E+00 0.0000000000000E+00 2.0000000000000E+01
A1R95
 1.1033755867354E+05 0.0000000000000E+00 0.0000000000000E+00 2.0000000000000E+01
A1R96
 1.1032388485882E+05 0.0000000000000E+00 0.0000000000000E+00 2.0000000000000E+01
A1R97
 1.0976216825740E+05 0.0000000000000E+00 0.0000000000000E+00 2.0000000000000E+01
A1R98
 1.0991182149615E+05 0.0000000000000E+00 0.0000000000000E+00 2.0000000000000E+01
A1R99
 1.1006825768585E+05 0.0000000000000E+00 0.0000000000000E+00 2.0000000000000E+01
A1S 0
 1.0997158290963E+05 0.0000000000000E+00 0.0000000000000E+00 2.0000000000000E+01
A1S 1
 1.0875992707678E+05 0.0000000000000E+00 0.0000000000000E+00 2.0000000000000E+01
A1S 2
 1.0974030969941E+05 0.0000000000000E+00 0.0000000000000E+00 2.0000000000000E+01
A1S 3
 1.1030929683214E+05 0.0000000000000E+00 0.0000000000000E+00 2.0000000000000E+01
A1S 4
 1.0991790779661E+05 0.0000000000000E+00 0.0000000000000E+00 2.0000000000000E+01
A1S 5
 1.0978282291510E+05 0.0000000000000E+00 0.0000000000000E+00 2.0000000000000E+01
A1S 6
 1.0916563387844E+05 0.0000000000000E+00 0.0000000000000E+00 2.0000000000000E+01
A1S 7
 1.1098170466881E+05 0.0000000000000E+00 0.0000000000000E+00 2.0000000000000E+01
A1S 8
 1.0995210333358E+05 0.0000000000000E+00 0.0000000000000E+00 2.0000000000000E+01
A1S 9
 1.1008297828028E+05 0.0000000000000E+00 0.0000000000000E+00 2.0000000000000E+01
A1S10
 1.0985527861103E+05 0.0000000000000E+00 0.0000000000000E+00 2.0000000000000E+01
A1S11
 1.0930162847672E+05 0.0000000000000E+00 0.0000000000000E+00 2.0000000000000E+01
A1S12
 1.0987654233396E+05 0.0000000000000E+00 0.0000000000000E+00 2.0000000000000E+01
A1S13
 1.0986960082761E+05 0.0000000000000E+00 0.0000000000000E+00 2.0000000000000E+01
A1S14
 1.0916134587267E+05 0.0000000000000E+00 0.0000000000000E+00 2.0000000000000E+01
A1S15
 1.1009130982776E+05 0.0000000000000E+00 0.0000000000000E+00 2.0000000000000E+01
A1S16
 1.1070984926846E+05 0.0000000000000E+00 0.0000000000000E+00 2.0000000000000E+01
A1S17
 1.0972743812796E+05 0.0000000000000E+00 0.0000000000000E+00 2.0000000000000E+01
A1S18
 1.0981890101703E+05 0.0000000000000E+00 0.0000000000000E+00 2.0000000000000E+01
A1S19
 1.0996975584160E+05 0.0000000000000E+00 0.0000000000000E+00 2.0000000000000E+01
A1S20
 1.1041180548587E+05 0.0000000000000E+00 0.0000000000000E+00 2.0000000000000E+01
A1S21
 1.0921789113563E+05 0.0000000000000E+00 0.0000000000000E+00 2.0000000000000E+01
A1S22
 1.0892602917008E+05 0.0000000000000E+00 0.0000000000000E+00 2.0000000000000E+01
A1S23
 1.0919171421530E+05 0.0000000000000E+00 0.0000000000000E+00 2.0000000000000E+01
A1S24
 1.1010211792619E+05 0.0000000000000E+00 0.0000000000000E+00 2.0000000000000E+01
A1S25
 1.1028304531412E+05 0.0000000000000E+00 0.0000000000000E+00 2.0000000000000E+01
A1S26
 1.0876078400436E+05 0.0000000000000E+00 0.0000000000000E+00 2.0000000000000E+01
A1S27
 1.0949524541407E+05 0.0000000000000E+00 0.0000000000000E+00 2.0000000000000E+01
A1S28
 1.0992799806407E+05 0.0000000000000E+00 0.0000000000000E+00 2.0000000000000E+01
A1S29
 1.1021842061825E+05 0.0000000000000E+00 0.0000000000000E+00 2.0000000000000E+01
A1S30
 1.0913955073738E+05 0.0000000000000E+00 0.0000000000000E+00 2.0000000000000E+01
A1S31
 1.1001310454202E+05 0.0000000000000E+00 0.0000000000000E+00 2.0000000000000E+01
A1S32
 1.0982506318245E+05 0.0000000000000E+00 0.0000000000000E+00 2.0000000000000E+01
A1S33
 1.0886511468800E+05 0.0000000000000E+00 0.0000000000000E+00 2.0000000000000E+01
A1S34
 1.0945533132069E+05 0.0000000000000E+00 0.0000000000000E+00 2.0000000000000E+01
A1S35
 1.1021016206466E+05 0.0000000000000E+00 0.0000000000000E+00 2.0000000000000E+01
A1S36
 1.1004868012816E+05 0.0000000000000E+00 0.0000000000000E+00 2.0000000000000E+01
A1S37
 1.0886589860451E+05 0.0000000000000E+00 0.0000000000000E+00 2.0000000000000E+01
A1S38
 1.1040617758333E+05 0.0000000000000E+00 0.0000000000000E+00 2.0000000000000E+01
A1S39
 1.1001309050951E+05 0.0000000000000E+00 0.0000000000000E+00 2.0000000000000E+01
A1S40
 1.0887435478724E+05 0.0000000000000E+00 0.0000000000000E+00 2.0000000000000E+01
A1S41
 1.0949173597240E+05 0.0000000000000E+00 0.0000000000000E+00 2.0000000000000E+01
A1S42
 1.0971247623296E+05 0.0000000000000E+00 0.0000000000000E+00 2.0000000000000E+01
A1S43
 1.0973731263407E+05 0.0000000000000E+00 0.0000000000000E+00 2.0000000000000E+01
A1S44
 1.1021523540580E+05 0.0000000000000E+00 0.0000000000000E+00 2.0000000000000E+01
A1S45
 1.0949294757604E+05 0.0000000000000E+00 0.0000000000000E+00 2.0000000000000E+01
A1S46
 1.0907858043173E+05 0.0000000000000E+00 0.0000000000000E+00 2.0000000000000E+01
A1S47
 1.0889772257188E+05 0.0000000000000E+00 0.0000000000000E+00 2.0000000000000E+01
A1S48
 1.0878336268806E+05 0.0000000000000E+00 0.0000000000000E+00 2.0000000000000E+01
A1S49
 1.1042329177420E+05 0.0000000000000E+00 0.0000000000000E+00 2.0000000000000E+01
A1S50
 1.0952452798912E+05 0.0000000000000E+00 0.0000000000000E+00 2.0000000000000E+01
A1S51
 1.0986696406519E+05 0.0000000000000E+00 0.0000000000000E+00 2.0000000000000E+01
A1S52
 1.0950058861106E+05 0.0000000000000E+00 0.0000000000000E+00 2.0000000000000E+01
A1S53
 1.0946171552406E+05 0.0000000000000E+00 0.0000000000000E+00 2.0000000000000E+01
A1S54
 1.0938668904791E+05 0.0000000000000E+00 0.0000000000000E+00 2.0000000000000E+01
A1S55
 1.0952797962194E+05 0.0000000000000E+00 0.0000000000000E+00 2.0000000000000E+01
A1S56
 1.0991522210665E+05 0.0000000000000E+00 0.0000000000000E+00 2.0000000000000E+01
A1S57
 1.0940159276838E+05 0.0000000000000E+00 0.0000000000000E+00 2.0000000000000E+01
A1S58
 1.0956929618379E+05 0.0000000000000E+00 0.0000000000000E+00 2.0000000000000E+01
A1S59
 1.0918873916172E+05 0.0000000000000E+00 0.0000000000000E+00 2.0000000000000E+01
A1S60
 1.0880887263508E+05 0.0000000000000E+00 0.0000000000000E+00 2.0000000000000E+01
A1S61
 1.0881520887003E+05 0.0000000000000E+00 0.0000000000000E+00 2.0000000000000E+01
A1S62
 1.1045353106383E+05 0.0000000000000E+00 0.0000000000000E+00 2.0000000000000E+01
A1S63
 1.0892694056240E+05 0.0000000000000E+00 0.0000000000000E+00 2.0000000000000E+01
A1S64
 1.0886537200115E+05 0.0000000000000E+00 0.0000000000000E+00 2.0000000000000E+01
A1S65
 1.1005531864737E+05 0.0000000000000E+00 0.0000000000000E+00 2.0000000000000E+01
A1S66
 1.0885653777419E+05 0.0000000000000E+00 0.0000000000000E+00 2.0000000000000E+01
A1S67
 1.0980672623077E+05 0.0000000000000E+00 0.0000000000000E+00 2.0000000000000E+01
A1S68
 1.0942399369232E+05 0.0000000000000E+00 0.0000000000000E+00 2.0000000000000E+01
A1S69
 1.1040064933468E+05 0.0000000000000E+00 0.0000000000000E+00 2.0000000000000E+01
A1S70
 1.0968272039503E+05 0.0000000000000E+00 0.0000000000000E+00 2.0000000000000E+01
A1S71
 1.0892919278330E+05 0.0000000000000E+00 0.0000000000000E+00 2.0000000000000E+01
A1S72
 1.0907678191258E+05 0.0000000000000E+00 0.0000000000000E+00 2.0000000000000E+01
A1S73
 1.0962170301131E+05 0.0000000000000E+00 0.0000000000000E+00 2.0000000000000E+01
A1S74
 1.0953402623318E+05 0.0000000000000E+00 0.0000000000000E+00 2.0000000000000E+01
A1S75
 1.0915900811045E+05 0.0000000000000E+00 0.0000000000000E+00 2.0000000000000E+01
A1S76
 1.0918022006875E+05 0.0000000000000E+00 0.0000000000000E+00 2.0000000000000E+01
A1S77
 1.0909181925445E+05 0.0000000000000E+00 0.0000000000000E+00 2.0000000000000E+01
A1S78
 1.0938826501134E+05 0.0000000000000E+00 0.0000000000000E+00 2.0000000000000E+01
A1S79
 1.0888747802234E+05 0.0000000000000E+00 0.0000000000000E+00 2.0000000000000E+01
A1S80
 1.0907293169483E+05 0.0000000000000E+00 0.0000000000000E+00 2.0000000000000E+01
A1S81
 1.0909536096649E+05 0.0000000000000E+00 0.0000000000000E+00 2.0000000000000E+01
A1S82
 1.0875429821215E+05 0.0000000000000E+00 0.0000000000000E+00 2.0000000000000E+01
A1S83
 1.0981332849362E+05 0.0000000000000E+00 0.0000000000000E+00 2.0000000000000E+01
A1S84
 1.0886225530626E+05 0.0000000000000E+00 0.0000000000000E+00 2.0000000000000E+01
A1S85
 1.0940390551944E+05 0.0000000000000E+00 0.0000000000000E+00 2.0000000000000E+01
A1S86
 1.1066708593501E+05 0.0000000000000E+00 0.0000000000000E+00 2.0000000000000E+01
A1S87
 1.0945627015243E+05 0.0000000000000E+00 0.0000000000000E+00 2.0000000000000E+01
A1S88
 1.0972601746088E+05 0.0000000000000E+00 0.0000000000000E+00 2.0000000000000E+01
A1S89
 1.0912772690522E+05 0.0000000000000E+00 0.0000000000000E+00 2.0000000000000E+01
A1S90
 1.0906594745809E+05 0.0000000000000E+00 0.0000000000000E+00 2.0000000000000E+01
A1S91
 1.0924008285206E+05 0.0000000000000E+00 0.0000000000000E+00 2.0000000000000E+01
A1S92
 1.0983596660617E+05 0.0000000000000E+00 0.0000000000000E+00 2.0000000000000E+01
A1S93
 1.0890543720678E+05 0.0000000000000E+00 0.0000000000000E+00 2.0000000000000E+01
A1S94
 1.0907996769544E+05 0.0000000000000E+00 0.0000000000000E+00 2.0000000000000E+01
A1S95
 1.1019248226184E+05 0.0000000000000E+00 0.0000000000000E+00 2.0000000000000E+01
A1S96
 1.0930664448955E+05 0.0000000000000E+00 0.0000000000000E+00 2.0000000000000E+01
A1S97
 1.1025350475823E+05 0.0000000000000E+00 0.0000000000000E+00 2.0000000000000E+01
A1S98
 1.1028290378287E+05 0.0000000000000E+00 0.0000000000000E+00 2.0000000000000E+01
A1S99
 1.0894621568896E+05 0.0000000000000E+00 0.0000000000000E+00 2.0000000000000E+01
A1T 0
 1.1090118233042E+05 0.0000000000000E+00 0.0000000000000E+00 2.0000000000000E+01
A1T 1
 1.0986181552065E+05 0.0000000000000E+00 0.0000000000000E+00 2.0000000000000E+01
A1T 2
 1.0967995818614E+05 0.0000000000000E+00 0.0000000000000E+00 2.0000000000000E+01
A1T 3
 1.0956075170639E+05 0.0000000000000E+00 0.0000000000000E+00 2.0000000000000E+01
A1T 4
 1.0939342005754E+05 0.0000000000000E+00 0.0000000000000E+00 2.0000000000000E+01
A1T 5
 1.0968414458039E+05 0.0000000000000E+00 0.0000000000000E+00 2.0000000000000E+01
A1T 6
 1.0962851357005E+05 0.0000000000000E+00 0.0000000000000E+00 2.0000000000000E+01
A1T 7
 1.0963354998423E+05 0.0000000000000E+00 0.0000000000000E+00 2.0000000000000E+01
A1T 8
 1.0960370264656E+05 0.0000000000000E+00 0.0000000000000E+00 2.0000000000000E+01
A1T 9
 1.0890427440678E+05 0.0000000000000E+00 0.0000000000000E+00 2.0000000000000E+01
A1T10
 1.0957724909894E+05 0.0000000000000E+00 0.0000000000000E+00 2.0000000000000E+01
A1T11
 1.0951369924112E+05 0.0000000000000E+00 0.0000000000000E+00 2.0000000000000E+01
A1T12
 1.0994421701255E+05 0.0000000000000E+00 0.0000000000000E+00 2.0000000000000E+01
A1T13
 1.0897983697316E+05 0.0000000000000E+00 0.0000000000000E+00 2.0000000000000E+01
A1T14
 1.0989621095509E+05 0.0000000000000E+00 0.0000000000000E+00 2.0000000000000E+01
A1T15
 1.1059405131904E+05 0.0000000000000E+00 0.0000000000000E+00 2.0000000000000E+01
A1T16
 1.0975728246230E+05 0.0000000000000E+00 0.0000000000000E+00 2.0000000000000E+01
A1T17
 1.0918656245624E+05 0.0000000000000E+00 0.0000000000000E+00 2.0000000000000E+01
A1T18
 1.0918235965016E+05 0.0000000000000E+00 0.0000000000000E+00 2.0000000000000E+01
A1T19
 1.0902077381201E+05 0.0000000000000E+00 0.0000000000000E+00 2.0000000000000E+01
A1T20
 1.0939567389392E+05 0.0000000000000E+00 0.0000000000000E+00 2.0000000000000E+01
A1T21
 1.0997735998362E+05 0.0000000000000E+00 0.0000000000000E+00 2.0000000000000E+01
A1T22
 1.1005192886776E+05 0.0000000000000E+00 0.0000000000000E+00 2.0000000000000E+01
A1T23
 1.1021741002484E+05 0.0000000000000E+00 0.0000000000000E+00 2.0000000000000E+01
A1T24
 1.0906999558934E+05 0.0000000000000E+00 0.0000000000000E+00 2.0000000000000E+01
A1T25
 1.1042928436372E+05 0.0000000000000E+00 0.0000000000000E+00 2.0000000000000E+01
A1T26
 1.0927596340650E+05 0.0000000000000E+00 0.0000000000000E+00 2.0000000000000E+01
A1T27
 1.1080675081488E+05 0.0000000000000E+00 0.0000000000000E+00 2.0000000000000E+01
A1T28
 1.0962275925533E+05 0.0000000000000E+00 0.0000000000000E+00 2.0000000000000E+01
A1T29
 1.0950715609333E+05 0.0000000000000E+00 0.0000000000000E+00 2.0000000000000E+01
A1T30
 1.0972637820333E+05 0.0000000000000E+00 0.0000000000000E+00 2.0000000000000E+01
A1T31
 1.1116888309991E+05 0.0000000000000E+00 0.0000000000000E+00 2.0000000000000E+01
A1T32
 1.0952025396131E+05 0.0000000000000E+00 0.0000000000000E+00 2.0000000000000E+01
A1T33
 1.0953394866356E+05 0.0000000000000E+00 0.0000000000000E+00 2.0000000000000E+01
A1T34
 1.1104118740623E+05 0.0000000000000E+00 0.0000000000000E+00 2.0000000000000E+01
A1T35
 1.1028038444264E+05 0.0000000000000E+00 0.0000000000000E+00 2.0000000000000E+01
A1T36
 1.0910344635059E+05 0.0000000000000E+00 0.0000000000000E+00 2.0000000000000E+01
A1T37
 1.0940165904274E+05 0.0000000000000E+00 0.0000000000000E+00 2.0000000000000E+01
A1T38
 1.1067256782145E+05 0.0000000000000E+00 0.0000000000000E+00 2.0000000000000E+01
A1T39
 1.1072033126490E+05 0.0000000000000E+00 0.0000000000000E+00 2.0000000000000E+01
A1T40
 1.0908206097897E+05 0.0000000000000E+00 0.0000000000000E+00 2.0000000000000E+01
A1T41
 1.0918457478124E+05 0.0000000000000E+00 0.0000000000000E+00 2.0000000000000E+01
A1T42
 1.1039162091499E+05 0.0000000000000E+00 0.0000000000000E+00 2.0000000000000E+01
A1T43
 1.1057420479058E+05 0.0000000000000E+00 0.0000000000000E+00 2.0000000000000E+01
A1T44
 1.0918753855067E+05 0.0000000000000E+00 0.0000000000000E+00 2.0000000000000E+01
A1T45
 1.1008445624836E+05 0.0000000000000E+00 0.0000000000000E+00 2.0000000000000E+01
A1T46
 1.0953865266514E+05 0.0000000000000E+00 0.0000000000000E+00 2.0000000000000E+01
A1T47
 1.0922973584265E+05 0.0000000000000E+00 0.0000000000000E+00 2.0000000000000E+01
A1T48
 1.0948759190845E+05 0.0000000000000E+00 0.0000000000000E+00 2.0000000000000E+01
A1T49
 1.1036736067332E+05 0.0000000000000E+00 0.0000000000000E+00 2.0000000000000E+01
A1T50
 1.1037698958743E+05 0.0000000000000E+00 0.0000000000000E+00 2.0000000000000E+01
A1T51
 1.0908522988182E+05 0.0000000000000E+00 0.0000000000000E+00 2.0000000000000E+01
A1T52
 1.1008974673141E+05 0.0000000000000E+00 0.0000000000000E+00 2.0000000000000E+01
A1T53
 1.1057490380134E+05 0.0000000000000E+00 0.0000000000000E+00 2.0000000000000E+01
A1T54
 1.0991391237557E+05 0.0000000000000E+00 0.0000000000000E+00 2.0000000000000E+01
A1T55
 1.0931880701649E+05 0.0000000000000E+00 0.0000000000000E+00 2.0000000000000E+01
A1T56
 1.0947188996516E+05 0.0000000000000E+00 0.0000000000000E+00 2.0000000000000E+01
A1T57
 1.1019978360941E+05 0.0000000000000E+00 0.0000000000000E+00 2.0000000000000E+01
A1T58
 1.1106260480288E+05 0.0000000000000E+00 0.0000000000000E+00 2.0000000000000E+01
A1T59
 1.0941651881738E+05 0.0000000000000E+00 0.0000000000000E+00 2.0000000000000E+01
A1T60
 1.0968659690799E+05 0.0000000000000E+00 0.0000000000000E+00 2.0000000000000E+01
A1T61
 1.0960458842257E+05 0.0000000000000E+00 0.0000000000000E+00 2.0000000000000E+01
A1T62
 1.1007496623029E+05 0.0000000000000E+00 0.0000000000000E+00 2.0000000000000E+01
A1T63
 1.0918611338567E+05 0.0000000000000E+00 0.0000000000000E+00 2.0000000000000E+01
A1T64
 1.0949655003757E+05 0.0000000000000E+00 0.0000000000000E+00 2.0000000000000E+01
A1T65
 1.0949021702478E+05 0.0000000000000E+00 0.0000000000000E+00 2.0000000000000E+01
A1T66
 1.0950171059245E+05 0.0000000000000E+00 0.0000000000000E+00 2.0000000000000E+01
A1T67
 1.0968599040770E+05 0.0000000000000E+00 0.0000000000000E+00 2.0000000000000E+01
A1T68
 1.0926811841615E+05 0.0000000000000E+00 0.0000000000000E+00 2.0000000000000E+01
A1T69
 1.0943290158973E+05 0.0000000000000E+00 0.0000000000000E+00 2.0000000000000E+01
A1T70
 1.1071425229335E+05 0.0000000000000E+00 0.0000000000000E+00 2.0000000000000E+01
A1T71
 1.1074419007681E+05 0.0000000000000E+00 0.0000000000000E+00 2.0000000000000E+01
A1T72
 1.0978113559944E+05 0.0000000000000E+00 0.0000000000000E+00 2.0000000000000E+01
A1T73
 1.0972235142134E+05 0.0000000000000E+00 0.0000000000000E+00 2.0000000000000E+01
A1T74
 1.0875741420279E+05 0.0000000000000E+00 0.0000000000000E+00 2.0000000000000E+01
A1T75
 1.0879590456663E+05 0.0000000000000E+00 0.0000000000000E+00 2.0000000000000E+01
A1T76
 1.0943143151965E+05 0.0000000000000E+00 0.0000000000000E+00 2.0000000000000E+01
A1T77
 1.0960076592462E+05 0.0000000000000E+00 0.0000000000000E+00 2.0000000000000E+01
A1T78
 1.0981466397246E+05 0.0000000000000E+00 0.0000000000000E+00 2.0000000000000E+01
A1T79
 1.1001066273841E+05 0.0000000000000E+00 0.0000000000000E+00 2.0000000000000E+01
A1T80
 1.0991504172465E+05 0.0000000000000E+00 0.0000000000000E+00 2.0000000000000E+01
A1T81
 1.0968039160941E+05 0.0000000000000E+00 0.0000000000000E+00 2.0000000000000E+01
A1T82
 1.0977797672973E+05 0.0000000000000E+00 0.0000000000000E+00 2.0000000000000E+01
A1T83
 1.0882083717642E+05 0.0000000000000E+00 0.0000000000000E+00 2.0000000000000E+01
A1T84
 1.1051779292220E+05 0.0000000000000E+00 0.0000000000000E+00 2.0000000000000E+01
A1T85
 1.1042821476316E+05 0.0000000000000E+00 0.0000000000000E+00 2.0000000000000E+01
A1T86
 1.0954015472055E+05 0.0000000000000E+00 0.0000000000000E+00 2.0000000000000E+01
A1T87
 1.0921413459067E+05 0.0000000000000E+00 0.0000000000000E+00 2.0000000000000E+01
A1T88
 1.1032641717000E+05 0.0000000000000E+00 0.0000000000000E+00 2.0000000000000E+01
A1T89
 1.1050412490862E+05 0.0000000000000E+00 0.0000000000000E+00 2.0000000000000E+01
A1T90
 1.0940854056669E+05 0.0000000000000E+00 0.0000000000000E+00 2.0000000000000E+01
A1T91
 1.1106031677913E+05 0.0000000000000E+00 0.0000000000000E+00 2.0000000000000E+01
A1T92
 1.0964507222412E+05 0.0000000000000E+00 0.0000000000000E+00 2.0000000000000E+01
A1T93
 1.1078998069210E+05 0.0000000000000E+00 0.0000000000000E+00 2.0000000000000E+01
A1T94
 1.1018317889856E+05 0.0000000000000E+00 0.0000000000000E+00 2.0000000000000E+01
A1T95
 1.0981697895375E+05 0.0000000000000E+00 0.0000000000000E+00 2.0000000000000E+01
A1T96
 1.0902092419965E+05 0.0000000000000E+00 0.0000000000000E+00 2.0000000000000E+01
A1T97
 1.0955641926113E+05 0.0000000000000E+00 0.0000000000000E+00 2.0000000000000E+01
A1T98
 1.0963339429656E+05 0.0000000000000E+00 0.0000000000000E+00 2.0000000000000E+01
A1T99
 1.1051239172710E+05 0.0000000000000E+00 0.0000000000000E+00 2.0000000000000E+01
A1U 0
 1.1074964629095E+05 0.0000000000000E+00 0.0000000000000E+00 2.0000000000000E+01
A1U 1
 1.0898936395768E+05 0.0000000000000E+00 0.0000000000000E+00 2.0000000000000E+01
A1U 2
 1.1072204027451E+05 0.0000000000000E+00 0.0000000000000E+00 2.0000000000000E+01
A1U 3
 1.1010951342574E+05 0.0000000000000E+00 0.0000000000000E+00 2.0000000000000E+01
A1U 4
 1.0889003072140E+05 0.0000000000000E+00 0.0000000000000E+00 2.0000000000000E+01
A1U 5
 1.0966491408556E+05 0.0000000000000E+00 0.0000000000000E+00 2.0000000000000E+01
A1U 6
 1.1010922396035E+05 0.0000000000000E+00 0.0000000000000E+00 2.0000000000000E+01
A1U 7
 1.0977206127111E+05 0.0000000000000E+00 0.0000000000000E+00 2.0000000000000E+01
A1U 8
 1.0982679344506E+05 0.0000000000000E+00 0.0000000000000E+00 2.0000000000000E+01
A1U 9
 1.0919895512642E+05 0.0000000000000E+00 0.0000000000000E+00 2.0000000000000E+01
A1U10
 1.0911105408668E+05 0.0000000000000E+00 0.0000000000000E+00 2.0000000000000E+01
A1U11
 1.0989447236145E+05 0.0000000000000E+00 0.0000000000000E+00 2.0000000000000E+01
A1U12
 1.0914151428059E+05 0.0000000000000E+00 0.0000000000000E+00 2.0000000000000E+01
A1U13
 1.0972946928002E+05 0.0000000000000E+00 0.0000000000000E+00 2.0000000000000E+01
A1U14
 1.0919483235985E+05 0.0000000000000E+00 0.0000000000000E+00 2.0000000000000E+01
A1U15
 1.1009742029543E+05 0.0000000000000E+00 0.0000000000000E+00 2.0000000000000E+01
A1U16
 1.0924833259885E+05 0.0000000000000E+00 0.0000000000000E+00 2.0000000000000E+01
A1U17
 1.0992561034285E+05 0.0000000000000E+00 0.0000000000000E+00 2.0000000000000E+01
A1U18
 1.1003479872751E+05 0.0000000000000E+00 0.0000000000000E+00 2.0000000000000E+01
A1U19
 1.0930331405536E+05 0.0000000000000E+00 0.0000000000000E+00 2.0000000000000E+01
A1U20
 1.0962710131309E+05 0.0000000000000E+00 0.0000000000000E+00 2.0000000000000E+01
A1U21
 1.0998181691705E+05 0.0000000000000E+00 0.0000000000000E+00 2.0000000000000E+01
A1U22
 1.0979042173002E+05 0.0000000000000E+00 0.0000000000000E+00 2.0000000000000E+01
A1U23
 1.0911550832895E+05 0.0000000000000E+00 0.0000000000000E+00 2.0000000000000E+01
A1U24
 1.1025973201764E+05 0.0000000000000E+00 0.0000000000000E+00 2.0000000000000E+01
A1U25
 1.0941010317656E+05 0.0000000000000E+00 0.0000000000000E+00 2.0000000000000E+01
A1U26
 1.1019970389372E+05 0.0000000000000E+00 0.0000000000000E+00 2.0000000000000E+01
A1U27
 1.0926484854906E+05 0.0000000000000E+00 0.0000000000000E+00 2.0000000000000E+01
A1U28
 1.0919071538584E+05 0.0000000000000E+00 0.0000000000000E+00 2.0000000000000E+01
A1U29
 1.0986592628130E+05 0.0000000000000E+00 0.0000000000000E+00 2.0000000000000E+01
A1U30
 1.1089541864105E+05 0.0000000000000E+00 0.0000000000000E+00 2.0000000000000E+01
A1U31
 1.1040939940241E+05 0.0000000000000E+00 0.0000000000000E+00 2.0000000000000E+01
A1U32
 1.1089066143767E+05 0.0000000000000E+00 0.0000000000000E+00 2.0000000000000E+01
A1U33
 1.0985218305984E+05 0.0000000000000E+00 0.0000000000000E+00 2.0000000000000E+01
A1U34
 1.0994946963704E+05 0.0000000000000E+00 0.0000000000000E+00 2.0000000000000E+01
A1U35
 1.0854687658934E+05 0.0000000000000E+00 0.0000000000000E+00 2.0000000000000E+01
A1U36
 1.0797654832029E+05 0.0000000000000E+00 0.0000000000000E+00 2.0000000000000E+01
A1U37
 1.0924832431284E+05 0.0000000000000E+00 0.0000000000000E+00 2.0000000000000E+01
A1U38
 1.0858802330485E+05 0.0000000000000E+00 0.0000000000000E+00 2.0000000000000E+01
A1U39
 1.0806901497751E+05 0.0000000000000E+00 0.0000000000000E+00 2.0000000000000E+01
A1U40
 1.0819615671225E+05 0.0000000000000E+00 0.0000000000000E+00 2.0000000000000E+01
A1U41
 1.0881978166370E+05 0.0000000000000E+00 0.0000000000000E+00 2.0000000000000E+01
A1U42
 1.0891948430526E+05 0.0000000000000E+00 0.0000000000000E+00 2.0000000000000E+01
A1U43
 1.0921325358615E+05 0.0000000000000E+00 0.0000000000000E+00 2.0000000000000E+01
A1U44
 1.0963193117386E+05 0.0000000000000E+00 0.0000000000000E+00 2.0000000000000E+01
A1U45
 1.0938351636904E+05 0.0000000000000E+00 0.0000000000000E+00 2.0000000000000E+01
A1U46
 1.0860060940305E+05 0.0000000000000E+00 0.0000000000000E+00 2.0000000000000E+01
A1U47
 1.0935879898981E+05 0.0000000000000E+00 0.0000000000000E+00 2.0000000000000E+01
A1U48
 1.0848710771073E+05 0.0000000000000E+00 0.0000000000000E+00 2.0000000000000E+01
A1U49
 1.0927256347667E+05 0.0000000000000E+00 0.0000000000000E+00 2.0000000000000E+01
A1U50
 1.0869146019511E+05 0.0000000000000E+00 0.0000000000000E+00 2.0000000000000E+01
A1U51
 1.0806836289626E+05 0.0000000000000E+00 0.0000000000000E+00 2.0000000000000E+01
A1U52
 1.0819402490564E+05 0.0000000000000E+00 0.0000000000000E+00 2.0000000000000E+01
A1U53
 1.0864383416748E+05 0.0000000000000E+00 0.0000000000000E+00 2.0000000000000E+01
A1U54
 1.0854453765359E+05 0.0000000000000E+00 0.0000000000000E+00 2.0000000000000E+01
A1U55
 1.0820679737306E+05 0.0000000000000E+00 0.0000000000000E+00 2.0000000000000E+01
A1U56
 1.0831566672521E+05 0.0000000000000E+00 0.0000000000000E+00 2.0000000000000E+01
A1U57
 1.0878067343822E+05 0.0000000000000E+00 0.0000000000000E+00 2.0000000000000E+01
A1U58
 1.0851004545354E+05 0.0000000000000E+00 0.0000000000000E+00 2.0000000000000E+01
A1U59
 1.0771259140083E+05 0.0000000000000E+00 0.0000000000000E+00 2.0000000000000E+01
A1U60
 1.0867601003815E+05 0.0000000000000E+00 0.0000000000000E+00 2.0000000000000E+01
A1U61
 1.0947743097348E+05 0.0000000000000E+00 0.0000000000000E+00 2.0000000000000E+01
A1U62
 1.0854867054941E+05 0.0000000000000E+00 0.0000000000000E+00 2.0000000000000E+01
A1U63
 1.0870218040740E+05 0.0000000000000E+00 0.0000000000000E+00 2.0000000000000E+01
A1U64
 1.0941290997593E+05 0.0000000000000E+00 0.0000000000000E+00 2.0000000000000E+01
A1U65
 1.0849518564344E+05 0.0000000000000E+00 0.0000000000000E+00 2.0000000000000E+01
A1U66
 1.0859048658902E+05 0.0000000000000E+00 0.0000000000000E+00 2.0000000000000E+01
A1U67
 1.0787388342325E+05 0.0000000000000E+00 0.0000000000000E+00 2.0000000000000E+01
A1U68
 1.0776831981466E+05 0.0000000000000E+00 0.0000000000000E+00 2.0000000000000E+01
A1U69
 1.0807445547495E+05 0.0000000000000E+00 0.0000000000000E+00 2.0000000000000E+01
A1U70
 1.0822479237322E+05 0.0000000000000E+00 0.0000000000000E+00 2.0000000000000E+01
A1U71
 1.0894326415830E+05 0.0000000000000E+00 0.0000000000000E+00 2.0000000000000E+01
A1U72
 1.0820181291489E+05 0.0000000000000E+00 0.0000000000000E+00 2.0000000000000E+01
A1U73
 1.0839987722465E+05 0.0000000000000E+00 0.0000000000000E+00 2.0000000000000E+01
A1U74
 1.0823332204561E+05 0.0000000000000E+00 0.0000000000000E+00 2.0000000000000E+01
A1U75
 1.0872533084664E+05 0.0000000000000E+00 0.0000000000000E+00 2.0000000000000E+01
A1U76
 1.0883513012279E+05 0.0000000000000E+00 0.0000000000000E+00 2.0000000000000E+01
A1U77
 1.0815280109507E+05 0.0000000000000E+00 0.0000000000000E+00 2.0000000000000E+01
A1U78
 1.0870615068631E+05 0.0000000000000E+00 0.0000000000000E+00 2.0000000000000E+01
A1U79
 1.0956274511854E+05 0.0000000000000E+00 0.0000000000000E+00 2.0000000000000E+01
A1U80
 1.0879396258449E+05 0.0000000000000E+00 0.0000000000000E+00 2.0000000000000E+01
A1U81
 1.0780692744015E+05 0.0000000000000E+00 0.0000000000000E+00 2.0000000000000E+01
A1U82
 1.0830029061088E+05 0.0000000000000E+00 0.0000000000000E+00 2.0000000000000E+01
A1U83
 1.0833662622954E+05 0.0000000000000E+00 0.0000000000000E+00 2.0000000000000E+01
A1U84
 1.0918325261068E+05 0.0000000000000E+00 0.0000000000000E+00 2.0000000000000E+01
A1U85
 1.0858313337589E+05 0.0000000000000E+00 0.0000000000000E+00 2.0000000000000E+01
A1U86
 1.0929775626433E+05 0.0000000000000E+00 0.0000000000000E+00 2.0000000000000E+01
A1U87
 1.0847110638716E+05 0.0000000000000E+00 0.0000000000000E+00 2.0000000000000E+01
A1U88
 1.0816665685400E+05 0.0000000000000E+00 0.0000000000000E+00 2.0000000000000E+01
A1U89
 1.0861313051560E+05 0.0000000000000E+00 0.0000000000000E+00 2.0000000000000E+01
A1U90
 1.0839924720155E+05 0.0000000000000E+00 0.0000000000000E+00 2.0000000000000E+01
A1U91
 1.0882332769446E+05 0.0000000000000E+00 0.0000000000000E+00 2.0000000000000E+01
A1U92
 1.0842601806069E+05 0.0000000000000E+00 0.0000000000000E+00 2.0000000000000E+01
A1U93
 1.0847610717855E+05 0.0000000000000E+00 0.0000000000000E+00 2.0000000000000E+01
A1U94
 1.0834487457920E+05 0.0000000000000E+00 0.0000000000000E+00 2.0000000000000E+01
A1U95
 1.0954061527505E+05 0.0000000000000E+00 0.0000000000000E+00 2.0000000000000E+01
A1U96
 1.0859181013016E+05 0.0000000000000E+00 0.0000000000000E+00 2.0000000000000E+01
A1U97
 1.0844889112925E+05 0.0000000000000E+00 0.0000000000000E+00 2.0000000000000E+01
A1U98
 1.0804259116573E+05 0.0000000000000E+00 0.0000000000000E+00 2.0000000000000E+01
A1U99
 1.0913650912791E+05 0.0000000000000E+00 0.0000000000000E+00 2.0000000000000E+01
A1V 0
 1.0830473583529E+05 0.0000000000000E+00 0.0000000000000E+00 2.0000000000000E+01
A1V 1
 1.0809894814438E+05 0.0000000000000E+00 0.0000000000000E+00 2.0000000000000E+01
A1V 2
 1.0860300440555E+05 0.0000000000000E+00 0.0000000000000E+00 2.0000000000000E+01
A1V 3
 1.0819733321463E+05 0.0000000000000E+00 0.0000000000000E+00 2.0000000000000E+01
A1V 4
 1.0909005471504E+05 0.0000000000000E+00 0.0000000000000E+00 2.0000000000000E+01
A1V 5
 1.0851474268448E+05 0.0000000000000E+00 0.0000000000000E+00 2.0000000000000E+01
A1V 6
 1.0858898214533E+05 0.0000000000000E+00 0.0000000000000E+00 2.0000000000000E+01
A1V 7
 1.0846743303438E+05 0.0000000000000E+00 0.0000000000000E+00 2.0000000000000E+01
A1V 8
 1.0795798648581E+05 0.0000000000000E+00 0.0000000000000E+00 2.0000000000000E+01
A1V 9
 1.0800456333674E+05 0.0000000000000E+00 0.0000000000000E+00 2.0000000000000E+01
A1V10
 1.0822752213668E+05 0.0000000000000E+00 0.0000000000000E+00 2.0000000000000E+01
A1V11
 1.0859085489742E+05 0.0000000000000E+00 0.0000000000000E+00 2.0000000000000E+01
A1V12
 1.0791841603689E+05 0.0000000000000E+00 0.0000000000000E+00 2.0000000000000E+01
A1V13
 1.0826245520966E+05 0.0000000000000E+00 0.0000000000000E+00 2.0000000000000E+01
A1V14
 1.0912964424915E+05 0.0000000000000E+00 0.0000000000000E+00 2.0000000000000E+01
A1V15
 1.0859874554399E+05 0.0000000000000E+00 0.0000000000000E+00 2.0000000000000E+01
A1V16
 1.0922894299720E+05 0.0000000000000E+00 0.0000000000000E+00 2.0000000000000E+01
A1V17
 1.0904389703865E+05 0.0000000000000E+00 0.0000000000000E+00 2.0000000000000E+01
A1V18
 1.0908441907485E+05 0.0000000000000E+00 0.0000000000000E+00 2.0000000000000E+01
A1V19
 1.0861776648369E+05 0.0000000000000E+00 0.0000000000000E+00 2.0000000000000E+01
A1V20
 1.0851451494962E+05 0.0000000000000E+00 0.0000000000000E+00 2.0000000000000E+01
A1V21
 1.0829185992688E+05 0.0000000000000E+00 0.0000000000000E+00 2.0000000000000E+01
A1V22
 1.0817712602774E+05 0.0000000000000E+00 0.0000000000000E+00 2.0000000000000E+01
A1V23
 1.0898943986854E+05 0.0000000000000E+00 0.0000000000000E+00 2.0000000000000E+01
A1V24
 1.0876193580594E+05 0.0000000000000E+00 0.0000000000000E+00 2.0000000000000E+01
A1V25
 1.0821005981023E+05 0.0000000000000E+00 0.0000000000000E+00 2.0000000000000E+01
A1V26
 1.0844034506509E+05 0.0000000000000E+00 0.0000000000000E+00 2.0000000000000E+01
A1V27
 1.0865065929182E+05 0.0000000000000E+00 0.0000000000000E+00 2.0000000000000E+01
A1V28
 1.0867466760985E+05 0.0000000000000E+00 0.0000000000000E+00 2.0000000000000E+01
A1V29
 1.0873072202596E+05 0.0000000000000E+00 0.0000000000000E+00 2.0000000000000E+01
A1V30
 1.0881642446195E+05 0.0000000000000E+00 0.0000000000000E+00 2.0000000000000E+01
A1V31
 1.0827792745675E+05 0.0000000000000E+00 0.0000000000000E+00 2.0000000000000E+01
A1V32
 1.0813500005563E+05 0.0000000000000E+00 0.0000000000000E+00 2.0000000000000E+01
A1V33
 1.0898025942098E+05 0.0000000000000E+00 0.0000000000000E+00 2.0000000000000E+01
A1V34
 1.0888081904752E+05 0.0000000000000E+00 0.0000000000000E+00 2.0000000000000E+01
A1V35
 1.0839349134534E+05 0.0000000000000E+00 0.0000000000000E+00 2.0000000000000E+01
A1V36
 1.0862044734752E+05 0.0000000000000E+00 0.0000000000000E+00 2.0000000000000E+01
A1V37
 1.0893567983517E+05 0.0000000000000E+00 0.0000000000000E+00 2.0000000000000E+01
A1V38
 1.0817507160774E+05 0.0000000000000E+00 0.0000000000000E+00 2.0000000000000E+01
A1V39
 1.0893594952975E+05 0.0000000000000E+00 0.0000000000000E+00 2.0000000000000E+01
A1V40
 1.0874896751206E+05 0.0000000000000E+00 0.0000000000000E+00 2.0000000000000E+01
A1V41
 1.0910425934048E+05 0.0000000000000E+00 0.0000000000000E+00 2.0000000000000E+01
A1V42
 1.0859119176210E+05 0.0000000000000E+00 0.0000000000000E+00 2.0000000000000E+01
A1V43
 1.0889111487338E+05 0.0000000000000E+00 0.0000000000000E+00 2.0000000000000E+01
A1V44
 1.0857367263279E+05 0.0000000000000E+00 0.0000000000000E+00 2.0000000000000E+01
A1V45
 1.0850754526332E+05 0.0000000000000E+00 0.0000000000000E+00 2.0000000000000E+01
A1V46
 1.0871533033673E+05 0.0000000000000E+00 0.0000000000000E+00 2.0000000000000E+01
A1V47
 1.0871188605895E+05 0.0000000000000E+00 0.0000000000000E+00 2.0000000000000E+01
A1V48
 1.0919495746642E+05 0.0000000000000E+00 0.0000000000000E+00 2.0000000000000E+01
A1V49
 1.0826842475556E+05 0.0000000000000E+00 0.0000000000000E+00 2.0000000000000E+01
A1V50
 1.0890280240483E+05 0.0000000000000E+00 0.0000000000000E+00 2.0000000000000E+01
A1V51
 1.0901067838539E+05 0.0000000000000E+00 0.0000000000000E+00 2.0000000000000E+01
A1V52
 1.0827268364963E+05 0.0000000000000E+00 0.0000000000000E+00 2.0000000000000E+01
A1V53
 1.0859787438484E+05 0.0000000000000E+00 0.0000000000000E+00 2.0000000000000E+01
A1V54
 1.0912895350608E+05 0.0000000000000E+00 0.0000000000000E+00 2.0000000000000E+01
A1V55
 1.0816469153811E+05 0.0000000000000E+00 0.0000000000000E+00 2.0000000000000E+01
A1V56
 1.0924331487931E+05 0.0000000000000E+00 0.0000000000000E+00 2.0000000000000E+01
A1V57
 1.0873777540905E+05 0.0000000000000E+00 0.0000000000000E+00 2.0000000000000E+01
A1V58
 1.0843179596283E+05 0.0000000000000E+00 0.0000000000000E+00 2.0000000000000E+01
A1V59
 1.0860685592020E+05 0.0000000000000E+00 0.0000000000000E+00 2.0000000000000E+01
A1V60
 1.0850202178272E+05 0.0000000000000E+00 0.0000000000000E+00 2.0000000000000E+01
A1V61
 1.0828999304008E+05 0.0000000000000E+00 0.0000000000000E+00 2.0000000000000E+01
A1V62
 1.0907398236182E+05 0.0000000000000E+00 0.0000000000000E+00 2.0000000000000E+01
A1V63
 1.0909245164236E+05 0.0000000000000E+00 0.0000000000000E+00 2.0000000000000E+01
A1V64
 1.0935345955251E+05 0.0000000000000E+00 0.0000000000000E+00 2.0000000000000E+01
A1V65
 1.0858334959717E+05 0.0000000000000E+00 0.0000000000000E+00 2.0000000000000E+01
A1V66
 1.0795285269433E+05 0.0000000000000E+00 0.0000000000000E+00 2.0000000000000E+01
A1V67
 1.0800877769712E+05 0.0000000000000E+00 0.0000000000000E+00 2.0000000000000E+01
A1V68
 1.0818762022329E+05 0.0000000000000E+00 0.0000000000000E+00 2.0000000000000E+01
A1V69
 1.0886739363434E+05 0.0000000000000E+00 0.0000000000000E+00 2.0000000000000E+01
A1V70
 1.0840706557035E+05 0.0000000000000E+00 0.0000000000000E+00 2.0000000000000E+01
A1V71
 1.0860404793064E+05 0.0000000000000E+00 0.0000000000000E+00 2.0000000000000E+01
A1V72
 1.0818362713985E+05 0.0000000000000E+00 0.0000000000000E+00 2.0000000000000E+01
A1V73
 1.0877642779253E+05 0.0000000000000E+00 0.0000000000000E+00 2.0000000000000E+01
A1V74
 1.0862585910620E+05 0.0000000000000E+00 0.0000000000000E+00 2.0000000000000E+01
A1V75
 1.0873481564136E+05 0.0000000000000E+00 0.0000000000000E+00 2.0000000000000E+01
A1V76
 1.0879427075958E+05 0.0000000000000E+00 0.0000000000000E+00 2.0000000000000E+01
A1V77
 1.0833490270953E+05 0.0000000000000E+00 0.0000000000000E+00 2.0000000000000E+01
A1V78
 1.0880305662163E+05 0.0000000000000E+00 0.0000000000000E+00 2.0000000000000E+01
A1V79
 1.0870344015539E+05 0.0000000000000E+00 0.0000000000000E+00 2.0000000000000E+01
A1V80
 1.0969421551342E+05 0.0000000000000E+00 0.0000000000000E+00 2.0000000000000E+01
A1V81
 1.0829360469243E+05 0.0000000000000E+00 0.0000000000000E+00 2.0000000000000E+01
A1V82
 1.0866727149098E+05 0.0000000000000E+00 0.0000000000000E+00 2.0000000000000E+01
A1V83
 1.0949736970726E+05 0.0000000000000E+00 0.0000000000000E+00 2.0000000000000E+01
A1V84
 1.0901096948360E+05 0.0000000000000E+00 0.0000000000000E+00 2.0000000000000E+01
A1V85
 1.0924032709733E+05 0.0000000000000E+00 0.0000000000000E+00 2.0000000000000E+01
A1V86
 1.0818486871001E+05 0.0000000000000E+00 0.0000000000000E+00 2.0000000000000E+01
A1V87
 1.0860433840418E+05 0.0000000000000E+00 0.0000000000000E+00 2.0000000000000E+01
A1V88
 1.0854915033888E+05 0.0000000000000E+00 0.0000000000000E+00 2.0000000000000E+01
A1V89
 1.0837901640096E+05 0.0000000000000E+00 0.0000000000000E+00 2.0000000000000E+01
A1V90
 1.0818157636694E+05 0.0000000000000E+00 0.0000000000000E+00 2.0000000000000E+01
A1V91
 1.0854344912934E+05 0.0000000000000E+00 0.0000000000000E+00 2.0000000000000E+01
A1V92
 1.0812446718125E+05 0.0000000000000E+00 0.0000000000000E+00 2.0000000000000E+01
A1V93
 1.0851094572292E+05 0.0000000000000E+00 0.0000000000000E+00 2.0000000000000E+01
A1V94
 1.0808119489833E+05 0.0000000000000E+00 0.0000000000000E+00 2.0000000000000E+01
A1V95
 1.0819205470303E+05 0.0000000000000E+00 0.0000000000000E+00 2.0000000000000E+01
A1V96
 1.0798418044741E+05 0.0000000000000E+00 0.0000000000000E+00 2.0000000000000E+01
A1V97
 1.0785636724108E+05 0.0000000000000E+00 0.0000000000000E+00 2.0000000000000E+01
A1V98
 1.0881603561591E+05 0.0000000000000E+00 0.0000000000000E+00 2.0000000000000E+01
A1V99
 1.0812799117201E+05 0.0000000000000E+00 0.0000000000000E+00 2.0000000000000E+01
A1W 0
 1.0825342471137E+05 0.0000000000000E+00 0.0000000000000E+00 2.0000000000000E+01
A1W 1
 1.0849073135785E+05 0.0000000000000E+00 0.0000000000000E+00 2.0000000000000E+01
A1W 2
 1.0787978075508E+05 0.0000000000000E+00 0.0000000000000E+00 2.0000000000000E+01
A1W 3
 1.0943423753612E+05 0.0000000000000E+00 0.0000000000000E+00 2.0000000000000E+01
A1W 4
 1.0922930805085E+05 0.0000000000000E+00 0.0000000000000E+00 2.0000000000000E+01
A1W 5
 1.0842253166438E+05 0.0000000000000E+00 0.0000000000000E+00 2.0000000000000E+01
A1W 6
 1.0829902388727E+05 0.0000000000000E+00 0.0000000000000E+00 2.0000000000000E+01
A1W 7
 1.0833896623955E+05 0.0000000000000E+00 0.0000000000000E+00 2.0000000000000E+01
A1W 8
 1.0829123461433E+05 0.0000000000000E+00 0.0000000000000E+00 2.0000000000000E+01
A1W 9
 1.0901609080662E+05 0.0000000000000E+00 0.0000000000000E+00 2.0000000000000E+01
A1W10
 1.0897668004411E+05 0.0000000000000E+00 0.0000000000000E+00 2.0000000000000E+01
A1W11
 1.0888452930485E+05 0.0000000000000E+00 0.0000000000000E+00 2.0000000000000E+01
A1W12
 1.0895226141644E+05 0.0000000000000E+00 0.0000000000000E+00 2.0000000000000E+01
A1W13
 1.0891312699021E+05 0.0000000000000E+00 0.0000000000000E+00 2.0000000000000E+01
A1W14
 1.0882587366031E+05 0.0000000000000E+00 0.0000000000000E+00 2.0000000000000E+01
A1W15
 1.0843303551209E+05 0.0000000000000E+00 0.0000000000000E+00 2.0000000000000E+01
A1W16
 1.0858059946904E+05 0.0000000000000E+00 0.0000000000000E+00 2.0000000000000E+01
A1W17
 1.0866496949001E+05 0.0000000000000E+00 0.0000000000000E+00 2.0000000000000E+01
A1W18
 1.0863413148148E+05 0.0000000000000E+00 0.0000000000000E+00 2.0000000000000E+01
A1W19
 1.0858840606435E+05 0.0000000000000E+00 0.0000000000000E+00 2.0000000000000E+01
A1W20
 1.0930335153937E+05 0.0000000000000E+00 0.0000000000000E+00 2.0000000000000E+01
A1W21
 1.0916637652475E+05 0.0000000000000E+00 0.0000000000000E+00 2.0000000000000E+01
A1W22
 1.0937314479710E+05 0.0000000000000E+00 0.0000000000000E+00 2.0000000000000E+01
A1W23
 1.0893272738813E+05 0.0000000000000E+00 0.0000000000000E+00 2.0000000000000E+01
A1W24
 1.0849235878131E+05 0.0000000000000E+00 0.0000000000000E+00 2.0000000000000E+01
A1W25
 1.0854364789509E+05 0.0000000000000E+00 0.0000000000000E+00 2.0000000000000E+01
A1W26
 1.0893962263861E+05 0.0000000000000E+00 0.0000000000000E+00 2.0000000000000E+01
A1W27
 1.0912270559342E+05 0.0000000000000E+00 0.0000000000000E+00 2.0000000000000E+01
A1W28
 1.0832933752296E+05 0.0000000000000E+00 0.0000000000000E+00 2.0000000000000E+01
A1W29
 1.0910418293846E+05 0.0000000000000E+00 0.0000000000000E+00 2.0000000000000E+01
A1W30
 1.0887709150646E+05 0.0000000000000E+00 0.0000000000000E+00 2.0000000000000E+01
A1W31
 1.0920693108934E+05 0.0000000000000E+00 0.0000000000000E+00 2.0000000000000E+01
A1W32
 1.0832382373176E+05 0.0000000000000E+00 0.0000000000000E+00 2.0000000000000E+01
A1W33
 1.0937014913819E+05 0.0000000000000E+00 0.0000000000000E+00 2.0000000000000E+01
A1W34
 1.0840759238110E+05 0.0000000000000E+00 0.0000000000000E+00 2.0000000000000E+01
A1W35
 1.0889293424572E+05 0.0000000000000E+00 0.0000000000000E+00 2.0000000000000E+01
A1W36
 1.0852922403435E+05 0.0000000000000E+00 0.0000000000000E+00 2.0000000000000E+01
A1W37
 1.0857139256963E+05 0.0000000000000E+00 0.0000000000000E+00 2.0000000000000E+01
A1W38
 1.0929496472603E+05 0.0000000000000E+00 0.0000000000000E+00 2.0000000000000E+01
A1W39
 1.0914843605220E+05 0.0000000000000E+00 0.0000000000000E+00 2.0000000000000E+01
A1W40
 1.0854136489074E+05 0.0000000000000E+00 0.0000000000000E+00 2.0000000000000E+01
A1W41
 1.0827008949612E+05 0.0000000000000E+00 0.0000000000000E+00 2.0000000000000E+01
A1W42
 1.0917088629714E+05 0.0000000000000E+00 0.0000000000000E+00 2.0000000000000E+01
A1W43
 1.0888047966763E+05 0.0000000000000E+00 0.0000000000000E+00 2.0000000000000E+01
A1W44
 1.0846509814931E+05 0.0000000000000E+00 0.0000000000000E+00 2.0000000000000E+01
A1W45
 1.0844099929019E+05 0.0000000000000E+00 0.0000000000000E+00 2.0000000000000E+01
A1W46
 1.0803711250450E+05 0.0000000000000E+00 0.0000000000000E+00 2.0000000000000E+01
A1W47
 1.0887020738934E+05 0.0000000000000E+00 0.0000000000000E+00 2.0000000000000E+01
A1W48
 1.0827879997650E+05 0.0000000000000E+00 0.0000000000000E+00 2.0000000000000E+01
A1W49
 1.0805503160172E+05 0.0000000000000E+00 0.0000000000000E+00 2.0000000000000E+01
A1W50
 1.0833782329797E+05 0.0000000000000E+00 0.0000000000000E+00 2.0000000000000E+01
A1W51
 1.0875011751652E+05 0.0000000000000E+00 0.0000000000000E+00 2.0000000000000E+01
A1W52
 1.0915965664517E+05 0.0000000000000E+00 0.0000000000000E+00 2.0000000000000E+01
A1W53
 1.0851225078207E+05 0.0000000000000E+00 0.0000000000000E+00 2.0000000000000E+01
A1W54
 1.0824794744553E+05 0.0000000000000E+00 0.0000000000000E+00 2.0000000000000E+01
A1W55
 1.0915054952103E+05 0.0000000000000E+00 0.0000000000000E+00 2.0000000000000E+01
A1W56
 1.0785429110303E+05 0.0000000000000E+00 0.0000000000000E+00 2.0000000000000E+01
A1W57
 1.0925841098669E+05 0.0000000000000E+00 0.0000000000000E+00 2.0000000000000E+01
A1W58
 1.0861543101312E+05 0.0000000000000E+00 0.0000000000000E+00 2.0000000000000E+01
A1W59
 1.0867198458623E+05 0.0000000000000E+00 0.0000000000000E+00 2.0000000000000E+01
A1W60
 1.0917606270937E+05 0.0000000000000E+00 0.0000000000000E+00 2.0000000000000E+01
A1W61
 1.0812911373621E+05 0.0000000000000E+00 0.0000000000000E+00 2.0000000000000E+01
A1W62
 1.0847331810228E+05 0.0000000000000E+00 0.0000000000000E+00 2.0000000000000E+01
A1W63
 1.0804860018595E+05 0.0000000000000E+00 0.0000000000000E+00 2.0000000000000E+01
A1W64
 1.0852192577084E+05 0.0000000000000E+00 0.0000000000000E+00 2.0000000000000E+01
A1W65
 1.0860351537903E+05 0.0000000000000E+00 0.0000000000000E+00 2.0000000000000E+01
A1W66
 1.0914172114138E+05 0.0000000000000E+00 0.0000000000000E+00 2.0000000000000E+01
A1W67
 1.0923679486254E+05 0.0000000000000E+00 0.0000000000000E+00 2.0000000000000E+01
A1W68
 1.0977219765858E+05 0.0000000000000E+00 0.0000000000000E+00 2.0000000000000E+01
A1W69
 1.0886618912486E+05 0.0000000000000E+00 0.0000000000000E+00 2.0000000000000E+01
A1W70
 1.0799407867353E+05 0.0000000000000E+00 0.0000000000000E+00 2.0000000000000E+01
A1W71
 1.0810863139306E+05 0.0000000000000E+00 0.0000000000000E+00 2.0000000000000E+01
A1W72
 1.0797010027794E+05 0.0000000000000E+00 0.0000000000000E+00 2.0000000000000E+01
A1W73
 1.0841929369165E+05 0.0000000000000E+00 0.0000000000000E+00 2.0000000000000E+01
A1W74
 1.0808555167024E+05 0.0000000000000E+00 0.0000000000000E+00 2.0000000000000E+01
A1W75
 1.0804080966207E+05 0.0000000000000E+00 0.0000000000000E+00 2.0000000000000E+01
A1W76
 1.0878018099944E+05 0.0000000000000E+00 0.0000000000000E+00 2.0000000000000E+01
A1W77
 1.0899776464032E+05 0.0000000000000E+00 0.0000000000000E+00 2.0000000000000E+01
A1W78
 1.0845120732848E+05 0.0000000000000E+00 0.0000000000000E+00 2.0000000000000E+01
A1W79
 1.0904593936574E+05 0.0000000000000E+00 0.0000000000000E+00 2.0000000000000E+01
A1W80
 1.0882836182046E+05 0.0000000000000E+00 0.0000000000000E+00 2.0000000000000E+01
A1W81
 1.0825936377964E+05 0.0000000000000E+00 0.0000000000000E+00 2.0000000000000E+01
A1W82
 1.0895333373607E+05 0.0000000000000E+00 0.0000000000000E+00 2.0000000000000E+01
A1W83
 1.0854365216982E+05 0.0000000000000E+00 0.0000000000000E+00 2.0000000000000E+01
A1W84
 1.0875721330188E+05 0.0000000000000E+00 0.0000000000000E+00 2.0000000000000E+01
A1W85
 1.0907127435811E+05 0.0000000000000E+00 0.0000000000000E+00 2.0000000000000E+01
A1W86
 1.0821259153729E+05 0.0000000000000E+00 0.0000000000000E+00 2.0000000000000E+01
A1W87
 1.0852763038976E+05 0.0000000000000E+00 0.0000000000000E+00 2.0000000000000E+01
A1W88
 1.0890897499504E+05 0.0000000000000E+00 0.0000000000000E+00 2.0000000000000E+01
A1W89
 1.0810286160201E+05 0.0000000000000E+00 0.0000000000000E+00 2.0000000000000E+01
A1W90
 1.0796124173390E+05 0.0000000000000E+00 0.0000000000000E+00 2.0000000000000E+01
A1W91
 1.0869853521964E+05 0.0000000000000E+00 0.0000000000000E+00 2.0000000000000E+01
A1W92
 1.0981734026758E+05 0.0000000000000E+00 0.0000000000000E+00 2.0000000000000E+01
A1W93
 1.0854986124179E+05 0.0000000000000E+00 0.0000000000000E+00 2.0000000000000E+01
A1W94
 1.0896598772762E+05 0.0000000000000E+00 0.0000000000000E+00 2.0000000000000E+01
A1W95
 1.0850036911464E+05 0.0000000000000E+00 0.0000000000000E+00 2.0000000000000E+01
A1W96
 1.0825358136488E+05 0.0000000000000E+00 0.0000000000000E+00 2.0000000000000E+01
A1W97
 1.0854200134728E+05 0.0000000000000E+00 0.0000000000000E+00 2.0000000000000E+01
A1W98
 1.0866438621121E+05 0.0000000000000E+00 0.0000000000000E+00 2.0000000000000E+01
A1W99
 1.0822849936902E+05 0.0000000000000E+00 0.0000000000000E+00 2.0000000000000E+01
A1X 0
 1.0859916856392E+05 0.0000000000000E+00 0.0000000000000E+00 2.0000000000000E+01
A1X 1
 1.0839769679044E+05 0.0000000000000E+00 0.0000000000000E+00 2.0000000000000E+01
A1X 2
 1.0845781560447E+05 0.0000000000000E+00 0.0000000000000E+00 2.0000000000000E+01
A1X 3
 1.0904175396465E+05 0.0000000000000E+00 0.0000000000000E+00 2.0000000000000E+01
A1X 4
 1.0844981375849E+05 0.0000000000000E+00 0.0000000000000E+00 2.0000000000000E+01
A1X 5
 1.0818919405156E+05 0.0000000000000E+00 0.0000000000000E+00 2.0000000000000E+01
A1X 6
 1.0862442218394E+05 0.0000000000000E+00 0.0000000000000E+00 2.0000000000000E+01
A1X 7
 1.0891364529099E+05 0.0000000000000E+00 0.0000000000000E+00 2.0000000000000E+01
A1X 8
 1.0826630389568E+05 0.0000000000000E+00 0.0000000000000E+00 2.0000000000000E+01
A1X 9
 1.0909651933185E+05 0.0000000000000E+00 0.0000000000000E+00 2.0000000000000E+01
A1X10
 1.0926244949209E+05 0.0000000000000E+00 0.0000000000000E+00 2.0000000000000E+01
A1X11
 1.0796060658237E+05 0.0000000000000E+00 0.0000000000000E+00 2.0000000000000E+01
A1X12
 1.0811152775398E+05 0.0000000000000E+00 0.0000000000000E+00 2.0000000000000E+01
A1X13
 1.0872012647607E+05 0.0000000000000E+00 0.0000000000000E+00 2.0000000000000E+01
A1X14
 1.0970016417398E+05 0.0000000000000E+00 0.0000000000000E+00 2.0000000000000E+01
A1X15
 1.0867670997809E+05 0.0000000000000E+00 0.0000000000000E+00 2.0000000000000E+01
A1X16
 1.0847926284609E+05 0.0000000000000E+00 0.0000000000000E+00 2.0000000000000E+01
A1X17
 1.0900405883819E+05 0.0000000000000E+00 0.0000000000000E+00 2.0000000000000E+01
A1X18
 1.0903790876922E+05 0.0000000000000E+00 0.0000000000000E+00 2.0000000000000E+01
A1X19
 1.0828571743950E+05 0.0000000000000E+00 0.0000000000000E+00 2.0000000000000E+01
A1X20
 1.0841026502537E+05 0.0000000000000E+00 0.0000000000000E+00 2.0000000000000E+01
A1X21
 1.0962161928559E+05 0.0000000000000E+00 0.0000000000000E+00 2.0000000000000E+01
A1X22
 1.0883030805448E+05 0.0000000000000E+00 0.0000000000000E+00 2.0000000000000E+01
A1X23
 1.0851913271375E+05 0.0000000000000E+00 0.0000000000000E+00 2.0000000000000E+01
A1X24
 1.0828352658726E+05 0.0000000000000E+00 0.0000000000000E+00 2.0000000000000E+01
A1X25
 1.0837358212616E+05 0.0000000000000E+00 0.0000000000000E+00 2.0000000000000E+01
A1X26
 1.0816834963662E+05 0.0000000000000E+00 0.0000000000000E+00 2.0000000000000E+01
A1X27
 1.0847938064420E+05 0.0000000000000E+00 0.0000000000000E+00 2.0000000000000E+01
A1X28
 1.0830375226534E+05 0.0000000000000E+00 0.0000000000000E+00 2.0000000000000E+01
A1X29
 1.0831041463981E+05 0.0000000000000E+00 0.0000000000000E+00 2.0000000000000E+01
A1X30
 1.0872913407097E+05 0.0000000000000E+00 0.0000000000000E+00 2.0000000000000E+01
A1X31
 1.0826252696813E+05 0.0000000000000E+00 0.0000000000000E+00 2.0000000000000E+01
A1X32
 1.0846012546282E+05 0.0000000000000E+00 0.0000000000000E+00 2.0000000000000E+01
A1X33
 1.0833694289402E+05 0.0000000000000E+00 0.0000000000000E+00 2.0000000000000E+01
A1X34
 1.0845480874404E+05 0.0000000000000E+00 0.0000000000000E+00 2.0000000000000E+01
A1X35
 1.0807579785056E+05 0.0000000000000E+00 0.0000000000000E+00 2.0000000000000E+01
A1X36
 1.0821547055336E+05 0.0000000000000E+00 0.0000000000000E+00 2.0000000000000E+01
A1X37
 1.0923141144404E+05 0.0000000000000E+00 0.0000000000000E+00 2.0000000000000E+01
A1X38
 1.0855351738397E+05 0.0000000000000E+00 0.0000000000000E+00 2.0000000000000E+01
A1X39
 1.0875435317288E+05 0.0000000000000E+00 0.0000000000000E+00 2.0000000000000E+01
A1X40
 1.0828444121642E+05 0.0000000000000E+00 0.0000000000000E+00 2.0000000000000E+01
A1X41
 1.0862490840704E+05 0.0000000000000E+00 0.0000000000000E+00 2.0000000000000E+01
A1X42
 1.0794690171288E+05 0.0000000000000E+00 0.0000000000000E+00 2.0000000000000E+01
A1X43
 1.0858240696253E+05 0.0000000000000E+00 0.0000000000000E+00 2.0000000000000E+01
A1X44
 1.0921186343940E+05 0.0000000000000E+00 0.0000000000000E+00 2.0000000000000E+01
A1X45
 1.0847923357489E+05 0.0000000000000E+00 0.0000000000000E+00 2.0000000000000E+01
A1X46
 1.0868677471718E+05 0.0000000000000E+00 0.0000000000000E+00 2.0000000000000E+01
A1X47
 1.0883261228140E+05 0.0000000000000E+00 0.0000000000000E+00 2.0000000000000E+01
A1X48
 1.0856538156434E+05 0.0000000000000E+00 0.0000000000000E+00 2.0000000000000E+01
A1X49
 1.0799086641580E+05 0.0000000000000E+00 0.0000000000000E+00 2.0000000000000E+01
A1X50
 1.0857327305762E+05 0.0000000000000E+00 0.0000000000000E+00 2.0000000000000E+01
A1X51
 1.0847044134642E+05 0.0000000000000E+00 0.0000000000000E+00 2.0000000000000E+01
A1X52
 1.0838359937790E+05 0.0000000000000E+00 0.0000000000000E+00 2.0000000000000E+01
A1X53
 1.0817925430109E+05 0.0000000000000E+00 0.0000000000000E+00 2.0000000000000E+01
A1X54
 1.0823767339911E+05 0.0000000000000E+00 0.0000000000000E+00 2.0000000000000E+01
A1X55
 1.0911654783778E+05 0.0000000000000E+00 0.0000000000000E+00 2.0000000000000E+01
A1X56
 1.0855502731060E+05 0.0000000000000E+00 0.0000000000000E+00 2.0000000000000E+01
A1X57
 1.0794606847975E+05 0.0000000000000E+00 0.0000000000000E+00 2.0000000000000E+01
A1X58
 1.0823043185234E+05 0.0000000000000E+00 0.0000000000000E+00 2.0000000000000E+01
A1X59
 1.0970791061713E+05 0.0000000000000E+00 0.0000000000000E+00 2.0000000000000E+01
A1X60
 1.0831984971904E+05 0.0000000000000E+00 0.0000000000000E+00 2.0000000000000E+01
A1X61
 1.0782609202686E+05 0.0000000000000E+00 0.0000000000000E+00 2.0000000000000E+01
A1X62
 1.0862341535274E+05 0.0000000000000E+00 0.0000000000000E+00 2.0000000000000E+01
A1X63
 1.0823129033461E+05 0.0000000000000E+00 0.0000000000000E+00 2.0000000000000E+01
A1X64
 1.0875395918548E+05 0.0000000000000E+00 0.0000000000000E+00 2.0000000000000E+01
A1X65
 1.0885609985084E+05 0.0000000000000E+00 0.0000000000000E+00 2.0000000000000E+01
A1X66
 1.0832567525410E+05 0.0000000000000E+00 0.0000000000000E+00 2.0000000000000E+01
A1X67
 1.0823421481746E+05 0.0000000000000E+00 0.0000000000000E+00 2.0000000000000E+01
A1X68
 1.0861702757593E+05 0.0000000000000E+00 0.0000000000000E+00 2.0000000000000E+01
A1X69
 1.0831741511525E+05 0.0000000000000E+00 0.0000000000000E+00 2.0000000000000E+01
A1X70
 1.0921611294050E+05 0.0000000000000E+00 0.0000000000000E+00 2.0000000000000E+01
A1X71
 1.0886565361415E+05 0.0000000000000E+00 0.0000000000000E+00 2.0000000000000E+01
A1X72
 1.0881268030778E+05 0.0000000000000E+00 0.0000000000000E+00 2.0000000000000E+01
A1X73
 1.0796096410227E+05 0.0000000000000E+00 0.0000000000000E+00 2.0000000000000E+01
A1X74
 1.0903147337696E+05 0.0000000000000E+00 0.0000000000000E+00 2.0000000000000E+01
A1X75
 1.0810431362000E+05 0.0000000000000E+00 0.0000000000000E+00 2.0000000000000E+01
A1X76
 1.0850540448940E+05 0.0000000000000E+00 0.0000000000000E+00 2.0000000000000E+01
A1X77
 1.0803881410023E+05 0.0000000000000E+00 0.0000000000000E+00 2.0000000000000E+01
A1X78
 1.0952580519813E+05 0.0000000000000E+00 0.0000000000000E+00 2.0000000000000E+01
A1X79
 1.0953261486492E+05 0.0000000000000E+00 0.0000000000000E+00 2.0000000000000E+01
A1X80
 1.0834926550260E+05 0.0000000000000E+00 0.0000000000000E+00 2.0000000000000E+01
A1X81
 1.0864570369767E+05 0.0000000000000E+00 0.0000000000000E+00 2.0000000000000E+01
A1X82
 1.0831837278083E+05 0.0000000000000E+00 0.0000000000000E+00 2.0000000000000E+01
A1X83
 1.0841565172161E+05 0.0000000000000E+00 0.0000000000000E+00 2.0000000000000E+01
A1X84
 1.0852092810503E+05 0.0000000000000E+00 0.0000000000000E+00 2.0000000000000E+01
A1X85
 1.0853783146240E+05 0.0000000000000E+00 0.0000000000000E+00 2.0000000000000E+01
A1X86
 1.0928439585110E+05 0.0000000000000E+00 0.0000000000000E+00 2.0000000000000E+01
A1X87
 1.0796749511181E+05 0.0000000000000E+00 0.0000000000000E+00 2.0000000000000E+01
A1X88
 1.0877004009325E+05 0.0000000000000E+00 0.0000000000000E+00 2.0000000000000E+01
A1X89
 1.0890457907283E+05 0.0000000000000E+00 0.0000000000000E+00 2.0000000000000E+01
A1X90
 1.0853317755487E+05 0.0000000000000E+00 0.0000000000000E+00 2.0000000000000E+01
A1X91
 1.0767819049261E+05 0.0000000000000E+00 0.0000000000000E+00 2.0000000000000E+01
A1X92
 1.0863614798909E+05 0.0000000000000E+00 0.0000000000000E+00 2.0000000000000E+01
A1X93
 1.0863917560831E+05 0.0000000000000E+00 0.0000000000000E+00 2.0000000000000E+01
A1X94
 1.0855725214859E+05 0.0000000000000E+00 0.0000000000000E+00 2.0000000000000E+01
A1X95
 1.0862844096491E+05 0.0000000000000E+00 0.0000000000000E+00 2.0000000000000E+01
A1X96
 1.0854731825578E+05 0.0000000000000E+00 0.0000000000000E+00 2.0000000000000E+01
A1X97
 1.0800433627694E+05 0.0000000000000E+00 0.0000000000000E+00 2.0000000000000E+01
A1X98
 1.0777419800047E+05 0.0000000000000E+00 0.0000000000000E+00 2.0000000000000E+01
A1X99
 1.0770296089024E+05 0.0000000000000E+00 0.0000000000000E+00 2.0000000000000E+01
A1Y 0
 1.0788856975841E+05 0.0000000000000E+00 0.0000000000000E+00 2.0000000000000E+01
A1Y 1
 1.0774036969004E+05 0.0000000000000E+00 0.0000000000000E+00 2.0000000000000E+01
A1Y 2
 1.0784678030429E+05 0.0000000000000E+00 0.0000000000000E+00 2.0000000000000E+01
A1Y 3
 1.0767843287403E+05 0.0000000000000E+00 0.0000000000000E+00 2.0000000000000E+01
A1Y 4
 1.0782770955658E+05 0.0000000000000E+00 0.0000000000000E+00 2.0000000000000E+01
A1Y 5
 1.0770478292239E+05 0.0000000000000E+00 0.0000000000000E+00 2.0000000000000E+01
A1Y 6
 1.0778973492466E+05 0.0000000000000E+00 0.0000000000000E+00 2.0000000000000E+01
A1Y 7
 1.0769409506008E+05 0.0000000000000E+00 0.0000000000000E+00 2.0000000000000E+01
A1Y 8
 1.0776195203236E+05 0.0000000000000E+00 0.0000000000000E+00 2.0000000000000E+01
A1Y 9
 1.0781507899011E+05 0.0000000000000E+00 0.0000000000000E+00 2.0000000000000E+01
A1Y10
 1.0777045302905E+05 0.0000000000000E+00 0.0000000000000E+00 2.0000000000000E+01
A1Y11
 1.0767540418096E+05 0.0000000000000E+00 0.0000000000000E+00 2.0000000000000E+01
A1Y12
 1.0769061232463E+05 0.0000000000000E+00 0.0000000000000E+00 2.0000000000000E+01
A1Y13
 1.0777942785279E+05 0.0000000000000E+00 0.0000000000000E+00 2.0000000000000E+01
A1Y14
 1.0771699914743E+05 0.0000000000000E+00 0.0000000000000E+00 2.0000000000000E+01
A1Y15
 1.0800319588166E+05 0.0000000000000E+00 0.0000000000000E+00 2.0000000000000E+01
A1Y16
 1.0792672204163E+05 0.0000000000000E+00 0.0000000000000E+00 2.0000000000000E+01
A1Y17
 1.0792651897496E+05 0.0000000000000E+00 0.0000000000000E+00 2.0000000000000E+01
A1Y18
 1.0793383137634E+05 0.0000000000000E+00 0.0000000000000E+00 2.0000000000000E+01
A1Y19
 1.0776734704804E+05 0.0000000000000E+00 0.0000000000000E+00 2.0000000000000E+01
A1Y20
 1.0801937614561E+05 0.0000000000000E+00 0.0000000000000E+00 2.0000000000000E+01
A1Y21
 1.0800355253751E+05 0.0000000000000E+00 0.0000000000000E+00 2.0000000000000E+01
A1Y22
 1.0800861521824E+05 0.0000000000000E+00 0.0000000000000E+00 2.0000000000000E+01
A1Y23
 1.0794481332648E+05 0.0000000000000E+00 0.0000000000000E+00 2.0000000000000E+01
A1Y24
 1.0781933042601E+05 0.0000000000000E+00 0.0000000000000E+00 2.0000000000000E+01
A1Y25
 1.0794351313385E+05 0.0000000000000E+00 0.0000000000000E+00 2.0000000000000E+01
A1Y26
 1.0792734004640E+05 0.0000000000000E+00 0.0000000000000E+00 2.0000000000000E+01
A1Y27
 1.0769417705258E+05 0.0000000000000E+00 0.0000000000000E+00 2.0000000000000E+01
A1Y28
 1.0765074154184E+05 0.0000000000000E+00 0.0000000000000E+00 2.0000000000000E+01
A1Y29
 1.0766196707674E+05 0.0000000000000E+00 0.0000000000000E+00 2.0000000000000E+01
A1Y30
 1.0774797135438E+05 0.0000000000000E+00 0.0000000000000E+00 2.0000000000000E+01
A1Y31
 1.0768835799788E+05 0.0000000000000E+00 0.0000000000000E+00 2.0000000000000E+01
A1Y32
 1.0772134058822E+05 0.0000000000000E+00 0.0000000000000E+00 2.0000000000000E+01
A1Y33
 1.0767567848736E+05 0.0000000000000E+00 0.0000000000000E+00 2.0000000000000E+01
A1Y34
 1.0769867472111E+05 0.0000000000000E+00 0.0000000000000E+00 2.0000000000000E+01
A1Y35
 1.0765604372915E+05 0.0000000000000E+00 0.0000000000000E+00 2.0000000000000E+01
A1Y36
 1.0770134981677E+05 0.0000000000000E+00 0.0000000000000E+00 2.0000000000000E+01
A1Y37
 1.0765060792767E+05 0.0000000000000E+00 0.0000000000000E+00 2.0000000000000E+01
A1Y38
 1.0770673402052E+05 0.0000000000000E+00 0.0000000000000E+00 2.0000000000000E+01
A1Y39
 1.0765438149325E+05 0.0000000000000E+00 0.0000000000000E+00 2.0000000000000E+01
A1Y40
 1.0698614603779E+05 0.0000000000000E+00 0.0000000000000E+00 2.0000000000000E+01
A1Y41
 1.0703566850146E+05 0.0000000000000E+00 0.0000000000000E+00 2.0000000000000E+01
A1Y42
 1.0713043416523E+05 0.0000000000000E+00 0.0000000000000E+00 2.0000000000000E+01
A1Y43
 1.0735397525452E+05 0.0000000000000E+00 0.0000000000000E+00 2.0000000000000E+01
A1Y44
 1.0748669796119E+05 0.0000000000000E+00 0.0000000000000E+00 2.0000000000000E+01
A1Y45
 1.0703229448147E+05 0.0000000000000E+00 0.0000000000000E+00 2.0000000000000E+01
A1Y46
 1.0715607307299E+05 0.0000000000000E+00 0.0000000000000E+00 2.0000000000000E+01
A1Y47
 1.0703958856162E+05 0.0000000000000E+00 0.0000000000000E+00 2.0000000000000E+01
A1Y48
 1.0717424756803E+05 0.0000000000000E+00 0.0000000000000E+00 2.0000000000000E+01
A1Y49
 1.0715655957113E+05 0.0000000000000E+00 0.0000000000000E+00 2.0000000000000E+01
A1Y50
 1.0705484074185E+05 0.0000000000000E+00 0.0000000000000E+00 2.0000000000000E+01
A1Y51
 1.0710459670162E+05 0.0000000000000E+00 0.0000000000000E+00 2.0000000000000E+01
A1Y52
 1.0716533427285E+05 0.0000000000000E+00 0.0000000000000E+00 2.0000000000000E+01
A1Y53
 1.0702461544530E+05 0.0000000000000E+00 0.0000000000000E+00 2.0000000000000E+01
A1Y54
 1.0717977146030E+05 0.0000000000000E+00 0.0000000000000E+00 2.0000000000000E+01
A1Y55
 1.0721042625504E+05 0.0000000000000E+00 0.0000000000000E+00 2.0000000000000E+01
A1Y56
 1.0717341441063E+05 0.0000000000000E+00 0.0000000000000E+00 2.0000000000000E+01
A1Y57
 1.0705973929982E+05 0.0000000000000E+00 0.0000000000000E+00 2.0000000000000E+01
A1Y58
 1.0719435342003E+05 0.0000000000000E+00 0.0000000000000E+00 2.0000000000000E+01
A1Y59
 1.0671882023098E+05 0.0000000000000E+00 0.0000000000000E+00 2.0000000000000E+01
A1Y60
 1.0711395734164E+05 0.0000000000000E+00 0.0000000000000E+00 2.0000000000000E+01
A1Y61
 1.0682585068893E+05 0.0000000000000E+00 0.0000000000000E+00 2.0000000000000E+01
A1Y62
 1.0725876873358E+05 0.0000000000000E+00 0.0000000000000E+00 2.0000000000000E+01
A1Y63
 1.0705363461464E+05 0.0000000000000E+00 0.0000000000000E+00 2.0000000000000E+01
A1Y64
 1.0748575520341E+05 0.0000000000000E+00 0.0000000000000E+00 2.0000000000000E+01
A1Y65
 1.0704503590429E+05 0.0000000000000E+00 0.0000000000000E+00 2.0000000000000E+01
A1Y66
 1.0721479095277E+05 0.0000000000000E+00 0.0000000000000E+00 2.0000000000000E+01
A1Y67
 1.0707027489756E+05 0.0000000000000E+00 0.0000000000000E+00 2.0000000000000E+01
A1Y68
 1.0713714243271E+05 0.0000000000000E+00 0.0000000000000E+00 2.0000000000000E+01
A1Y69
 1.0737406415004E+05 0.0000000000000E+00 0.0000000000000E+00 2.0000000000000E+01
A1Y70
 1.0717936255717E+05 0.0000000000000E+00 0.0000000000000E+00 2.0000000000000E+01
A1Y71
 1.0731858461477E+05 0.0000000000000E+00 0.0000000000000E+00 2.0000000000000E+01
A1Y72
 1.0688779754385E+05 0.0000000000000E+00 0.0000000000000E+00 2.0000000000000E+01
A1Y73
 1.0717835580340E+05 0.0000000000000E+00 0.0000000000000E+00 2.0000000000000E+01
A1Y74
 1.0706956245027E+05 0.0000000000000E+00 0.0000000000000E+00 2.0000000000000E+01
A1Y75
 1.0725079881930E+05 0.0000000000000E+00 0.0000000000000E+00 2.0000000000000E+01
A1Y76
 1.0712780590410E+05 0.0000000000000E+00 0.0000000000000E+00 2.0000000000000E+01
A1Y77
 1.0754011744572E+05 0.0000000000000E+00 0.0000000000000E+00 2.0000000000000E+01
A1Y78
 1.0706956708717E+05 0.0000000000000E+00 0.0000000000000E+00 2.0000000000000E+01
A1Y79
 1.0728274929082E+05 0.0000000000000E+00 0.0000000000000E+00 2.0000000000000E+01
A1Y80
 1.0717470304829E+05 0.0000000000000E+00 0.0000000000000E+00 2.0000000000000E+01
A1Y81
 1.0708411696394E+05 0.0000000000000E+00 0.0000000000000E+00 2.0000000000000E+01
A1Y82
 1.0723841619825E+05 0.0000000000000E+00 0.0000000000000E+00 2.0000000000000E+01
A1Y83
 1.0715010378362E+05 0.0000000000000E+00 0.0000000000000E+00 2.0000000000000E+01
A1Y84
 1.0714554655848E+05 0.0000000000000E+00 0.0000000000000E+00 2.0000000000000E+01
A1Y85
 1.0692238136437E+05 0.0000000000000E+00 0.0000000000000E+00 2.0000000000000E+01
A1Y86
 1.0750925383058E+05 0.0000000000000E+00 0.0000000000000E+00 2.0000000000000E+01
A1Y87
 1.0718833006484E+05 0.0000000000000E+00 0.0000000000000E+00 2.0000000000000E+01
A1Y88
 1.0741950734800E+05 0.0000000000000E+00 0.0000000000000E+00 2.0000000000000E+01
A1Y89
 1.0673444564303E+05 0.0000000000000E+00 0.0000000000000E+00 2.0000000000000E+01
A1Y90
 1.0682006007440E+05 0.0000000000000E+00 0.0000000000000E+00 2.0000000000000E+01
A1Y91
 1.0676940084304E+05 0.0000000000000E+00 0.0000000000000E+00 2.0000000000000E+01
A1Y92
 1.0684192200920E+05 0.0000000000000E+00 0.0000000000000E+00 2.0000000000000E+01
A1Y93
 1.0689547330708E+05 0.0000000000000E+00 0.0000000000000E+00 2.0000000000000E+01
A1Y94
 1.0743011481753E+05 0.0000000000000E+00 0.0000000000000E+00 2.0000000000000E+01
A1Y95
 1.0707670322287E+05 0.0000000000000E+00 0.0000000000000E+00 2.0000000000000E+01
A1Y96
 1.0751149146691E+05 0.0000000000000E+00 0.0000000000000E+00 2.0000000000000E+01
A1Y97
 1.0748641732969E+05 0.0000000000000E+00 0.0000000000000E+00 2.0000000000000E+01
A1Y98
 1.0677098881516E+05 0.0000000000000E+00 0.0000000000000E+00 2.0000000000000E+01
A1Y99
 1.0673186234168E+05 0.0000000000000E+00 0.0000000000000E+00 2.0000000000000E+01
A1Z 0
 1.0741965512343E+05 0.0000000000000E+00 0.0000000000000E+00 2.0000000000000E+01
A1Z 1
 1.0721996210861E+05 0.0000000000000E+00 0.0000000000000E+00 2.0000000000000E+01
A1Z 2
 1.0663910259851E+05 0.0000000000000E+00 0.0000000000000E+00 2.0000000000000E+01
A1Z 3
 1.0687748881833E+05 0.0000000000000E+00 0.0000000000000E+00 2.0000000000000E+01
A1Z 4
 1.0743766231916E+05 0.0000000000000E+00 0.0000000000000E+00 2.0000000000000E+01
A1Z 5
 1.0671398151536E+05 0.0000000000000E+00 0.0000000000000E+00 2.0000000000000E+01
A1Z 6
 1.0663484476790E+05 0.0000000000000E+00 0.0000000000000E+00 2.0000000000000E+01
A1Z 7
 1.0737444722996E+05 0.0000000000000E+00 0.0000000000000E+00 2.0000000000000E+01
A1Z 8
 1.0701764969562E+05 0.0000000000000E+00 0.0000000000000E+00 2.0000000000000E+01
A1Z 9
 1.0760042761723E+05 0.0000000000000E+00 0.0000000000000E+00 2.0000000000000E+01
A1Z10
 1.0698764787301E+05 0.0000000000000E+00 0.0000000000000E+00 2.0000000000000E+01
A1Z11
 1.0726440030460E+05 0.0000000000000E+00 0.0000000000000E+00 2.0000000000000E+01
A1Z12
 1.0675311862612E+05 0.0000000000000E+00 0.0000000000000E+00 2.0000000000000E+01
A1Z13
 1.0755239575159E+05 0.0000000000000E+00 0.0000000000000E+00 2.0000000000000E+01
A1Z14
 1.0690483608615E+05 0.0000000000000E+00 0.0000000000000E+00 2.0000000000000E+01
A1Z15
 1.0740452876283E+05 0.0000000000000E+00 0.0000000000000E+00 2.0000000000000E+01
A1Z16
 1.0684623748432E+05 0.0000000000000E+00 0.0000000000000E+00 2.0000000000000E+01
A1Z17
 1.0662645972136E+05 0.0000000000000E+00 0.0000000000000E+00 2.0000000000000E+01
A1Z18
 1.0665399410231E+05 0.0000000000000E+00 0.0000000000000E+00 2.0000000000000E+01
A1Z19
 1.0679083973735E+05 0.0000000000000E+00 0.0000000000000E+00 2.0000000000000E+01
A1Z20
 1.0666977120097E+05 0.0000000000000E+00 0.0000000000000E+00 2.0000000000000E+01
A1Z21
 1.0683329447770E+05 0.0000000000000E+00 0.0000000000000E+00 2.0000000000000E+01
A1Z22
 1.0678888183023E+05 0.0000000000000E+00 0.0000000000000E+00 2.0000000000000E+01
A1Z23
 1.0683775594870E+05 0.0000000000000E+00 0.0000000000000E+00 2.0000000000000E+01
A1Z24
 1.0724117894131E+05 0.0000000000000E+00 0.0000000000000E+00 2.0000000000000E+01
A1Z25
 1.0672947778429E+05 0.0000000000000E+00 0.0000000000000E+00 2.0000000000000E+01
A1Z26
 1.0678460366508E+05 0.0000000000000E+00 0.0000000000000E+00 2.0000000000000E+01
A1Z27
 1.0680002928118E+05 0.0000000000000E+00 0.0000000000000E+00 2.0000000000000E+01
A1Z28
 1.0669315941251E+05 0.0000000000000E+00 0.0000000000000E+00 2.0000000000000E+01
A1Z29
 1.0750463140461E+05 0.0000000000000E+00 0.0000000000000E+00 2.0000000000000E+01
A1Z30
 1.0736259086697E+05 0.0000000000000E+00 0.0000000000000E+00 2.0000000000000E+01
A1Z31
 1.0685971549615E+05 0.0000000000000E+00 0.0000000000000E+00 2.0000000000000E+01
A1Z32
 1.0672552774361E+05 0.0000000000000E+00 0.0000000000000E+00 2.0000000000000E+01
A1Z33
 1.0750126994033E+05 0.0000000000000E+00 0.0000000000000E+00 2.0000000000000E+01
A1Z34
 1.0670890961504E+05 0.0000000000000E+00 0.0000000000000E+00 2.0000000000000E+01
A1Z35
 1.0739853777748E+05 0.0000000000000E+00 0.0000000000000E+00 2.0000000000000E+01
A1Z36
 1.0751191526084E+05 0.0000000000000E+00 0.0000000000000E+00 2.0000000000000E+01
A1Z37
 1.0674872151218E+05 0.0000000000000E+00 0.0000000000000E+00 2.0000000000000E+01
A1Z38
 1.0748970729087E+05 0.0000000000000E+00 0.0000000000000E+00 2.0000000000000E+01
A1Z39
 1.0666606816374E+05 0.0000000000000E+00 0.0000000000000E+00 2.0000000000000E+01
A1Z40
 1.0663664153227E+05 0.0000000000000E+00 0.0000000000000E+00 2.0000000000000E+01
A1Z41
 1.0690015316871E+05 0.0000000000000E+00 0.0000000000000E+00 2.0000000000000E+01
A1Z42
 1.0673674791083E+05 0.0000000000000E+00 0.0000000000000E+00 2.0000000000000E+01
A1Z43
 1.0755340839564E+05 0.0000000000000E+00 0.0000000000000E+00 2.0000000000000E+01
A1Z44
 1.0735892745588E+05 0.0000000000000E+00 0.0000000000000E+00 2.0000000000000E+01
A1Z45
 1.0739411082595E+05 0.0000000000000E+00 0.0000000000000E+00 2.0000000000000E+01
A1Z46
 1.0736870528468E+05 0.0000000000000E+00 0.0000000000000E+00 2.0000000000000E+01
A1Z47
 1.0748427752574E+05 0.0000000000000E+00 0.0000000000000E+00 2.0000000000000E+01
A1Z48
 1.0756335490955E+05 0.0000000000000E+00 0.0000000000000E+00 2.0000000000000E+01
A1Z49
 1.0750512954257E+05 0.0000000000000E+00 0.0000000000000E+00 2.0000000000000E+01
A1Z50
 1.0757766331569E+05 0.0000000000000E+00 0.0000000000000E+00 2.0000000000000E+01
A1Z51
 1.0763036325504E+05 0.0000000000000E+00 0.0000000000000E+00 2.0000000000000E+01
A1Z52
 1.0744493199713E+05 0.0000000000000E+00 0.0000000000000E+00 2.0000000000000E+01
A1Z53
 1.0752605371452E+05 0.0000000000000E+00 0.0000000000000E+00 2.0000000000000E+01
A1Z54
 1.0759022076102E+05 0.0000000000000E+00 0.0000000000000E+00 2.0000000000000E+01
A1Z55
 1.0692367067778E+05 0.0000000000000E+00 0.0000000000000E+00 2.0000000000000E+01
A1Z56
 1.0750542452832E+05 0.0000000000000E+00 0.0000000000000E+00 2.0000000000000E+01
A1Z57
 1.0746284387765E+05 0.0000000000000E+00 0.0000000000000E+00 2.0000000000000E+01
A1Z58
 1.0740610018258E+05 0.0000000000000E+00 0.0000000000000E+00 2.0000000000000E+01
A1Z59
 1.0747622855150E+05 0.0000000000000E+00 0.0000000000000E+00 2.0000000000000E+01
A1Z60
 1.0682693660240E+05 0.0000000000000E+00 0.0000000000000E+00 2.0000000000000E+01
A1Z61
 1.0685315821386E+05 0.0000000000000E+00 0.0000000000000E+00 2.0000000000000E+01
A1Z62
 1.0738515891091E+05 0.0000000000000E+00 0.0000000000000E+00 2.0000000000000E+01
A1Z63
 1.0684670944979E+05 0.0000000000000E+00 0.0000000000000E+00 2.0000000000000E+01
A1Z64
 1.0750660030898E+05 0.0000000000000E+00 0.0000000000000E+00 2.0000000000000E+01
A1Z65
 1.0672177294822E+05 0.0000000000000E+00 0.0000000000000E+00 2.0000000000000E+01
A1Z66
 1.0668105665815E+05 0.0000000000000E+00 0.0000000000000E+00 2.0000000000000E+01
A1Z67
 1.0680471016796E+05 0.0000000000000E+00 0.0000000000000E+00 2.0000000000000E+01
A1Z68
 1.0694897622082E+05 0.0000000000000E+00 0.0000000000000E+00 2.0000000000000E+01
A1Z69
 1.0678447742413E+05 0.0000000000000E+00 0.0000000000000E+00 2.0000000000000E+01
A1Z70
 1.0739466140117E+05 0.0000000000000E+00 0.0000000000000E+00 2.0000000000000E+01
A1Z71
 1.0725694938406E+05 0.0000000000000E+00 0.0000000000000E+00 2.0000000000000E+01
A1Z72
 1.0692539442021E+05 0.0000000000000E+00 0.0000000000000E+00 2.0000000000000E+01
A1Z73
 1.0751265333226E+05 0.0000000000000E+00 0.0000000000000E+00 2.0000000000000E+01
A1Z74
 1.0739430826726E+05 0.0000000000000E+00 0.0000000000000E+00 2.0000000000000E+01
A1Z75
 1.0751126397614E+05 0.0000000000000E+00 0.0000000000000E+00 2.0000000000000E+01
A1Z76
 1.0685284255521E+05 0.0000000000000E+00 0.0000000000000E+00 2.0000000000000E+01
A1Z77
 1.0692470935070E+05 0.0000000000000E+00 0.0000000000000E+00 2.0000000000000E+01
A1Z78
 1.0715955015203E+05 0.0000000000000E+00 0.0000000000000E+00 2.0000000000000E+01
A1Z79
 1.0675661706569E+05 0.0000000000000E+00 0.0000000000000E+00 2.0000000000000E+01
A1Z80
 1.0723351914015E+05 0.0000000000000E+00 0.0000000000000E+00 2.0000000000000E+01
A1Z81
 1.0751590956645E+05 0.0000000000000E+00 0.0000000000000E+00 2.0000000000000E+01
A1Z82
 1.0706896778818E+05 0.0000000000000E+00 0.0000000000000E+00 2.0000000000000E+01
A1Z83
 1.0750377308914E+05 0.0000000000000E+00 0.0000000000000E+00 2.0000000000000E+01
A1Z84
 1.0749924544364E+05 0.0000000000000E+00 0.0000000000000E+00 2.0000000000000E+01
A1Z85
 1.0766627127354E+05 0.0000000000000E+00 0.0000000000000E+00 2.0000000000000E+01
A1Z86
 1.0719029021859E+05 0.0000000000000E+00 0.0000000000000E+00 2.0000000000000E+01
A1Z87
 1.0702963654269E+05 0.0000000000000E+00 0.0000000000000E+00 2.0000000000000E+01
A1Z88
 1.0742675297177E+05 0.0000000000000E+00 0.0000000000000E+00 2.0000000000000E+01
A1Z89
 1.0689543065463E+05 0.0000000000000E+00 0.0000000000000E+00 2.0000000000000E+01
A1Z90
 1.0671148926081E+05 0.0000000000000E+00 0.0000000000000E+00 2.0000000000000E+01
A1Z91
 1.0740272547057E+05 0.0000000000000E+00 0.0000000000000E+00 2.0000000000000E+01
A1Z92
 1.0693078320385E+05 0.0000000000000E+00 0.0000000000000E+00 2.0000000000000E+01
A1Z93
 1.0673184868892E+05 0.0000000000000E+00 0.0000000000000E+00 2.0000000000000E+01
A1Z94
 1.0675010879271E+05 0.0000000000000E+00 0.0000000000000E+00 2.0000000000000E+01
A1Z95
 1.0769439597291E+05 0.0000000000000E+00 0.0000000000000E+00 2.0000000000000E+01
A1Z96
 1.0743307683805E+05 0.0000000000000E+00 0.0000000000000E+00 2.0000000000000E+01
A1Z97
 1.0682343830431E+05 0.0000000000000E+00 0.0000000000000E+00 2.0000000000000E+01
A1Z98
 1.0743184721057E+05 0.0000000000000E+00 0.0000000000000E+00 2.0000000000000E+01
A1Z99
 1.0754791682892E+05 0.0000000000000E+00 0.0000000000000E+00 2.0000000000000E+01
A21 0
 1.0674548373991E+05 0.0000000000000E+00 0.0000000000000E+00 2.0000000000000E+01
A21 1
 1.0743168748193E+05 0.0000000000000E+00 0.0000000000000E+00 2.0000000000000E+01
A21 2
 1.0757876150878E+05 0.0000000000000E+00 0.0000000000000E+00 2.0000000000000E+01
A21 3
 1.0749186590629E+05 0.0000000000000E+00 0.0000000000000E+00 2.0000000000000E+01
A21 4
 1.0693868266853E+05 0.0000000000000E+00 0.0000000000000E+00 2.0000000000000E+01
A21 5
 1.0726737675524E+05 0.0000000000000E+00 0.0000000000000E+00 2.0000000000000E+01
A21 6
 1.0710293185873E+05 0.0000000000000E+00 0.0000000000000E+00 2.0000000000000E+01
A21 7
 1.0718113999261E+05 0.0000000000000E+00 0.0000000000000E+00 2.0000000000000E+01
A21 8
 1.0684661954147E+05 0.0000000000000E+00 0.0000000000000E+00 2.0000000000000E+01
A21 9
 1.0704852612095E+05 0.0000000000000E+00 0.0000000000000E+00 2.0000000000000E+01
A2110
 1.0753228076678E+05 0.0000000000000E+00 0.0000000000000E+00 2.0000000000000E+01
A2111
 1.0718480993051E+05 0.0000000000000E+00 0.0000000000000E+00 2.0000000000000E+01
A2112
 1.0662536971865E+05 0.0000000000000E+00 0.0000000000000E+00 2.0000000000000E+01
A2113
 1.0713031741228E+05 0.0000000000000E+00 0.0000000000000E+00 2.0000000000000E+01
A2114
 1.0726970389163E+05 0.0000000000000E+00 0.0000000000000E+00 2.0000000000000E+01
A2115
 1.0719841390679E+05 0.0000000000000E+00 0.0000000000000E+00 2.0000000000000E+01
A2116
 1.0739338925797E+05 0.0000000000000E+00 0.0000000000000E+00 2.0000000000000E+01
A2117
 1.0727989190508E+05 0.0000000000000E+00 0.0000000000000E+00 2.0000000000000E+01
A2118
 1.0661546844807E+05 0.0000000000000E+00 0.0000000000000E+00 2.0000000000000E+01
A2119
 1.0759450199392E+05 0.0000000000000E+00 0.0000000000000E+00 2.0000000000000E+01
A2120
 1.0703030092520E+05 0.0000000000000E+00 0.0000000000000E+00 2.0000000000000E+01
A2121
 1.0740804863680E+05 0.0000000000000E+00 0.0000000000000E+00 2.0000000000000E+01
A2122
 1.0701025550757E+05 0.0000000000000E+00 0.0000000000000E+00 2.0000000000000E+01
A2123
 1.0710939554051E+05 0.0000000000000E+00 0.0000000000000E+00 2.0000000000000E+01
A2124
 1.0742196323913E+05 0.0000000000000E+00 0.0000000000000E+00 2.0000000000000E+01
A2125
 1.0713854534969E+05 0.0000000000000E+00 0.0000000000000E+00 2.0000000000000E+01
A2126
 1.0584194750727E+05 0.0000000000000E+00 0.0000000000000E+00 2.0000000000000E+01
A2127
 1.0592842591677E+05 0.0000000000000E+00 0.0000000000000E+00 2.0000000000000E+01
A2128
 1.0604348296822E+05 0.0000000000000E+00 0.0000000000000E+00 2.0000000000000E+01
A2129
 1.0599769357484E+05 0.0000000000000E+00 0.0000000000000E+00 2.0000000000000E+01
A2130
 1.0639153324884E+05 0.0000000000000E+00 0.0000000000000E+00 2.0000000000000E+01
A2131
 1.0654685273953E+05 0.0000000000000E+00 0.0000000000000E+00 2.0000000000000E+01
A2132
 1.0614083712191E+05 0.0000000000000E+00 0.0000000000000E+00 2.0000000000000E+01
A2133
 1.0610646860085E+05 0.0000000000000E+00 0.0000000000000E+00 2.0000000000000E+01
A2134
 1.0602601582567E+05 0.0000000000000E+00 0.0000000000000E+00 2.0000000000000E+01
A2135
 1.0615928087257E+05 0.0000000000000E+00 0.0000000000000E+00 2.0000000000000E+01
A2136
 1.0601491391199E+05 0.0000000000000E+00 0.0000000000000E+00 2.0000000000000E+01
A2137
 1.0601890341163E+05 0.0000000000000E+00 0.0000000000000E+00 2.0000000000000E+01
A2138
 1.0625100911192E+05 0.0000000000000E+00 0.0000000000000E+00 2.0000000000000E+01
A2139
 1.0616994950298E+05 0.0000000000000E+00 0.0000000000000E+00 2.0000000000000E+01
A2140
 1.0647618476863E+05 0.0000000000000E+00 0.0000000000000E+00 2.0000000000000E+01
A2141
 1.0605995253137E+05 0.0000000000000E+00 0.0000000000000E+00 2.0000000000000E+01
A2142
 1.0609389725291E+05 0.0000000000000E+00 0.0000000000000E+00 2.0000000000000E+01
A2143
 1.0642470274894E+05 0.0000000000000E+00 0.0000000000000E+00 2.0000000000000E+01
A2144
 1.0573383925127E+05 0.0000000000000E+00 0.0000000000000E+00 2.0000000000000E+01
A2145
 1.0622382351609E+05 0.0000000000000E+00 0.0000000000000E+00 2.0000000000000E+01
A2146
 1.0620126560918E+05 0.0000000000000E+00 0.0000000000000E+00 2.0000000000000E+01
A2147
 1.0615225505631E+05 0.0000000000000E+00 0.0000000000000E+00 2.0000000000000E+01
A2148
 1.0613675047199E+05 0.0000000000000E+00 0.0000000000000E+00 2.0000000000000E+01
A2149
 1.0619006789107E+05 0.0000000000000E+00 0.0000000000000E+00 2.0000000000000E+01
A2150
 1.0605228509885E+05 0.0000000000000E+00 0.0000000000000E+00 2.0000000000000E+01
A2151
 1.0630295215195E+05 0.0000000000000E+00 0.0000000000000E+00 2.0000000000000E+01
A2152
 1.0626787722725E+05 0.0000000000000E+00 0.0000000000000E+00 2.0000000000000E+01
A2153
 1.0617991210753E+05 0.0000000000000E+00 0.0000000000000E+00 2.0000000000000E+01
A2154
 1.0618912468845E+05 0.0000000000000E+00 0.0000000000000E+00 2.0000000000000E+01
A2155
 1.0597206314903E+05 0.0000000000000E+00 0.0000000000000E+00 2.0000000000000E+01
A2156
 1.0639376294476E+05 0.0000000000000E+00 0.0000000000000E+00 2.0000000000000E+01
A2157
 1.0589467523053E+05 0.0000000000000E+00 0.0000000000000E+00 2.0000000000000E+01
A2158
 1.0617327664188E+05 0.0000000000000E+00 0.0000000000000E+00 2.0000000000000E+01
A2159
 1.0625981712673E+05 0.0000000000000E+00 0.0000000000000E+00 2.0000000000000E+01
A2160
 1.0605272952074E+05 0.0000000000000E+00 0.0000000000000E+00 2.0000000000000E+01
A2161
 1.0585915066364E+05 0.0000000000000E+00 0.0000000000000E+00 2.0000000000000E+01
A2162
 1.0628219277846E+05 0.0000000000000E+00 0.0000000000000E+00 2.0000000000000E+01
A2163
 1.0645757765840E+05 0.0000000000000E+00 0.0000000000000E+00 2.0000000000000E+01
A2164
 1.0654187669630E+05 0.0000000000000E+00 0.0000000000000E+00 2.0000000000000E+01
A2165
 1.0632745922615E+05 0.0000000000000E+00 0.0000000000000E+00 2.0000000000000E+01
A2166
 1.0651181926274E+05 0.0000000000000E+00 0.0000000000000E+00 2.0000000000000E+01
A2167
 1.0575326892575E+05 0.0000000000000E+00 0.0000000000000E+00 2.0000000000000E+01
A2168
 1.0579918568433E+05 0.0000000000000E+00 0.0000000000000E+00 2.0000000000000E+01
A2169
 1.0583583591576E+05 0.0000000000000E+00 0.0000000000000E+00 2.0000000000000E+01
A2170
 1.0598920343078E+05 0.0000000000000E+00 0.0000000000000E+00 2.0000000000000E+01
A2171
 1.0574681197402E+05 0.0000000000000E+00 0.0000000000000E+00 2.0000000000000E+01
A2172
 1.0655056157072E+05 0.0000000000000E+00 0.0000000000000E+00 2.0000000000000E+01
A2173
 1.0601885126357E+05 0.0000000000000E+00 0.0000000000000E+00 2.0000000000000E+01
A2174
 1.0574931946257E+05 0.0000000000000E+00 0.0000000000000E+00 2.0000000000000E+01
A2175
 1.0574288089534E+05 0.0000000000000E+00 0.0000000000000E+00 2.0000000000000E+01
A2176
 1.0586960495268E+05 0.0000000000000E+00 0.0000000000000E+00 2.0000000000000E+01
A2177
 1.0636950674571E+05 0.0000000000000E+00 0.0000000000000E+00 2.0000000000000E+01
A2178
 1.0643241643610E+05 0.0000000000000E+00 0.0000000000000E+00 2.0000000000000E+01
A2179
 1.0646199624265E+05 0.0000000000000E+00 0.0000000000000E+00 2.0000000000000E+01
A2180
 1.0614973043105E+05 0.0000000000000E+00 0.0000000000000E+00 2.0000000000000E+01
A2181
 1.0634672641880E+05 0.0000000000000E+00 0.0000000000000E+00 2.0000000000000E+01
A2182
 1.0645179615816E+05 0.0000000000000E+00 0.0000000000000E+00 2.0000000000000E+01
A2183
 1.0642631559369E+05 0.0000000000000E+00 0.0000000000000E+00 2.0000000000000E+01
A2184
 1.0663392208911E+05 0.0000000000000E+00 0.0000000000000E+00 2.0000000000000E+01
A2185
 1.0642448493764E+05 0.0000000000000E+00 0.0000000000000E+00 2.0000000000000E+01
A2186
 1.0658975191532E+05 0.0000000000000E+00 0.0000000000000E+00 2.0000000000000E+01
A2187
 1.0651930933264E+05 0.0000000000000E+00 0.0000000000000E+00 2.0000000000000E+01
A2188
 1.0638812722315E+05 0.0000000000000E+00 0.0000000000000E+00 2.0000000000000E+01
A2189
 1.0625910092699E+05 0.0000000000000E+00 0.0000000000000E+00 2.0000000000000E+01
A2190
 1.0609760878999E+05 0.0000000000000E+00 0.0000000000000E+00 2.0000000000000E+01
A2191
 1.0602041050608E+05 0.0000000000000E+00 0.0000000000000E+00 2.0000000000000E+01
A2192
 1.0597566709038E+05 0.0000000000000E+00 0.0000000000000E+00 2.0000000000000E+01
A2193
 1.0590121525428E+05 0.0000000000000E+00 0.0000000000000E+00 2.0000000000000E+01
A2194
 1.0657316889982E+05 0.0000000000000E+00 0.0000000000000E+00 2.0000000000000E+01
A2195
 1.0582462537800E+05 0.0000000000000E+00 0.0000000000000E+00 2.0000000000000E+01
A2196
 1.0648763058143E+05 0.0000000000000E+00 0.0000000000000E+00 2.0000000000000E+01
A2197
 1.0645752350627E+05 0.0000000000000E+00 0.0000000000000E+00 2.0000000000000E+01
A2198
 1.0641976466948E+05 0.0000000000000E+00 0.0000000000000E+00 2.0000000000000E+01
A2199
 1.0645544283427E+05 0.0000000000000E+00 0.0000000000000E+00 2.0000000000000E+01
A22 0
 1.0593716862296E+05 0.0000000000000E+00 0.0000000000000E+00 2.0000000000000E+01
A22 1
 1.0614767190304E+05 0.0000000000000E+00 0.0000000000000E+00 2.0000000000000E+01
A22 2
 1.0589454226007E+05 0.0000000000000E+00 0.0000000000000E+00 2.0000000000000E+01
A22 3
 1.0634129518079E+05 0.0000000000000E+00 0.0000000000000E+00 2.0000000000000E+01
A22 4
 1.0651340714962E+05 0.0000000000000E+00 0.0000000000000E+00 2.0000000000000E+01
A22 5
 1.0591304517682E+05 0.0000000000000E+00 0.0000000000000E+00 2.0000000000000E+01
A22 6
 1.0640064400089E+05 0.0000000000000E+00 0.0000000000000E+00 2.0000000000000E+01
A22 7
 1.0609294907444E+05 0.0000000000000E+00 0.0000000000000E+00 2.0000000000000E+01
A22 8
 1.0644986850821E+05 0.0000000000000E+00 0.0000000000000E+00 2.0000000000000E+01
A22 9
 1.0628299738950E+05 0.0000000000000E+00 0.0000000000000E+00 2.0000000000000E+01
A2210
 1.0635636911539E+05 0.0000000000000E+00 0.0000000000000E+00 2.0000000000000E+01
A2211
 1.0633837200094E+05 0.0000000000000E+00 0.0000000000000E+00 2.0000000000000E+01
A2212
 1.0594592278133E+05 0.0000000000000E+00 0.0000000000000E+00 2.0000000000000E+01
A2213
 1.0609963978467E+05 0.0000000000000E+00 0.0000000000000E+00 2.0000000000000E+01
A2214
 1.0583136654065E+05 0.0000000000000E+00 0.0000000000000E+00 2.0000000000000E+01
A2215
 1.0636645398241E+05 0.0000000000000E+00 0.0000000000000E+00 2.0000000000000E+01
A2216
 1.0586592185685E+05 0.0000000000000E+00 0.0000000000000E+00 2.0000000000000E+01
A2217
 1.0573064979019E+05 0.0000000000000E+00 0.0000000000000E+00 2.0000000000000E+01
A2218
 1.0635004062130E+05 0.0000000000000E+00 0.0000000000000E+00 2.0000000000000E+01
A2219
 1.0582887225331E+05 0.0000000000000E+00 0.0000000000000E+00 2.0000000000000E+01
A2220
 1.0582610790910E+05 0.0000000000000E+00 0.0000000000000E+00 2.0000000000000E+01
A2221
 1.0584739251963E+05 0.0000000000000E+00 0.0000000000000E+00 2.0000000000000E+01
A2222
 1.0639243695776E+05 0.0000000000000E+00 0.0000000000000E+00 2.0000000000000E+01
A2223
 1.0625219176805E+05 0.0000000000000E+00 0.0000000000000E+00 2.0000000000000E+01
A2224
 1.0642275195447E+05 0.0000000000000E+00 0.0000000000000E+00 2.0000000000000E+01
A2225
 1.0665921254830E+05 0.0000000000000E+00 0.0000000000000E+00 2.0000000000000E+01
A2226
 1.0653303469593E+05 0.0000000000000E+00 0.0000000000000E+00 2.0000000000000E+01
A2227
 1.0644516473062E+05 0.0000000000000E+00 0.0000000000000E+00 2.0000000000000E+01
A2228
 1.0586708501503E+05 0.0000000000000E+00 0.0000000000000E+00 2.0000000000000E+01
A2229
 1.0617834004235E+05 0.0000000000000E+00 0.0000000000000E+00 2.0000000000000E+01
A2230
 1.0633926580868E+05 0.0000000000000E+00 0.0000000000000E+00 2.0000000000000E+01
A2231
 1.0644102420248E+05 0.0000000000000E+00 0.0000000000000E+00 2.0000000000000E+01
A2232
 1.0623296151701E+05 0.0000000000000E+00 0.0000000000000E+00 2.0000000000000E+01
A2233
 1.0593565283380E+05 0.0000000000000E+00 0.0000000000000E+00 2.0000000000000E+01
A2234
 1.0625965305401E+05 0.0000000000000E+00 0.0000000000000E+00 2.0000000000000E+01
A2235
 1.0615276375790E+05 0.0000000000000E+00 0.0000000000000E+00 2.0000000000000E+01
A2236
 1.0620980940197E+05 0.0000000000000E+00 0.0000000000000E+00 2.0000000000000E+01
A2237
 1.0655855407155E+05 0.0000000000000E+00 0.0000000000000E+00 2.0000000000000E+01
A2238
 1.0613937298513E+05 0.0000000000000E+00 0.0000000000000E+00 2.0000000000000E+01
A2239
 1.0605272202611E+05 0.0000000000000E+00 0.0000000000000E+00 2.0000000000000E+01
A2240
 1.0604475318819E+05 0.0000000000000E+00 0.0000000000000E+00 2.0000000000000E+01
A2241
 1.0628970802110E+05 0.0000000000000E+00 0.0000000000000E+00 2.0000000000000E+01
A2242
 1.0645216234671E+05 0.0000000000000E+00 0.0000000000000E+00 2.0000000000000E+01
A2243
 1.0637818013506E+05 0.0000000000000E+00 0.0000000000000E+00 2.0000000000000E+01
A2244
 1.0655955388766E+05 0.0000000000000E+00 0.0000000000000E+00 2.0000000000000E+01
A2245
 1.0582940212603E+05 0.0000000000000E+00 0.0000000000000E+00 2.0000000000000E+01
A2246
 1.0579492673449E+05 0.0000000000000E+00 0.0000000000000E+00 2.0000000000000E+01
A2247
 1.0646434574713E+05 0.0000000000000E+00 0.0000000000000E+00 2.0000000000000E+01
A2248
 1.0651580566999E+05 0.0000000000000E+00 0.0000000000000E+00 2.0000000000000E+01
A2249
 1.0574032805204E+05 0.0000000000000E+00 0.0000000000000E+00 2.0000000000000E+01
A2250
 1.0612922585617E+05 0.0000000000000E+00 0.0000000000000E+00 2.0000000000000E+01
A2251
 1.0612888368872E+05 0.0000000000000E+00 0.0000000000000E+00 2.0000000000000E+01
A2252
 1.0571344187102E+05 0.0000000000000E+00 0.0000000000000E+00 2.0000000000000E+01
A2253
 1.0574199977963E+05 0.0000000000000E+00 0.0000000000000E+00 2.0000000000000E+01
A2254
 1.0604511743832E+05 0.0000000000000E+00 0.0000000000000E+00 2.0000000000000E+01
A2255
 1.0583084375691E+05 0.0000000000000E+00 0.0000000000000E+00 2.0000000000000E+01
A2256
 1.0602095019628E+05 0.0000000000000E+00 0.0000000000000E+00 2.0000000000000E+01
A2257
 1.0632970571962E+05 0.0000000000000E+00 0.0000000000000E+00 2.0000000000000E+01
A2258
 1.0643707224169E+05 0.0000000000000E+00 0.0000000000000E+00 2.0000000000000E+01
A2259
 1.0633188198640E+05 0.0000000000000E+00 0.0000000000000E+00 2.0000000000000E+01
A2260
 1.0578534816648E+05 0.0000000000000E+00 0.0000000000000E+00 2.0000000000000E+01
A2261
 1.0642254400772E+05 0.0000000000000E+00 0.0000000000000E+00 2.0000000000000E+01
A2262
 1.0584073468375E+05 0.0000000000000E+00 0.0000000000000E+00 2.0000000000000E+01
A2263
 1.0611496859683E+05 0.0000000000000E+00 0.0000000000000E+00 2.0000000000000E+01
A2264
 1.0649235278059E+05 0.0000000000000E+00 0.0000000000000E+00 2.0000000000000E+01
A2265
 1.0604562065007E+05 0.0000000000000E+00 0.0000000000000E+00 2.0000000000000E+01
A2266
 1.0618447216186E+05 0.0000000000000E+00 0.0000000000000E+00 2.0000000000000E+01
A2267
 1.0589632002214E+05 0.0000000000000E+00 0.0000000000000E+00 2.0000000000000E+01
A2268
 1.0655424205262E+05 0.0000000000000E+00 0.0000000000000E+00 2.0000000000000E+01
A2269
 1.0651727208061E+05 0.0000000000000E+00 0.0000000000000E+00 2.0000000000000E+01
A2270
 1.0621026415272E+05 0.0000000000000E+00 0.0000000000000E+00 2.0000000000000E+01
A2271
 1.0655522280923E+05 0.0000000000000E+00 0.0000000000000E+00 2.0000000000000E+01
A2272
 1.0592431367035E+05 0.0000000000000E+00 0.0000000000000E+00 2.0000000000000E+01
A2273
 1.0598406086919E+05 0.0000000000000E+00 0.0000000000000E+00 2.0000000000000E+01
A2274
 1.0586386767160E+05 0.0000000000000E+00 0.0000000000000E+00 2.0000000000000E+01
A2275
 1.0654671909004E+05 0.0000000000000E+00 0.0000000000000E+00 2.0000000000000E+01
A2276
 1.0660968816668E+05 0.0000000000000E+00 0.0000000000000E+00 2.0000000000000E+01
A2277
 1.0595359496626E+05 0.0000000000000E+00 0.0000000000000E+00 2.0000000000000E+01
A2278
 1.0600244816484E+05 0.0000000000000E+00 0.0000000000000E+00 2.0000000000000E+01
A2279
 1.0664882984836E+05 0.0000000000000E+00 0.0000000000000E+00 2.0000000000000E+01
A2280
 1.0633866709343E+05 0.0000000000000E+00 0.0000000000000E+00 2.0000000000000E+01
A2281
 1.0622080540792E+05 0.0000000000000E+00 0.0000000000000E+00 2.0000000000000E+01
A2282
 1.0645828781969E+05 0.0000000000000E+00 0.0000000000000E+00 2.0000000000000E+01
A2283
 1.0609815840264E+05 0.0000000000000E+00 0.0000000000000E+00 2.0000000000000E+01
A2284
 1.0613679725314E+05 0.0000000000000E+00 0.0000000000000E+00 2.0000000000000E+01
A2285
 1.0602325326998E+05 0.0000000000000E+00 0.0000000000000E+00 2.0000000000000E+01
A2286
 1.0615069927366E+05 0.0000000000000E+00 0.0000000000000E+00 2.0000000000000E+01
A2287
 1.0635553699547E+05 0.0000000000000E+00 0.0000000000000E+00 2.0000000000000E+01
A2288
 1.0518794012219E+05 0.0000000000000E+00 0.0000000000000E+00 2.0000000000000E+01
A2289
 1.0505888914645E+05 0.0000000000000E+00 0.0000000000000E+00 2.0000000000000E+01
A2290
 1.0514699818434E+05 0.0000000000000E+00 0.0000000000000E+00 2.0000000000000E+01
A2291
 1.0573482746804E+05 0.0000000000000E+00 0.0000000000000E+00 2.0000000000000E+01
A2292
 1.0526282968121E+05 0.0000000000000E+00 0.0000000000000E+00 2.0000000000000E+01
A2293
 1.0526688837625E+05 0.0000000000000E+00 0.0000000000000E+00 2.0000000000000E+01
A2294
 1.0541891342918E+05 0.0000000000000E+00 0.0000000000000E+00 2.0000000000000E+01
A2295
 1.0528268140819E+05 0.0000000000000E+00 0.0000000000000E+00 2.0000000000000E+01
A2296
 1.0507048757171E+05 0.0000000000000E+00 0.0000000000000E+00 2.0000000000000E+01
A2297
 1.0517931743279E+05 0.0000000000000E+00 0.0000000000000E+00 2.0000000000000E+01
A2298
 1.0556970655960E+05 0.0000000000000E+00 0.0000000000000E+00 2.0000000000000E+01
A2299
 1.0532176516136E+05 0.0000000000000E+00 0.0000000000000E+00 2.0000000000000E+01
A23 0
 1.0537214412957E+05 0.0000000000000E+00 0.0000000000000E+00 2.0000000000000E+01
A23 1
 1.0517872776244E+05 0.0000000000000E+00 0.0000000000000E+00 2.0000000000000E+01
A23 2
 1.0517525623306E+05 0.0000000000000E+00 0.0000000000000E+00 2.0000000000000E+01
A23 3
 1.0530082552737E+05 0.0000000000000E+00 0.0000000000000E+00 2.0000000000000E+01
A23 4
 1.0519920283670E+05 0.0000000000000E+00 0.0000000000000E+00 2.0000000000000E+01
A23 5
 1.0516096802305E+05 0.0000000000000E+00 0.0000000000000E+00 2.0000000000000E+01
A23 6
 1.0528615610287E+05 0.0000000000000E+00 0.0000000000000E+00 2.0000000000000E+01
A23 7
 1.0517393386829E+05 0.0000000000000E+00 0.0000000000000E+00 2.0000000000000E+01
A23 8
 1.0554432501303E+05 0.0000000000000E+00 0.0000000000000E+00 2.0000000000000E+01
A23 9
 1.0517036040335E+05 0.0000000000000E+00 0.0000000000000E+00 2.0000000000000E+01
A2310
 1.0507055460383E+05 0.0000000000000E+00 0.0000000000000E+00 2.0000000000000E+01
A2311
 1.0545544982921E+05 0.0000000000000E+00 0.0000000000000E+00 2.0000000000000E+01
A2312
 1.0524262652043E+05 0.0000000000000E+00 0.0000000000000E+00 2.0000000000000E+01
A2313
 1.0504756872552E+05 0.0000000000000E+00 0.0000000000000E+00 2.0000000000000E+01
A2314
 1.0522948099722E+05 0.0000000000000E+00 0.0000000000000E+00 2.0000000000000E+01
A2315
 1.0528925597459E+05 0.0000000000000E+00 0.0000000000000E+00 2.0000000000000E+01
A2316
 1.0545304698174E+05 0.0000000000000E+00 0.0000000000000E+00 2.0000000000000E+01
A2317
 1.0504602706934E+05 0.0000000000000E+00 0.0000000000000E+00 2.0000000000000E+01
A2318
 1.0512193020515E+05 0.0000000000000E+00 0.0000000000000E+00 2.0000000000000E+01
A2319
 1.0574763569205E+05 0.0000000000000E+00 0.0000000000000E+00 2.0000000000000E+01
A2320
 1.0543678975483E+05 0.0000000000000E+00 0.0000000000000E+00 2.0000000000000E+01
A2321
 1.0564048027490E+05 0.0000000000000E+00 0.0000000000000E+00 2.0000000000000E+01
A2322
 1.0519795098374E+05 0.0000000000000E+00 0.0000000000000E+00 2.0000000000000E+01
A2323
 1.0552594105971E+05 0.0000000000000E+00 0.0000000000000E+00 2.0000000000000E+01
A2324
 1.0548470085041E+05 0.0000000000000E+00 0.0000000000000E+00 2.0000000000000E+01
A2325
 1.0513534909807E+05 0.0000000000000E+00 0.0000000000000E+00 2.0000000000000E+01
A2326
 1.0520320542894E+05 0.0000000000000E+00 0.0000000000000E+00 2.0000000000000E+01
A2327
 1.0527036914348E+05 0.0000000000000E+00 0.0000000000000E+00 2.0000000000000E+01
A2328
 1.0509571265673E+05 0.0000000000000E+00 0.0000000000000E+00 2.0000000000000E+01
A2329
 1.0540970691667E+05 0.0000000000000E+00 0.0000000000000E+00 2.0000000000000E+01
A2330
 1.0520344196101E+05 0.0000000000000E+00 0.0000000000000E+00 2.0000000000000E+01
A2331
 1.0562731755156E+05 0.0000000000000E+00 0.0000000000000E+00 2.0000000000000E+01
A2332
 1.0518948407414E+05 0.0000000000000E+00 0.0000000000000E+00 2.0000000000000E+01
A2333
 1.0510141131931E+05 0.0000000000000E+00 0.0000000000000E+00 2.0000000000000E+01
A2334
 1.0509360129907E+05 0.0000000000000E+00 0.0000000000000E+00 2.0000000000000E+01
A2335
 1.0564621095779E+05 0.0000000000000E+00 0.0000000000000E+00 2.0000000000000E+01
A2336
 1.0521308620733E+05 0.0000000000000E+00 0.0000000000000E+00 2.0000000000000E+01
A2337
 1.0561367678830E+05 0.0000000000000E+00 0.0000000000000E+00 2.0000000000000E+01
A2338
 1.0571688954128E+05 0.0000000000000E+00 0.0000000000000E+00 2.0000000000000E+01
A2339
 1.0534816943660E+05 0.0000000000000E+00 0.0000000000000E+00 2.0000000000000E+01
A2340
 1.0553716807763E+05 0.0000000000000E+00 0.0000000000000E+00 2.0000000000000E+01
A2341
 1.0541405916293E+05 0.0000000000000E+00 0.0000000000000E+00 2.0000000000000E+01
A2342
 1.0510184000826E+05 0.0000000000000E+00 0.0000000000000E+00 2.0000000000000E+01
A2343
 1.0552511390187E+05 0.0000000000000E+00 0.0000000000000E+00 2.0000000000000E+01
A2344
 1.0509176976800E+05 0.0000000000000E+00 0.0000000000000E+00 2.0000000000000E+01
A2345
 1.0560105789557E+05 0.0000000000000E+00 0.0000000000000E+00 2.0000000000000E+01
A2346
 1.0566311029348E+05 0.0000000000000E+00 0.0000000000000E+00 2.0000000000000E+01
A2347
 1.0543571475991E+05 0.0000000000000E+00 0.0000000000000E+00 2.0000000000000E+01
A2348
 1.0521074418454E+05 0.0000000000000E+00 0.0000000000000E+00 2.0000000000000E+01
A2349
 1.0521482224472E+05 0.0000000000000E+00 0.0000000000000E+00 2.0000000000000E+01
A2350
 1.0543458968115E+05 0.0000000000000E+00 0.0000000000000E+00 2.0000000000000E+01
A2351
 1.0540926817235E+05 0.0000000000000E+00 0.0000000000000E+00 2.0000000000000E+01
A2352
 1.0515260212419E+05 0.0000000000000E+00 0.0000000000000E+00 2.0000000000000E+01
A2353
 1.0505849833088E+05 0.0000000000000E+00 0.0000000000000E+00 2.0000000000000E+01
A2354
 1.0507111967739E+05 0.0000000000000E+00 0.0000000000000E+00 2.0000000000000E+01
A2355
 1.0521599362130E+05 0.0000000000000E+00 0.0000000000000E+00 2.0000000000000E+01
A2356
 1.0513983990638E+05 0.0000000000000E+00 0.0000000000000E+00 2.0000000000000E+01
A2357
 1.0556347934917E+05 0.0000000000000E+00 0.0000000000000E+00 2.0000000000000E+01
A2358
 1.0577511529626E+05 0.0000000000000E+00 0.0000000000000E+00 2.0000000000000E+01
A2359
 1.0577659142347E+05 0.0000000000000E+00 0.0000000000000E+00 2.0000000000000E+01
A2360
 1.0566053753724E+05 0.0000000000000E+00 0.0000000000000E+00 2.0000000000000E+01
A2361
 1.0552607249090E+05 0.0000000000000E+00 0.0000000000000E+00 2.0000000000000E+01
A2362
 1.0551901210919E+05 0.0000000000000E+00 0.0000000000000E+00 2.0000000000000E+01
A2363
 1.0556665335398E+05 0.0000000000000E+00 0.0000000000000E+00 2.0000000000000E+01
A2364
 1.0567997084842E+05 0.0000000000000E+00 0.0000000000000E+00 2.0000000000000E+01
A2365
 1.0554848112837E+05 0.0000000000000E+00 0.0000000000000E+00 2.0000000000000E+01
A2366
 1.0551644763684E+05 0.0000000000000E+00 0.0000000000000E+00 2.0000000000000E+01
A2367
 1.0554264240917E+05 0.0000000000000E+00 0.0000000000000E+00 2.0000000000000E+01
A2368
 1.0542674047299E+05 0.0000000000000E+00 0.0000000000000E+00 2.0000000000000E+01
A2369
 1.0553004298267E+05 0.0000000000000E+00 0.0000000000000E+00 2.0000000000000E+01
A2370
 1.0583978982369E+05 0.0000000000000E+00 0.0000000000000E+00 2.0000000000000E+01
A2371
 1.0540801113915E+05 0.0000000000000E+00 0.0000000000000E+00 2.0000000000000E+01
A2372
 1.0570521382484E+05 0.0000000000000E+00 0.0000000000000E+00 2.0000000000000E+01
A2373
 1.0564589305224E+05 0.0000000000000E+00 0.0000000000000E+00 2.0000000000000E+01
A2374
 1.0562427491129E+05 0.0000000000000E+00 0.0000000000000E+00 2.0000000000000E+01
A2375
 1.0542309724012E+05 0.0000000000000E+00 0.0000000000000E+00 2.0000000000000E+01
A2376
 1.0552892542198E+05 0.0000000000000E+00 0.0000000000000E+00 2.0000000000000E+01
A2377
 1.0542800802735E+05 0.0000000000000E+00 0.0000000000000E+00 2.0000000000000E+01
A2378
 1.0527641453411E+05 0.0000000000000E+00 0.0000000000000E+00 2.0000000000000E+01
A2379
 1.0548508020505E+05 0.0000000000000E+00 0.0000000000000E+00 2.0000000000000E+01
A2380
 1.0553580968582E+05 0.0000000000000E+00 0.0000000000000E+00 2.0000000000000E+01
A2381
 1.0551461783601E+05 0.0000000000000E+00 0.0000000000000E+00 2.0000000000000E+01
A2382
 1.0557535264634E+05 0.0000000000000E+00 0.0000000000000E+00 2.0000000000000E+01
A2383
 1.0569472160342E+05 0.0000000000000E+00 0.0000000000000E+00 2.0000000000000E+01
A2384
 1.0541802397355E+05 0.0000000000000E+00 0.0000000000000E+00 2.0000000000000E+01
A2385
 1.0547899597026E+05 0.0000000000000E+00 0.0000000000000E+00 2.0000000000000E+01
A2386
 1.0552925873356E+05 0.0000000000000E+00 0.0000000000000E+00 2.0000000000000E+01
A2387
 1.0523737161571E+05 0.0000000000000E+00 0.0000000000000E+00 2.0000000000000E+01
A2388
 1.0553269916661E+05 0.0000000000000E+00 0.0000000000000E+00 2.0000000000000E+01
A2389
 1.0551921388723E+05 0.0000000000000E+00 0.0000000000000E+00 2.0000000000000E+01
A2390
 1.0543152807948E+05 0.0000000000000E+00 0.0000000000000E+00 2.0000000000000E+01
A2391
 1.0519795239042E+05 0.0000000000000E+00 0.0000000000000E+00 2.0000000000000E+01
A2392
 1.0569540890663E+05 0.0000000000000E+00 0.0000000000000E+00 2.0000000000000E+01
A2393
 1.0556170002089E+05 0.0000000000000E+00 0.0000000000000E+00 2.0000000000000E+01
A2394
 1.0503904035405E+05 0.0000000000000E+00 0.0000000000000E+00 2.0000000000000E+01
A2395
 1.0523030220071E+05 0.0000000000000E+00 0.0000000000000E+00 2.0000000000000E+01
A2396
 1.0514704759248E+05 0.0000000000000E+00 0.0000000000000E+00 2.0000000000000E+01
A2397
 1.0577725205069E+05 0.0000000000000E+00 0.0000000000000E+00 2.0000000000000E+01
A2398
 1.0528775899275E+05 0.0000000000000E+00 0.0000000000000E+00 2.0000000000000E+01
A2399
 1.0542342602813E+05 0.0000000000000E+00 0.0000000000000E+00 2.0000000000000E+01
A24 0
 1.0529875194275E+05 0.0000000000000E+00 0.0000000000000E+00 2.0000000000000E+01
A24 1
 1.0587570841817E+05 0.0000000000000E+00 0.0000000000000E+00 2.0000000000000E+01
A24 2
 1.0496854340727E+05 0.0000000000000E+00 0.0000000000000E+00 2.0000000000000E+01
A24 3
 1.0478790593867E+05 0.0000000000000E+00 0.0000000000000E+00 2.0000000000000E+01
A24 4
 1.0448228516063E+05 0.0000000000000E+00 0.0000000000000E+00 2.0000000000000E+01
A24 5
 1.0436155446501E+05 0.0000000000000E+00 0.0000000000000E+00 2.0000000000000E+01
A24 6
 1.0437457201731E+05 0.0000000000000E+00 0.0000000000000E+00 2.0000000000000E+01
A24 7
 1.0450260878943E+05 0.0000000000000E+00 0.0000000000000E+00 2.0000000000000E+01
A24 8
 1.0449669007000E+05 0.0000000000000E+00 0.0000000000000E+00 2.0000000000000E+01
A24 9
 1.0438138688698E+05 0.0000000000000E+00 0.0000000000000E+00 2.0000000000000E+01
A2410
 1.0467267385963E+05 0.0000000000000E+00 0.0000000000000E+00 2.0000000000000E+01
A2411
 1.0480910081886E+05 0.0000000000000E+00 0.0000000000000E+00 2.0000000000000E+01
A2412
 1.0506123679439E+05 0.0000000000000E+00 0.0000000000000E+00 2.0000000000000E+01
A2413
 1.0449316650386E+05 0.0000000000000E+00 0.0000000000000E+00 2.0000000000000E+01
A2414
 1.0469490072608E+05 0.0000000000000E+00 0.0000000000000E+00 2.0000000000000E+01
A2415
 1.0471936685586E+05 0.0000000000000E+00 0.0000000000000E+00 2.0000000000000E+01
A2416
 1.0487976138760E+05 0.0000000000000E+00 0.0000000000000E+00 2.0000000000000E+01
A2417
 1.0475235939178E+05 0.0000000000000E+00 0.0000000000000E+00 2.0000000000000E+01
A2418
 1.0475192315191E+05 0.0000000000000E+00 0.0000000000000E+00 2.0000000000000E+01
A2419
 1.0437358086709E+05 0.0000000000000E+00 0.0000000000000E+00 2.0000000000000E+01
A2420
 1.0487394134431E+05 0.0000000000000E+00 0.0000000000000E+00 2.0000000000000E+01
A2421
 1.0476212362298E+05 0.0000000000000E+00 0.0000000000000E+00 2.0000000000000E+01
A2422
 1.0487661136152E+05 0.0000000000000E+00 0.0000000000000E+00 2.0000000000000E+01
A2423
 1.0477605035221E+05 0.0000000000000E+00 0.0000000000000E+00 2.0000000000000E+01
A2424
 1.0487458261152E+05 0.0000000000000E+00 0.0000000000000E+00 2.0000000000000E+01
A2425
 1.0476395762414E+05 0.0000000000000E+00 0.0000000000000E+00 2.0000000000000E+01
A2426
 1.0487021185434E+05 0.0000000000000E+00 0.0000000000000E+00 2.0000000000000E+01
A2427
 1.0484650576972E+05 0.0000000000000E+00 0.0000000000000E+00 2.0000000000000E+01
A2428
 1.0487769548916E+05 0.0000000000000E+00 0.0000000000000E+00 2.0000000000000E+01
A2429
 1.0476363034771E+05 0.0000000000000E+00 0.0000000000000E+00 2.0000000000000E+01
A2430
 1.0484965426542E+05 0.0000000000000E+00 0.0000000000000E+00 2.0000000000000E+01
A2431
 1.0453103565037E+05 0.0000000000000E+00 0.0000000000000E+00 2.0000000000000E+01
A2432
 1.0440886020176E+05 0.0000000000000E+00 0.0000000000000E+00 2.0000000000000E+01
A2433
 1.0470745511812E+05 0.0000000000000E+00 0.0000000000000E+00 2.0000000000000E+01
A2434
 1.0476700479189E+05 0.0000000000000E+00 0.0000000000000E+00 2.0000000000000E+01
A2435
 1.0485730821446E+05 0.0000000000000E+00 0.0000000000000E+00 2.0000000000000E+01
A2436
 1.0490965766469E+05 0.0000000000000E+00 0.0000000000000E+00 2.0000000000000E+01
A2437
 1.0481550889101E+05 0.0000000000000E+00 0.0000000000000E+00 2.0000000000000E+01
A2438
 1.0436631641409E+05 0.0000000000000E+00 0.0000000000000E+00 2.0000000000000E+01
A2439
 1.0481518161862E+05 0.0000000000000E+00 0.0000000000000E+00 2.0000000000000E+01
A2440
 1.0480203684292E+05 0.0000000000000E+00 0.0000000000000E+00 2.0000000000000E+01
A2441
 1.0443759113629E+05 0.0000000000000E+00 0.0000000000000E+00 2.0000000000000E+01
A2442
 1.0446913932966E+05 0.0000000000000E+00 0.0000000000000E+00 2.0000000000000E+01
A2443
 1.0434906419219E+05 0.0000000000000E+00 0.0000000000000E+00 2.0000000000000E+01
A2444
 1.0454666091649E+05 0.0000000000000E+00 0.0000000000000E+00 2.0000000000000E+01
A2445
 1.0481643744644E+05 0.0000000000000E+00 0.0000000000000E+00 2.0000000000000E+01
A2446
 1.0492223868793E+05 0.0000000000000E+00 0.0000000000000E+00 2.0000000000000E+01
A2447
 1.0485132205084E+05 0.0000000000000E+00 0.0000000000000E+00 2.0000000000000E+01
A2448
 1.0487795061775E+05 0.0000000000000E+00 0.0000000000000E+00 2.0000000000000E+01
A2449
 1.0483319170496E+05 0.0000000000000E+00 0.0000000000000E+00 2.0000000000000E+01
A2450
 1.0476557081282E+05 0.0000000000000E+00 0.0000000000000E+00 2.0000000000000E+01
A2451
 1.0445283046730E+05 0.0000000000000E+00 0.0000000000000E+00 2.0000000000000E+01
A2452
 1.0468855225599E+05 0.0000000000000E+00 0.0000000000000E+00 2.0000000000000E+01
A2453
 1.0456540504623E+05 0.0000000000000E+00 0.0000000000000E+00 2.0000000000000E+01
A2454
 1.0447362934271E+05 0.0000000000000E+00 0.0000000000000E+00 2.0000000000000E+01
A2455
 1.0495665992164E+05 0.0000000000000E+00 0.0000000000000E+00 2.0000000000000E+01
A2456
 1.0504289972643E+05 0.0000000000000E+00 0.0000000000000E+00 2.0000000000000E+01
A2457
 1.0449104149876E+05 0.0000000000000E+00 0.0000000000000E+00 2.0000000000000E+01
A2458
 1.0493833091765E+05 0.0000000000000E+00 0.0000000000000E+00 2.0000000000000E+01
A2459
 1.0495186139131E+05 0.0000000000000E+00 0.0000000000000E+00 2.0000000000000E+01
A2460
 1.0476721828761E+05 0.0000000000000E+00 0.0000000000000E+00 2.0000000000000E+01
A2461
 1.0501094755749E+05 0.0000000000000E+00 0.0000000000000E+00 2.0000000000000E+01
A2462
 1.0455563943642E+05 0.0000000000000E+00 0.0000000000000E+00 2.0000000000000E+01
A2463
 1.0466175435569E+05 0.0000000000000E+00 0.0000000000000E+00 2.0000000000000E+01
A2464
 1.0505872264052E+05 0.0000000000000E+00 0.0000000000000E+00 2.0000000000000E+01
A2465
 1.0495798235497E+05 0.0000000000000E+00 0.0000000000000E+00 2.0000000000000E+01
A2466
 1.0471438912063E+05 0.0000000000000E+00 0.0000000000000E+00 2.0000000000000E+01
A2467
 1.0467007305360E+05 0.0000000000000E+00 0.0000000000000E+00 2.0000000000000E+01
A2468
 1.0446366836514E+05 0.0000000000000E+00 0.0000000000000E+00 2.0000000000000E+01
A2469
 1.0468358240678E+05 0.0000000000000E+00 0.0000000000000E+00 2.0000000000000E+01
A2470
 1.0450212076494E+05 0.0000000000000E+00 0.0000000000000E+00 2.0000000000000E+01
A2471
 1.0486494102301E+05 0.0000000000000E+00 0.0000000000000E+00 2.0000000000000E+01
A2472
 1.0458958350831E+05 0.0000000000000E+00 0.0000000000000E+00 2.0000000000000E+01
A2473
 1.0483528480637E+05 0.0000000000000E+00 0.0000000000000E+00 2.0000000000000E+01
A2474
 1.0463815924163E+05 0.0000000000000E+00 0.0000000000000E+00 2.0000000000000E+01
A2475
 1.0457020950724E+05 0.0000000000000E+00 0.0000000000000E+00 2.0000000000000E+01
A2476
 1.0493368073507E+05 0.0000000000000E+00 0.0000000000000E+00 2.0000000000000E+01
A2477
 1.0451985891818E+05 0.0000000000000E+00 0.0000000000000E+00 2.0000000000000E+01
A2478
 1.0462648124822E+05 0.0000000000000E+00 0.0000000000000E+00 2.0000000000000E+01
A2479
 1.0496422489779E+05 0.0000000000000E+00 0.0000000000000E+00 2.0000000000000E+01
A2480
 1.0487092098098E+05 0.0000000000000E+00 0.0000000000000E+00 2.0000000000000E+01
A2481
 1.0454353022854E+05 0.0000000000000E+00 0.0000000000000E+00 2.0000000000000E+01
A2482
 1.0498151125145E+05 0.0000000000000E+00 0.0000000000000E+00 2.0000000000000E+01
A2483
 1.0456832965924E+05 0.0000000000000E+00 0.0000000000000E+00 2.0000000000000E+01
A2484
 1.0474197699836E+05 0.0000000000000E+00 0.0000000000000E+00 2.0000000000000E+01
A2485
 1.0447766145315E+05 0.0000000000000E+00 0.0000000000000E+00 2.0000000000000E+01
A2486
 1.0462332521584E+05 0.0000000000000E+00 0.0000000000000E+00 2.0000000000000E+01
A2487
 1.0472100174296E+05 0.0000000000000E+00 0.0000000000000E+00 2.0000000000000E+01
A2488
 1.0490208632211E+05 0.0000000000000E+00 0.0000000000000E+00 2.0000000000000E+01
A2489
 1.0469742439207E+05 0.0000000000000E+00 0.0000000000000E+00 2.0000000000000E+01
A2490
 1.0459064879216E+05 0.0000000000000E+00 0.0000000000000E+00 2.0000000000000E+01
A2491
 1.0488345804827E+05 0.0000000000000E+00 0.0000000000000E+00 2.0000000000000E+01
A2492
 1.0460219429463E+05 0.0000000000000E+00 0.0000000000000E+00 2.0000000000000E+01
A2493
 1.0464653254521E+05 0.0000000000000E+00 0.0000000000000E+00 2.0000000000000E+01
A2494
 1.0461362685242E+05 0.0000000000000E+00 0.0000000000000E+00 2.0000000000000E+01
A2495
 1.0470635659181E+05 0.0000000000000E+00 0.0000000000000E+00 2.0000000000000E+01
A2496
 1.0460452216415E+05 0.0000000000000E+00 0.0000000000000E+00 2.0000000000000E+01
A2497
 1.0468497742110E+05 0.0000000000000E+00 0.0000000000000E+00 2.0000000000000E+01
A2498
 1.0449024059655E+05 0.0000000000000E+00 0.0000000000000E+00 2.0000000000000E+01
A2499
 1.0457592447850E+05 0.0000000000000E+00 0.0000000000000E+00 2.0000000000000E+01
A25 0
 1.0445323707673E+05 0.0000000000000E+00 0.0000000000000E+00 2.0000000000000E+01
A25 1
 1.0496812078458E+05 0.0000000000000E+00 0.0000000000000E+00 2.0000000000000E+01
A25 2
 1.0472162369997E+05 0.0000000000000E+00 0.0000000000000E+00 2.0000000000000E+01
A25 3
 1.0478242218487E+05 0.0000000000000E+00 0.0000000000000E+00 2.0000000000000E+01
A25 4
 1.0496452819398E+05 0.0000000000000E+00 0.0000000000000E+00 2.0000000000000E+01
A25 5
 1.0760267307450E+05 0.0000000000000E+00 0.0000000000000E+00 2.0000000000000E+01
A25 6
 1.0759427229769E+05 0.0000000000000E+00 0.0000000000000E+00 2.0000000000000E+01
A25 7
 1.0668389668479E+05 0.0000000000000E+00 0.0000000000000E+00 2.0000000000000E+01
A25 8
 1.0746567498492E+05 0.0000000000000E+00 0.0000000000000E+00 2.0000000000000E+01
A25 9
 1.0698206845397E+05 0.0000000000000E+00 0.0000000000000E+00 2.0000000000000E+01
A2510
 1.0718206955018E+05 0.0000000000000E+00 0.0000000000000E+00 2.0000000000000E+01
A2511
 1.0688427307527E+05 0.0000000000000E+00 0.0000000000000E+00 2.0000000000000E+01
A2512
 1.0728021113752E+05 0.0000000000000E+00 0.0000000000000E+00 2.0000000000000E+01
A2513
 1.0754761077488E+05 0.0000000000000E+00 0.0000000000000E+00 2.0000000000000E+01
A2514
 1.0755986127654E+05 0.0000000000000E+00 0.0000000000000E+00 2.0000000000000E+01
A2515
 1.0758202179603E+05 0.0000000000000E+00 0.0000000000000E+00 2.0000000000000E+01
A2516
 1.0758716293222E+05 0.0000000000000E+00 0.0000000000000E+00 2.0000000000000E+01
A2517
 1.0751639084652E+05 0.0000000000000E+00 0.0000000000000E+00 2.0000000000000E+01
A2518
 1.0741110361710E+05 0.0000000000000E+00 0.0000000000000E+00 2.0000000000000E+01
A2519
 1.0679671349398E+05 0.0000000000000E+00 0.0000000000000E+00 2.0000000000000E+01
A2520
 1.0530538137964E+05 0.0000000000000E+00 0.0000000000000E+00 2.0000000000000E+01
A2521
 1.0677145626608E+05 0.0000000000000E+00 0.0000000000000E+00 2.0000000000000E+01
A2522
 1.0710348287760E+05 0.0000000000000E+00 0.0000000000000E+00 2.0000000000000E+01
A2523
 1.0706065512655E+05 0.0000000000000E+00 0.0000000000000E+00 2.0000000000000E+01
A2524
 1.0764932448437E+05 0.0000000000000E+00 0.0000000000000E+00 2.0000000000000E+01
A2525
 1.0750128581101E+05 0.0000000000000E+00 0.0000000000000E+00 2.0000000000000E+01
A2526
 1.0652683743885E+05 0.0000000000000E+00 0.0000000000000E+00 2.0000000000000E+01
A2527
 1.0643485474081E+05 0.0000000000000E+00 0.0000000000000E+00 2.0000000000000E+01
A2528
 1.0551643289792E+05 0.0000000000000E+00 0.0000000000000E+00 2.0000000000000E+01
A2529
 1.0563422371011E+05 0.0000000000000E+00 0.0000000000000E+00 2.0000000000000E+01
A2530
 1.0583575389363E+05 0.0000000000000E+00 0.0000000000000E+00 2.0000000000000E+01
A2531
 1.0516055094002E+05 0.0000000000000E+00 0.0000000000000E+00 2.0000000000000E+01
A2532
 1.0480443495684E+05 0.0000000000000E+00 0.0000000000000E+00 2.0000000000000E+01
A2533
 1.0444103476148E+05 0.0000000000000E+00 0.0000000000000E+00 2.0000000000000E+01
A2534
 1.0428257664999E+05 0.0000000000000E+00 0.0000000000000E+00 2.0000000000000E+01
A2535
 1.0411160820065E+05 0.0000000000000E+00 0.0000000000000E+00 2.0000000000000E+01
A2536
 1.0462137765249E+05 0.0000000000000E+00 0.0000000000000E+00 2.0000000000000E+01
A2537
 1.0734922393936E+05 0.0000000000000E+00 0.0000000000000E+00 2.0000000000000E+01
A2538
 1.0613370318017E+05 0.0000000000000E+00 0.0000000000000E+00 2.0000000000000E+01
A2539
 1.0622560252247E+05 0.0000000000000E+00 0.0000000000000E+00 2.0000000000000E+01
A2540
 1.0592796742891E+05 0.0000000000000E+00 0.0000000000000E+00 2.0000000000000E+01
A2541
 1.0398018558169E+05 0.0000000000000E+00 0.0000000000000E+00 2.0000000000000E+01
A2542
 1.0758033223797E+05 0.0000000000000E+00 0.0000000000000E+00 2.0000000000000E+01
A2543
 1.0834335413183E+05 0.0000000000000E+00 0.0000000000000E+00 2.0000000000000E+01
A2544
 1.0802391522372E+05 0.0000000000000E+00 0.0000000000000E+00 2.0000000000000E+01
A2545
 1.0789495697076E+05 0.0000000000000E+00 0.0000000000000E+00 2.0000000000000E+01
A2546
 1.0820150840197E+05 0.0000000000000E+00 0.0000000000000E+00 2.0000000000000E+01
A2547
 1.0766864388691E+05 0.0000000000000E+00 0.0000000000000E+00 2.0000000000000E+01
A2548
 1.0796233761090E+05 0.0000000000000E+00 0.0000000000000E+00 2.0000000000000E+01
A2549
 1.0769284334203E+05 0.0000000000000E+00 0.0000000000000E+00 2.0000000000000E+01
A2550
 1.0771640071185E+05 0.0000000000000E+00 0.0000000000000E+00 2.0000000000000E+01
A2551
 1.0787135797935E+05 0.0000000000000E+00 0.0000000000000E+00 2.0000000000000E+01
A2552
 1.0825919105474E+05 0.0000000000000E+00 0.0000000000000E+00 2.0000000000000E+01
A2553
 1.0813641578929E+05 0.0000000000000E+00 0.0000000000000E+00 2.0000000000000E+01
A2554
 1.0829586496023E+05 0.0000000000000E+00 0.0000000000000E+00 2.0000000000000E+01
A2555
 1.0792610818581E+05 0.0000000000000E+00 0.0000000000000E+00 2.0000000000000E+01
A2556
 1.0783870026886E+05 0.0000000000000E+00 0.0000000000000E+00 2.0000000000000E+01
A2557
 1.0822679515379E+05 0.0000000000000E+00 0.0000000000000E+00 2.0000000000000E+01
A2558
 1.0753450075781E+05 0.0000000000000E+00 0.0000000000000E+00 2.0000000000000E+01
A2559
 1.0763823540738E+05 0.0000000000000E+00 0.0000000000000E+00 2.0000000000000E+01
A2560
 1.0803637338623E+05 0.0000000000000E+00 0.0000000000000E+00 2.0000000000000E+01
A2561
 1.0799332209041E+05 0.0000000000000E+00 0.0000000000000E+00 2.0000000000000E+01
A2562
 1.0799973481128E+05 0.0000000000000E+00 0.0000000000000E+00 2.0000000000000E+01
A2563
 1.0805883918210E+05 0.0000000000000E+00 0.0000000000000E+00 2.0000000000000E+01
A2564
 1.0786612692380E+05 0.0000000000000E+00 0.0000000000000E+00 2.0000000000000E+01
A2565
 1.0824432100760E+05 0.0000000000000E+00 0.0000000000000E+00 2.0000000000000E+01
A2566
 1.0757309816817E+05 0.0000000000000E+00 0.0000000000000E+00 2.0000000000000E+01
A2567
 1.0776323896919E+05 0.0000000000000E+00 0.0000000000000E+00 2.0000000000000E+01
A2568
 1.0836361422779E+05 0.0000000000000E+00 0.0000000000000E+00 2.0000000000000E+01
A2569
 1.0834883581802E+05 0.0000000000000E+00 0.0000000000000E+00 2.0000000000000E+01
A2570
 1.0837628424032E+05 0.0000000000000E+00 0.0000000000000E+00 2.0000000000000E+01
A2571
 1.0783717727605E+05 0.0000000000000E+00 0.0000000000000E+00 2.0000000000000E+01
A2572
 1.0763770271371E+05 0.0000000000000E+00 0.0000000000000E+00 2.0000000000000E+01
A2573
 1.0754494623377E+05 0.0000000000000E+00 0.0000000000000E+00 2.0000000000000E+01
A2574
 1.0755621423360E+05 0.0000000000000E+00 0.0000000000000E+00 2.0000000000000E+01
A2575
 1.0757032137806E+05 0.0000000000000E+00 0.0000000000000E+00 2.0000000000000E+01
A2576
 1.0814404263867E+05 0.0000000000000E+00 0.0000000000000E+00 2.0000000000000E+01
A2577
 1.0765279346258E+05 0.0000000000000E+00 0.0000000000000E+00 2.0000000000000E+01
A2578
 1.0767462796889E+05 0.0000000000000E+00 0.0000000000000E+00 2.0000000000000E+01
A2579
 1.0752974047659E+05 0.0000000000000E+00 0.0000000000000E+00 2.0000000000000E+01
A2580
 1.0786957231752E+05 0.0000000000000E+00 0.0000000000000E+00 2.0000000000000E+01
A2581
 1.0827593944019E+05 0.0000000000000E+00 0.0000000000000E+00 2.0000000000000E+01
A2582
 1.0796119965104E+05 0.0000000000000E+00 0.0000000000000E+00 2.0000000000000E+01
A2583
 1.0755276799816E+05 0.0000000000000E+00 0.0000000000000E+00 2.0000000000000E+01
A2584
 1.0828548877741E+05 0.0000000000000E+00 0.0000000000000E+00 2.0000000000000E+01
A2585
 1.0840063719349E+05 0.0000000000000E+00 0.0000000000000E+00 2.0000000000000E+01
A2586
 1.0761993642550E+05 0.0000000000000E+00 0.0000000000000E+00 2.0000000000000E+01
A2587
 1.0752658909490E+05 0.0000000000000E+00 0.0000000000000E+00 2.0000000000000E+01
A2588
 1.0749316920118E+05 0.0000000000000E+00 0.0000000000000E+00 2.0000000000000E+01
A2589
 1.0694706901727E+05 0.0000000000000E+00 0.0000000000000E+00 2.0000000000000E+01
A2590
 1.0729023360909E+05 0.0000000000000E+00 0.0000000000000E+00 2.0000000000000E+01
A2591
 1.0687069764818E+05 0.0000000000000E+00 0.0000000000000E+00 2.0000000000000E+01
A2592
 1.0718442276277E+05 0.0000000000000E+00 0.0000000000000E+00 2.0000000000000E+01
A2593
 1.0691495672298E+05 0.0000000000000E+00 0.0000000000000E+00 2.0000000000000E+01
A2594
 1.0695190767120E+05 0.0000000000000E+00 0.0000000000000E+00 2.0000000000000E+01
A2595
 1.0680830363231E+05 0.0000000000000E+00 0.0000000000000E+00 2.0000000000000E+01
A2596
 1.0721738219119E+05 0.0000000000000E+00 0.0000000000000E+00 2.0000000000000E+01
A2597
 1.0722040664097E+05 0.0000000000000E+00 0.0000000000000E+00 2.0000000000000E+01
A2598
 1.0672558201300E+05 0.0000000000000E+00 0.0000000000000E+00 2.0000000000000E+01
A2599
 1.0701866527732E+05 0.0000000000000E+00 0.0000000000000E+00 2.0000000000000E+01
A26 0
 1.0684756048675E+05 0.0000000000000E+00 0.0000000000000E+00 2.0000000000000E+01
A26 1
 1.0719648390248E+05 0.0000000000000E+00 0.0000000000000E+00 2.0000000000000E+01
A26 2
 1.0679687076170E+05 0.0000000000000E+00 0.0000000000000E+00 2.0000000000000E+01
A26 3
 1.0736956676234E+05 0.0000000000000E+00 0.0000000000000E+00 2.0000000000000E+01
A26 4
 1.0675313210268E+05 0.0000000000000E+00 0.0000000000000E+00 2.0000000000000E+01
A26 5
 1.0728512489770E+05 0.0000000000000E+00 0.0000000000000E+00 2.0000000000000E+01
A26 6
 1.0733225612040E+05 0.0000000000000E+00 0.0000000000000E+00 2.0000000000000E+01
A26 7
 1.0738001448460E+05 0.0000000000000E+00 0.0000000000000E+00 2.0000000000000E+01
A26 8
 1.0735945746165E+05 0.0000000000000E+00 0.0000000000000E+00 2.0000000000000E+01
A26 9
 1.0727121394998E+05 0.0000000000000E+00 0.0000000000000E+00 2.0000000000000E+01
A2610
 1.0684733624007E+05 0.0000000000000E+00 0.0000000000000E+00 2.0000000000000E+01
A2611
 1.0702610610457E+05 0.0000000000000E+00 0.0000000000000E+00 2.0000000000000E+01
A2612
 1.0711875962663E+05 0.0000000000000E+00 0.0000000000000E+00 2.0000000000000E+01
A2613
 1.0684773104258E+05 0.0000000000000E+00 0.0000000000000E+00 2.0000000000000E+01
A2614
 1.0729539921991E+05 0.0000000000000E+00 0.0000000000000E+00 2.0000000000000E+01
A2615
 1.0710785611096E+05 0.0000000000000E+00 0.0000000000000E+00 2.0000000000000E+01
A2616
 1.0736797501449E+05 0.0000000000000E+00 0.0000000000000E+00 2.0000000000000E+01
A2617
 1.0738789458242E+05 0.0000000000000E+00 0.0000000000000E+00 2.0000000000000E+01
A2618
 1.0736205475734E+05 0.0000000000000E+00 0.0000000000000E+00 2.0000000000000E+01
A2619
 1.0676530951886E+05 0.0000000000000E+00 0.0000000000000E+00 2.0000000000000E+01
A2620
 1.0688072633083E+05 0.0000000000000E+00 0.0000000000000E+00 2.0000000000000E+01
A2621
 1.0688077145630E+05 0.0000000000000E+00 0.0000000000000E+00 2.0000000000000E+01
A2622
 1.0729466518220E+05 0.0000000000000E+00 0.0000000000000E+00 2.0000000000000E+01
A2623
 1.0685907161898E+05 0.0000000000000E+00 0.0000000000000E+00 2.0000000000000E+01
A2624
 1.0676749681102E+05 0.0000000000000E+00 0.0000000000000E+00 2.0000000000000E+01
A2625
 1.0677356899683E+05 0.0000000000000E+00 0.0000000000000E+00 2.0000000000000E+01
A2626
 1.0725732688110E+05 0.0000000000000E+00 0.0000000000000E+00 2.0000000000000E+01
A2627
 1.0675837625840E+05 0.0000000000000E+00 0.0000000000000E+00 2.0000000000000E+01
A2628
 1.0727552483337E+05 0.0000000000000E+00 0.0000000000000E+00 2.0000000000000E+01
A2629
 1.0685521701789E+05 0.0000000000000E+00 0.0000000000000E+00 2.0000000000000E+01
A2630
 1.0712973427400E+05 0.0000000000000E+00 0.0000000000000E+00 2.0000000000000E+01
A2631
 1.0709758125171E+05 0.0000000000000E+00 0.0000000000000E+00 2.0000000000000E+01
A2632
 1.0701638396017E+05 0.0000000000000E+00 0.0000000000000E+00 2.0000000000000E+01
A2633
 1.0704775558119E+05 0.0000000000000E+00 0.0000000000000E+00 2.0000000000000E+01
A2634
 1.0705211954735E+05 0.0000000000000E+00 0.0000000000000E+00 2.0000000000000E+01
A2635
 1.0702787172007E+05 0.0000000000000E+00 0.0000000000000E+00 2.0000000000000E+01
A2636
 1.0704632408094E+05 0.0000000000000E+00 0.0000000000000E+00 2.0000000000000E+01
A2637
 1.0710608403017E+05 0.0000000000000E+00 0.0000000000000E+00 2.0000000000000E+01
A2638
 1.0708944236887E+05 0.0000000000000E+00 0.0000000000000E+00 2.0000000000000E+01
A2639
 1.0589890116467E+05 0.0000000000000E+00 0.0000000000000E+00 2.0000000000000E+01
A2640
 1.0619729955667E+05 0.0000000000000E+00 0.0000000000000E+00 2.0000000000000E+01
A2641
 1.0601022205844E+05 0.0000000000000E+00 0.0000000000000E+00 2.0000000000000E+01
A2642
 1.0570042147936E+05 0.0000000000000E+00 0.0000000000000E+00 2.0000000000000E+01
A2643
 1.0647841744063E+05 0.0000000000000E+00 0.0000000000000E+00 2.0000000000000E+01
A2644
 1.0658532073866E+05 0.0000000000000E+00 0.0000000000000E+00 2.0000000000000E+01
A2645
 1.0617268608304E+05 0.0000000000000E+00 0.0000000000000E+00 2.0000000000000E+01
A2646
 1.0626663865033E+05 0.0000000000000E+00 0.0000000000000E+00 2.0000000000000E+01
A2647
 1.0581967079973E+05 0.0000000000000E+00 0.0000000000000E+00 2.0000000000000E+01
A2648
 1.0646457301585E+05 0.0000000000000E+00 0.0000000000000E+00 2.0000000000000E+01
A2649
 1.0570797294619E+05 0.0000000000000E+00 0.0000000000000E+00 2.0000000000000E+01
A2650
 1.0568010757203E+05 0.0000000000000E+00 0.0000000000000E+00 2.0000000000000E+01
A2651
 1.0579577906487E+05 0.0000000000000E+00 0.0000000000000E+00 2.0000000000000E+01
A2652
 1.0602710662626E+05 0.0000000000000E+00 0.0000000000000E+00 2.0000000000000E+01
A2653
 1.0647402624858E+05 0.0000000000000E+00 0.0000000000000E+00 2.0000000000000E+01
A2654
 1.0657673794385E+05 0.0000000000000E+00 0.0000000000000E+00 2.0000000000000E+01
A2655
 1.0554214102514E+05 0.0000000000000E+00 0.0000000000000E+00 2.0000000000000E+01
A2656
 1.0658146523180E+05 0.0000000000000E+00 0.0000000000000E+00 2.0000000000000E+01
A2657
 1.0567848745283E+05 0.0000000000000E+00 0.0000000000000E+00 2.0000000000000E+01
A2658
 1.0592002219585E+05 0.0000000000000E+00 0.0000000000000E+00 2.0000000000000E+01
A2659
 1.0578750823468E+05 0.0000000000000E+00 0.0000000000000E+00 2.0000000000000E+01
A2660
 1.0572637313035E+05 0.0000000000000E+00 0.0000000000000E+00 2.0000000000000E+01
A2661
 1.0614034921913E+05 0.0000000000000E+00 0.0000000000000E+00 2.0000000000000E+01
A2662
 1.0626284827768E+05 0.0000000000000E+00 0.0000000000000E+00 2.0000000000000E+01
A2663
 1.0618455308745E+05 0.0000000000000E+00 0.0000000000000E+00 2.0000000000000E+01
A2664
 1.0557408603801E+05 0.0000000000000E+00 0.0000000000000E+00 2.0000000000000E+01
A2665
 1.0658595869554E+05 0.0000000000000E+00 0.0000000000000E+00 2.0000000000000E+01
A2666
 1.0568056400909E+05 0.0000000000000E+00 0.0000000000000E+00 2.0000000000000E+01
A2667
 1.0628899312381E+05 0.0000000000000E+00 0.0000000000000E+00 2.0000000000000E+01
A2668
 1.0658297545974E+05 0.0000000000000E+00 0.0000000000000E+00 2.0000000000000E+01
A2669
 1.0573281003500E+05 0.0000000000000E+00 0.0000000000000E+00 2.0000000000000E+01
A2670
 1.0647460080698E+05 0.0000000000000E+00 0.0000000000000E+00 2.0000000000000E+01
A2671
 1.0564630429953E+05 0.0000000000000E+00 0.0000000000000E+00 2.0000000000000E+01
A2672
 1.0648120234421E+05 0.0000000000000E+00 0.0000000000000E+00 2.0000000000000E+01
A2673
 1.0561526248441E+05 0.0000000000000E+00 0.0000000000000E+00 2.0000000000000E+01
A2674
 1.0562541988872E+05 0.0000000000000E+00 0.0000000000000E+00 2.0000000000000E+01
A2675
 1.0657435217498E+05 0.0000000000000E+00 0.0000000000000E+00 2.0000000000000E+01
A2676
 1.0565311287463E+05 0.0000000000000E+00 0.0000000000000E+00 2.0000000000000E+01
A2677
 1.0583740909488E+05 0.0000000000000E+00 0.0000000000000E+00 2.0000000000000E+01
A2678
 1.0591947151476E+05 0.0000000000000E+00 0.0000000000000E+00 2.0000000000000E+01
A2679
 1.0656402595050E+05 0.0000000000000E+00 0.0000000000000E+00 2.0000000000000E+01
A2680
 1.0648161113198E+05 0.0000000000000E+00 0.0000000000000E+00 2.0000000000000E+01
A2681
 1.0566732048469E+05 0.0000000000000E+00 0.0000000000000E+00 2.0000000000000E+01
A2682
 1.0613931961989E+05 0.0000000000000E+00 0.0000000000000E+00 2.0000000000000E+01
A2683
 1.0577939507419E+05 0.0000000000000E+00 0.0000000000000E+00 2.0000000000000E+01
A2684
 1.0615531022437E+05 0.0000000000000E+00 0.0000000000000E+00 2.0000000000000E+01
A2685
 1.0654416417933E+05 0.0000000000000E+00 0.0000000000000E+00 2.0000000000000E+01
A2686
 1.0646305131585E+05 0.0000000000000E+00 0.0000000000000E+00 2.0000000000000E+01
A2687
 1.0576888102050E+05 0.0000000000000E+00 0.0000000000000E+00 2.0000000000000E+01
A2688
 1.0619792284242E+05 0.0000000000000E+00 0.0000000000000E+00 2.0000000000000E+01
A2689
 1.0595686194357E+05 0.0000000000000E+00 0.0000000000000E+00 2.0000000000000E+01
A2690
 1.0627430164081E+05 0.0000000000000E+00 0.0000000000000E+00 2.0000000000000E+01
A2691
 1.0643297918647E+05 0.0000000000000E+00 0.0000000000000E+00 2.0000000000000E+01
A2692
 1.0648527265749E+05 0.0000000000000E+00 0.0000000000000E+00 2.0000000000000E+01
A2693
 1.0592451382031E+05 0.0000000000000E+00 0.0000000000000E+00 2.0000000000000E+01
A2694
 1.0574775585385E+05 0.0000000000000E+00 0.0000000000000E+00 2.0000000000000E+01
A2695
 1.0617089740587E+05 0.0000000000000E+00 0.0000000000000E+00 2.0000000000000E+01
A2696
 1.0625471358585E+05 0.0000000000000E+00 0.0000000000000E+00 2.0000000000000E+01
A2697
 1.0624959597932E+05 0.0000000000000E+00 0.0000000000000E+00 2.0000000000000E+01
A2698
 1.0654766565860E+05 0.0000000000000E+00 0.0000000000000E+00 2.0000000000000E+01
A2699
 1.0628495928057E+05 0.0000000000000E+00 0.0000000000000E+00 2.0000000000000E+01
A27 0
 1.0629388865576E+05 0.0000000000000E+00 0.0000000000000E+00 2.0000000000000E+01
A27 1
 1.0628975740907E+05 0.0000000000000E+00 0.0000000000000E+00 2.0000000000000E+01
A27 2
 1.0629761410826E+05 0.0000000000000E+00 0.0000000000000E+00 2.0000000000000E+01
A27 3
 1.0659788364879E+05 0.0000000000000E+00 0.0000000000000E+00 2.0000000000000E+01
A27 4
 1.0565624707093E+05 0.0000000000000E+00 0.0000000000000E+00 2.0000000000000E+01
A27 5
 1.0644952482055E+05 0.0000000000000E+00 0.0000000000000E+00 2.0000000000000E+01
A27 6
 1.0601897078409E+05 0.0000000000000E+00 0.0000000000000E+00 2.0000000000000E+01
A27 7
 1.0599610403827E+05 0.0000000000000E+00 0.0000000000000E+00 2.0000000000000E+01
A27 8
 1.0669602448684E+05 0.0000000000000E+00 0.0000000000000E+00 2.0000000000000E+01
A27 9
 1.0620046137112E+05 0.0000000000000E+00 0.0000000000000E+00 2.0000000000000E+01
A2710
 1.0620014652288E+05 0.0000000000000E+00 0.0000000000000E+00 2.0000000000000E+01
A2711
 1.0593655897239E+05 0.0000000000000E+00 0.0000000000000E+00 2.0000000000000E+01
A2712
 1.0593172820135E+05 0.0000000000000E+00 0.0000000000000E+00 2.0000000000000E+01
A2713
 1.0603557925448E+05 0.0000000000000E+00 0.0000000000000E+00 2.0000000000000E+01
A2714
 1.0601693812680E+05 0.0000000000000E+00 0.0000000000000E+00 2.0000000000000E+01
A2715
 1.0588727323818E+05 0.0000000000000E+00 0.0000000000000E+00 2.0000000000000E+01
A2716
 1.0621298105974E+05 0.0000000000000E+00 0.0000000000000E+00 2.0000000000000E+01
A2717
 1.0574476564311E+05 0.0000000000000E+00 0.0000000000000E+00 2.0000000000000E+01
A2718
 1.0503687484900E+05 0.0000000000000E+00 0.0000000000000E+00 2.0000000000000E+01
A2719
 1.0562337576564E+05 0.0000000000000E+00 0.0000000000000E+00 2.0000000000000E+01
A2720
 1.0467121521785E+05 0.0000000000000E+00 0.0000000000000E+00 2.0000000000000E+01
A2721
 1.0547485283816E+05 0.0000000000000E+00 0.0000000000000E+00 2.0000000000000E+01
A2722
 1.0528847161198E+05 0.0000000000000E+00 0.0000000000000E+00 2.0000000000000E+01
A2723
 1.0490109266043E+05 0.0000000000000E+00 0.0000000000000E+00 2.0000000000000E+01
A2724
 1.0525871416515E+05 0.0000000000000E+00 0.0000000000000E+00 2.0000000000000E+01
A2725
 1.0530011903884E+05 0.0000000000000E+00 0.0000000000000E+00 2.0000000000000E+01
A2726
 1.0478690233700E+05 0.0000000000000E+00 0.0000000000000E+00 2.0000000000000E+01
A2727
 1.0473878151386E+05 0.0000000000000E+00 0.0000000000000E+00 2.0000000000000E+01
A2728
 1.0440853034203E+05 0.0000000000000E+00 0.0000000000000E+00 2.0000000000000E+01
A2729
 1.0462783766124E+05 0.0000000000000E+00 0.0000000000000E+00 2.0000000000000E+01
A2730
 1.0479391183654E+05 0.0000000000000E+00 0.0000000000000E+00 2.0000000000000E+01
A2731
 1.0470339715638E+05 0.0000000000000E+00 0.0000000000000E+00 2.0000000000000E+01
A2732
 1.0452368989128E+05 0.0000000000000E+00 0.0000000000000E+00 2.0000000000000E+01
A2733
 1.0444123981959E+05 0.0000000000000E+00 0.0000000000000E+00 2.0000000000000E+01
A2734
 1.0452714696930E+05 0.0000000000000E+00 0.0000000000000E+00 2.0000000000000E+01
A2735
 1.0506211645641E+05 0.0000000000000E+00 0.0000000000000E+00 2.0000000000000E+01
A2736
 1.0460570825229E+05 0.0000000000000E+00 0.0000000000000E+00 2.0000000000000E+01
A2737
 1.0463690098943E+05 0.0000000000000E+00 0.0000000000000E+00 2.0000000000000E+01
A2738
 1.0463725465111E+05 0.0000000000000E+00 0.0000000000000E+00 2.0000000000000E+01
A2739
 1.0432417100329E+05 0.0000000000000E+00 0.0000000000000E+00 2.0000000000000E+01
A2740
 1.0502741765865E+05 0.0000000000000E+00 0.0000000000000E+00 2.0000000000000E+01
A2741
 1.0485555663132E+05 0.0000000000000E+00 0.0000000000000E+00 2.0000000000000E+01
A2742
 1.0452800983932E+05 0.0000000000000E+00 0.0000000000000E+00 2.0000000000000E+01
A2743
 1.0434538396585E+05 0.0000000000000E+00 0.0000000000000E+00 2.0000000000000E+01
A2744
 1.0447667918265E+05 0.0000000000000E+00 0.0000000000000E+00 2.0000000000000E+01
A2745
 1.0455330657570E+05 0.0000000000000E+00 0.0000000000000E+00 2.0000000000000E+01
A2746
 1.0446039220682E+05 0.0000000000000E+00 0.0000000000000E+00 2.0000000000000E+01
A2747
 1.0468185038080E+05 0.0000000000000E+00 0.0000000000000E+00 2.0000000000000E+01
A2748
 1.0449445956973E+05 0.0000000000000E+00 0.0000000000000E+00 2.0000000000000E+01
A2749
 1.0541616947879E+05 0.0000000000000E+00 0.0000000000000E+00 2.0000000000000E+01
A2750
 1.0443286162914E+05 0.0000000000000E+00 0.0000000000000E+00 2.0000000000000E+01
A2751
 1.0437666154342E+05 0.0000000000000E+00 0.0000000000000E+00 2.0000000000000E+01
A2752
 1.0457684109566E+05 0.0000000000000E+00 0.0000000000000E+00 2.0000000000000E+01
A2753
 1.0442264838326E+05 0.0000000000000E+00 0.0000000000000E+00 2.0000000000000E+01
A2754
 1.0492646353582E+05 0.0000000000000E+00 0.0000000000000E+00 2.0000000000000E+01
A2755
 1.0443098228258E+05 0.0000000000000E+00 0.0000000000000E+00 2.0000000000000E+01
A2756
 1.0458001034587E+05 0.0000000000000E+00 0.0000000000000E+00 2.0000000000000E+01
A2757
 1.0446117715537E+05 0.0000000000000E+00 0.0000000000000E+00 2.0000000000000E+01
A2758
 1.0463421862991E+05 0.0000000000000E+00 0.0000000000000E+00 2.0000000000000E+01
A2759
 1.0435926786142E+05 0.0000000000000E+00 0.0000000000000E+00 2.0000000000000E+01
A2760
 1.0460402342394E+05 0.0000000000000E+00 0.0000000000000E+00 2.0000000000000E+01
A2761
 1.0431176196749E+05 0.0000000000000E+00 0.0000000000000E+00 2.0000000000000E+01
A2762
 1.0430265894427E+05 0.0000000000000E+00 0.0000000000000E+00 2.0000000000000E+01
A2763
 1.0448077373385E+05 0.0000000000000E+00 0.0000000000000E+00 2.0000000000000E+01
A2764
 1.0537730685772E+05 0.0000000000000E+00 0.0000000000000E+00 2.0000000000000E+01
A2765
 1.0494053556539E+05 0.0000000000000E+00 0.0000000000000E+00 2.0000000000000E+01
A2766
 1.0450056122770E+05 0.0000000000000E+00 0.0000000000000E+00 2.0000000000000E+01
A2767
 1.0448907160253E+05 0.0000000000000E+00 0.0000000000000E+00 2.0000000000000E+01
A2768
 1.0442895282105E+05 0.0000000000000E+00 0.0000000000000E+00 2.0000000000000E+01
A2769
 1.0430314772949E+05 0.0000000000000E+00 0.0000000000000E+00 2.0000000000000E+01
A2770
 1.0444177620223E+05 0.0000000000000E+00 0.0000000000000E+00 2.0000000000000E+01
A2771
 1.0529430574950E+05 0.0000000000000E+00 0.0000000000000E+00 2.0000000000000E+01
A2772
 1.0491679392219E+05 0.0000000000000E+00 0.0000000000000E+00 2.0000000000000E+01
A2773
 1.0445862432366E+05 0.0000000000000E+00 0.0000000000000E+00 2.0000000000000E+01
A2774
 1.0431374615171E+05 0.0000000000000E+00 0.0000000000000E+00 2.0000000000000E+01
A2775
 1.0445535715307E+05 0.0000000000000E+00 0.0000000000000E+00 2.0000000000000E+01
A2776
 1.0429849513639E+05 0.0000000000000E+00 0.0000000000000E+00 2.0000000000000E+01
A2777
 1.0432891050415E+05 0.0000000000000E+00 0.0000000000000E+00 2.0000000000000E+01
A2778
 1.0518848324380E+05 0.0000000000000E+00 0.0000000000000E+00 2.0000000000000E+01
A2779
 1.0442303007688E+05 0.0000000000000E+00 0.0000000000000E+00 2.0000000000000E+01
A2780
 1.0458309386652E+05 0.0000000000000E+00 0.0000000000000E+00 2.0000000000000E+01
A2781
 1.0448881301570E+05 0.0000000000000E+00 0.0000000000000E+00 2.0000000000000E+01
A2782
 1.0495725795331E+05 0.0000000000000E+00 0.0000000000000E+00 2.0000000000000E+01
A2783
 1.0442800888966E+05 0.0000000000000E+00 0.0000000000000E+00 2.0000000000000E+01
A2784
 1.0435269717319E+05 0.0000000000000E+00 0.0000000000000E+00 2.0000000000000E+01
A2785
 1.0501842455410E+05 0.0000000000000E+00 0.0000000000000E+00 2.0000000000000E+01
A2786
 1.0511512136293E+05 0.0000000000000E+00 0.0000000000000E+00 2.0000000000000E+01
A2787
 1.0542047475835E+05 0.0000000000000E+00 0.0000000000000E+00 2.0000000000000E+01
A2788
 1.0499140423366E+05 0.0000000000000E+00 0.0000000000000E+00 2.0000000000000E+01
A2789
 1.0506338892835E+05 0.0000000000000E+00 0.0000000000000E+00 2.0000000000000E+01
A2790
 1.0490411627417E+05 0.0000000000000E+00 0.0000000000000E+00 2.0000000000000E+01
A2791
 1.0519964864196E+05 0.0000000000000E+00 0.0000000000000E+00 2.0000000000000E+01
A2792
 1.0512866663142E+05 0.0000000000000E+00 0.0000000000000E+00 2.0000000000000E+01
A2793
 1.0515268905213E+05 0.0000000000000E+00 0.0000000000000E+00 2.0000000000000E+01
A2794
 1.0456004240866E+05 0.0000000000000E+00 0.0000000000000E+00 2.0000000000000E+01
A2795
 1.0500788521989E+05 0.0000000000000E+00 0.0000000000000E+00 2.0000000000000E+01
A2796
 1.0528175193737E+05 0.0000000000000E+00 0.0000000000000E+00 2.0000000000000E+01
A2797
 1.0452774946643E+05 0.0000000000000E+00 0.0000000000000E+00 2.0000000000000E+01
A2798
 1.0438929239383E+05 0.0000000000000E+00 0.0000000000000E+00 2.0000000000000E+01
A2799
 1.0503612137159E+05 0.0000000000000E+00 0.0000000000000E+00 2.0000000000000E+01
A28 0
 1.0501268249396E+05 0.0000000000000E+00 0.0000000000000E+00 2.0000000000000E+01
A28 1
 1.0510848382555E+05 0.0000000000000E+00 0.0000000000000E+00 2.0000000000000E+01
A28 2
 1.0531937725367E+05 0.0000000000000E+00 0.0000000000000E+00 2.0000000000000E+01
A28 3
 1.0508559002622E+05 0.0000000000000E+00 0.0000000000000E+00 2.0000000000000E+01
A28 4
 1.0488025201190E+05 0.0000000000000E+00 0.0000000000000E+00 2.0000000000000E+01
A28 5
 1.0497205944976E+05 0.0000000000000E+00 0.0000000000000E+00 2.0000000000000E+01
A28 6
 1.0526749422677E+05 0.0000000000000E+00 0.0000000000000E+00 2.0000000000000E+01
A28 7
 1.0489795552930E+05 0.0000000000000E+00 0.0000000000000E+00 2.0000000000000E+01
A28 8
 1.0523846582372E+05 0.0000000000000E+00 0.0000000000000E+00 2.0000000000000E+01
A28 9
 1.0477438552651E+05 0.0000000000000E+00 0.0000000000000E+00 2.0000000000000E+01
A2810
 1.0490457440281E+05 0.0000000000000E+00 0.0000000000000E+00 2.0000000000000E+01
A2811
 1.0487952088007E+05 0.0000000000000E+00 0.0000000000000E+00 2.0000000000000E+01
A2812
 1.0518995245230E+05 0.0000000000000E+00 0.0000000000000E+00 2.0000000000000E+01
A2813
 1.0488502523773E+05 0.0000000000000E+00 0.0000000000000E+00 2.0000000000000E+01
A2814
 1.0545039913740E+05 0.0000000000000E+00 0.0000000000000E+00 2.0000000000000E+01
A2815
 1.0531691627551E+05 0.0000000000000E+00 0.0000000000000E+00 2.0000000000000E+01
A2816
 1.0485993322598E+05 0.0000000000000E+00 0.0000000000000E+00 2.0000000000000E+01
A2817
 1.0496638062511E+05 0.0000000000000E+00 0.0000000000000E+00 2.0000000000000E+01
A2818
 1.0488117559500E+05 0.0000000000000E+00 0.0000000000000E+00 2.0000000000000E+01
A2819
 1.0527124697475E+05 0.0000000000000E+00 0.0000000000000E+00 2.0000000000000E+01
A2820
 1.0476611644676E+05 0.0000000000000E+00 0.0000000000000E+00 2.0000000000000E+01
A2821
 1.0486332853714E+05 0.0000000000000E+00 0.0000000000000E+00 2.0000000000000E+01
A2822
 1.0541813377301E+05 0.0000000000000E+00 0.0000000000000E+00 2.0000000000000E+01
A2823
 1.0477069169674E+05 0.0000000000000E+00 0.0000000000000E+00 2.0000000000000E+01
A2824
 1.0497429554697E+05 0.0000000000000E+00 0.0000000000000E+00 2.0000000000000E+01
A2825
 1.0488325814955E+05 0.0000000000000E+00 0.0000000000000E+00 2.0000000000000E+01
A2826
 1.0490315936838E+05 0.0000000000000E+00 0.0000000000000E+00 2.0000000000000E+01
A2827
 1.0481803917588E+05 0.0000000000000E+00 0.0000000000000E+00 2.0000000000000E+01
A2828
 1.0484324386995E+05 0.0000000000000E+00 0.0000000000000E+00 2.0000000000000E+01
A2829
 1.0491754626108E+05 0.0000000000000E+00 0.0000000000000E+00 2.0000000000000E+01
A2830
 1.0471423865018E+05 0.0000000000000E+00 0.0000000000000E+00 2.0000000000000E+01
A2831
 1.0503088876441E+05 0.0000000000000E+00 0.0000000000000E+00 2.0000000000000E+01
A2832
 1.0483514202522E+05 0.0000000000000E+00 0.0000000000000E+00 2.0000000000000E+01
A2833
 1.0494159568159E+05 0.0000000000000E+00 0.0000000000000E+00 2.0000000000000E+01
A2834
 1.0501741576395E+05 0.0000000000000E+00 0.0000000000000E+00 2.0000000000000E+01
A2835
 1.0489901869921E+05 0.0000000000000E+00 0.0000000000000E+00 2.0000000000000E+01
A2836
 1.0479679312742E+05 0.0000000000000E+00 0.0000000000000E+00 2.0000000000000E+01
A2837
 1.0535008600906E+05 0.0000000000000E+00 0.0000000000000E+00 2.0000000000000E+01
A2838
 1.0540449661182E+05 0.0000000000000E+00 0.0000000000000E+00 2.0000000000000E+01
A2839
 1.0546907670525E+05 0.0000000000000E+00 0.0000000000000E+00 2.0000000000000E+01
A2840
 1.0473412475799E+05 0.0000000000000E+00 0.0000000000000E+00 2.0000000000000E+01
A2841
 1.0498616394656E+05 0.0000000000000E+00 0.0000000000000E+00 2.0000000000000E+01
A2842
 1.0549593146144E+05 0.0000000000000E+00 0.0000000000000E+00 2.0000000000000E+01
A2843
 1.0471698270939E+05 0.0000000000000E+00 0.0000000000000E+00 2.0000000000000E+01
A2844
 1.0498914221254E+05 0.0000000000000E+00 0.0000000000000E+00 2.0000000000000E+01
A2845
 1.0488324899637E+05 0.0000000000000E+00 0.0000000000000E+00 2.0000000000000E+01
A2846
 1.0484061411181E+05 0.0000000000000E+00 0.0000000000000E+00 2.0000000000000E+01
A2847
 1.0466986857550E+05 0.0000000000000E+00 0.0000000000000E+00 2.0000000000000E+01
A2848
 1.0481876413294E+05 0.0000000000000E+00 0.0000000000000E+00 2.0000000000000E+01
A2849
 1.0482794388006E+05 0.0000000000000E+00 0.0000000000000E+00 2.0000000000000E+01
A2850
 1.0475364554993E+05 0.0000000000000E+00 0.0000000000000E+00 2.0000000000000E+01
A2851
 1.0490637501113E+05 0.0000000000000E+00 0.0000000000000E+00 2.0000000000000E+01
A2852
 1.0480734861416E+05 0.0000000000000E+00 0.0000000000000E+00 2.0000000000000E+01
A2853
 1.0465305350075E+05 0.0000000000000E+00 0.0000000000000E+00 2.0000000000000E+01
A2854
 1.0467166046936E+05 0.0000000000000E+00 0.0000000000000E+00 2.0000000000000E+01
A2855
 1.0468785013016E+05 0.0000000000000E+00 0.0000000000000E+00 2.0000000000000E+01
A2856
 1.0476652983568E+05 0.0000000000000E+00 0.0000000000000E+00 2.0000000000000E+01
A2857
 1.0524937103312E+05 0.0000000000000E+00 0.0000000000000E+00 2.0000000000000E+01
A2858
 1.0549093871301E+05 0.0000000000000E+00 0.0000000000000E+00 2.0000000000000E+01
A2859
 1.0476108889491E+05 0.0000000000000E+00 0.0000000000000E+00 2.0000000000000E+01
A2860
 1.0523005454999E+05 0.0000000000000E+00 0.0000000000000E+00 2.0000000000000E+01
A2861
 1.0479176284461E+05 0.0000000000000E+00 0.0000000000000E+00 2.0000000000000E+01
A2862
 1.0466014628620E+05 0.0000000000000E+00 0.0000000000000E+00 2.0000000000000E+01
A2863
 1.0477303199014E+05 0.0000000000000E+00 0.0000000000000E+00 2.0000000000000E+01
A2864
 1.0478622868392E+05 0.0000000000000E+00 0.0000000000000E+00 2.0000000000000E+01
A2865
 1.0486244994681E+05 0.0000000000000E+00 0.0000000000000E+00 2.0000000000000E+01
A2866
 1.0465890612009E+05 0.0000000000000E+00 0.0000000000000E+00 2.0000000000000E+01
A2867
 1.0478938643187E+05 0.0000000000000E+00 0.0000000000000E+00 2.0000000000000E+01
A2868
 1.0465521871792E+05 0.0000000000000E+00 0.0000000000000E+00 2.0000000000000E+01
A2869
 1.0505187475333E+05 0.0000000000000E+00 0.0000000000000E+00 2.0000000000000E+01
A2870
 1.0510232363038E+05 0.0000000000000E+00 0.0000000000000E+00 2.0000000000000E+01
A2871
 1.0469756339837E+05 0.0000000000000E+00 0.0000000000000E+00 2.0000000000000E+01
A2872
 1.0495102817238E+05 0.0000000000000E+00 0.0000000000000E+00 2.0000000000000E+01
A2873
 1.0492611567701E+05 0.0000000000000E+00 0.0000000000000E+00 2.0000000000000E+01
A2874
 1.0477010645478E+05 0.0000000000000E+00 0.0000000000000E+00 2.0000000000000E+01
A2875
 1.0476098789927E+05 0.0000000000000E+00 0.0000000000000E+00 2.0000000000000E+01
A2876
 1.0452789408629E+05 0.0000000000000E+00 0.0000000000000E+00 2.0000000000000E+01
A2877
 1.0514901739735E+05 0.0000000000000E+00 0.0000000000000E+00 2.0000000000000E+01
A2878
 1.0537855404345E+05 0.0000000000000E+00 0.0000000000000E+00 2.0000000000000E+01
A2879
 1.0492058864527E+05 0.0000000000000E+00 0.0000000000000E+00 2.0000000000000E+01
A2880
 1.0556295047801E+05 0.0000000000000E+00 0.0000000000000E+00 2.0000000000000E+01
A2881
 1.0541979027560E+05 0.0000000000000E+00 0.0000000000000E+00 2.0000000000000E+01
A2882
 1.0516797194310E+05 0.0000000000000E+00 0.0000000000000E+00 2.0000000000000E+01
A2883
 1.0486327342564E+05 0.0000000000000E+00 0.0000000000000E+00 2.0000000000000E+01
A2884
 1.0476911966872E+05 0.0000000000000E+00 0.0000000000000E+00 2.0000000000000E+01
A2885
 1.0538524486857E+05 0.0000000000000E+00 0.0000000000000E+00 2.0000000000000E+01
A2886
 1.0480476770137E+05 0.0000000000000E+00 0.0000000000000E+00 2.0000000000000E+01
A2887
 1.0484465151219E+05 0.0000000000000E+00 0.0000000000000E+00 2.0000000000000E+01
A2888
 1.0526330950124E+05 0.0000000000000E+00 0.0000000000000E+00 2.0000000000000E+01
A2889
 1.0540338454499E+05 0.0000000000000E+00 0.0000000000000E+00 2.0000000000000E+01
A2890
 1.0542130485920E+05 0.0000000000000E+00 0.0000000000000E+00 2.0000000000000E+01
A2891
 1.0488849817226E+05 0.0000000000000E+00 0.0000000000000E+00 2.0000000000000E+01
A2892
 1.0550111848292E+05 0.0000000000000E+00 0.0000000000000E+00 2.0000000000000E+01
A2893
 1.0463798460111E+05 0.0000000000000E+00 0.0000000000000E+00 2.0000000000000E+01
A2894
 1.0496774677293E+05 0.0000000000000E+00 0.0000000000000E+00 2.0000000000000E+01
A2895
 1.0503173536623E+05 0.0000000000000E+00 0.0000000000000E+00 2.0000000000000E+01
A2896
 1.0536876238947E+05 0.0000000000000E+00 0.0000000000000E+00 2.0000000000000E+01
A2897
 1.0490113219961E+05 0.0000000000000E+00 0.0000000000000E+00 2.0000000000000E+01
A2898
 1.0513182476399E+05 0.0000000000000E+00 0.0000000000000E+00 2.0000000000000E+01
A2899
 1.0543682094768E+05 0.0000000000000E+00 0.0000000000000E+00 2.0000000000000E+01
A29 0
 1.0476646042884E+05 0.0000000000000E+00 0.0000000000000E+00 2.0000000000000E+01
A29 1
 1.0498529944780E+05 0.0000000000000E+00 0.0000000000000E+00 2.0000000000000E+01
A29 2
 1.0524363180322E+05 0.0000000000000E+00 0.0000000000000E+00 2.0000000000000E+01
A29 3
 1.0551069018329E+05 0.0000000000000E+00 0.0000000000000E+00 2.0000000000000E+01
A29 4
 1.0465636991402E+05 0.0000000000000E+00 0.0000000000000E+00 2.0000000000000E+01
A29 5
 1.0525342615224E+05 0.0000000000000E+00 0.0000000000000E+00 2.0000000000000E+01
A29 6
 1.0537633768070E+05 0.0000000000000E+00 0.0000000000000E+00 2.0000000000000E+01
A29 7
 1.0525736884738E+05 0.0000000000000E+00 0.0000000000000E+00 2.0000000000000E+01
A29 8
 1.0492009963090E+05 0.0000000000000E+00 0.0000000000000E+00 2.0000000000000E+01
A29 9
 1.0549226853265E+05 0.0000000000000E+00 0.0000000000000E+00 2.0000000000000E+01
A2910
 1.0552833673002E+05 0.0000000000000E+00 0.0000000000000E+00 2.0000000000000E+01
A2911
 1.0542405421446E+05 0.0000000000000E+00 0.0000000000000E+00 2.0000000000000E+01
A2912
 1.0526912228572E+05 0.0000000000000E+00 0.0000000000000E+00 2.0000000000000E+01
A2913
 1.0499003819325E+05 0.0000000000000E+00 0.0000000000000E+00 2.0000000000000E+01
A2914
 1.0508854577918E+05 0.0000000000000E+00 0.0000000000000E+00 2.0000000000000E+01
A2915
 1.0504932771320E+05 0.0000000000000E+00 0.0000000000000E+00 2.0000000000000E+01
A2916
 1.0539352845962E+05 0.0000000000000E+00 0.0000000000000E+00 2.0000000000000E+01
A2917
 1.0508668448301E+05 0.0000000000000E+00 0.0000000000000E+00 2.0000000000000E+01
A2918
 1.0522422623956E+05 0.0000000000000E+00 0.0000000000000E+00 2.0000000000000E+01
A2919
 1.0515531639879E+05 0.0000000000000E+00 0.0000000000000E+00 2.0000000000000E+01
A2920
 1.0532134621601E+05 0.0000000000000E+00 0.0000000000000E+00 2.0000000000000E+01
A2921
 1.0516623290699E+05 0.0000000000000E+00 0.0000000000000E+00 2.0000000000000E+01
A2922
 1.0521783392322E+05 0.0000000000000E+00 0.0000000000000E+00 2.0000000000000E+01
A2923
 1.0475141615132E+05 0.0000000000000E+00 0.0000000000000E+00 2.0000000000000E+01
A2924
 1.0509216821688E+05 0.0000000000000E+00 0.0000000000000E+00 2.0000000000000E+01
A2925
 1.0476175308941E+05 0.0000000000000E+00 0.0000000000000E+00 2.0000000000000E+01
A2926
 1.0465376868669E+05 0.0000000000000E+00 0.0000000000000E+00 2.0000000000000E+01
A2927
 1.0558999462758E+05 0.0000000000000E+00 0.0000000000000E+00 2.0000000000000E+01
A2928
 1.0526128266771E+05 0.0000000000000E+00 0.0000000000000E+00 2.0000000000000E+01
A2929
 1.0548564412048E+05 0.0000000000000E+00 0.0000000000000E+00 2.0000000000000E+01
A2930
 1.0512629339133E+05 0.0000000000000E+00 0.0000000000000E+00 2.0000000000000E+01
A2931
 1.0565422309305E+05 0.0000000000000E+00 0.0000000000000E+00 2.0000000000000E+01
A2932
 1.0551933226510E+05 0.0000000000000E+00 0.0000000000000E+00 2.0000000000000E+01
A2933
 1.0536950365767E+05 0.0000000000000E+00 0.0000000000000E+00 2.0000000000000E+01
A2934
 1.0564095864440E+05 0.0000000000000E+00 0.0000000000000E+00 2.0000000000000E+01
A2935
 1.0578037931890E+05 0.0000000000000E+00 0.0000000000000E+00 2.0000000000000E+01
A2936
 1.0518841549477E+05 0.0000000000000E+00 0.0000000000000E+00 2.0000000000000E+01
A2937
 1.0551398260470E+05 0.0000000000000E+00 0.0000000000000E+00 2.0000000000000E+01
A2938
 1.0547786828469E+05 0.0000000000000E+00 0.0000000000000E+00 2.0000000000000E+01
A2939
 1.0526524211061E+05 0.0000000000000E+00 0.0000000000000E+00 2.0000000000000E+01
A2940
 1.0563170711355E+05 0.0000000000000E+00 0.0000000000000E+00 2.0000000000000E+01
A2941
 1.0533483074940E+05 0.0000000000000E+00 0.0000000000000E+00 2.0000000000000E+01
A2942
 1.0535112887917E+05 0.0000000000000E+00 0.0000000000000E+00 2.0000000000000E+01
A2943
 1.0558315205813E+05 0.0000000000000E+00 0.0000000000000E+00 2.0000000000000E+01
A2944
 1.0581363126014E+05 0.0000000000000E+00 0.0000000000000E+00 2.0000000000000E+01
A2945
 1.0521934724615E+05 0.0000000000000E+00 0.0000000000000E+00 2.0000000000000E+01
A2946
 1.0630119084271E+05 0.0000000000000E+00 0.0000000000000E+00 2.0000000000000E+01
A2947
 1.0556611917132E+05 0.0000000000000E+00 0.0000000000000E+00 2.0000000000000E+01
A2948
 1.0658866409914E+05 0.0000000000000E+00 0.0000000000000E+00 2.0000000000000E+01
A2949
 1.0529405262700E+05 0.0000000000000E+00 0.0000000000000E+00 2.0000000000000E+01
A2950
 1.0572366236487E+05 0.0000000000000E+00 0.0000000000000E+00 2.0000000000000E+01
A2951
 1.0559461938794E+05 0.0000000000000E+00 0.0000000000000E+00 2.0000000000000E+01
A2952
 1.0554593379483E+05 0.0000000000000E+00 0.0000000000000E+00 2.0000000000000E+01
A2953
 1.0594635332771E+05 0.0000000000000E+00 0.0000000000000E+00 2.0000000000000E+01
A2954
 1.0558444704593E+05 0.0000000000000E+00 0.0000000000000E+00 2.0000000000000E+01
A2955
 1.0522413569274E+05 0.0000000000000E+00 0.0000000000000E+00 2.0000000000000E+01
A2956
 1.0552329872519E+05 0.0000000000000E+00 0.0000000000000E+00 2.0000000000000E+01
A2957
 1.0643125464010E+05 0.0000000000000E+00 0.0000000000000E+00 2.0000000000000E+01
A2958
 1.0587535725959E+05 0.0000000000000E+00 0.0000000000000E+00 2.0000000000000E+01
A2959
 1.0561941403328E+05 0.0000000000000E+00 0.0000000000000E+00 2.0000000000000E+01
A2960
 1.0525494810650E+05 0.0000000000000E+00 0.0000000000000E+00 2.0000000000000E+01
A2961
 1.0600561473462E+05 0.0000000000000E+00 0.0000000000000E+00 2.0000000000000E+01
A2962
 1.0636099152866E+05 0.0000000000000E+00 0.0000000000000E+00 2.0000000000000E+01
A2963
 1.0612831900139E+05 0.0000000000000E+00 0.0000000000000E+00 2.0000000000000E+01
A2964
 1.0536309731104E+05 0.0000000000000E+00 0.0000000000000E+00 2.0000000000000E+01
A2965
 1.0522250063981E+05 0.0000000000000E+00 0.0000000000000E+00 2.0000000000000E+01
A2966
 1.0581293701434E+05 0.0000000000000E+00 0.0000000000000E+00 2.0000000000000E+01
A2967
 1.0553047961041E+05 0.0000000000000E+00 0.0000000000000E+00 2.0000000000000E+01
A2968
 1.0543874056851E+05 0.0000000000000E+00 0.0000000000000E+00 2.0000000000000E+01
A2969
 1.0594309641988E+05 0.0000000000000E+00 0.0000000000000E+00 2.0000000000000E+01
A2970
 1.0598411538768E+05 0.0000000000000E+00 0.0000000000000E+00 2.0000000000000E+01
A2971
 1.0519935310449E+05 0.0000000000000E+00 0.0000000000000E+00 2.0000000000000E+01
A2972
 1.0587310302240E+05 0.0000000000000E+00 0.0000000000000E+00 2.0000000000000E+01
A2973
 1.0530504339093E+05 0.0000000000000E+00 0.0000000000000E+00 2.0000000000000E+01
A2974
 1.0520931682458E+05 0.0000000000000E+00 0.0000000000000E+00 2.0000000000000E+01
A2975
 1.0531043949216E+05 0.0000000000000E+00 0.0000000000000E+00 2.0000000000000E+01
A2976
 1.0645325593798E+05 0.0000000000000E+00 0.0000000000000E+00 2.0000000000000E+01
A2977
 1.0522059075806E+05 0.0000000000000E+00 0.0000000000000E+00 2.0000000000000E+01
A2978
 1.0520967972441E+05 0.0000000000000E+00 0.0000000000000E+00 2.0000000000000E+01
A2979
 1.0594028679109E+05 0.0000000000000E+00 0.0000000000000E+00 2.0000000000000E+01
A2980
 1.0561172723667E+05 0.0000000000000E+00 0.0000000000000E+00 2.0000000000000E+01
A2981
 1.0551567797318E+05 0.0000000000000E+00 0.0000000000000E+00 2.0000000000000E+01
A2982
 1.0562092609558E+05 0.0000000000000E+00 0.0000000000000E+00 2.0000000000000E+01
A2983
 1.0611040399423E+05 0.0000000000000E+00 0.0000000000000E+00 2.0000000000000E+01
A2984
 1.0621793051141E+05 0.0000000000000E+00 0.0000000000000E+00 2.0000000000000E+01
A2985
 1.0565022220217E+05 0.0000000000000E+00 0.0000000000000E+00 2.0000000000000E+01
A2986
 1.0570843368977E+05 0.0000000000000E+00 0.0000000000000E+00 2.0000000000000E+01
A2987
 1.0582103723141E+05 0.0000000000000E+00 0.0000000000000E+00 2.0000000000000E+01
A2988
 1.0513918629491E+05 0.0000000000000E+00 0.0000000000000E+00 2.0000000000000E+01
A2989
 1.0606545432348E+05 0.0000000000000E+00 0.0000000000000E+00 2.0000000000000E+01
A2990
 1.0556461204478E+05 0.0000000000000E+00 0.0000000000000E+00 2.0000000000000E+01
A2991
 1.0594910604823E+05 0.0000000000000E+00 0.0000000000000E+00 2.0000000000000E+01
A2992
 1.0506327141307E+05 0.0000000000000E+00 0.0000000000000E+00 2.0000000000000E+01
A2993
 1.0513897985755E+05 0.0000000000000E+00 0.0000000000000E+00 2.0000000000000E+01
A2994
 1.0498170658769E+05 0.0000000000000E+00 0.0000000000000E+00 2.0000000000000E+01
A2995
 1.0628748858422E+05 0.0000000000000E+00 0.0000000000000E+00 2.0000000000000E+01
A2996
 1.0521816378251E+05 0.0000000000000E+00 0.0000000000000E+00 2.0000000000000E+01
A2997
 1.0563355492396E+05 0.0000000000000E+00 0.0000000000000E+00 2.0000000000000E+01
A2998
 1.0563881097841E+05 0.0000000000000E+00 0.0000000000000E+00 2.0000000000000E+01
A2999
 1.0593121200046E+05 0.0000000000000E+00 0.0000000000000E+00 2.0000000000000E+01
A2A 0
 1.0560953139573E+05 0.0000000000000E+00 0.0000000000000E+00 2.0000000000000E+01
A2A 1
 1.0561511146004E+05 0.0000000000000E+00 0.0000000000000E+00 2.0000000000000E+01
A2A 2
 1.0560991287563E+05 0.0000000000000E+00 0.0000000000000E+00 2.0000000000000E+01
A2A 3
 1.0568991295913E+05 0.0000000000000E+00 0.0000000000000E+00 2.0000000000000E+01
A2A 4
 1.0563147374675E+05 0.0000000000000E+00 0.0000000000000E+00 2.0000000000000E+01
A2A 5
 1.0577604518692E+05 0.0000000000000E+00 0.0000000000000E+00 2.0000000000000E+01
A2A 6
 1.0580794286818E+05 0.0000000000000E+00 0.0000000000000E+00 2.0000000000000E+01
A2A 7
 1.0553489440913E+05 0.0000000000000E+00 0.0000000000000E+00 2.0000000000000E+01
A2A 8
 1.0551575985682E+05 0.0000000000000E+00 0.0000000000000E+00 2.0000000000000E+01
A2A 9
 1.0542743704269E+05 0.0000000000000E+00 0.0000000000000E+00 2.0000000000000E+01
A2A10
 1.0550221532201E+05 0.0000000000000E+00 0.0000000000000E+00 2.0000000000000E+01
A2A11
 1.0526630040970E+05 0.0000000000000E+00 0.0000000000000E+00 2.0000000000000E+01
A2A12
 1.0550687919422E+05 0.0000000000000E+00 0.0000000000000E+00 2.0000000000000E+01
A2A13
 1.0514931006982E+05 0.0000000000000E+00 0.0000000000000E+00 2.0000000000000E+01
A2A14
 1.0563093767236E+05 0.0000000000000E+00 0.0000000000000E+00 2.0000000000000E+01
A2A15
 1.0556802455452E+05 0.0000000000000E+00 0.0000000000000E+00 2.0000000000000E+01
A2A16
 1.0499377792525E+05 0.0000000000000E+00 0.0000000000000E+00 2.0000000000000E+01
A2A17
 1.0528459066113E+05 0.0000000000000E+00 0.0000000000000E+00 2.0000000000000E+01
A2A18
 1.0575357360953E+05 0.0000000000000E+00 0.0000000000000E+00 2.0000000000000E+01
A2A19
 1.0637388439108E+05 0.0000000000000E+00 0.0000000000000E+00 2.0000000000000E+01
A2A20
 1.0585179246458E+05 0.0000000000000E+00 0.0000000000000E+00 2.0000000000000E+01
A2A21
 1.0507177146001E+05 0.0000000000000E+00 0.0000000000000E+00 2.0000000000000E+01
A2A22
 1.0561358674705E+05 0.0000000000000E+00 0.0000000000000E+00 2.0000000000000E+01
A2A23
 1.0496225310628E+05 0.0000000000000E+00 0.0000000000000E+00 2.0000000000000E+01
A2A24
 1.0570841337754E+05 0.0000000000000E+00 0.0000000000000E+00 2.0000000000000E+01
A2A25
 1.0552554706608E+05 0.0000000000000E+00 0.0000000000000E+00 2.0000000000000E+01
A2A26
 1.0534253698083E+05 0.0000000000000E+00 0.0000000000000E+00 2.0000000000000E+01
A2A27
 1.0510637659642E+05 0.0000000000000E+00 0.0000000000000E+00 2.0000000000000E+01
A2A28
 1.0590811866338E+05 0.0000000000000E+00 0.0000000000000E+00 2.0000000000000E+01
A2A29
 1.0534752524426E+05 0.0000000000000E+00 0.0000000000000E+00 2.0000000000000E+01
A2A30
 1.0532560766831E+05 0.0000000000000E+00 0.0000000000000E+00 2.0000000000000E+01
A2A31
 1.0528926461626E+05 0.0000000000000E+00 0.0000000000000E+00 2.0000000000000E+01
A2A32
 1.0624820023971E+05 0.0000000000000E+00 0.0000000000000E+00 2.0000000000000E+01
A2A33
 1.0607172675838E+05 0.0000000000000E+00 0.0000000000000E+00 2.0000000000000E+01
A2A34
 1.0552838400834E+05 0.0000000000000E+00 0.0000000000000E+00 2.0000000000000E+01
A2A35
 1.0526506091643E+05 0.0000000000000E+00 0.0000000000000E+00 2.0000000000000E+01
A2A36
 1.0523114628905E+05 0.0000000000000E+00 0.0000000000000E+00 2.0000000000000E+01
A2A37
 1.0551379387708E+05 0.0000000000000E+00 0.0000000000000E+00 2.0000000000000E+01
A2A38
 1.0501158415099E+05 0.0000000000000E+00 0.0000000000000E+00 2.0000000000000E+01
A2A39
 1.0550604391124E+05 0.0000000000000E+00 0.0000000000000E+00 2.0000000000000E+01
A2A40
 1.0514804147001E+05 0.0000000000000E+00 0.0000000000000E+00 2.0000000000000E+01
A2A41
 1.0520824390111E+05 0.0000000000000E+00 0.0000000000000E+00 2.0000000000000E+01
A2A42
 1.0555708374595E+05 0.0000000000000E+00 0.0000000000000E+00 2.0000000000000E+01
A2A43
 1.0588174089796E+05 0.0000000000000E+00 0.0000000000000E+00 2.0000000000000E+01
A2A44
 1.0557230483837E+05 0.0000000000000E+00 0.0000000000000E+00 2.0000000000000E+01
A2A45
 1.0613880524497E+05 0.0000000000000E+00 0.0000000000000E+00 2.0000000000000E+01
A2A46
 1.0567560887347E+05 0.0000000000000E+00 0.0000000000000E+00 2.0000000000000E+01
A2A47
 1.0537768160162E+05 0.0000000000000E+00 0.0000000000000E+00 2.0000000000000E+01
A2A48
 1.0512436642607E+05 0.0000000000000E+00 0.0000000000000E+00 2.0000000000000E+01
A2A49
 1.0572864704466E+05 0.0000000000000E+00 0.0000000000000E+00 2.0000000000000E+01
A2A50
 1.0536929820332E+05 0.0000000000000E+00 0.0000000000000E+00 2.0000000000000E+01
A2A51
 1.0554126841782E+05 0.0000000000000E+00 0.0000000000000E+00 2.0000000000000E+01
A2A52
 1.0546606668311E+05 0.0000000000000E+00 0.0000000000000E+00 2.0000000000000E+01
A2A53
 1.0525101814307E+05 0.0000000000000E+00 0.0000000000000E+00 2.0000000000000E+01
A2A54
 1.0507487964348E+05 0.0000000000000E+00 0.0000000000000E+00 2.0000000000000E+01
A2A55
 1.0522686289378E+05 0.0000000000000E+00 0.0000000000000E+00 2.0000000000000E+01
A2A56
 1.0505491749109E+05 0.0000000000000E+00 0.0000000000000E+00 2.0000000000000E+01
A2A57
 1.0511637622343E+05 0.0000000000000E+00 0.0000000000000E+00 2.0000000000000E+01
A2A58
 1.0498961724464E+05 0.0000000000000E+00 0.0000000000000E+00 2.0000000000000E+01
A2A59
 1.0503171589419E+05 0.0000000000000E+00 0.0000000000000E+00 2.0000000000000E+01
A2A60
 1.0600512604955E+05 0.0000000000000E+00 0.0000000000000E+00 2.0000000000000E+01
A2A61
 1.0530105751236E+05 0.0000000000000E+00 0.0000000000000E+00 2.0000000000000E+01
A2A62
 1.0503986847564E+05 0.0000000000000E+00 0.0000000000000E+00 2.0000000000000E+01
A2A63
 1.0576476115971E+05 0.0000000000000E+00 0.0000000000000E+00 2.0000000000000E+01
A2A64
 1.0576893211810E+05 0.0000000000000E+00 0.0000000000000E+00 2.0000000000000E+01
A2A65
 1.0537470758079E+05 0.0000000000000E+00 0.0000000000000E+00 2.0000000000000E+01
A2A66
 1.0582025032109E+05 0.0000000000000E+00 0.0000000000000E+00 2.0000000000000E+01
A2A67
 1.0568409587712E+05 0.0000000000000E+00 0.0000000000000E+00 2.0000000000000E+01
A2A68
 1.0536493973757E+05 0.0000000000000E+00 0.0000000000000E+00 2.0000000000000E+01
A2A69
 1.0526973600714E+05 0.0000000000000E+00 0.0000000000000E+00 2.0000000000000E+01
A2A70
 1.0508823781645E+05 0.0000000000000E+00 0.0000000000000E+00 2.0000000000000E+01
A2A71
 1.0562020343258E+05 0.0000000000000E+00 0.0000000000000E+00 2.0000000000000E+01
A2A72
 1.0533510929281E+05 0.0000000000000E+00 0.0000000000000E+00 2.0000000000000E+01
A2A73
 1.0535649997665E+05 0.0000000000000E+00 0.0000000000000E+00 2.0000000000000E+01
A2A74
 1.0574196634781E+05 0.0000000000000E+00 0.0000000000000E+00 2.0000000000000E+01
A2A75
 1.0573893239901E+05 0.0000000000000E+00 0.0000000000000E+00 2.0000000000000E+01
A2A76
 1.0525061872607E+05 0.0000000000000E+00 0.0000000000000E+00 2.0000000000000E+01
A2A77
 1.0505699633625E+05 0.0000000000000E+00 0.0000000000000E+00 2.0000000000000E+01
A2A78
 1.0543648826244E+05 0.0000000000000E+00 0.0000000000000E+00 2.0000000000000E+01
A2A79
 1.0569093995636E+05 0.0000000000000E+00 0.0000000000000E+00 2.0000000000000E+01
A2A80
 1.0619826839182E+05 0.0000000000000E+00 0.0000000000000E+00 2.0000000000000E+01
A2A81
 1.0616599847406E+05 0.0000000000000E+00 0.0000000000000E+00 2.0000000000000E+01
A2A82
 1.0527541716151E+05 0.0000000000000E+00 0.0000000000000E+00 2.0000000000000E+01
A2A83
 1.0580988027452E+05 0.0000000000000E+00 0.0000000000000E+00 2.0000000000000E+01
A2A84
 1.0582430411710E+05 0.0000000000000E+00 0.0000000000000E+00 2.0000000000000E+01
A2A85
 1.0554014852397E+05 0.0000000000000E+00 0.0000000000000E+00 2.0000000000000E+01
A2A86
 1.0603184121890E+05 0.0000000000000E+00 0.0000000000000E+00 2.0000000000000E+01
A2A87
 1.0591168923700E+05 0.0000000000000E+00 0.0000000000000E+00 2.0000000000000E+01
A2A88
 1.0517955399511E+05 0.0000000000000E+00 0.0000000000000E+00 2.0000000000000E+01
A2A89
 1.0528579109781E+05 0.0000000000000E+00 0.0000000000000E+00 2.0000000000000E+01
A2A90
 1.0562720659157E+05 0.0000000000000E+00 0.0000000000000E+00 2.0000000000000E+01
A2A91
 1.0524591856076E+05 0.0000000000000E+00 0.0000000000000E+00 2.0000000000000E+01
A2A92
 1.0539293271040E+05 0.0000000000000E+00 0.0000000000000E+00 2.0000000000000E+01
A2A93
 1.0562394212414E+05 0.0000000000000E+00 0.0000000000000E+00 2.0000000000000E+01
A2A94
 1.0570051382055E+05 0.0000000000000E+00 0.0000000000000E+00 2.0000000000000E+01
A2A95
 1.0503251041335E+05 0.0000000000000E+00 0.0000000000000E+00 2.0000000000000E+01
A2A96
 1.0563214704804E+05 0.0000000000000E+00 0.0000000000000E+00 2.0000000000000E+01
A2A97
 1.0494663866280E+05 0.0000000000000E+00 0.0000000000000E+00 2.0000000000000E+01
A2A98
 1.0495053166440E+05 0.0000000000000E+00 0.0000000000000E+00 2.0000000000000E+01
A2A99
 1.0565509117236E+05 0.0000000000000E+00 0.0000000000000E+00 2.0000000000000E+01
A2B 0
 1.0495827176322E+05 0.0000000000000E+00 0.0000000000000E+00 2.0000000000000E+01
A2B 1
 1.0502938788800E+05 0.0000000000000E+00 0.0000000000000E+00 2.0000000000000E+01
A2B 2
 1.0508111500230E+05 0.0000000000000E+00 0.0000000000000E+00 2.0000000000000E+01
A2B 3
 1.0498682888616E+05 0.0000000000000E+00 0.0000000000000E+00 2.0000000000000E+01
A2B 4
 1.0567792894701E+05 0.0000000000000E+00 0.0000000000000E+00 2.0000000000000E+01
A2B 5
 1.0549008598993E+05 0.0000000000000E+00 0.0000000000000E+00 2.0000000000000E+01
A2B 6
 1.0508903587642E+05 0.0000000000000E+00 0.0000000000000E+00 2.0000000000000E+01
A2B 7
 1.0535585416229E+05 0.0000000000000E+00 0.0000000000000E+00 2.0000000000000E+01
A2B 8
 1.0533854940214E+05 0.0000000000000E+00 0.0000000000000E+00 2.0000000000000E+01
A2B 9
 1.0625375828009E+05 0.0000000000000E+00 0.0000000000000E+00 2.0000000000000E+01
A2B10
 1.0587045797469E+05 0.0000000000000E+00 0.0000000000000E+00 2.0000000000000E+01
A2B11
 1.0555226013657E+05 0.0000000000000E+00 0.0000000000000E+00 2.0000000000000E+01
A2B12
 1.0536385847984E+05 0.0000000000000E+00 0.0000000000000E+00 2.0000000000000E+01
A2B13
 1.0554516932577E+05 0.0000000000000E+00 0.0000000000000E+00 2.0000000000000E+01
A2B14
 1.0525184365687E+05 0.0000000000000E+00 0.0000000000000E+00 2.0000000000000E+01
A2B15
 1.0597628841934E+05 0.0000000000000E+00 0.0000000000000E+00 2.0000000000000E+01
A2B16
 1.0611501352606E+05 0.0000000000000E+00 0.0000000000000E+00 2.0000000000000E+01
A2B17
 1.0605600349720E+05 0.0000000000000E+00 0.0000000000000E+00 2.0000000000000E+01
A2B18
 1.0588153903602E+05 0.0000000000000E+00 0.0000000000000E+00 2.0000000000000E+01
A2B19
 1.0551981004157E+05 0.0000000000000E+00 0.0000000000000E+00 2.0000000000000E+01
A2B20
 1.0543389467033E+05 0.0000000000000E+00 0.0000000000000E+00 2.0000000000000E+01
A2B21
 1.0616741879877E+05 0.0000000000000E+00 0.0000000000000E+00 2.0000000000000E+01
A2B22
 1.0704222511817E+05 0.0000000000000E+00 0.0000000000000E+00 2.0000000000000E+01
A2B23
 1.0717557590458E+05 0.0000000000000E+00 0.0000000000000E+00 2.0000000000000E+01
A2B24
 1.0745898855892E+05 0.0000000000000E+00 0.0000000000000E+00 2.0000000000000E+01
A2B25
 1.0634183272263E+05 0.0000000000000E+00 0.0000000000000E+00 2.0000000000000E+01
A2B26
 1.0625056334523E+05 0.0000000000000E+00 0.0000000000000E+00 2.0000000000000E+01
A2B27
 1.0763042084153E+05 0.0000000000000E+00 0.0000000000000E+00 2.0000000000000E+01
A2B28
 1.0678256132527E+05 0.0000000000000E+00 0.0000000000000E+00 2.0000000000000E+01
A2B29
 1.0633129142704E+05 0.0000000000000E+00 0.0000000000000E+00 2.0000000000000E+01
A2B30
 1.0630998448059E+05 0.0000000000000E+00 0.0000000000000E+00 2.0000000000000E+01
A2B31
 1.0637790552257E+05 0.0000000000000E+00 0.0000000000000E+00 2.0000000000000E+01
A2B32
 1.0637491778603E+05 0.0000000000000E+00 0.0000000000000E+00 2.0000000000000E+01
A2B33
 1.0618939865276E+05 0.0000000000000E+00 0.0000000000000E+00 2.0000000000000E+01
A2B34
 1.0706850147529E+05 0.0000000000000E+00 0.0000000000000E+00 2.0000000000000E+01
A2B35
 1.0703299956429E+05 0.0000000000000E+00 0.0000000000000E+00 2.0000000000000E+01
A2B36
 1.0698554921527E+05 0.0000000000000E+00 0.0000000000000E+00 2.0000000000000E+01
A2B37
 1.0618406878739E+05 0.0000000000000E+00 0.0000000000000E+00 2.0000000000000E+01
A2B38
 1.0686075716166E+05 0.0000000000000E+00 0.0000000000000E+00 2.0000000000000E+01
A2B39
 1.0644858401742E+05 0.0000000000000E+00 0.0000000000000E+00 2.0000000000000E+01
A2B40
 1.0629659898106E+05 0.0000000000000E+00 0.0000000000000E+00 2.0000000000000E+01
A2B41
 1.0617898084583E+05 0.0000000000000E+00 0.0000000000000E+00 2.0000000000000E+01
A2B42
 1.0618038103532E+05 0.0000000000000E+00 0.0000000000000E+00 2.0000000000000E+01
A2B43
 1.0742609035498E+05 0.0000000000000E+00 0.0000000000000E+00 2.0000000000000E+01
A2B44
 1.0627459705256E+05 0.0000000000000E+00 0.0000000000000E+00 2.0000000000000E+01
A2B45
 1.0625999676803E+05 0.0000000000000E+00 0.0000000000000E+00 2.0000000000000E+01
A2B46
 1.0609300290712E+05 0.0000000000000E+00 0.0000000000000E+00 2.0000000000000E+01
A2B47
 1.0681366377994E+05 0.0000000000000E+00 0.0000000000000E+00 2.0000000000000E+01
A2B48
 1.0611489075133E+05 0.0000000000000E+00 0.0000000000000E+00 2.0000000000000E+01
A2B49
 1.0671422382708E+05 0.0000000000000E+00 0.0000000000000E+00 2.0000000000000E+01
A2B50
 1.0715741314682E+05 0.0000000000000E+00 0.0000000000000E+00 2.0000000000000E+01
A2B51
 1.0638644184946E+05 0.0000000000000E+00 0.0000000000000E+00 2.0000000000000E+01
A2B52
 1.0695514285670E+05 0.0000000000000E+00 0.0000000000000E+00 2.0000000000000E+01
A2B53
 1.0675606579726E+05 0.0000000000000E+00 0.0000000000000E+00 2.0000000000000E+01
A2B54
 1.0677806213285E+05 0.0000000000000E+00 0.0000000000000E+00 2.0000000000000E+01
A2B55
 1.0656976311979E+05 0.0000000000000E+00 0.0000000000000E+00 2.0000000000000E+01
A2B56
 1.0623787377340E+05 0.0000000000000E+00 0.0000000000000E+00 2.0000000000000E+01
A2B57
 1.0633618960889E+05 0.0000000000000E+00 0.0000000000000E+00 2.0000000000000E+01
A2B58
 1.0635967851852E+05 0.0000000000000E+00 0.0000000000000E+00 2.0000000000000E+01
A2B59
 1.0666860239265E+05 0.0000000000000E+00 0.0000000000000E+00 2.0000000000000E+01
A2B60
 1.0611796014937E+05 0.0000000000000E+00 0.0000000000000E+00 2.0000000000000E+01
A2B61
 1.0721143518981E+05 0.0000000000000E+00 0.0000000000000E+00 2.0000000000000E+01
A2B62
 1.0592051138252E+05 0.0000000000000E+00 0.0000000000000E+00 2.0000000000000E+01
A2B63
 1.0647916328601E+05 0.0000000000000E+00 0.0000000000000E+00 2.0000000000000E+01
A2B64
 1.0687133632087E+05 0.0000000000000E+00 0.0000000000000E+00 2.0000000000000E+01
A2B65
 1.0580907522437E+05 0.0000000000000E+00 0.0000000000000E+00 2.0000000000000E+01
A2B66
 1.0687384655317E+05 0.0000000000000E+00 0.0000000000000E+00 2.0000000000000E+01
A2B67
 1.0689522878656E+05 0.0000000000000E+00 0.0000000000000E+00 2.0000000000000E+01
A2B68
 1.0665153063353E+05 0.0000000000000E+00 0.0000000000000E+00 2.0000000000000E+01
A2B69
 1.0638229806402E+05 0.0000000000000E+00 0.0000000000000E+00 2.0000000000000E+01
A2B70
 1.0658193215134E+05 0.0000000000000E+00 0.0000000000000E+00 2.0000000000000E+01
A2B71
 1.0674054494917E+05 0.0000000000000E+00 0.0000000000000E+00 2.0000000000000E+01
A2B72
 1.0668924833376E+05 0.0000000000000E+00 0.0000000000000E+00 2.0000000000000E+01
A2B73
 1.0664194268409E+05 0.0000000000000E+00 0.0000000000000E+00 2.0000000000000E+01
A2B74
 1.0648434427212E+05 0.0000000000000E+00 0.0000000000000E+00 2.0000000000000E+01
A2B75
 1.0704175976312E+05 0.0000000000000E+00 0.0000000000000E+00 2.0000000000000E+01
A2B76
 1.0647083428160E+05 0.0000000000000E+00 0.0000000000000E+00 2.0000000000000E+01
A2B77
 1.0656433095574E+05 0.0000000000000E+00 0.0000000000000E+00 2.0000000000000E+01
A2B78
 1.0591419396237E+05 0.0000000000000E+00 0.0000000000000E+00 2.0000000000000E+01
A2B79
 1.0730493663226E+05 0.0000000000000E+00 0.0000000000000E+00 2.0000000000000E+01
A2B80
 1.0590192294272E+05 0.0000000000000E+00 0.0000000000000E+00 2.0000000000000E+01
A2B81
 1.0672145942589E+05 0.0000000000000E+00 0.0000000000000E+00 2.0000000000000E+01
A2B82
 1.0618921192341E+05 0.0000000000000E+00 0.0000000000000E+00 2.0000000000000E+01
A2B83
 1.0652464448369E+05 0.0000000000000E+00 0.0000000000000E+00 2.0000000000000E+01
A2B84
 1.0668837285350E+05 0.0000000000000E+00 0.0000000000000E+00 2.0000000000000E+01
A2B85
 1.0644822735936E+05 0.0000000000000E+00 0.0000000000000E+00 2.0000000000000E+01
A2B86
 1.0594830649287E+05 0.0000000000000E+00 0.0000000000000E+00 2.0000000000000E+01
A2B87
 1.0607726359336E+05 0.0000000000000E+00 0.0000000000000E+00 2.0000000000000E+01
A2B88
 1.0588372176104E+05 0.0000000000000E+00 0.0000000000000E+00 2.0000000000000E+01
A2B89
 1.0587384257080E+05 0.0000000000000E+00 0.0000000000000E+00 2.0000000000000E+01
A2B90
 1.0584444023151E+05 0.0000000000000E+00 0.0000000000000E+00 2.0000000000000E+01
A2B91
 1.0595395246215E+05 0.0000000000000E+00 0.0000000000000E+00 2.0000000000000E+01
A2B92
 1.0604788569771E+05 0.0000000000000E+00 0.0000000000000E+00 2.0000000000000E+01
A2B93
 1.0580635423644E+05 0.0000000000000E+00 0.0000000000000E+00 2.0000000000000E+01
A2B94
 1.0582211856788E+05 0.0000000000000E+00 0.0000000000000E+00 2.0000000000000E+01
A2B95
 1.0581555804396E+05 0.0000000000000E+00 0.0000000000000E+00 2.0000000000000E+01
A2B96
 1.0648056623661E+05 0.0000000000000E+00 0.0000000000000E+00 2.0000000000000E+01
A2B97
 1.0649709956337E+05 0.0000000000000E+00 0.0000000000000E+00 2.0000000000000E+01
A2B98
 1.0610402186681E+05 0.0000000000000E+00 0.0000000000000E+00 2.0000000000000E+01
A2B99
 1.0640555895103E+05 0.0000000000000E+00 0.0000000000000E+00 2.0000000000000E+01
A2C 0
 1.0654311523508E+05 0.0000000000000E+00 0.0000000000000E+00 2.0000000000000E+01
A2C 1
 1.0616440293332E+05 0.0000000000000E+00 0.0000000000000E+00 2.0000000000000E+01
A2C 2
 1.0652077026926E+05 0.0000000000000E+00 0.0000000000000E+00 2.0000000000000E+01
A2C 3
 1.0647185804620E+05 0.0000000000000E+00 0.0000000000000E+00 2.0000000000000E+01
A2C 4
 1.0650019379503E+05 0.0000000000000E+00 0.0000000000000E+00 2.0000000000000E+01
A2C 5
 1.0662255329267E+05 0.0000000000000E+00 0.0000000000000E+00 2.0000000000000E+01
A2C 6
 1.0585318227275E+05 0.0000000000000E+00 0.0000000000000E+00 2.0000000000000E+01
A2C 7
 1.0645616645465E+05 0.0000000000000E+00 0.0000000000000E+00 2.0000000000000E+01
A2C 8
 1.0657873080452E+05 0.0000000000000E+00 0.0000000000000E+00 2.0000000000000E+01
A2C 9
 1.0592003306872E+05 0.0000000000000E+00 0.0000000000000E+00 2.0000000000000E+01
A2C10
 1.0613972734258E+05 0.0000000000000E+00 0.0000000000000E+00 2.0000000000000E+01
A2C11
 1.0620550183763E+05 0.0000000000000E+00 0.0000000000000E+00 2.0000000000000E+01
A2C12
 1.0753242382050E+05 0.0000000000000E+00 0.0000000000000E+00 2.0000000000000E+01
A2C13
 1.0725348044970E+05 0.0000000000000E+00 0.0000000000000E+00 2.0000000000000E+01
A2C14
 1.0640175202547E+05 0.0000000000000E+00 0.0000000000000E+00 2.0000000000000E+01
A2C15
 1.0628580066949E+05 0.0000000000000E+00 0.0000000000000E+00 2.0000000000000E+01
A2C16
 1.0725479115217E+05 0.0000000000000E+00 0.0000000000000E+00 2.0000000000000E+01
A2C17
 1.0610122307912E+05 0.0000000000000E+00 0.0000000000000E+00 2.0000000000000E+01
A2C18
 1.0658065924376E+05 0.0000000000000E+00 0.0000000000000E+00 2.0000000000000E+01
A2C19
 1.0589515974394E+05 0.0000000000000E+00 0.0000000000000E+00 2.0000000000000E+01
A2C20
 1.0741582470404E+05 0.0000000000000E+00 0.0000000000000E+00 2.0000000000000E+01
A2C21
 1.0646138062555E+05 0.0000000000000E+00 0.0000000000000E+00 2.0000000000000E+01
A2C22
 1.0639593587379E+05 0.0000000000000E+00 0.0000000000000E+00 2.0000000000000E+01
A2C23
 1.0662443125522E+05 0.0000000000000E+00 0.0000000000000E+00 2.0000000000000E+01
A2C24
 1.0626027272905E+05 0.0000000000000E+00 0.0000000000000E+00 2.0000000000000E+01
A2C25
 1.0666720007872E+05 0.0000000000000E+00 0.0000000000000E+00 2.0000000000000E+01
A2C26
 1.0693480101931E+05 0.0000000000000E+00 0.0000000000000E+00 2.0000000000000E+01
A2C27
 1.0595194123741E+05 0.0000000000000E+00 0.0000000000000E+00 2.0000000000000E+01
A2C28
 1.0609640058458E+05 0.0000000000000E+00 0.0000000000000E+00 2.0000000000000E+01
A2C29
 1.0643888367851E+05 0.0000000000000E+00 0.0000000000000E+00 2.0000000000000E+01
A2C30
 1.0638701584170E+05 0.0000000000000E+00 0.0000000000000E+00 2.0000000000000E+01
A2C31
 1.0698688188840E+05 0.0000000000000E+00 0.0000000000000E+00 2.0000000000000E+01
A2C32
 1.0596179446992E+05 0.0000000000000E+00 0.0000000000000E+00 2.0000000000000E+01
A2C33
 1.0676076700734E+05 0.0000000000000E+00 0.0000000000000E+00 2.0000000000000E+01
A2C34
 1.0621144517985E+05 0.0000000000000E+00 0.0000000000000E+00 2.0000000000000E+01
A2C35
 1.0713371032478E+05 0.0000000000000E+00 0.0000000000000E+00 2.0000000000000E+01
A2C36
 1.0657892554871E+05 0.0000000000000E+00 0.0000000000000E+00 2.0000000000000E+01
A2C37
 1.0612202706024E+05 0.0000000000000E+00 0.0000000000000E+00 2.0000000000000E+01
A2C38
 1.0647775131737E+05 0.0000000000000E+00 0.0000000000000E+00 2.0000000000000E+01
A2C39
 1.0605296402068E+05 0.0000000000000E+00 0.0000000000000E+00 2.0000000000000E+01
A2C40
 1.0663747636290E+05 0.0000000000000E+00 0.0000000000000E+00 2.0000000000000E+01
A2C41
 1.0620320733266E+05 0.0000000000000E+00 0.0000000000000E+00 2.0000000000000E+01
A2C42
 1.0651782415228E+05 0.0000000000000E+00 0.0000000000000E+00 2.0000000000000E+01
A2C43
 1.0597701544951E+05 0.0000000000000E+00 0.0000000000000E+00 2.0000000000000E+01
A2C44
 1.0691710987921E+05 0.0000000000000E+00 0.0000000000000E+00 2.0000000000000E+01
A2C45
 1.0655088222405E+05 0.0000000000000E+00 0.0000000000000E+00 2.0000000000000E+01
A2C46
 1.0636379103364E+05 0.0000000000000E+00 0.0000000000000E+00 2.0000000000000E+01
A2C47
 1.0603472152572E+05 0.0000000000000E+00 0.0000000000000E+00 2.0000000000000E+01
A2C48
 1.0675424177828E+05 0.0000000000000E+00 0.0000000000000E+00 2.0000000000000E+01
A2C49
 1.0664856974228E+05 0.0000000000000E+00 0.0000000000000E+00 2.0000000000000E+01
A2C50
 1.0607809648891E+05 0.0000000000000E+00 0.0000000000000E+00 2.0000000000000E+01
A2C51
 1.0625313368204E+05 0.0000000000000E+00 0.0000000000000E+00 2.0000000000000E+01
A2C52
 1.0638506600099E+05 0.0000000000000E+00 0.0000000000000E+00 2.0000000000000E+01
A2C53
 1.0662012597274E+05 0.0000000000000E+00 0.0000000000000E+00 2.0000000000000E+01
A2C54
 1.0629613474955E+05 0.0000000000000E+00 0.0000000000000E+00 2.0000000000000E+01
A2C55
 1.0679057145020E+05 0.0000000000000E+00 0.0000000000000E+00 2.0000000000000E+01
A2C56
 1.0582824965238E+05 0.0000000000000E+00 0.0000000000000E+00 2.0000000000000E+01
A2C57
 1.0637044397875E+05 0.0000000000000E+00 0.0000000000000E+00 2.0000000000000E+01
A2C58
 1.0626232942485E+05 0.0000000000000E+00 0.0000000000000E+00 2.0000000000000E+01
A2C59
 1.0597096356630E+05 0.0000000000000E+00 0.0000000000000E+00 2.0000000000000E+01
A2C60
 1.0665355190079E+05 0.0000000000000E+00 0.0000000000000E+00 2.0000000000000E+01
A2C61
 1.0581580520935E+05 0.0000000000000E+00 0.0000000000000E+00 2.0000000000000E+01
A2C62
 1.0616528296534E+05 0.0000000000000E+00 0.0000000000000E+00 2.0000000000000E+01
A2C63
 1.0714792044528E+05 0.0000000000000E+00 0.0000000000000E+00 2.0000000000000E+01
A2C64
 1.0639069254003E+05 0.0000000000000E+00 0.0000000000000E+00 2.0000000000000E+01
A2C65
 1.0625650338831E+05 0.0000000000000E+00 0.0000000000000E+00 2.0000000000000E+01
A2C66
 1.0650589512295E+05 0.0000000000000E+00 0.0000000000000E+00 2.0000000000000E+01
A2C67
 1.0600106281461E+05 0.0000000000000E+00 0.0000000000000E+00 2.0000000000000E+01
A2C68
 1.0593601237101E+05 0.0000000000000E+00 0.0000000000000E+00 2.0000000000000E+01
A2C69
 1.0589084708633E+05 0.0000000000000E+00 0.0000000000000E+00 2.0000000000000E+01
A2C70
 1.0590260915204E+05 0.0000000000000E+00 0.0000000000000E+00 2.0000000000000E+01
A2C71
 1.0648321314276E+05 0.0000000000000E+00 0.0000000000000E+00 2.0000000000000E+01
A2C72
 1.0682873815210E+05 0.0000000000000E+00 0.0000000000000E+00 2.0000000000000E+01
A2C73
 1.0609039712493E+05 0.0000000000000E+00 0.0000000000000E+00 2.0000000000000E+01
A2C74
 1.0621151040681E+05 0.0000000000000E+00 0.0000000000000E+00 2.0000000000000E+01
A2C75
 1.0609217013388E+05 0.0000000000000E+00 0.0000000000000E+00 2.0000000000000E+01
A2C76
 1.0600781201895E+05 0.0000000000000E+00 0.0000000000000E+00 2.0000000000000E+01
A2C77
 1.0657837864781E+05 0.0000000000000E+00 0.0000000000000E+00 2.0000000000000E+01
A2C78
 1.0624772723557E+05 0.0000000000000E+00 0.0000000000000E+00 2.0000000000000E+01
A2C79
 1.0647967942925E+05 0.0000000000000E+00 0.0000000000000E+00 2.0000000000000E+01
A2C80
 1.0605349096078E+05 0.0000000000000E+00 0.0000000000000E+00 2.0000000000000E+01
A2C81
 1.0678237530314E+05 0.0000000000000E+00 0.0000000000000E+00 2.0000000000000E+01
A2C82
 1.0670338685685E+05 0.0000000000000E+00 0.0000000000000E+00 2.0000000000000E+01
A2C83
 1.0664541124814E+05 0.0000000000000E+00 0.0000000000000E+00 2.0000000000000E+01
A2C84
 1.0645441764167E+05 0.0000000000000E+00 0.0000000000000E+00 2.0000000000000E+01
A2C85
 1.0615554319829E+05 0.0000000000000E+00 0.0000000000000E+00 2.0000000000000E+01
A2C86
 1.0648060142095E+05 0.0000000000000E+00 0.0000000000000E+00 2.0000000000000E+01
A2C87
 1.0708854216182E+05 0.0000000000000E+00 0.0000000000000E+00 2.0000000000000E+01
A2C88
 1.0591554331092E+05 0.0000000000000E+00 0.0000000000000E+00 2.0000000000000E+01
A2C89
 1.0659189548404E+05 0.0000000000000E+00 0.0000000000000E+00 2.0000000000000E+01
A2C90
 1.0632907198004E+05 0.0000000000000E+00 0.0000000000000E+00 2.0000000000000E+01
A2C91
 1.0647927335222E+05 0.0000000000000E+00 0.0000000000000E+00 2.0000000000000E+01
A2C92
 1.0606427465311E+05 0.0000000000000E+00 0.0000000000000E+00 2.0000000000000E+01
A2C93
 1.0635226843558E+05 0.0000000000000E+00 0.0000000000000E+00 2.0000000000000E+01
A2C94
 1.0591888046684E+05 0.0000000000000E+00 0.0000000000000E+00 2.0000000000000E+01
A2C95
 1.0619228250432E+05 0.0000000000000E+00 0.0000000000000E+00 2.0000000000000E+01
A2C96
 1.0622797317787E+05 0.0000000000000E+00 0.0000000000000E+00 2.0000000000000E+01
A2C97
 1.0666643347185E+05 0.0000000000000E+00 0.0000000000000E+00 2.0000000000000E+01
A2C98
 1.0638626017211E+05 0.0000000000000E+00 0.0000000000000E+00 2.0000000000000E+01
A2C99
 1.0654139197466E+05 0.0000000000000E+00 0.0000000000000E+00 2.0000000000000E+01
A2D 0
 1.0586914316082E+05 0.0000000000000E+00 0.0000000000000E+00 2.0000000000000E+01
A2D 1
 1.0593686563004E+05 0.0000000000000E+00 0.0000000000000E+00 2.0000000000000E+01
A2D 2
 1.0638785200245E+05 0.0000000000000E+00 0.0000000000000E+00 2.0000000000000E+01
A2D 3
 1.0619714135380E+05 0.0000000000000E+00 0.0000000000000E+00 2.0000000000000E+01
A2D 4
 1.0651681256962E+05 0.0000000000000E+00 0.0000000000000E+00 2.0000000000000E+01
A2D 5
 1.0582174290328E+05 0.0000000000000E+00 0.0000000000000E+00 2.0000000000000E+01
A2D 6
 1.0598547798643E+05 0.0000000000000E+00 0.0000000000000E+00 2.0000000000000E+01
A2D 7
 1.0617051915664E+05 0.0000000000000E+00 0.0000000000000E+00 2.0000000000000E+01
A2D 8
 1.0643768228635E+05 0.0000000000000E+00 0.0000000000000E+00 2.0000000000000E+01
A2D 9
 1.0588345173685E+05 0.0000000000000E+00 0.0000000000000E+00 2.0000000000000E+01
A2D10
 1.0579972535390E+05 0.0000000000000E+00 0.0000000000000E+00 2.0000000000000E+01
A2D11
 1.0656821197824E+05 0.0000000000000E+00 0.0000000000000E+00 2.0000000000000E+01
A2D12
 1.0579036815676E+05 0.0000000000000E+00 0.0000000000000E+00 2.0000000000000E+01
A2D13
 1.0619378175782E+05 0.0000000000000E+00 0.0000000000000E+00 2.0000000000000E+01
A2D14
 1.0581630857166E+05 0.0000000000000E+00 0.0000000000000E+00 2.0000000000000E+01
A2D15
 1.0649007174966E+05 0.0000000000000E+00 0.0000000000000E+00 2.0000000000000E+01
A2D16
 1.0620969079197E+05 0.0000000000000E+00 0.0000000000000E+00 2.0000000000000E+01
A2D17
 1.0663994877289E+05 0.0000000000000E+00 0.0000000000000E+00 2.0000000000000E+01
A2D18
 1.0613655067322E+05 0.0000000000000E+00 0.0000000000000E+00 2.0000000000000E+01
A2D19
 1.0619711822674E+05 0.0000000000000E+00 0.0000000000000E+00 2.0000000000000E+01
A2D20
 1.0611329826511E+05 0.0000000000000E+00 0.0000000000000E+00 2.0000000000000E+01
A2D21
 1.0609670074870E+05 0.0000000000000E+00 0.0000000000000E+00 2.0000000000000E+01
A2D22
 1.0674797144988E+05 0.0000000000000E+00 0.0000000000000E+00 2.0000000000000E+01
A2D23
 1.0587641759534E+05 0.0000000000000E+00 0.0000000000000E+00 2.0000000000000E+01
A2D24
 1.0646775483299E+05 0.0000000000000E+00 0.0000000000000E+00 2.0000000000000E+01
A2D25
 1.0597537272426E+05 0.0000000000000E+00 0.0000000000000E+00 2.0000000000000E+01
A2D26
 1.0670346446565E+05 0.0000000000000E+00 0.0000000000000E+00 2.0000000000000E+01
A2D27
 1.0649300119938E+05 0.0000000000000E+00 0.0000000000000E+00 2.0000000000000E+01
A2D28
 1.0616475447323E+05 0.0000000000000E+00 0.0000000000000E+00 2.0000000000000E+01
A2D29
 1.0736720775019E+05 0.0000000000000E+00 0.0000000000000E+00 2.0000000000000E+01
A2D30
 1.0638353162690E+05 0.0000000000000E+00 0.0000000000000E+00 2.0000000000000E+01
A2D31
 1.0638067341128E+05 0.0000000000000E+00 0.0000000000000E+00 2.0000000000000E+01
A2D32
 1.0611318749455E+05 0.0000000000000E+00 0.0000000000000E+00 2.0000000000000E+01
A2D33
 1.0631042808849E+05 0.0000000000000E+00 0.0000000000000E+00 2.0000000000000E+01
A2D34
 1.0649072940259E+05 0.0000000000000E+00 0.0000000000000E+00 2.0000000000000E+01
A2D35
 1.0645903773167E+05 0.0000000000000E+00 0.0000000000000E+00 2.0000000000000E+01
A2D36
 1.0672013216969E+05 0.0000000000000E+00 0.0000000000000E+00 2.0000000000000E+01
A2D37
 1.0705895693139E+05 0.0000000000000E+00 0.0000000000000E+00 2.0000000000000E+01
A2D38
 1.0687328257123E+05 0.0000000000000E+00 0.0000000000000E+00 2.0000000000000E+01
A2D39
 1.0754986017405E+05 0.0000000000000E+00 0.0000000000000E+00 2.0000000000000E+01
A2D40
 1.0864226870455E+05 0.0000000000000E+00 0.0000000000000E+00 2.0000000000000E+01
A2D41
 1.0783468572515E+05 0.0000000000000E+00 0.0000000000000E+00 2.0000000000000E+01
A2D42
 1.0682920202646E+05 0.0000000000000E+00 0.0000000000000E+00 2.0000000000000E+01
A2D43
 1.0797724424110E+05 0.0000000000000E+00 0.0000000000000E+00 2.0000000000000E+01
A2D44
 1.0772461665035E+05 0.0000000000000E+00 0.0000000000000E+00 2.0000000000000E+01
A2D45
 1.0749156739778E+05 0.0000000000000E+00 0.0000000000000E+00 2.0000000000000E+01
A2D46
 1.0725889837214E+05 0.0000000000000E+00 0.0000000000000E+00 2.0000000000000E+01
A2D47
 1.0764462652909E+05 0.0000000000000E+00 0.0000000000000E+00 2.0000000000000E+01
A2D48
 1.0803403210763E+05 0.0000000000000E+00 0.0000000000000E+00 2.0000000000000E+01
A2D49
 1.0764203736290E+05 0.0000000000000E+00 0.0000000000000E+00 2.0000000000000E+01
A2D50
 1.0752202276069E+05 0.0000000000000E+00 0.0000000000000E+00 2.0000000000000E+01
A2D51
 1.0789508136436E+05 0.0000000000000E+00 0.0000000000000E+00 2.0000000000000E+01
A2D52
 1.0684384900751E+05 0.0000000000000E+00 0.0000000000000E+00 2.0000000000000E+01
A2D53
 1.0780100244061E+05 0.0000000000000E+00 0.0000000000000E+00 2.0000000000000E+01
A2D54
 1.0758200527568E+05 0.0000000000000E+00 0.0000000000000E+00 2.0000000000000E+01
A2D55
 1.0747263666276E+05 0.0000000000000E+00 0.0000000000000E+00 2.0000000000000E+01
A2D56
 1.0782965419301E+05 0.0000000000000E+00 0.0000000000000E+00 2.0000000000000E+01
A2D57
 1.0774000585206E+05 0.0000000000000E+00 0.0000000000000E+00 2.0000000000000E+01
A2D58
 1.0758270612124E+05 0.0000000000000E+00 0.0000000000000E+00 2.0000000000000E+01
A2D59
 1.0741280726725E+05 0.0000000000000E+00 0.0000000000000E+00 2.0000000000000E+01
A2D60
 1.0811865722759E+05 0.0000000000000E+00 0.0000000000000E+00 2.0000000000000E+01
A2D61
 1.0758245281883E+05 0.0000000000000E+00 0.0000000000000E+00 2.0000000000000E+01
A2D62
 1.0822506459815E+05 0.0000000000000E+00 0.0000000000000E+00 2.0000000000000E+01
A2D63
 1.0743998125811E+05 0.0000000000000E+00 0.0000000000000E+00 2.0000000000000E+01
A2D64
 1.0754759443521E+05 0.0000000000000E+00 0.0000000000000E+00 2.0000000000000E+01
A2D65
 1.0755082581820E+05 0.0000000000000E+00 0.0000000000000E+00 2.0000000000000E+01
A2D66
 1.0749179191350E+05 0.0000000000000E+00 0.0000000000000E+00 2.0000000000000E+01
A2D67
 1.0792353288088E+05 0.0000000000000E+00 0.0000000000000E+00 2.0000000000000E+01
A2D68
 1.0802953797304E+05 0.0000000000000E+00 0.0000000000000E+00 2.0000000000000E+01
A2D69
 1.0806987630692E+05 0.0000000000000E+00 0.0000000000000E+00 2.0000000000000E+01
A2D70
 1.0741857671231E+05 0.0000000000000E+00 0.0000000000000E+00 2.0000000000000E+01
A2D71
 1.0736307796983E+05 0.0000000000000E+00 0.0000000000000E+00 2.0000000000000E+01
A2D72
 1.0753585423303E+05 0.0000000000000E+00 0.0000000000000E+00 2.0000000000000E+01
A2D73
 1.0839545942063E+05 0.0000000000000E+00 0.0000000000000E+00 2.0000000000000E+01
A2D74
 1.0789031734789E+05 0.0000000000000E+00 0.0000000000000E+00 2.0000000000000E+01
A2D75
 1.0727704627746E+05 0.0000000000000E+00 0.0000000000000E+00 2.0000000000000E+01
A2D76
 1.0770878280107E+05 0.0000000000000E+00 0.0000000000000E+00 2.0000000000000E+01
A2D77
 1.0726712525541E+05 0.0000000000000E+00 0.0000000000000E+00 2.0000000000000E+01
A2D78
 1.0723470912881E+05 0.0000000000000E+00 0.0000000000000E+00 2.0000000000000E+01
A2D79
 1.0769392696004E+05 0.0000000000000E+00 0.0000000000000E+00 2.0000000000000E+01
A2D80
 1.0802761659959E+05 0.0000000000000E+00 0.0000000000000E+00 2.0000000000000E+01
A2D81
 1.0760722778561E+05 0.0000000000000E+00 0.0000000000000E+00 2.0000000000000E+01
A2D82
 1.0860246584813E+05 0.0000000000000E+00 0.0000000000000E+00 2.0000000000000E+01
A2D83
 1.0738439164554E+05 0.0000000000000E+00 0.0000000000000E+00 2.0000000000000E+01
A2D84
 1.0704053248738E+05 0.0000000000000E+00 0.0000000000000E+00 2.0000000000000E+01
A2D85
 1.0715567054341E+05 0.0000000000000E+00 0.0000000000000E+00 2.0000000000000E+01
A2D86
 1.0783052128926E+05 0.0000000000000E+00 0.0000000000000E+00 2.0000000000000E+01
A2D87
 1.0790183133051E+05 0.0000000000000E+00 0.0000000000000E+00 2.0000000000000E+01
A2D88
 1.0796674722318E+05 0.0000000000000E+00 0.0000000000000E+00 2.0000000000000E+01
A2D89
 1.0764367533222E+05 0.0000000000000E+00 0.0000000000000E+00 2.0000000000000E+01
A2D90
 1.0827632220311E+05 0.0000000000000E+00 0.0000000000000E+00 2.0000000000000E+01
A2D91
 1.0798855488732E+05 0.0000000000000E+00 0.0000000000000E+00 2.0000000000000E+01
A2D92
 1.0736978373364E+05 0.0000000000000E+00 0.0000000000000E+00 2.0000000000000E+01
A2D93
 1.0764279602877E+05 0.0000000000000E+00 0.0000000000000E+00 2.0000000000000E+01
A2D94
 1.0759314429570E+05 0.0000000000000E+00 0.0000000000000E+00 2.0000000000000E+01
A2D95
 1.0817561053769E+05 0.0000000000000E+00 0.0000000000000E+00 2.0000000000000E+01
A2D96
 1.0691684113320E+05 0.0000000000000E+00 0.0000000000000E+00 2.0000000000000E+01
A2D97
 1.0836331868651E+05 0.0000000000000E+00 0.0000000000000E+00 2.0000000000000E+01
A2D98
 1.0805033600171E+05 0.0000000000000E+00 0.0000000000000E+00 2.0000000000000E+01
A2D99
 1.0814501747981E+05 0.0000000000000E+00 0.0000000000000E+00 2.0000000000000E+01
A2E 0
 1.0766442979747E+05 0.0000000000000E+00 0.0000000000000E+00 2.0000000000000E+01
A2E 1
 1.0844149652629E+05 0.0000000000000E+00 0.0000000000000E+00 2.0000000000000E+01
A2E 2
 1.0791792745427E+05 0.0000000000000E+00 0.0000000000000E+00 2.0000000000000E+01
A2E 3
 1.0790819634390E+05 0.0000000000000E+00 0.0000000000000E+00 2.0000000000000E+01
A2E 4
 1.0714205318893E+05 0.0000000000000E+00 0.0000000000000E+00 2.0000000000000E+01
A2E 5
 1.0796126765320E+05 0.0000000000000E+00 0.0000000000000E+00 2.0000000000000E+01
A2E 6
 1.0767860333329E+05 0.0000000000000E+00 0.0000000000000E+00 2.0000000000000E+01
A2E 7
 1.0679603764299E+05 0.0000000000000E+00 0.0000000000000E+00 2.0000000000000E+01
A2E 8
 1.0715692253777E+05 0.0000000000000E+00 0.0000000000000E+00 2.0000000000000E+01
A2E 9
 1.0805993553820E+05 0.0000000000000E+00 0.0000000000000E+00 2.0000000000000E+01
A2E10
 1.0726633686579E+05 0.0000000000000E+00 0.0000000000000E+00 2.0000000000000E+01
A2E11
 1.0776449840159E+05 0.0000000000000E+00 0.0000000000000E+00 2.0000000000000E+01
A2E12
 1.0687279349173E+05 0.0000000000000E+00 0.0000000000000E+00 2.0000000000000E+01
A2E13
 1.0704490324274E+05 0.0000000000000E+00 0.0000000000000E+00 2.0000000000000E+01
A2E14
 1.0678998175256E+05 0.0000000000000E+00 0.0000000000000E+00 2.0000000000000E+01
A2E15
 1.0736476192408E+05 0.0000000000000E+00 0.0000000000000E+00 2.0000000000000E+01
A2E16
 1.0695634136113E+05 0.0000000000000E+00 0.0000000000000E+00 2.0000000000000E+01
A2E17
 1.0737813713400E+05 0.0000000000000E+00 0.0000000000000E+00 2.0000000000000E+01
A2E18
 1.0735637060461E+05 0.0000000000000E+00 0.0000000000000E+00 2.0000000000000E+01
A2E19
 1.0696086731711E+05 0.0000000000000E+00 0.0000000000000E+00 2.0000000000000E+01
A2E20
 1.0668532594570E+05 0.0000000000000E+00 0.0000000000000E+00 2.0000000000000E+01
A2E21
 1.0674733665216E+05 0.0000000000000E+00 0.0000000000000E+00 2.0000000000000E+01
A2E22
 1.0747637003867E+05 0.0000000000000E+00 0.0000000000000E+00 2.0000000000000E+01
A2E23
 1.0802689835533E+05 0.0000000000000E+00 0.0000000000000E+00 2.0000000000000E+01
A2E24
 1.0705598407532E+05 0.0000000000000E+00 0.0000000000000E+00 2.0000000000000E+01
A2E25
 1.0784702570799E+05 0.0000000000000E+00 0.0000000000000E+00 2.0000000000000E+01
A2E26
 1.0668296004634E+05 0.0000000000000E+00 0.0000000000000E+00 2.0000000000000E+01
A2E27
 1.0770728818784E+05 0.0000000000000E+00 0.0000000000000E+00 2.0000000000000E+01
A2E28
 1.0803290156685E+05 0.0000000000000E+00 0.0000000000000E+00 2.0000000000000E+01
A2E29
 1.0711729763798E+05 0.0000000000000E+00 0.0000000000000E+00 2.0000000000000E+01
A2E30
 1.0677501331533E+05 0.0000000000000E+00 0.0000000000000E+00 2.0000000000000E+01
A2E31
 1.0775018225891E+05 0.0000000000000E+00 0.0000000000000E+00 2.0000000000000E+01
A2E32
 1.0752511200903E+05 0.0000000000000E+00 0.0000000000000E+00 2.0000000000000E+01
A2E33
 1.0679729607867E+05 0.0000000000000E+00 0.0000000000000E+00 2.0000000000000E+01
A2E34
 1.0720113091132E+05 0.0000000000000E+00 0.0000000000000E+00 2.0000000000000E+01
A2E35
 1.0792260868257E+05 0.0000000000000E+00 0.0000000000000E+00 2.0000000000000E+01
A2E36
 1.0679283209118E+05 0.0000000000000E+00 0.0000000000000E+00 2.0000000000000E+01
A2E37
 1.0803779715254E+05 0.0000000000000E+00 0.0000000000000E+00 2.0000000000000E+01
A2E38
 1.0798418380186E+05 0.0000000000000E+00 0.0000000000000E+00 2.0000000000000E+01
A2E39
 1.0780983445324E+05 0.0000000000000E+00 0.0000000000000E+00 2.0000000000000E+01
A2E40
 1.0668248768268E+05 0.0000000000000E+00 0.0000000000000E+00 2.0000000000000E+01
A2E41
 1.0723331709366E+05 0.0000000000000E+00 0.0000000000000E+00 2.0000000000000E+01
A2E42
 1.0713224215432E+05 0.0000000000000E+00 0.0000000000000E+00 2.0000000000000E+01
A2E43
 1.0707476315002E+05 0.0000000000000E+00 0.0000000000000E+00 2.0000000000000E+01
A2E44
 1.0701288463543E+05 0.0000000000000E+00 0.0000000000000E+00 2.0000000000000E+01
A2E45
 1.0791628511606E+05 0.0000000000000E+00 0.0000000000000E+00 2.0000000000000E+01
A2E46
 1.0687334666004E+05 0.0000000000000E+00 0.0000000000000E+00 2.0000000000000E+01
A2E47
 1.0690542778719E+05 0.0000000000000E+00 0.0000000000000E+00 2.0000000000000E+01
A2E48
 1.0680888959427E+05 0.0000000000000E+00 0.0000000000000E+00 2.0000000000000E+01
A2E49
 1.0684946126551E+05 0.0000000000000E+00 0.0000000000000E+00 2.0000000000000E+01
A2E50
 1.0668236717922E+05 0.0000000000000E+00 0.0000000000000E+00 2.0000000000000E+01
A2E51
 1.0693647988261E+05 0.0000000000000E+00 0.0000000000000E+00 2.0000000000000E+01
A2E52
 1.0672264687129E+05 0.0000000000000E+00 0.0000000000000E+00 2.0000000000000E+01
A2E53
 1.0717559494587E+05 0.0000000000000E+00 0.0000000000000E+00 2.0000000000000E+01
A2E54
 1.0668560208584E+05 0.0000000000000E+00 0.0000000000000E+00 2.0000000000000E+01
A2E55
 1.0796894142914E+05 0.0000000000000E+00 0.0000000000000E+00 2.0000000000000E+01
A2E56
 1.0746027445819E+05 0.0000000000000E+00 0.0000000000000E+00 2.0000000000000E+01
A2E57
 1.0774994233766E+05 0.0000000000000E+00 0.0000000000000E+00 2.0000000000000E+01
A2E58
 1.0782803423531E+05 0.0000000000000E+00 0.0000000000000E+00 2.0000000000000E+01
A2E59
 1.0778412152504E+05 0.0000000000000E+00 0.0000000000000E+00 2.0000000000000E+01
A2E60
 1.0764622225747E+05 0.0000000000000E+00 0.0000000000000E+00 2.0000000000000E+01
A2E61
 1.0772414607556E+05 0.0000000000000E+00 0.0000000000000E+00 2.0000000000000E+01
A2E62
 1.0778528803961E+05 0.0000000000000E+00 0.0000000000000E+00 2.0000000000000E+01
A2E63
 1.0790954522924E+05 0.0000000000000E+00 0.0000000000000E+00 2.0000000000000E+01
A2E64
 1.0727183694830E+05 0.0000000000000E+00 0.0000000000000E+00 2.0000000000000E+01
A2E65
 1.0679406909043E+05 0.0000000000000E+00 0.0000000000000E+00 2.0000000000000E+01
A2E66
 1.0733145608297E+05 0.0000000000000E+00 0.0000000000000E+00 2.0000000000000E+01
A2E67
 1.0761953545845E+05 0.0000000000000E+00 0.0000000000000E+00 2.0000000000000E+01
A2E68
 1.0774764294439E+05 0.0000000000000E+00 0.0000000000000E+00 2.0000000000000E+01
A2E69
 1.0694170880150E+05 0.0000000000000E+00 0.0000000000000E+00 2.0000000000000E+01
A2E70
 1.0784943779149E+05 0.0000000000000E+00 0.0000000000000E+00 2.0000000000000E+01
A2E71
 1.0760133666844E+05 0.0000000000000E+00 0.0000000000000E+00 2.0000000000000E+01
A2E72
 1.0669848082086E+05 0.0000000000000E+00 0.0000000000000E+00 2.0000000000000E+01
A2E73
 1.0774252343118E+05 0.0000000000000E+00 0.0000000000000E+00 2.0000000000000E+01
A2E74
 1.0822594167969E+05 0.0000000000000E+00 0.0000000000000E+00 2.0000000000000E+01
A2E75
 1.0824867023280E+05 0.0000000000000E+00 0.0000000000000E+00 2.0000000000000E+01
A2E76
 1.0702121968922E+05 0.0000000000000E+00 0.0000000000000E+00 2.0000000000000E+01
A2E77
 1.0682172287588E+05 0.0000000000000E+00 0.0000000000000E+00 2.0000000000000E+01
A2E78
 1.0767859631777E+05 0.0000000000000E+00 0.0000000000000E+00 2.0000000000000E+01
A2E79
 1.0722957634780E+05 0.0000000000000E+00 0.0000000000000E+00 2.0000000000000E+01
A2E80
 1.0710128586639E+05 0.0000000000000E+00 0.0000000000000E+00 2.0000000000000E+01
A2E81
 1.0679553697852E+05 0.0000000000000E+00 0.0000000000000E+00 2.0000000000000E+01
A2E82
 1.0683339218650E+05 0.0000000000000E+00 0.0000000000000E+00 2.0000000000000E+01
A2E83
 1.0668654043654E+05 0.0000000000000E+00 0.0000000000000E+00 2.0000000000000E+01
A2E84
 1.0759400606988E+05 0.0000000000000E+00 0.0000000000000E+00 2.0000000000000E+01
A2E85
 1.0723032005711E+05 0.0000000000000E+00 0.0000000000000E+00 2.0000000000000E+01
A2E86
 1.0671495227707E+05 0.0000000000000E+00 0.0000000000000E+00 2.0000000000000E+01
A2E87
 1.0706727579675E+05 0.0000000000000E+00 0.0000000000000E+00 2.0000000000000E+01
A2E88
 1.0684942535753E+05 0.0000000000000E+00 0.0000000000000E+00 2.0000000000000E+01
A2E89
 1.0682329267690E+05 0.0000000000000E+00 0.0000000000000E+00 2.0000000000000E+01
A2E90
 1.0795283755101E+05 0.0000000000000E+00 0.0000000000000E+00 2.0000000000000E+01
A2E91
 1.0770183395308E+05 0.0000000000000E+00 0.0000000000000E+00 2.0000000000000E+01
A2E92
 1.0687890740588E+05 0.0000000000000E+00 0.0000000000000E+00 2.0000000000000E+01
A2E93
 1.0763947377004E+05 0.0000000000000E+00 0.0000000000000E+00 2.0000000000000E+01
A2E94
 1.0831022713468E+05 0.0000000000000E+00 0.0000000000000E+00 2.0000000000000E+01
A2E95
 1.0707842025057E+05 0.0000000000000E+00 0.0000000000000E+00 2.0000000000000E+01
A2E96
 1.0782285578471E+05 0.0000000000000E+00 0.0000000000000E+00 2.0000000000000E+01
A2E97
 1.0704936906595E+05 0.0000000000000E+00 0.0000000000000E+00 2.0000000000000E+01
A2E98
 1.0680381176329E+05 0.0000000000000E+00 0.0000000000000E+00 2.0000000000000E+01
A2E99
 1.0778672671027E+05 0.0000000000000E+00 0.0000000000000E+00 2.0000000000000E+01
A2F 0
 1.0696358485742E+05 0.0000000000000E+00 0.0000000000000E+00 2.0000000000000E+01
A2F 1
 1.0769003181918E+05 0.0000000000000E+00 0.0000000000000E+00 2.0000000000000E+01
A2F 2
 1.0732135607173E+05 0.0000000000000E+00 0.0000000000000E+00 2.0000000000000E+01
A2F 3
 1.0843363086614E+05 0.0000000000000E+00 0.0000000000000E+00 2.0000000000000E+01
A2F 4
 1.0786897790417E+05 0.0000000000000E+00 0.0000000000000E+00 2.0000000000000E+01
A2F 5
 1.0784490530581E+05 0.0000000000000E+00 0.0000000000000E+00 2.0000000000000E+01
A2F 6
 1.0851536616889E+05 0.0000000000000E+00 0.0000000000000E+00 2.0000000000000E+01
A2F 7
 1.0769980668678E+05 0.0000000000000E+00 0.0000000000000E+00 2.0000000000000E+01
A2F 8
 1.0713093577075E+05 0.0000000000000E+00 0.0000000000000E+00 2.0000000000000E+01
A2F 9
 1.0768282015764E+05 0.0000000000000E+00 0.0000000000000E+00 2.0000000000000E+01
A2F10
 1.0791495818546E+05 0.0000000000000E+00 0.0000000000000E+00 2.0000000000000E+01
A2F11
 1.0744487997156E+05 0.0000000000000E+00 0.0000000000000E+00 2.0000000000000E+01
A2F12
 1.0840688188324E+05 0.0000000000000E+00 0.0000000000000E+00 2.0000000000000E+01
A2F13
 1.0798378763301E+05 0.0000000000000E+00 0.0000000000000E+00 2.0000000000000E+01
A2F14
 1.0787686765753E+05 0.0000000000000E+00 0.0000000000000E+00 2.0000000000000E+01
A2F15
 1.0784794145558E+05 0.0000000000000E+00 0.0000000000000E+00 2.0000000000000E+01
A2F16
 1.0764549385907E+05 0.0000000000000E+00 0.0000000000000E+00 2.0000000000000E+01
A2F17
 1.0697000324449E+05 0.0000000000000E+00 0.0000000000000E+00 2.0000000000000E+01
A2F18
 1.0800626211210E+05 0.0000000000000E+00 0.0000000000000E+00 2.0000000000000E+01
A2F19
 1.0701159987427E+05 0.0000000000000E+00 0.0000000000000E+00 2.0000000000000E+01
A2F20
 1.0845485079269E+05 0.0000000000000E+00 0.0000000000000E+00 2.0000000000000E+01
A2F21
 1.0791291963509E+05 0.0000000000000E+00 0.0000000000000E+00 2.0000000000000E+01
A2F22
 1.0748849632344E+05 0.0000000000000E+00 0.0000000000000E+00 2.0000000000000E+01
A2F23
 1.0811643418049E+05 0.0000000000000E+00 0.0000000000000E+00 2.0000000000000E+01
A2F24
 1.0738920691738E+05 0.0000000000000E+00 0.0000000000000E+00 2.0000000000000E+01
A2F25
 1.0785744043569E+05 0.0000000000000E+00 0.0000000000000E+00 2.0000000000000E+01
A2F26
 1.0742437999683E+05 0.0000000000000E+00 0.0000000000000E+00 2.0000000000000E+01
A2F27
 1.0732850296154E+05 0.0000000000000E+00 0.0000000000000E+00 2.0000000000000E+01
A2F28
 1.0789005412274E+05 0.0000000000000E+00 0.0000000000000E+00 2.0000000000000E+01
A2F29
 1.0756457693382E+05 0.0000000000000E+00 0.0000000000000E+00 2.0000000000000E+01
A2F30
 1.0861686437088E+05 0.0000000000000E+00 0.0000000000000E+00 2.0000000000000E+01
A2F31
 1.0832314176582E+05 0.0000000000000E+00 0.0000000000000E+00 2.0000000000000E+01
A2F32
 1.0855480975317E+05 0.0000000000000E+00 0.0000000000000E+00 2.0000000000000E+01
A2F33
 1.0714284839778E+05 0.0000000000000E+00 0.0000000000000E+00 2.0000000000000E+01
A2F34
 1.0725951330836E+05 0.0000000000000E+00 0.0000000000000E+00 2.0000000000000E+01
A2F35
 1.0701571797202E+05 0.0000000000000E+00 0.0000000000000E+00 2.0000000000000E+01
A2F36
 1.0751468772101E+05 0.0000000000000E+00 0.0000000000000E+00 2.0000000000000E+01
A2F37
 1.0804162487467E+05 0.0000000000000E+00 0.0000000000000E+00 2.0000000000000E+01
A2F38
 1.0773591241464E+05 0.0000000000000E+00 0.0000000000000E+00 2.0000000000000E+01
A2F39
 1.0703440243438E+05 0.0000000000000E+00 0.0000000000000E+00 2.0000000000000E+01
A2F40
 1.0774900325848E+05 0.0000000000000E+00 0.0000000000000E+00 2.0000000000000E+01
A2F41
 1.0711424559894E+05 0.0000000000000E+00 0.0000000000000E+00 2.0000000000000E+01
A2F42
 1.0743272976476E+05 0.0000000000000E+00 0.0000000000000E+00 2.0000000000000E+01
A2F43
 1.0693372812703E+05 0.0000000000000E+00 0.0000000000000E+00 2.0000000000000E+01
A2F44
 1.0713504640849E+05 0.0000000000000E+00 0.0000000000000E+00 2.0000000000000E+01
A2F45
 1.0690921765751E+05 0.0000000000000E+00 0.0000000000000E+00 2.0000000000000E+01
A2F46
 1.0701079252792E+05 0.0000000000000E+00 0.0000000000000E+00 2.0000000000000E+01
A2F47
 1.0707861036929E+05 0.0000000000000E+00 0.0000000000000E+00 2.0000000000000E+01
A2F48
 1.0718902454583E+05 0.0000000000000E+00 0.0000000000000E+00 2.0000000000000E+01
A2F49
 1.0714895027218E+05 0.0000000000000E+00 0.0000000000000E+00 2.0000000000000E+01
A2F50
 1.0702663502454E+05 0.0000000000000E+00 0.0000000000000E+00 2.0000000000000E+01
A2F51
 1.0683875621945E+05 0.0000000000000E+00 0.0000000000000E+00 2.0000000000000E+01
A2F52
 1.0729506796216E+05 0.0000000000000E+00 0.0000000000000E+00 2.0000000000000E+01
A2F53
 1.0779152498231E+05 0.0000000000000E+00 0.0000000000000E+00 2.0000000000000E+01
A2F54
 1.0737546625810E+05 0.0000000000000E+00 0.0000000000000E+00 2.0000000000000E+01
A2F55
 1.0867825387187E+05 0.0000000000000E+00 0.0000000000000E+00 2.0000000000000E+01
A2F56
 1.0818010386904E+05 0.0000000000000E+00 0.0000000000000E+00 2.0000000000000E+01
A2F57
 1.0701146084698E+05 0.0000000000000E+00 0.0000000000000E+00 2.0000000000000E+01
A2F58
 1.0734202599966E+05 0.0000000000000E+00 0.0000000000000E+00 2.0000000000000E+01
A2F59
 1.0737018877403E+05 0.0000000000000E+00 0.0000000000000E+00 2.0000000000000E+01
A2F60
 1.0780977450102E+05 0.0000000000000E+00 0.0000000000000E+00 2.0000000000000E+01
A2F61
 1.0764649911226E+05 0.0000000000000E+00 0.0000000000000E+00 2.0000000000000E+01
A2F62
 1.0856588654156E+05 0.0000000000000E+00 0.0000000000000E+00 2.0000000000000E+01
A2F63
 1.0755155322911E+05 0.0000000000000E+00 0.0000000000000E+00 2.0000000000000E+01
A2F64
 1.0811602154270E+05 0.0000000000000E+00 0.0000000000000E+00 2.0000000000000E+01
A2F65
 1.0728474382597E+05 0.0000000000000E+00 0.0000000000000E+00 2.0000000000000E+01
A2F66
 1.0713580599031E+05 0.0000000000000E+00 0.0000000000000E+00 2.0000000000000E+01
A2F67
 1.0838125178772E+05 0.0000000000000E+00 0.0000000000000E+00 2.0000000000000E+01
A2F68
 1.0753009793456E+05 0.0000000000000E+00 0.0000000000000E+00 2.0000000000000E+01
A2F69
 1.0766867375035E+05 0.0000000000000E+00 0.0000000000000E+00 2.0000000000000E+01
A2F70
 1.0712290434736E+05 0.0000000000000E+00 0.0000000000000E+00 2.0000000000000E+01
A2F71
 1.0721442546276E+05 0.0000000000000E+00 0.0000000000000E+00 2.0000000000000E+01
A2F72
 1.0740059647841E+05 0.0000000000000E+00 0.0000000000000E+00 2.0000000000000E+01
A2F73
 1.0817473345502E+05 0.0000000000000E+00 0.0000000000000E+00 2.0000000000000E+01
A2F74
 1.0724167946196E+05 0.0000000000000E+00 0.0000000000000E+00 2.0000000000000E+01
A2F75
 1.0837832444548E+05 0.0000000000000E+00 0.0000000000000E+00 2.0000000000000E+01
A2F76
 1.0675023180549E+05 0.0000000000000E+00 0.0000000000000E+00 2.0000000000000E+01
A2F77
 1.0721683553632E+05 0.0000000000000E+00 0.0000000000000E+00 2.0000000000000E+01
A2F78
 1.0758414449537E+05 0.0000000000000E+00 0.0000000000000E+00 2.0000000000000E+01
A2F79
 1.0737204369277E+05 0.0000000000000E+00 0.0000000000000E+00 2.0000000000000E+01
A2F80
 1.0692204843872E+05 0.0000000000000E+00 0.0000000000000E+00 2.0000000000000E+01
A2F81
 1.0726879808327E+05 0.0000000000000E+00 0.0000000000000E+00 2.0000000000000E+01
A2F82
 1.0727854139978E+05 0.0000000000000E+00 0.0000000000000E+00 2.0000000000000E+01
A2F83
 1.0824742268416E+05 0.0000000000000E+00 0.0000000000000E+00 2.0000000000000E+01
A2F84
 1.0732193634699E+05 0.0000000000000E+00 0.0000000000000E+00 2.0000000000000E+01
A2F85
 1.0730939233531E+05 0.0000000000000E+00 0.0000000000000E+00 2.0000000000000E+01
A2F86
 1.0717269170977E+05 0.0000000000000E+00 0.0000000000000E+00 2.0000000000000E+01
A2F87
 1.0716174177304E+05 0.0000000000000E+00 0.0000000000000E+00 2.0000000000000E+01
A2F88
 1.0755597870589E+05 0.0000000000000E+00 0.0000000000000E+00 2.0000000000000E+01
A2F89
 1.0850285975307E+05 0.0000000000000E+00 0.0000000000000E+00 2.0000000000000E+01
A2F90
 1.0719648515231E+05 0.0000000000000E+00 0.0000000000000E+00 2.0000000000000E+01
A2F91
 1.0760810707473E+05 0.0000000000000E+00 0.0000000000000E+00 2.0000000000000E+01
A2F92
 1.0833293358219E+05 0.0000000000000E+00 0.0000000000000E+00 2.0000000000000E+01
A2F93
 1.0750814421142E+05 0.0000000000000E+00 0.0000000000000E+00 2.0000000000000E+01
A2F94
 1.0758312494179E+05 0.0000000000000E+00 0.0000000000000E+00 2.0000000000000E+01
A2F95
 1.0709287389291E+05 0.0000000000000E+00 0.0000000000000E+00 2.0000000000000E+01
A2F96
 1.0698057778442E+05 0.0000000000000E+00 0.0000000000000E+00 2.0000000000000E+01
A2F97
 1.0710625325456E+05 0.0000000000000E+00 0.0000000000000E+00 2.0000000000000E+01
A2F98
 1.0749649576814E+05 0.0000000000000E+00 0.0000000000000E+00 2.0000000000000E+01
A2F99
 1.0722071080230E+05 0.0000000000000E+00 0.0000000000000E+00 2.0000000000000E+01
A2G 0
 1.0778938104837E+05 0.0000000000000E+00 0.0000000000000E+00 2.0000000000000E+01
A2G 1
 1.0830062007077E+05 0.0000000000000E+00 0.0000000000000E+00 2.0000000000000E+01
A2G 2
 1.0704998096743E+05 0.0000000000000E+00 0.0000000000000E+00 2.0000000000000E+01
A2G 3
 1.0771726303031E+05 0.0000000000000E+00 0.0000000000000E+00 2.0000000000000E+01
A2G 4
 1.0747048871143E+05 0.0000000000000E+00 0.0000000000000E+00 2.0000000000000E+01
A2G 5
 1.0849357644980E+05 0.0000000000000E+00 0.0000000000000E+00 2.0000000000000E+01
A2G 6
 1.0703554977465E+05 0.0000000000000E+00 0.0000000000000E+00 2.0000000000000E+01
A2G 7
 1.0699442279267E+05 0.0000000000000E+00 0.0000000000000E+00 2.0000000000000E+01
A2G 8
 1.0710291533919E+05 0.0000000000000E+00 0.0000000000000E+00 2.0000000000000E+01
A2G 9
 1.0718615655444E+05 0.0000000000000E+00 0.0000000000000E+00 2.0000000000000E+01
A2G10
 1.0766542103027E+05 0.0000000000000E+00 0.0000000000000E+00 2.0000000000000E+01
A2G11
 1.0726188536683E+05 0.0000000000000E+00 0.0000000000000E+00 2.0000000000000E+01
A2G12
 1.0743067980525E+05 0.0000000000000E+00 0.0000000000000E+00 2.0000000000000E+01
A2G13
 1.0875555391525E+05 0.0000000000000E+00 0.0000000000000E+00 2.0000000000000E+01
A2G14
 1.0757394978230E+05 0.0000000000000E+00 0.0000000000000E+00 2.0000000000000E+01
A2G15
 1.0738645410951E+05 0.0000000000000E+00 0.0000000000000E+00 2.0000000000000E+01
A2G16
 1.0818376969039E+05 0.0000000000000E+00 0.0000000000000E+00 2.0000000000000E+01
A2G17
 1.0819829933487E+05 0.0000000000000E+00 0.0000000000000E+00 2.0000000000000E+01
A2G18
 1.0829817101451E+05 0.0000000000000E+00 0.0000000000000E+00 2.0000000000000E+01
A2G19
 1.0812699724747E+05 0.0000000000000E+00 0.0000000000000E+00 2.0000000000000E+01
A2G20
 1.0828449780830E+05 0.0000000000000E+00 0.0000000000000E+00 2.0000000000000E+01
A2G21
 1.0806580446296E+05 0.0000000000000E+00 0.0000000000000E+00 2.0000000000000E+01
A2G22
 1.0818036081257E+05 0.0000000000000E+00 0.0000000000000E+00 2.0000000000000E+01
A2G23
 1.0797774896121E+05 0.0000000000000E+00 0.0000000000000E+00 2.0000000000000E+01
A2G24
 1.0808747547126E+05 0.0000000000000E+00 0.0000000000000E+00 2.0000000000000E+01
A2G25
 1.0792301273922E+05 0.0000000000000E+00 0.0000000000000E+00 2.0000000000000E+01
A2G26
 1.0801717997237E+05 0.0000000000000E+00 0.0000000000000E+00 2.0000000000000E+01
A2G27
 1.0785058019222E+05 0.0000000000000E+00 0.0000000000000E+00 2.0000000000000E+01
A2G28
 1.0795328794578E+05 0.0000000000000E+00 0.0000000000000E+00 2.0000000000000E+01
A2G29
 1.0778498359613E+05 0.0000000000000E+00 0.0000000000000E+00 2.0000000000000E+01
A2G30
 1.0788020520878E+05 0.0000000000000E+00 0.0000000000000E+00 2.0000000000000E+01
A2G31
 1.0770925096844E+05 0.0000000000000E+00 0.0000000000000E+00 2.0000000000000E+01
A2G32
 1.0781375671454E+05 0.0000000000000E+00 0.0000000000000E+00 2.0000000000000E+01
A2G33
 1.0761100274479E+05 0.0000000000000E+00 0.0000000000000E+00 2.0000000000000E+01
A2G34
 1.0772889157794E+05 0.0000000000000E+00 0.0000000000000E+00 2.0000000000000E+01
A2G35
 1.0753135831602E+05 0.0000000000000E+00 0.0000000000000E+00 2.0000000000000E+01
A2G36
 1.0763275570178E+05 0.0000000000000E+00 0.0000000000000E+00 2.0000000000000E+01
A2G37
 1.0748204650319E+05 0.0000000000000E+00 0.0000000000000E+00 2.0000000000000E+01
A2G38
 1.0756894890792E+05 0.0000000000000E+00 0.0000000000000E+00 2.0000000000000E+01
A2G39
 1.0744371558144E+05 0.0000000000000E+00 0.0000000000000E+00 2.0000000000000E+01
A2G40
 1.0751902669724E+05 0.0000000000000E+00 0.0000000000000E+00 2.0000000000000E+01
A2G41
 1.0741281557326E+05 0.0000000000000E+00 0.0000000000000E+00 2.0000000000000E+01
A2G42
 1.0747882166370E+05 0.0000000000000E+00 0.0000000000000E+00 2.0000000000000E+01
A2G43
 1.0738083222137E+05 0.0000000000000E+00 0.0000000000000E+00 2.0000000000000E+01
A2G44
 1.0744491202243E+05 0.0000000000000E+00 0.0000000000000E+00 2.0000000000000E+01
A2G45
 1.0735126869506E+05 0.0000000000000E+00 0.0000000000000E+00 2.0000000000000E+01
A2G46
 1.0741180198202E+05 0.0000000000000E+00 0.0000000000000E+00 2.0000000000000E+01
A2G47
 1.0731723769206E+05 0.0000000000000E+00 0.0000000000000E+00 2.0000000000000E+01
A2G48
 1.0738764246916E+05 0.0000000000000E+00 0.0000000000000E+00 2.0000000000000E+01
A2G49
 1.0729828056940E+05 0.0000000000000E+00 0.0000000000000E+00 2.0000000000000E+01
A2G50
 1.0735973029415E+05 0.0000000000000E+00 0.0000000000000E+00 2.0000000000000E+01
A2G51
 1.0731460523322E+05 0.0000000000000E+00 0.0000000000000E+00 2.0000000000000E+01
A2G52
 1.0736006531302E+05 0.0000000000000E+00 0.0000000000000E+00 2.0000000000000E+01
A2G53
 1.0736666428392E+05 0.0000000000000E+00 0.0000000000000E+00 2.0000000000000E+01
A2G54
 1.0765044327095E+05 0.0000000000000E+00 0.0000000000000E+00 2.0000000000000E+01
A2G55
 1.0529225871146E+05 0.0000000000000E+00 0.0000000000000E+00 2.0000000000000E+01
A2G56
 1.0560413141300E+05 0.0000000000000E+00 0.0000000000000E+00 2.0000000000000E+01
A2G57
 1.0796648031365E+05 0.0000000000000E+00 0.0000000000000E+00 2.0000000000000E+01
A2G58
 1.0615620407746E+05 0.0000000000000E+00 0.0000000000000E+00 2.0000000000000E+01
A2G59
 1.0590034614486E+05 0.0000000000000E+00 0.0000000000000E+00 2.0000000000000E+01
A2G60
 1.0516588300549E+05 0.0000000000000E+00 0.0000000000000E+00 2.0000000000000E+01
A2G61
 1.0819412545310E+05 0.0000000000000E+00 0.0000000000000E+00 2.0000000000000E+01
A2G62
 1.0510544362198E+05 0.0000000000000E+00 0.0000000000000E+00 2.0000000000000E+01
A2G63
 1.0645717057435E+05 0.0000000000000E+00 0.0000000000000E+00 2.0000000000000E+01
A2G64
 1.0593633936437E+05 0.0000000000000E+00 0.0000000000000E+00 2.0000000000000E+01
A2G65
 1.0600018386611E+05 0.0000000000000E+00 0.0000000000000E+00 2.0000000000000E+01
A2G66
 1.0514044732329E+05 0.0000000000000E+00 0.0000000000000E+00 2.0000000000000E+01
A2G67
 1.0656952422210E+05 0.0000000000000E+00 0.0000000000000E+00 2.0000000000000E+01
A2G68
 1.0806564859284E+05 0.0000000000000E+00 0.0000000000000E+00 2.0000000000000E+01
A2G69
 1.0574004837675E+05 0.0000000000000E+00 0.0000000000000E+00 2.0000000000000E+01
A2G70
 1.0709256565278E+05 0.0000000000000E+00 0.0000000000000E+00 2.0000000000000E+01
A2G71
 1.0688418225723E+05 0.0000000000000E+00 0.0000000000000E+00 2.0000000000000E+01
A2G72
 1.0740757427906E+05 0.0000000000000E+00 0.0000000000000E+00 2.0000000000000E+01
A2G73
 1.0751574010707E+05 0.0000000000000E+00 0.0000000000000E+00 2.0000000000000E+01
A2G74
 1.0773888572850E+05 0.0000000000000E+00 0.0000000000000E+00 2.0000000000000E+01
A2G75
 1.0719805658845E+05 0.0000000000000E+00 0.0000000000000E+00 2.0000000000000E+01
A2G76
 1.0678038650239E+05 0.0000000000000E+00 0.0000000000000E+00 2.0000000000000E+01
A2G77
 1.0784494188152E+05 0.0000000000000E+00 0.0000000000000E+00 2.0000000000000E+01
A2G78
 1.0830501279126E+05 0.0000000000000E+00 0.0000000000000E+00 2.0000000000000E+01
A2G79
 1.0760418256462E+05 0.0000000000000E+00 0.0000000000000E+00 2.0000000000000E+01
A2G80
 1.0727322375874E+05 0.0000000000000E+00 0.0000000000000E+00 2.0000000000000E+01
A2G81
 1.0695998665399E+05 0.0000000000000E+00 0.0000000000000E+00 2.0000000000000E+01
A2G82
 1.0663059694475E+05 0.0000000000000E+00 0.0000000000000E+00 2.0000000000000E+01
A2G83
 1.0671931377975E+05 0.0000000000000E+00 0.0000000000000E+00 2.0000000000000E+01
A2G84
 1.0701676125602E+05 0.0000000000000E+00 0.0000000000000E+00 2.0000000000000E+01
A2G85
 1.0794411016071E+05 0.0000000000000E+00 0.0000000000000E+00 2.0000000000000E+01
A2G86
 1.0596208274125E+05 0.0000000000000E+00 0.0000000000000E+00 2.0000000000000E+01
A2G87
 1.0606721338707E+05 0.0000000000000E+00 0.0000000000000E+00 2.0000000000000E+01
A2G88
 1.0602268343844E+05 0.0000000000000E+00 0.0000000000000E+00 2.0000000000000E+01
A2G89
 1.0516704659812E+05 0.0000000000000E+00 0.0000000000000E+00 2.0000000000000E+01
A2G90
 1.0511363616396E+05 0.0000000000000E+00 0.0000000000000E+00 2.0000000000000E+01
A2G91
 1.0519890043270E+05 0.0000000000000E+00 0.0000000000000E+00 2.0000000000000E+01
A2G92
 1.0515863149781E+05 0.0000000000000E+00 0.0000000000000E+00 2.0000000000000E+01
A2G93
 1.0519545411372E+05 0.0000000000000E+00 0.0000000000000E+00 2.0000000000000E+01
A2G94
 1.0733240710878E+05 0.0000000000000E+00 0.0000000000000E+00 2.0000000000000E+01
A2G95
 1.0577571540725E+05 0.0000000000000E+00 0.0000000000000E+00 2.0000000000000E+01
A2G96
 1.0543561762934E+05 0.0000000000000E+00 0.0000000000000E+00 2.0000000000000E+01
A2G97
 1.0498902646459E+05 0.0000000000000E+00 0.0000000000000E+00 2.0000000000000E+01
A2G98
 1.0627593190145E+05 0.0000000000000E+00 0.0000000000000E+00 2.0000000000000E+01
A2G99
 1.0598911375730E+05 0.0000000000000E+00 0.0000000000000E+00 2.0000000000000E+01
A2H 0
 1.0599271692030E+05 0.0000000000000E+00 0.0000000000000E+00 2.0000000000000E+01
A2H 1
 1.0593543402577E+05 0.0000000000000E+00 0.0000000000000E+00 2.0000000000000E+01
A2H 2
 1.0601542928513E+05 0.0000000000000E+00 0.0000000000000E+00 2.0000000000000E+01
A2H 3
 1.0603661890387E+05 0.0000000000000E+00 0.0000000000000E+00 2.0000000000000E+01
A2H 4
 1.0598868883644E+05 0.0000000000000E+00 0.0000000000000E+00 2.0000000000000E+01
A2H 5
 1.0495729482661E+05 0.0000000000000E+00 0.0000000000000E+00 2.0000000000000E+01
A2H 6
 1.0487650903930E+05 0.0000000000000E+00 0.0000000000000E+00 2.0000000000000E+01
A2H 7
 1.0399925194313E+05 0.0000000000000E+00 0.0000000000000E+00 2.0000000000000E+01
A2H 8
 1.0253174976081E+05 0.0000000000000E+00 0.0000000000000E+00 2.0000000000000E+01
A2H 9
 1.0355074579528E+05 0.0000000000000E+00 0.0000000000000E+00 2.0000000000000E+01
A2H10
 1.0395016582517E+05 0.0000000000000E+00 0.0000000000000E+00 2.0000000000000E+01
A2H11
 1.0274889512124E+05 0.0000000000000E+00 0.0000000000000E+00 2.0000000000000E+01
A2H12
 1.0372470357724E+05 0.0000000000000E+00 0.0000000000000E+00 2.0000000000000E+01
A2H13
 1.0362172743008E+05 0.0000000000000E+00 0.0000000000000E+00 2.0000000000000E+01
A2H14
 1.0401516736671E+05 0.0000000000000E+00 0.0000000000000E+00 2.0000000000000E+01
A2H15
 1.0375482825938E+05 0.0000000000000E+00 0.0000000000000E+00 2.0000000000000E+01
A2H16
 1.0264066493633E+05 0.0000000000000E+00 0.0000000000000E+00 2.0000000000000E+01
A2H17
 1.0263584196138E+05 0.0000000000000E+00 0.0000000000000E+00 2.0000000000000E+01
A2H18
 1.0320438870092E+05 0.0000000000000E+00 0.0000000000000E+00 2.0000000000000E+01
A2H19
 1.0305537008279E+05 0.0000000000000E+00 0.0000000000000E+00 2.0000000000000E+01
A2H20
 1.0360876059891E+05 0.0000000000000E+00 0.0000000000000E+00 2.0000000000000E+01
A2H21
 1.0295187375231E+05 0.0000000000000E+00 0.0000000000000E+00 2.0000000000000E+01
A2H22
 1.0197830730349E+05 0.0000000000000E+00 0.0000000000000E+00 2.0000000000000E+01
A2H23
 1.0424916423021E+05 0.0000000000000E+00 0.0000000000000E+00 2.0000000000000E+01
A2H24
 1.0475109925357E+05 0.0000000000000E+00 0.0000000000000E+00 2.0000000000000E+01
A2H25
 1.0332380375893E+05 0.0000000000000E+00 0.0000000000000E+00 2.0000000000000E+01
A2H26
 1.0388855757900E+05 0.0000000000000E+00 0.0000000000000E+00 2.0000000000000E+01
A2H27
 1.0372846592099E+05 0.0000000000000E+00 0.0000000000000E+00 2.0000000000000E+01
A2H28
 1.0380500277613E+05 0.0000000000000E+00 0.0000000000000E+00 2.0000000000000E+01
A2H29
 1.0247397788350E+05 0.0000000000000E+00 0.0000000000000E+00 2.0000000000000E+01
A2H30
 1.0322135668900E+05 0.0000000000000E+00 0.0000000000000E+00 2.0000000000000E+01
A2H31
 1.0406889137540E+05 0.0000000000000E+00 0.0000000000000E+00 2.0000000000000E+01
A2H32
 1.0321920202901E+05 0.0000000000000E+00 0.0000000000000E+00 2.0000000000000E+01
A2H33
 1.0249442090840E+05 0.0000000000000E+00 0.0000000000000E+00 2.0000000000000E+01
A2H34
 1.0388227535601E+05 0.0000000000000E+00 0.0000000000000E+00 2.0000000000000E+01
A2H35
 1.0267003331211E+05 0.0000000000000E+00 0.0000000000000E+00 2.0000000000000E+01
A2H36
 1.0302099947544E+05 0.0000000000000E+00 0.0000000000000E+00 2.0000000000000E+01
A2H37
 1.0327149317290E+05 0.0000000000000E+00 0.0000000000000E+00 2.0000000000000E+01
A2H38
 1.0279467026137E+05 0.0000000000000E+00 0.0000000000000E+00 2.0000000000000E+01
A2H39
 1.0234646458440E+05 0.0000000000000E+00 0.0000000000000E+00 2.0000000000000E+01
A2H40
 1.0368759520454E+05 0.0000000000000E+00 0.0000000000000E+00 2.0000000000000E+01
A2H41
 1.0445012201623E+05 0.0000000000000E+00 0.0000000000000E+00 2.0000000000000E+01
A2H42
 1.0414697121551E+05 0.0000000000000E+00 0.0000000000000E+00 2.0000000000000E+01
A2H43
 1.0407823847769E+05 0.0000000000000E+00 0.0000000000000E+00 2.0000000000000E+01
A2H44
 1.0276179408901E+05 0.0000000000000E+00 0.0000000000000E+00 2.0000000000000E+01
A2H45
 1.0363136380865E+05 0.0000000000000E+00 0.0000000000000E+00 2.0000000000000E+01
A2H46
 1.0308896042641E+05 0.0000000000000E+00 0.0000000000000E+00 2.0000000000000E+01
A2H47
 1.0277583653965E+05 0.0000000000000E+00 0.0000000000000E+00 2.0000000000000E+01
A2H48
 1.0378251502199E+05 0.0000000000000E+00 0.0000000000000E+00 2.0000000000000E+01
A2H49
 1.0354024162227E+05 0.0000000000000E+00 0.0000000000000E+00 2.0000000000000E+01
A2H50
 1.0371838220548E+05 0.0000000000000E+00 0.0000000000000E+00 2.0000000000000E+01
A2H51
 1.0300619047119E+05 0.0000000000000E+00 0.0000000000000E+00 2.0000000000000E+01
A2H52
 1.0347579926637E+05 0.0000000000000E+00 0.0000000000000E+00 2.0000000000000E+01
A2H53
 1.0284482909820E+05 0.0000000000000E+00 0.0000000000000E+00 2.0000000000000E+01
A2H54
 1.0243941470158E+05 0.0000000000000E+00 0.0000000000000E+00 2.0000000000000E+01
A2H55
 1.0438004383724E+05 0.0000000000000E+00 0.0000000000000E+00 2.0000000000000E+01
A2H56
 1.0247571975985E+05 0.0000000000000E+00 0.0000000000000E+00 2.0000000000000E+01
A2H57
 1.0259081701993E+05 0.0000000000000E+00 0.0000000000000E+00 2.0000000000000E+01
A2H58
 1.0397978370702E+05 0.0000000000000E+00 0.0000000000000E+00 2.0000000000000E+01
A2H59
 1.0349111034314E+05 0.0000000000000E+00 0.0000000000000E+00 2.0000000000000E+01
A2H60
 1.0402000363639E+05 0.0000000000000E+00 0.0000000000000E+00 2.0000000000000E+01
A2H61
 1.0387705439107E+05 0.0000000000000E+00 0.0000000000000E+00 2.0000000000000E+01
A2H62
 1.0333935748937E+05 0.0000000000000E+00 0.0000000000000E+00 2.0000000000000E+01
A2H63
 1.0460353545287E+05 0.0000000000000E+00 0.0000000000000E+00 2.0000000000000E+01
A2H64
 1.0293476423166E+05 0.0000000000000E+00 0.0000000000000E+00 2.0000000000000E+01
A2H65
 1.0210327552557E+05 0.0000000000000E+00 0.0000000000000E+00 2.0000000000000E+01
A2H66
 1.0351355546960E+05 0.0000000000000E+00 0.0000000000000E+00 2.0000000000000E+01
A2H67
 1.0398399850527E+05 0.0000000000000E+00 0.0000000000000E+00 2.0000000000000E+01
A2H68
 1.0338183166367E+05 0.0000000000000E+00 0.0000000000000E+00 2.0000000000000E+01
A2H69
 1.0441271088574E+05 0.0000000000000E+00 0.0000000000000E+00 2.0000000000000E+01
A2H70
 1.0347056306102E+05 0.0000000000000E+00 0.0000000000000E+00 2.0000000000000E+01
A2H71
 1.0384453709381E+05 0.0000000000000E+00 0.0000000000000E+00 2.0000000000000E+01
A2H72
 1.0288143456035E+05 0.0000000000000E+00 0.0000000000000E+00 2.0000000000000E+01
A2H73
 1.0330096286191E+05 0.0000000000000E+00 0.0000000000000E+00 2.0000000000000E+01
A2H74
 1.0273083837181E+05 0.0000000000000E+00 0.0000000000000E+00 2.0000000000000E+01
A2H75
 1.0339074412301E+05 0.0000000000000E+00 0.0000000000000E+00 2.0000000000000E+01
A2H76
 1.0422457462415E+05 0.0000000000000E+00 0.0000000000000E+00 2.0000000000000E+01
A2H77
 1.0443265876070E+05 0.0000000000000E+00 0.0000000000000E+00 2.0000000000000E+01
A2H78
 1.0374431575743E+05 0.0000000000000E+00 0.0000000000000E+00 2.0000000000000E+01
A2H79
 1.0466502105553E+05 0.0000000000000E+00 0.0000000000000E+00 2.0000000000000E+01
A2H80
 1.0362018429319E+05 0.0000000000000E+00 0.0000000000000E+00 2.0000000000000E+01
A2H81
 1.0386193537384E+05 0.0000000000000E+00 0.0000000000000E+00 2.0000000000000E+01
A2H82
 1.0409257561630E+05 0.0000000000000E+00 0.0000000000000E+00 2.0000000000000E+01
A2H83
 1.0405459604057E+05 0.0000000000000E+00 0.0000000000000E+00 2.0000000000000E+01
A2H84
 1.0380626155270E+05 0.0000000000000E+00 0.0000000000000E+00 2.0000000000000E+01
A2H85
 1.0369820403910E+05 0.0000000000000E+00 0.0000000000000E+00 2.0000000000000E+01
A2H86
 1.0387044047405E+05 0.0000000000000E+00 0.0000000000000E+00 2.0000000000000E+01
A2H87
 1.0291405098950E+05 0.0000000000000E+00 0.0000000000000E+00 2.0000000000000E+01
A2H88
 1.0286022429491E+05 0.0000000000000E+00 0.0000000000000E+00 2.0000000000000E+01
A2H89
 1.0377557342286E+05 0.0000000000000E+00 0.0000000000000E+00 2.0000000000000E+01
A2H90
 1.0329418704165E+05 0.0000000000000E+00 0.0000000000000E+00 2.0000000000000E+01
A2H91
 1.0245372114834E+05 0.0000000000000E+00 0.0000000000000E+00 2.0000000000000E+01
A2H92
 1.0368914994932E+05 0.0000000000000E+00 0.0000000000000E+00 2.0000000000000E+01
A2H93
 1.0275749078959E+05 0.0000000000000E+00 0.0000000000000E+00 2.0000000000000E+01
A2H94
 1.0235946120627E+05 0.0000000000000E+00 0.0000000000000E+00 2.0000000000000E+01
A2H95
 1.0199359796126E+05 0.0000000000000E+00 0.0000000000000E+00 2.0000000000000E+01
A2H96
 1.0373427684504E+05 0.0000000000000E+00 0.0000000000000E+00 2.0000000000000E+01
A2H97
 1.0406740600911E+05 0.0000000000000E+00 0.0000000000000E+00 2.0000000000000E+01
A2H98
 1.0209876741968E+05 0.0000000000000E+00 0.0000000000000E+00 2.0000000000000E+01
A2H99
 1.0235296013046E+05 0.0000000000000E+00 0.0000000000000E+00 2.0000000000000E+01
A2I 0
 1.0386330342943E+05 0.0000000000000E+00 0.0000000000000E+00 2.0000000000000E+01
A2I 1
 1.0390205556006E+05 0.0000000000000E+00 0.0000000000000E+00 2.0000000000000E+01
A2I 2
 1.0248097496441E+05 0.0000000000000E+00 0.0000000000000E+00 2.0000000000000E+01
A2I 3
 1.0377566119464E+05 0.0000000000000E+00 0.0000000000000E+00 2.0000000000000E+01
A2I 4
 1.0435212915569E+05 0.0000000000000E+00 0.0000000000000E+00 2.0000000000000E+01
A2I 5
 1.0360471579631E+05 0.0000000000000E+00 0.0000000000000E+00 2.0000000000000E+01
A2I 6
 1.0269954735769E+05 0.0000000000000E+00 0.0000000000000E+00 2.0000000000000E+01
A2I 7
 1.0236631604800E+05 0.0000000000000E+00 0.0000000000000E+00 2.0000000000000E+01
A2I 8
 1.0246024701305E+05 0.0000000000000E+00 0.0000000000000E+00 2.0000000000000E+01
A2I 9
 1.0273409836145E+05 0.0000000000000E+00 0.0000000000000E+00 2.0000000000000E+01
A2I10
 1.0439579757049E+05 0.0000000000000E+00 0.0000000000000E+00 2.0000000000000E+01
A2I11
 1.0398100023529E+05 0.0000000000000E+00 0.0000000000000E+00 2.0000000000000E+01
A2I12
 1.0376976048084E+05 0.0000000000000E+00 0.0000000000000E+00 2.0000000000000E+01
A2I13
 1.0384528766049E+05 0.0000000000000E+00 0.0000000000000E+00 2.0000000000000E+01
A2I14
 1.0256199220340E+05 0.0000000000000E+00 0.0000000000000E+00 2.0000000000000E+01
A2I15
 1.0341963751993E+05 0.0000000000000E+00 0.0000000000000E+00 2.0000000000000E+01
A2I16
 1.0404972912052E+05 0.0000000000000E+00 0.0000000000000E+00 2.0000000000000E+01
A2I17
 1.0315195953717E+05 0.0000000000000E+00 0.0000000000000E+00 2.0000000000000E+01
A2I18
 1.0253305963328E+05 0.0000000000000E+00 0.0000000000000E+00 2.0000000000000E+01
A2I19
 1.0415312771312E+05 0.0000000000000E+00 0.0000000000000E+00 2.0000000000000E+01
A2I20
 1.0371930886656E+05 0.0000000000000E+00 0.0000000000000E+00 2.0000000000000E+01
A2I21
 1.0260653165070E+05 0.0000000000000E+00 0.0000000000000E+00 2.0000000000000E+01
A2I22
 1.0382709687397E+05 0.0000000000000E+00 0.0000000000000E+00 2.0000000000000E+01
A2I23
 1.0417815435819E+05 0.0000000000000E+00 0.0000000000000E+00 2.0000000000000E+01
A2I24
 1.0317690614192E+05 0.0000000000000E+00 0.0000000000000E+00 2.0000000000000E+01
A2I25
 1.0236030835306E+05 0.0000000000000E+00 0.0000000000000E+00 2.0000000000000E+01
A2I26
 1.0272333999040E+05 0.0000000000000E+00 0.0000000000000E+00 2.0000000000000E+01
A2I27
 1.0284851954189E+05 0.0000000000000E+00 0.0000000000000E+00 2.0000000000000E+01
A2I28
 1.0283829600172E+05 0.0000000000000E+00 0.0000000000000E+00 2.0000000000000E+01
A2I29
 1.0252816633598E+05 0.0000000000000E+00 0.0000000000000E+00 2.0000000000000E+01
A2I30
 1.0277138555769E+05 0.0000000000000E+00 0.0000000000000E+00 2.0000000000000E+01
A2I31
 1.0383028014577E+05 0.0000000000000E+00 0.0000000000000E+00 2.0000000000000E+01
A2I32
 1.0230192669313E+05 0.0000000000000E+00 0.0000000000000E+00 2.0000000000000E+01
A2I33
 1.0304446405369E+05 0.0000000000000E+00 0.0000000000000E+00 2.0000000000000E+01
A2I34
 1.0293257756017E+05 0.0000000000000E+00 0.0000000000000E+00 2.0000000000000E+01
A2I35
 1.0391422348429E+05 0.0000000000000E+00 0.0000000000000E+00 2.0000000000000E+01
A2I36
 1.0272192910516E+05 0.0000000000000E+00 0.0000000000000E+00 2.0000000000000E+01
A2I37
 1.0447396594876E+05 0.0000000000000E+00 0.0000000000000E+00 2.0000000000000E+01
A2I38
 1.0435856449307E+05 0.0000000000000E+00 0.0000000000000E+00 2.0000000000000E+01
A2I39
 1.0339988088986E+05 0.0000000000000E+00 0.0000000000000E+00 2.0000000000000E+01
A2I40
 1.0409637031646E+05 0.0000000000000E+00 0.0000000000000E+00 2.0000000000000E+01
A2I41
 1.0419914809326E+05 0.0000000000000E+00 0.0000000000000E+00 2.0000000000000E+01
A2I42
 1.0401324317287E+05 0.0000000000000E+00 0.0000000000000E+00 2.0000000000000E+01
A2I43
 1.0395246333023E+05 0.0000000000000E+00 0.0000000000000E+00 2.0000000000000E+01
A2I44
 1.0288860721869E+05 0.0000000000000E+00 0.0000000000000E+00 2.0000000000000E+01
A2I45
 1.0244012938797E+05 0.0000000000000E+00 0.0000000000000E+00 2.0000000000000E+01
A2I46
 1.0236946799569E+05 0.0000000000000E+00 0.0000000000000E+00 2.0000000000000E+01
A2I47
 1.0248962769056E+05 0.0000000000000E+00 0.0000000000000E+00 2.0000000000000E+01
A2I48
 1.0349965343537E+05 0.0000000000000E+00 0.0000000000000E+00 2.0000000000000E+01
A2I49
 1.0348916077899E+05 0.0000000000000E+00 0.0000000000000E+00 2.0000000000000E+01
A2I50
 1.0454526946965E+05 0.0000000000000E+00 0.0000000000000E+00 2.0000000000000E+01
A2I51
 1.0278626292506E+05 0.0000000000000E+00 0.0000000000000E+00 2.0000000000000E+01
A2I52
 1.0426910737219E+05 0.0000000000000E+00 0.0000000000000E+00 2.0000000000000E+01
A2I53
 1.0424359308224E+05 0.0000000000000E+00 0.0000000000000E+00 2.0000000000000E+01
A2I54
 1.0235974331905E+05 0.0000000000000E+00 0.0000000000000E+00 2.0000000000000E+01
A2I55
 1.0411756931515E+05 0.0000000000000E+00 0.0000000000000E+00 2.0000000000000E+01
A2I56
 1.0278839906614E+05 0.0000000000000E+00 0.0000000000000E+00 2.0000000000000E+01
A2I57
 1.0315302065136E+05 0.0000000000000E+00 0.0000000000000E+00 2.0000000000000E+01
A2I58
 1.0306256923792E+05 0.0000000000000E+00 0.0000000000000E+00 2.0000000000000E+01
A2I59
 1.0416975834083E+05 0.0000000000000E+00 0.0000000000000E+00 2.0000000000000E+01
A2I60
 1.0313615168479E+05 0.0000000000000E+00 0.0000000000000E+00 2.0000000000000E+01
A2I61
 1.0350663381570E+05 0.0000000000000E+00 0.0000000000000E+00 2.0000000000000E+01
A2I62
 1.0315712945954E+05 0.0000000000000E+00 0.0000000000000E+00 2.0000000000000E+01
A2I63
 1.0211872771605E+05 0.0000000000000E+00 0.0000000000000E+00 2.0000000000000E+01
A2I64
 1.0272106174243E+05 0.0000000000000E+00 0.0000000000000E+00 2.0000000000000E+01
A2I65
 1.0371908729056E+05 0.0000000000000E+00 0.0000000000000E+00 2.0000000000000E+01
A2I66
 1.0286348277985E+05 0.0000000000000E+00 0.0000000000000E+00 2.0000000000000E+01
A2I67
 1.0393339244752E+05 0.0000000000000E+00 0.0000000000000E+00 2.0000000000000E+01
A2I68
 1.0245186397042E+05 0.0000000000000E+00 0.0000000000000E+00 2.0000000000000E+01
A2I69
 1.0284705900718E+05 0.0000000000000E+00 0.0000000000000E+00 2.0000000000000E+01
A2I70
 1.0247254041717E+05 0.0000000000000E+00 0.0000000000000E+00 2.0000000000000E+01
A2I71
 1.0281599719473E+05 0.0000000000000E+00 0.0000000000000E+00 2.0000000000000E+01
A2I72
 1.0235673824870E+05 0.0000000000000E+00 0.0000000000000E+00 2.0000000000000E+01
A2I73
 1.0425830137063E+05 0.0000000000000E+00 0.0000000000000E+00 2.0000000000000E+01
A2I74
 1.0355208064500E+05 0.0000000000000E+00 0.0000000000000E+00 2.0000000000000E+01
A2I75
 1.0352809664762E+05 0.0000000000000E+00 0.0000000000000E+00 2.0000000000000E+01
A2I76
 1.0269114214631E+05 0.0000000000000E+00 0.0000000000000E+00 2.0000000000000E+01
A2I77
 1.0211194071018E+05 0.0000000000000E+00 0.0000000000000E+00 2.0000000000000E+01
A2I78
 1.0409719420170E+05 0.0000000000000E+00 0.0000000000000E+00 2.0000000000000E+01
A2I79
 1.0212708219026E+05 0.0000000000000E+00 0.0000000000000E+00 2.0000000000000E+01
A2I80
 1.0248137031073E+05 0.0000000000000E+00 0.0000000000000E+00 2.0000000000000E+01
A2I81
 1.0237548442160E+05 0.0000000000000E+00 0.0000000000000E+00 2.0000000000000E+01
A2I82
 1.0259325135468E+05 0.0000000000000E+00 0.0000000000000E+00 2.0000000000000E+01
A2I83
 1.0416361185699E+05 0.0000000000000E+00 0.0000000000000E+00 2.0000000000000E+01
A2I84
 1.0273137058565E+05 0.0000000000000E+00 0.0000000000000E+00 2.0000000000000E+01
A2I85
 1.0250965422088E+05 0.0000000000000E+00 0.0000000000000E+00 2.0000000000000E+01
A2I86
 1.0345983451308E+05 0.0000000000000E+00 0.0000000000000E+00 2.0000000000000E+01
A2I87
 1.0449027709436E+05 0.0000000000000E+00 0.0000000000000E+00 2.0000000000000E+01
A2I88
 1.0427140847757E+05 0.0000000000000E+00 0.0000000000000E+00 2.0000000000000E+01
A2I89
 1.0248404392906E+05 0.0000000000000E+00 0.0000000000000E+00 2.0000000000000E+01
A2I90
 1.0241329346813E+05 0.0000000000000E+00 0.0000000000000E+00 2.0000000000000E+01
A2I91
 1.0340041815652E+05 0.0000000000000E+00 0.0000000000000E+00 2.0000000000000E+01
A2I92
 1.0382247036788E+05 0.0000000000000E+00 0.0000000000000E+00 2.0000000000000E+01
A2I93
 1.0240314934361E+05 0.0000000000000E+00 0.0000000000000E+00 2.0000000000000E+01
A2I94
 1.0255713870457E+05 0.0000000000000E+00 0.0000000000000E+00 2.0000000000000E+01
A2I95
 1.0257787132873E+05 0.0000000000000E+00 0.0000000000000E+00 2.0000000000000E+01
A2I96
 1.0249453979042E+05 0.0000000000000E+00 0.0000000000000E+00 2.0000000000000E+01
A2I97
 1.0414034520927E+05 0.0000000000000E+00 0.0000000000000E+00 2.0000000000000E+01
A2I98
 1.0218446204647E+05 0.0000000000000E+00 0.0000000000000E+00 2.0000000000000E+01
A2I99
 1.0282977928855E+05 0.0000000000000E+00 0.0000000000000E+00 2.0000000000000E+01
A2J 0
 1.0316136355742E+05 0.0000000000000E+00 0.0000000000000E+00 2.0000000000000E+01
A2J 1
 1.0282407593662E+05 0.0000000000000E+00 0.0000000000000E+00 2.0000000000000E+01
A2J 2
 1.0251739368827E+05 0.0000000000000E+00 0.0000000000000E+00 2.0000000000000E+01
A2J 3
 1.0391120316580E+05 0.0000000000000E+00 0.0000000000000E+00 2.0000000000000E+01
A2J 4
 1.0429872217361E+05 0.0000000000000E+00 0.0000000000000E+00 2.0000000000000E+01
A2J 5
 1.0255996760322E+05 0.0000000000000E+00 0.0000000000000E+00 2.0000000000000E+01
A2J 6
 1.0235728630657E+05 0.0000000000000E+00 0.0000000000000E+00 2.0000000000000E+01
A2J 7
 1.0367640063675E+05 0.0000000000000E+00 0.0000000000000E+00 2.0000000000000E+01
A2J 8
 1.0402403636171E+05 0.0000000000000E+00 0.0000000000000E+00 2.0000000000000E+01
A2J 9
 1.0236743581089E+05 0.0000000000000E+00 0.0000000000000E+00 2.0000000000000E+01
A2J10
 1.0414142753875E+05 0.0000000000000E+00 0.0000000000000E+00 2.0000000000000E+01
A2J11
 1.0425477514263E+05 0.0000000000000E+00 0.0000000000000E+00 2.0000000000000E+01
A2J12
 1.0419581659007E+05 0.0000000000000E+00 0.0000000000000E+00 2.0000000000000E+01
A2J13
 1.0397899561543E+05 0.0000000000000E+00 0.0000000000000E+00 2.0000000000000E+01
A2J14
 1.0236599392048E+05 0.0000000000000E+00 0.0000000000000E+00 2.0000000000000E+01
A2J15
 1.0247364136907E+05 0.0000000000000E+00 0.0000000000000E+00 2.0000000000000E+01
A2J16
 1.0229355701807E+05 0.0000000000000E+00 0.0000000000000E+00 2.0000000000000E+01
A2J17
 1.0284949640892E+05 0.0000000000000E+00 0.0000000000000E+00 2.0000000000000E+01
A2J18
 1.0431664347464E+05 0.0000000000000E+00 0.0000000000000E+00 2.0000000000000E+01
A2J19
 1.0439251958244E+05 0.0000000000000E+00 0.0000000000000E+00 2.0000000000000E+01
A2J20
 1.0398649398169E+05 0.0000000000000E+00 0.0000000000000E+00 2.0000000000000E+01
A2J21
 1.0282992358995E+05 0.0000000000000E+00 0.0000000000000E+00 2.0000000000000E+01
A2J22
 1.0400181775702E+05 0.0000000000000E+00 0.0000000000000E+00 2.0000000000000E+01
A2J23
 1.0384911552797E+05 0.0000000000000E+00 0.0000000000000E+00 2.0000000000000E+01
A2J24
 1.0303922361452E+05 0.0000000000000E+00 0.0000000000000E+00 2.0000000000000E+01
A2J25
 1.0222648390798E+05 0.0000000000000E+00 0.0000000000000E+00 2.0000000000000E+01
A2J26
 1.0277186328093E+05 0.0000000000000E+00 0.0000000000000E+00 2.0000000000000E+01
A2J27
 1.0337743711605E+05 0.0000000000000E+00 0.0000000000000E+00 2.0000000000000E+01
A2J28
 1.0369158286547E+05 0.0000000000000E+00 0.0000000000000E+00 2.0000000000000E+01
A2J29
 1.0272605988235E+05 0.0000000000000E+00 0.0000000000000E+00 2.0000000000000E+01
A2J30
 1.0269600007204E+05 0.0000000000000E+00 0.0000000000000E+00 2.0000000000000E+01
A2J31
 1.0244896956775E+05 0.0000000000000E+00 0.0000000000000E+00 2.0000000000000E+01
A2J32
 1.0382337772710E+05 0.0000000000000E+00 0.0000000000000E+00 2.0000000000000E+01
A2J33
 1.0286071528600E+05 0.0000000000000E+00 0.0000000000000E+00 2.0000000000000E+01
A2J34
 1.0350294967234E+05 0.0000000000000E+00 0.0000000000000E+00 2.0000000000000E+01
A2J35
 1.0273683419575E+05 0.0000000000000E+00 0.0000000000000E+00 2.0000000000000E+01
A2J36
 1.0332299862139E+05 0.0000000000000E+00 0.0000000000000E+00 2.0000000000000E+01
A2J37
 1.0462496566945E+05 0.0000000000000E+00 0.0000000000000E+00 2.0000000000000E+01
A2J38
 1.0433497474987E+05 0.0000000000000E+00 0.0000000000000E+00 2.0000000000000E+01
A2J39
 1.0239703732368E+05 0.0000000000000E+00 0.0000000000000E+00 2.0000000000000E+01
A2J40
 1.0405147224807E+05 0.0000000000000E+00 0.0000000000000E+00 2.0000000000000E+01
A2J41
 1.0282993529780E+05 0.0000000000000E+00 0.0000000000000E+00 2.0000000000000E+01
A2J42
 1.0239315904027E+05 0.0000000000000E+00 0.0000000000000E+00 2.0000000000000E+01
A2J43
 1.0414518674679E+05 0.0000000000000E+00 0.0000000000000E+00 2.0000000000000E+01
A2J44
 1.0345966258207E+05 0.0000000000000E+00 0.0000000000000E+00 2.0000000000000E+01
A2J45
 1.0397686428339E+05 0.0000000000000E+00 0.0000000000000E+00 2.0000000000000E+01
A2J46
 1.0265010364819E+05 0.0000000000000E+00 0.0000000000000E+00 2.0000000000000E+01
A2J47
 1.0389074457039E+05 0.0000000000000E+00 0.0000000000000E+00 2.0000000000000E+01
A2J48
 1.0394871110775E+05 0.0000000000000E+00 0.0000000000000E+00 2.0000000000000E+01
A2J49
 1.0230983994755E+05 0.0000000000000E+00 0.0000000000000E+00 2.0000000000000E+01
A2J50
 1.0335437004608E+05 0.0000000000000E+00 0.0000000000000E+00 2.0000000000000E+01
A2J51
 1.0307268224411E+05 0.0000000000000E+00 0.0000000000000E+00 2.0000000000000E+01
A2J52
 1.0335862750557E+05 0.0000000000000E+00 0.0000000000000E+00 2.0000000000000E+01
A2J53
 1.0362423706185E+05 0.0000000000000E+00 0.0000000000000E+00 2.0000000000000E+01
A2J54
 1.0262235025138E+05 0.0000000000000E+00 0.0000000000000E+00 2.0000000000000E+01
A2J55
 1.0395899162737E+05 0.0000000000000E+00 0.0000000000000E+00 2.0000000000000E+01
A2J56
 1.0210610003862E+05 0.0000000000000E+00 0.0000000000000E+00 2.0000000000000E+01
A2J57
 1.0220411309331E+05 0.0000000000000E+00 0.0000000000000E+00 2.0000000000000E+01
A2J58
 1.0284880931595E+05 0.0000000000000E+00 0.0000000000000E+00 2.0000000000000E+01
A2J59
 1.0222617629663E+05 0.0000000000000E+00 0.0000000000000E+00 2.0000000000000E+01
A2J60
 1.0418099685069E+05 0.0000000000000E+00 0.0000000000000E+00 2.0000000000000E+01
A2J61
 1.0340423618138E+05 0.0000000000000E+00 0.0000000000000E+00 2.0000000000000E+01
A2J62
 1.0249444483776E+05 0.0000000000000E+00 0.0000000000000E+00 2.0000000000000E+01
A2J63
 1.0447286545537E+05 0.0000000000000E+00 0.0000000000000E+00 2.0000000000000E+01
A2J64
 1.0229366002669E+05 0.0000000000000E+00 0.0000000000000E+00 2.0000000000000E+01
A2J65
 1.0248357349729E+05 0.0000000000000E+00 0.0000000000000E+00 2.0000000000000E+01
A2J66
 1.0399467698388E+05 0.0000000000000E+00 0.0000000000000E+00 2.0000000000000E+01
A2J67
 1.0297107038580E+05 0.0000000000000E+00 0.0000000000000E+00 2.0000000000000E+01
A2J68
 1.0427523244264E+05 0.0000000000000E+00 0.0000000000000E+00 2.0000000000000E+01
A2J69
 1.0240431303933E+05 0.0000000000000E+00 0.0000000000000E+00 2.0000000000000E+01
A2J70
 1.0247480034325E+05 0.0000000000000E+00 0.0000000000000E+00 2.0000000000000E+01
A2J71
 1.0276647897043E+05 0.0000000000000E+00 0.0000000000000E+00 2.0000000000000E+01
A2J72
 1.0400559320472E+05 0.0000000000000E+00 0.0000000000000E+00 2.0000000000000E+01
A2J73
 1.0389884772211E+05 0.0000000000000E+00 0.0000000000000E+00 2.0000000000000E+01
A2J74
 1.0247992005754E+05 0.0000000000000E+00 0.0000000000000E+00 2.0000000000000E+01
A2J75
 1.0327392156795E+05 0.0000000000000E+00 0.0000000000000E+00 2.0000000000000E+01
A2J76
 1.0386361828049E+05 0.0000000000000E+00 0.0000000000000E+00 2.0000000000000E+01
A2J77
 1.0201997763040E+05 0.0000000000000E+00 0.0000000000000E+00 2.0000000000000E+01
A2J78
 1.0421660408686E+05 0.0000000000000E+00 0.0000000000000E+00 2.0000000000000E+01
A2J79
 1.0372645819608E+05 0.0000000000000E+00 0.0000000000000E+00 2.0000000000000E+01
A2J80
 1.0307680060120E+05 0.0000000000000E+00 0.0000000000000E+00 2.0000000000000E+01
A2J81
 1.0396647094772E+05 0.0000000000000E+00 0.0000000000000E+00 2.0000000000000E+01
A2J82
 1.0369017101556E+05 0.0000000000000E+00 0.0000000000000E+00 2.0000000000000E+01
A2J83
 1.0419555269537E+05 0.0000000000000E+00 0.0000000000000E+00 2.0000000000000E+01
A2J84
 1.0398757974569E+05 0.0000000000000E+00 0.0000000000000E+00 2.0000000000000E+01
A2J85
 1.0259837987304E+05 0.0000000000000E+00 0.0000000000000E+00 2.0000000000000E+01
A2J86
 1.0415096576383E+05 0.0000000000000E+00 0.0000000000000E+00 2.0000000000000E+01
A2J87
 1.0410140513105E+05 0.0000000000000E+00 0.0000000000000E+00 2.0000000000000E+01
A2J88
 1.0272932181336E+05 0.0000000000000E+00 0.0000000000000E+00 2.0000000000000E+01
A2J89
 1.0374695889621E+05 0.0000000000000E+00 0.0000000000000E+00 2.0000000000000E+01
A2J90
 1.0457019058080E+05 0.0000000000000E+00 0.0000000000000E+00 2.0000000000000E+01
A2J91
 1.0432447737598E+05 0.0000000000000E+00 0.0000000000000E+00 2.0000000000000E+01
A2J92
 1.0252691497244E+05 0.0000000000000E+00 0.0000000000000E+00 2.0000000000000E+01
A2J93
 1.0411808181865E+05 0.0000000000000E+00 0.0000000000000E+00 2.0000000000000E+01
A2J94
 1.0400448008013E+05 0.0000000000000E+00 0.0000000000000E+00 2.0000000000000E+01
A2J95
 1.0239763482067E+05 0.0000000000000E+00 0.0000000000000E+00 2.0000000000000E+01
A2J96
 1.0372899442444E+05 0.0000000000000E+00 0.0000000000000E+00 2.0000000000000E+01
A2J97
 1.0253006887556E+05 0.0000000000000E+00 0.0000000000000E+00 2.0000000000000E+01
A2J98
 1.0422513802468E+05 0.0000000000000E+00 0.0000000000000E+00 2.0000000000000E+01
A2J99
 1.0271064246443E+05 0.0000000000000E+00 0.0000000000000E+00 2.0000000000000E+01
A2K 0
 1.0347729017986E+05 0.0000000000000E+00 0.0000000000000E+00 2.0000000000000E+01
A2K 1
 1.0394649563685E+05 0.0000000000000E+00 0.0000000000000E+00 2.0000000000000E+01
A2K 2
 1.0384094460613E+05 0.0000000000000E+00 0.0000000000000E+00 2.0000000000000E+01
A2K 3
 1.0412344715366E+05 0.0000000000000E+00 0.0000000000000E+00 2.0000000000000E+01
A2K 4
 1.0392291224297E+05 0.0000000000000E+00 0.0000000000000E+00 2.0000000000000E+01
A2K 5
 1.0401691105186E+05 0.0000000000000E+00 0.0000000000000E+00 2.0000000000000E+01
A2K 6
 1.0433818359093E+05 0.0000000000000E+00 0.0000000000000E+00 2.0000000000000E+01
A2K 7
 1.0251070911619E+05 0.0000000000000E+00 0.0000000000000E+00 2.0000000000000E+01
A2K 8
 1.0397832252289E+05 0.0000000000000E+00 0.0000000000000E+00 2.0000000000000E+01
A2K 9
 1.0211464669918E+05 0.0000000000000E+00 0.0000000000000E+00 2.0000000000000E+01
A2K10
 1.0406727388899E+05 0.0000000000000E+00 0.0000000000000E+00 2.0000000000000E+01
A2K11
 1.0245428215715E+05 0.0000000000000E+00 0.0000000000000E+00 2.0000000000000E+01
A2K12
 1.0356856891677E+05 0.0000000000000E+00 0.0000000000000E+00 2.0000000000000E+01
A2K13
 1.0441958559038E+05 0.0000000000000E+00 0.0000000000000E+00 2.0000000000000E+01
A2K14
 1.0217433264729E+05 0.0000000000000E+00 0.0000000000000E+00 2.0000000000000E+01
A2K15
 1.0373531006372E+05 0.0000000000000E+00 0.0000000000000E+00 2.0000000000000E+01
A2K16
 1.0432909576257E+05 0.0000000000000E+00 0.0000000000000E+00 2.0000000000000E+01
A2K17
 1.0409785619820E+05 0.0000000000000E+00 0.0000000000000E+00 2.0000000000000E+01
A2K18
 1.0211036220290E+05 0.0000000000000E+00 0.0000000000000E+00 2.0000000000000E+01
A2K19
 1.0424628314197E+05 0.0000000000000E+00 0.0000000000000E+00 2.0000000000000E+01
A2K20
 1.0344835987767E+05 0.0000000000000E+00 0.0000000000000E+00 2.0000000000000E+01
A2K21
 1.0249616521568E+05 0.0000000000000E+00 0.0000000000000E+00 2.0000000000000E+01
A2K22
 1.0281118019027E+05 0.0000000000000E+00 0.0000000000000E+00 2.0000000000000E+01
A2K23
 1.0338895531646E+05 0.0000000000000E+00 0.0000000000000E+00 2.0000000000000E+01
A2K24
 1.0402500530911E+05 0.0000000000000E+00 0.0000000000000E+00 2.0000000000000E+01
A2K25
 1.0379626426879E+05 0.0000000000000E+00 0.0000000000000E+00 2.0000000000000E+01
A2K26
 1.0261001119265E+05 0.0000000000000E+00 0.0000000000000E+00 2.0000000000000E+01
A2K27
 1.0434647575341E+05 0.0000000000000E+00 0.0000000000000E+00 2.0000000000000E+01
A2K28
 1.0428704196010E+05 0.0000000000000E+00 0.0000000000000E+00 2.0000000000000E+01
A2K29
 1.0257228522076E+05 0.0000000000000E+00 0.0000000000000E+00 2.0000000000000E+01
A2K30
 1.0387137684819E+05 0.0000000000000E+00 0.0000000000000E+00 2.0000000000000E+01
A2K31
 1.0407627286394E+05 0.0000000000000E+00 0.0000000000000E+00 2.0000000000000E+01
A2K32
 1.0364843803681E+05 0.0000000000000E+00 0.0000000000000E+00 2.0000000000000E+01
A2K33
 1.0418427379635E+05 0.0000000000000E+00 0.0000000000000E+00 2.0000000000000E+01
A2K34
 1.0409183148812E+05 0.0000000000000E+00 0.0000000000000E+00 2.0000000000000E+01
A2K35
 1.0302046007389E+05 0.0000000000000E+00 0.0000000000000E+00 2.0000000000000E+01
A2K36
 1.0387471287946E+05 0.0000000000000E+00 0.0000000000000E+00 2.0000000000000E+01
A2K37
 1.0385753835735E+05 0.0000000000000E+00 0.0000000000000E+00 2.0000000000000E+01
A2K38
 1.0252059171030E+05 0.0000000000000E+00 0.0000000000000E+00 2.0000000000000E+01
A2K39
 1.0411084585947E+05 0.0000000000000E+00 0.0000000000000E+00 2.0000000000000E+01
A2K40
 1.0271500488463E+05 0.0000000000000E+00 0.0000000000000E+00 2.0000000000000E+01
A2K41
 1.0391737160684E+05 0.0000000000000E+00 0.0000000000000E+00 2.0000000000000E+01
A2K42
 1.0483250689806E+05 0.0000000000000E+00 0.0000000000000E+00 2.0000000000000E+01
A2K43
 1.0350245536871E+05 0.0000000000000E+00 0.0000000000000E+00 2.0000000000000E+01
A2K44
 1.0340956633671E+05 0.0000000000000E+00 0.0000000000000E+00 2.0000000000000E+01
A2K45
 1.0365694148828E+05 0.0000000000000E+00 0.0000000000000E+00 2.0000000000000E+01
A2K46
 1.0198046476497E+05 0.0000000000000E+00 0.0000000000000E+00 2.0000000000000E+01
A2K47
 1.0443099900311E+05 0.0000000000000E+00 0.0000000000000E+00 2.0000000000000E+01
A2K48
 1.0384414148625E+05 0.0000000000000E+00 0.0000000000000E+00 2.0000000000000E+01
A2K49
 1.0303095405020E+05 0.0000000000000E+00 0.0000000000000E+00 2.0000000000000E+01
A2K50
 1.0351930812151E+05 0.0000000000000E+00 0.0000000000000E+00 2.0000000000000E+01
A2K51
 1.0288144142224E+05 0.0000000000000E+00 0.0000000000000E+00 2.0000000000000E+01
A2K52
 1.0321134133947E+05 0.0000000000000E+00 0.0000000000000E+00 2.0000000000000E+01
A2K53
 1.0379303074438E+05 0.0000000000000E+00 0.0000000000000E+00 2.0000000000000E+01
A2K54
 1.0250531361683E+05 0.0000000000000E+00 0.0000000000000E+00 2.0000000000000E+01
A2K55
 1.0256088496696E+05 0.0000000000000E+00 0.0000000000000E+00 2.0000000000000E+01
A2K56
 1.0361763080042E+05 0.0000000000000E+00 0.0000000000000E+00 2.0000000000000E+01
A2K57
 1.0334713609471E+05 0.0000000000000E+00 0.0000000000000E+00 2.0000000000000E+01
A2K58
 1.0214406789718E+05 0.0000000000000E+00 0.0000000000000E+00 2.0000000000000E+01
A2K59
 1.0416378033753E+05 0.0000000000000E+00 0.0000000000000E+00 2.0000000000000E+01
A2K60
 1.0399942322674E+05 0.0000000000000E+00 0.0000000000000E+00 2.0000000000000E+01
A2K61
 1.0272599355560E+05 0.0000000000000E+00 0.0000000000000E+00 2.0000000000000E+01
A2K62
 1.0344251280388E+05 0.0000000000000E+00 0.0000000000000E+00 2.0000000000000E+01
A2K63
 1.0376659461205E+05 0.0000000000000E+00 0.0000000000000E+00 2.0000000000000E+01
A2K64
 1.0359097599676E+05 0.0000000000000E+00 0.0000000000000E+00 2.0000000000000E+01
A2K65
 1.0396049087625E+05 0.0000000000000E+00 0.0000000000000E+00 2.0000000000000E+01
A2K66
 1.0345412212577E+05 0.0000000000000E+00 0.0000000000000E+00 2.0000000000000E+01
A2K67
 1.0355260911767E+05 0.0000000000000E+00 0.0000000000000E+00 2.0000000000000E+01
A2K68
 1.0402658096862E+05 0.0000000000000E+00 0.0000000000000E+00 2.0000000000000E+01
A2K69
 1.0224926769965E+05 0.0000000000000E+00 0.0000000000000E+00 2.0000000000000E+01
A2K70
 1.0336043103279E+05 0.0000000000000E+00 0.0000000000000E+00 2.0000000000000E+01
A2K71
 1.0352884525309E+05 0.0000000000000E+00 0.0000000000000E+00 2.0000000000000E+01
A2K72
 1.0393788135325E+05 0.0000000000000E+00 0.0000000000000E+00 2.0000000000000E+01
A2K73
 1.0311961780154E+05 0.0000000000000E+00 0.0000000000000E+00 2.0000000000000E+01
A2K74
 1.0368765476962E+05 0.0000000000000E+00 0.0000000000000E+00 2.0000000000000E+01
A2K75
 1.0349804686505E+05 0.0000000000000E+00 0.0000000000000E+00 2.0000000000000E+01
A2K76
 1.0325677589283E+05 0.0000000000000E+00 0.0000000000000E+00 2.0000000000000E+01
A2K77
 1.0314673266334E+05 0.0000000000000E+00 0.0000000000000E+00 2.0000000000000E+01
A2K78
 1.0401901172007E+05 0.0000000000000E+00 0.0000000000000E+00 2.0000000000000E+01
A2K79
 1.0240252582040E+05 0.0000000000000E+00 0.0000000000000E+00 2.0000000000000E+01
A2K80
 1.0383543745412E+05 0.0000000000000E+00 0.0000000000000E+00 2.0000000000000E+01
A2K81
 1.0221741589625E+05 0.0000000000000E+00 0.0000000000000E+00 2.0000000000000E+01
A2K82
 1.0250315184698E+05 0.0000000000000E+00 0.0000000000000E+00 2.0000000000000E+01
A2K83
 1.0329514079476E+05 0.0000000000000E+00 0.0000000000000E+00 2.0000000000000E+01
A2K84
 1.0217262128584E+05 0.0000000000000E+00 0.0000000000000E+00 2.0000000000000E+01
A2K85
 1.0250853794725E+05 0.0000000000000E+00 0.0000000000000E+00 2.0000000000000E+01
A2K86
 1.0241559503433E+05 0.0000000000000E+00 0.0000000000000E+00 2.0000000000000E+01
A2K87
 1.0239872006341E+05 0.0000000000000E+00 0.0000000000000E+00 2.0000000000000E+01
A2K88
 1.0238077670833E+05 0.0000000000000E+00 0.0000000000000E+00 2.0000000000000E+01
A2K89
 1.0347569131161E+05 0.0000000000000E+00 0.0000000000000E+00 2.0000000000000E+01
A2K90
 1.0359824276101E+05 0.0000000000000E+00 0.0000000000000E+00 2.0000000000000E+01
A2K91
 1.0260073508344E+05 0.0000000000000E+00 0.0000000000000E+00 2.0000000000000E+01
A2K92
 1.0271937728068E+05 0.0000000000000E+00 0.0000000000000E+00 2.0000000000000E+01
A2K93
 1.0360608719204E+05 0.0000000000000E+00 0.0000000000000E+00 2.0000000000000E+01
A2K94
 1.0234345761483E+05 0.0000000000000E+00 0.0000000000000E+00 2.0000000000000E+01
A2K95
 1.0236332983268E+05 0.0000000000000E+00 0.0000000000000E+00 2.0000000000000E+01
A2K96
 1.0270657068634E+05 0.0000000000000E+00 0.0000000000000E+00 2.0000000000000E+01
A2K97
 1.0346442481420E+05 0.0000000000000E+00 0.0000000000000E+00 2.0000000000000E+01
A2K98
 1.0467204067566E+05 0.0000000000000E+00 0.0000000000000E+00 2.0000000000000E+01
A2K99
 1.0241765143507E+05 0.0000000000000E+00 0.0000000000000E+00 2.0000000000000E+01
A2L 0
 1.0371003346664E+05 0.0000000000000E+00 0.0000000000000E+00 2.0000000000000E+01
A2L 1
 1.0440480269561E+05 0.0000000000000E+00 0.0000000000000E+00 2.0000000000000E+01
A2L 2
 1.0237527688633E+05 0.0000000000000E+00 0.0000000000000E+00 2.0000000000000E+01
A2L 3
 1.0236147438924E+05 0.0000000000000E+00 0.0000000000000E+00 2.0000000000000E+01
A2L 4
 1.0365359721092E+05 0.0000000000000E+00 0.0000000000000E+00 2.0000000000000E+01
A2L 5
 1.0323287741510E+05 0.0000000000000E+00 0.0000000000000E+00 2.0000000000000E+01
A2L 6
 1.0211293324289E+05 0.0000000000000E+00 0.0000000000000E+00 2.0000000000000E+01
A2L 7
 1.0237850741486E+05 0.0000000000000E+00 0.0000000000000E+00 2.0000000000000E+01
A2L 8
 1.0439793021420E+05 0.0000000000000E+00 0.0000000000000E+00 2.0000000000000E+01
A2L 9
 1.0418813386119E+05 0.0000000000000E+00 0.0000000000000E+00 2.0000000000000E+01
A2L10
 1.0250565131244E+05 0.0000000000000E+00 0.0000000000000E+00 2.0000000000000E+01
A2L11
 1.0340439993503E+05 0.0000000000000E+00 0.0000000000000E+00 2.0000000000000E+01
A2L12
 1.0283334899459E+05 0.0000000000000E+00 0.0000000000000E+00 2.0000000000000E+01
A2L13
 1.0252477385046E+05 0.0000000000000E+00 0.0000000000000E+00 2.0000000000000E+01
A2L14
 1.0419206731209E+05 0.0000000000000E+00 0.0000000000000E+00 2.0000000000000E+01
A2L15
 1.0292545057909E+05 0.0000000000000E+00 0.0000000000000E+00 2.0000000000000E+01
A2L16
 1.0348755984504E+05 0.0000000000000E+00 0.0000000000000E+00 2.0000000000000E+01
A2L17
 1.0283310622987E+05 0.0000000000000E+00 0.0000000000000E+00 2.0000000000000E+01
A2L18
 1.0406881087277E+05 0.0000000000000E+00 0.0000000000000E+00 2.0000000000000E+01
A2L19
 1.0378984683480E+05 0.0000000000000E+00 0.0000000000000E+00 2.0000000000000E+01
A2L20
 1.0235814730359E+05 0.0000000000000E+00 0.0000000000000E+00 2.0000000000000E+01
A2L21
 1.0271720477286E+05 0.0000000000000E+00 0.0000000000000E+00 2.0000000000000E+01
A2L22
 1.0446509956970E+05 0.0000000000000E+00 0.0000000000000E+00 2.0000000000000E+01
A2L23
 1.0248868569497E+05 0.0000000000000E+00 0.0000000000000E+00 2.0000000000000E+01
A2L24
 1.0333712358175E+05 0.0000000000000E+00 0.0000000000000E+00 2.0000000000000E+01
A2L25
 1.0374676437847E+05 0.0000000000000E+00 0.0000000000000E+00 2.0000000000000E+01
A2L26
 1.0354684289396E+05 0.0000000000000E+00 0.0000000000000E+00 2.0000000000000E+01
A2L27
 1.0298196248594E+05 0.0000000000000E+00 0.0000000000000E+00 2.0000000000000E+01
A2L28
 1.0283587359270E+05 0.0000000000000E+00 0.0000000000000E+00 2.0000000000000E+01
A2L29
 1.0314386063482E+05 0.0000000000000E+00 0.0000000000000E+00 2.0000000000000E+01
A2L30
 1.0348961353688E+05 0.0000000000000E+00 0.0000000000000E+00 2.0000000000000E+01
A2L31
 1.0222699778200E+05 0.0000000000000E+00 0.0000000000000E+00 2.0000000000000E+01
A2L32
 1.0362594447789E+05 0.0000000000000E+00 0.0000000000000E+00 2.0000000000000E+01
A2L33
 1.0350177331694E+05 0.0000000000000E+00 0.0000000000000E+00 2.0000000000000E+01
A2L34
 1.0272146239279E+05 0.0000000000000E+00 0.0000000000000E+00 2.0000000000000E+01
A2L35
 1.0271969868422E+05 0.0000000000000E+00 0.0000000000000E+00 2.0000000000000E+01
A2L36
 1.0318059854957E+05 0.0000000000000E+00 0.0000000000000E+00 2.0000000000000E+01
A2L37
 1.0397430110806E+05 0.0000000000000E+00 0.0000000000000E+00 2.0000000000000E+01
A2L38
 1.0376976372897E+05 0.0000000000000E+00 0.0000000000000E+00 2.0000000000000E+01
A2L39
 1.0240346611579E+05 0.0000000000000E+00 0.0000000000000E+00 2.0000000000000E+01
A2L40
 1.0292886753253E+05 0.0000000000000E+00 0.0000000000000E+00 2.0000000000000E+01
A2L41
 1.0427378462169E+05 0.0000000000000E+00 0.0000000000000E+00 2.0000000000000E+01
A2L42
 1.0428239949659E+05 0.0000000000000E+00 0.0000000000000E+00 2.0000000000000E+01
A2L43
 1.0407515636756E+05 0.0000000000000E+00 0.0000000000000E+00 2.0000000000000E+01
A2L44
 1.0363959640337E+05 0.0000000000000E+00 0.0000000000000E+00 2.0000000000000E+01
A2L45
 1.0456089232583E+05 0.0000000000000E+00 0.0000000000000E+00 2.0000000000000E+01
A2L46
 1.0289070427922E+05 0.0000000000000E+00 0.0000000000000E+00 2.0000000000000E+01
A2L47
 1.0203145323888E+05 0.0000000000000E+00 0.0000000000000E+00 2.0000000000000E+01
A2L48
 1.0414971871783E+05 0.0000000000000E+00 0.0000000000000E+00 2.0000000000000E+01
A2L49
 1.0401980860702E+05 0.0000000000000E+00 0.0000000000000E+00 2.0000000000000E+01
A2L50
 1.0289727034572E+05 0.0000000000000E+00 0.0000000000000E+00 2.0000000000000E+01
A2L51
 1.0281985832301E+05 0.0000000000000E+00 0.0000000000000E+00 2.0000000000000E+01
A2L52
 1.0328546242984E+05 0.0000000000000E+00 0.0000000000000E+00 2.0000000000000E+01
A2L53
 1.0306819913442E+05 0.0000000000000E+00 0.0000000000000E+00 2.0000000000000E+01
A2L54
 1.0333123092251E+05 0.0000000000000E+00 0.0000000000000E+00 2.0000000000000E+01
A2L55
 1.0308021080934E+05 0.0000000000000E+00 0.0000000000000E+00 2.0000000000000E+01
A2L56
 1.0421821100627E+05 0.0000000000000E+00 0.0000000000000E+00 2.0000000000000E+01
A2L57
 1.0467921684042E+05 0.0000000000000E+00 0.0000000000000E+00 2.0000000000000E+01
A2L58
 1.0324523998022E+05 0.0000000000000E+00 0.0000000000000E+00 2.0000000000000E+01
A2L59
 1.0352212218464E+05 0.0000000000000E+00 0.0000000000000E+00 2.0000000000000E+01
A2L60
 1.0212460463378E+05 0.0000000000000E+00 0.0000000000000E+00 2.0000000000000E+01
A2L61
 1.0413783128847E+05 0.0000000000000E+00 0.0000000000000E+00 2.0000000000000E+01
A2L62
 1.0290787497514E+05 0.0000000000000E+00 0.0000000000000E+00 2.0000000000000E+01
A2L63
 1.0289391914066E+05 0.0000000000000E+00 0.0000000000000E+00 2.0000000000000E+01
A2L64
 1.0272519558412E+05 0.0000000000000E+00 0.0000000000000E+00 2.0000000000000E+01
A2L65
 1.0332082739396E+05 0.0000000000000E+00 0.0000000000000E+00 2.0000000000000E+01
A2L66
 1.0410491101989E+05 0.0000000000000E+00 0.0000000000000E+00 2.0000000000000E+01
A2L67
 1.0408596930428E+05 0.0000000000000E+00 0.0000000000000E+00 2.0000000000000E+01
A2L68
 1.0241844078976E+05 0.0000000000000E+00 0.0000000000000E+00 2.0000000000000E+01
A2L69
 1.0306094355291E+05 0.0000000000000E+00 0.0000000000000E+00 2.0000000000000E+01
A2L70
 1.0388018370030E+05 0.0000000000000E+00 0.0000000000000E+00 2.0000000000000E+01
A2L71
 1.0412137270251E+05 0.0000000000000E+00 0.0000000000000E+00 2.0000000000000E+01
A2L72
 1.0469581011910E+05 0.0000000000000E+00 0.0000000000000E+00 2.0000000000000E+01
A2L73
 1.0351911078086E+05 0.0000000000000E+00 0.0000000000000E+00 2.0000000000000E+01
A2L74
 1.0421802401064E+05 0.0000000000000E+00 0.0000000000000E+00 2.0000000000000E+01
A2L75
 1.0399979447988E+05 0.0000000000000E+00 0.0000000000000E+00 2.0000000000000E+01
A2L76
 1.0397229470449E+05 0.0000000000000E+00 0.0000000000000E+00 2.0000000000000E+01
A2L77
 1.0309280892105E+05 0.0000000000000E+00 0.0000000000000E+00 2.0000000000000E+01
A2L78
 1.0338447455085E+05 0.0000000000000E+00 0.0000000000000E+00 2.0000000000000E+01
A2L79
 1.0310141257975E+05 0.0000000000000E+00 0.0000000000000E+00 2.0000000000000E+01
A2L80
 1.0351639223185E+05 0.0000000000000E+00 0.0000000000000E+00 2.0000000000000E+01
A2L81
 1.0305043319337E+05 0.0000000000000E+00 0.0000000000000E+00 2.0000000000000E+01
A2L82
 1.0239585022849E+05 0.0000000000000E+00 0.0000000000000E+00 2.0000000000000E+01
A2L83
 1.0351349642467E+05 0.0000000000000E+00 0.0000000000000E+00 2.0000000000000E+01
A2L84
 1.0338003586546E+05 0.0000000000000E+00 0.0000000000000E+00 2.0000000000000E+01
A2L85
 1.0433368217523E+05 0.0000000000000E+00 0.0000000000000E+00 2.0000000000000E+01
A2L86
 1.0290816862123E+05 0.0000000000000E+00 0.0000000000000E+00 2.0000000000000E+01
A2L87
 1.0356278438993E+05 0.0000000000000E+00 0.0000000000000E+00 2.0000000000000E+01
A2L88
 1.0314020194443E+05 0.0000000000000E+00 0.0000000000000E+00 2.0000000000000E+01
A2L89
 1.0202615722747E+05 0.0000000000000E+00 0.0000000000000E+00 2.0000000000000E+01
A2L90
 1.0370746121519E+05 0.0000000000000E+00 0.0000000000000E+00 2.0000000000000E+01
A2L91
 1.0461549330010E+05 0.0000000000000E+00 0.0000000000000E+00 2.0000000000000E+01
A2L92
 1.0470348360088E+05 0.0000000000000E+00 0.0000000000000E+00 2.0000000000000E+01
A2L93
 1.0319856463714E+05 0.0000000000000E+00 0.0000000000000E+00 2.0000000000000E+01
A2L94
 1.0216220610365E+05 0.0000000000000E+00 0.0000000000000E+00 2.0000000000000E+01
A2L95
 1.0304359485635E+05 0.0000000000000E+00 0.0000000000000E+00 2.0000000000000E+01
A2L96
 1.0205551944755E+05 0.0000000000000E+00 0.0000000000000E+00 2.0000000000000E+01
A2L97
 1.0304285502104E+05 0.0000000000000E+00 0.0000000000000E+00 2.0000000000000E+01
A2L98
 1.0289510670432E+05 0.0000000000000E+00 0.0000000000000E+00 2.0000000000000E+01
A2L99
 1.0312067839667E+05 0.0000000000000E+00 0.0000000000000E+00 2.0000000000000E+01
A2M 0
 1.0206680508838E+05 0.0000000000000E+00 0.0000000000000E+00 2.0000000000000E+01
A2M 1
 1.0317989223573E+05 0.0000000000000E+00 0.0000000000000E+00 2.0000000000000E+01
A2M 2
 1.0309904847559E+05 0.0000000000000E+00 0.0000000000000E+00 2.0000000000000E+01
A2M 3
 1.0245708334980E+05 0.0000000000000E+00 0.0000000000000E+00 2.0000000000000E+01
A2M 4
 1.0309364865842E+05 0.0000000000000E+00 0.0000000000000E+00 2.0000000000000E+01
A2M 5
 1.0313411550043E+05 0.0000000000000E+00 0.0000000000000E+00 2.0000000000000E+01
A2M 6
 1.0369934352077E+05 0.0000000000000E+00 0.0000000000000E+00 2.0000000000000E+01
A2M 7
 1.0246614024970E+05 0.0000000000000E+00 0.0000000000000E+00 2.0000000000000E+01
A2M 8
 1.0273064050249E+05 0.0000000000000E+00 0.0000000000000E+00 2.0000000000000E+01
A2M 9
 1.0316980445685E+05 0.0000000000000E+00 0.0000000000000E+00 2.0000000000000E+01
A2M10
 1.0371343738362E+05 0.0000000000000E+00 0.0000000000000E+00 2.0000000000000E+01
A2M11
 1.0312797962395E+05 0.0000000000000E+00 0.0000000000000E+00 2.0000000000000E+01
A2M12
 1.0479443009496E+05 0.0000000000000E+00 0.0000000000000E+00 2.0000000000000E+01
A2M13
 1.0292718035376E+05 0.0000000000000E+00 0.0000000000000E+00 2.0000000000000E+01
A2M14
 1.0203847989793E+05 0.0000000000000E+00 0.0000000000000E+00 2.0000000000000E+01
A2M15
 1.0332428011674E+05 0.0000000000000E+00 0.0000000000000E+00 2.0000000000000E+01
A2M16
 1.0351910359912E+05 0.0000000000000E+00 0.0000000000000E+00 2.0000000000000E+01
A2M17
 1.0237726380412E+05 0.0000000000000E+00 0.0000000000000E+00 2.0000000000000E+01
A2M18
 1.0249828861785E+05 0.0000000000000E+00 0.0000000000000E+00 2.0000000000000E+01
A2M19
 1.0335046158823E+05 0.0000000000000E+00 0.0000000000000E+00 2.0000000000000E+01
A2M20
 1.0210143429391E+05 0.0000000000000E+00 0.0000000000000E+00 2.0000000000000E+01
A2M21
 1.0306805861507E+05 0.0000000000000E+00 0.0000000000000E+00 2.0000000000000E+01
A2M22
 1.0315987620590E+05 0.0000000000000E+00 0.0000000000000E+00 2.0000000000000E+01
A2M23
 1.0200242164977E+05 0.0000000000000E+00 0.0000000000000E+00 2.0000000000000E+01
A2M24
 1.0210463687256E+05 0.0000000000000E+00 0.0000000000000E+00 2.0000000000000E+01
A2M25
 1.0206669706275E+05 0.0000000000000E+00 0.0000000000000E+00 2.0000000000000E+01
A2M26
 1.0283783829023E+05 0.0000000000000E+00 0.0000000000000E+00 2.0000000000000E+01
A2M27
 1.0222546836378E+05 0.0000000000000E+00 0.0000000000000E+00 2.0000000000000E+01
A2M28
 1.0343350167638E+05 0.0000000000000E+00 0.0000000000000E+00 2.0000000000000E+01
A2M29
 1.0328512692229E+05 0.0000000000000E+00 0.0000000000000E+00 2.0000000000000E+01
A2M30
 1.0210190860538E+05 0.0000000000000E+00 0.0000000000000E+00 2.0000000000000E+01
A2M31
 1.0331212230240E+05 0.0000000000000E+00 0.0000000000000E+00 2.0000000000000E+01
A2M32
 1.0211514808441E+05 0.0000000000000E+00 0.0000000000000E+00 2.0000000000000E+01
A2M33
 1.0199078015096E+05 0.0000000000000E+00 0.0000000000000E+00 2.0000000000000E+01
A2M34
 1.0330100837593E+05 0.0000000000000E+00 0.0000000000000E+00 2.0000000000000E+01
A2M35
 1.0283360333735E+05 0.0000000000000E+00 0.0000000000000E+00 2.0000000000000E+01
A2M36
 1.0252430639306E+05 0.0000000000000E+00 0.0000000000000E+00 2.0000000000000E+01
A2M37
 1.0337889244588E+05 0.0000000000000E+00 0.0000000000000E+00 2.0000000000000E+01
A2M38
 1.0369775816751E+05 0.0000000000000E+00 0.0000000000000E+00 2.0000000000000E+01
A2M39
 1.0197090485079E+05 0.0000000000000E+00 0.0000000000000E+00 2.0000000000000E+01
A2M40
 1.0328815161539E+05 0.0000000000000E+00 0.0000000000000E+00 2.0000000000000E+01
A2M41
 1.0371671567726E+05 0.0000000000000E+00 0.0000000000000E+00 2.0000000000000E+01
A2M42
 1.0254176862943E+05 0.0000000000000E+00 0.0000000000000E+00 2.0000000000000E+01
A2M43
 1.0311676883633E+05 0.0000000000000E+00 0.0000000000000E+00 2.0000000000000E+01
A2M44
 1.0313029798500E+05 0.0000000000000E+00 0.0000000000000E+00 2.0000000000000E+01
A2M45
 1.0246524740959E+05 0.0000000000000E+00 0.0000000000000E+00 2.0000000000000E+01
A2M46
 1.0310350506900E+05 0.0000000000000E+00 0.0000000000000E+00 2.0000000000000E+01
A2M47
 1.0419688861969E+05 0.0000000000000E+00 0.0000000000000E+00 2.0000000000000E+01
A2M48
 1.0344270086351E+05 0.0000000000000E+00 0.0000000000000E+00 2.0000000000000E+01
A2M49
 1.0349130775826E+05 0.0000000000000E+00 0.0000000000000E+00 2.0000000000000E+01
A2M50
 1.0351057462182E+05 0.0000000000000E+00 0.0000000000000E+00 2.0000000000000E+01
A2M51
 1.0315316327052E+05 0.0000000000000E+00 0.0000000000000E+00 2.0000000000000E+01
A2M52
 1.0213726566711E+05 0.0000000000000E+00 0.0000000000000E+00 2.0000000000000E+01
A2M53
 1.0308470919675E+05 0.0000000000000E+00 0.0000000000000E+00 2.0000000000000E+01
A2M54
 1.0209957723240E+05 0.0000000000000E+00 0.0000000000000E+00 2.0000000000000E+01
A2M55
 1.0330823802856E+05 0.0000000000000E+00 0.0000000000000E+00 2.0000000000000E+01
A2M56
 1.0315416119125E+05 0.0000000000000E+00 0.0000000000000E+00 2.0000000000000E+01
A2M57
 1.0281159433976E+05 0.0000000000000E+00 0.0000000000000E+00 2.0000000000000E+01
A2M58
 1.0211785515982E+05 0.0000000000000E+00 0.0000000000000E+00 2.0000000000000E+01
A2M59
 1.0338939695579E+05 0.0000000000000E+00 0.0000000000000E+00 2.0000000000000E+01
A2M60
 1.0316441361513E+05 0.0000000000000E+00 0.0000000000000E+00 2.0000000000000E+01
A2M61
 1.0281177041090E+05 0.0000000000000E+00 0.0000000000000E+00 2.0000000000000E+01
A2M62
 1.0292000619525E+05 0.0000000000000E+00 0.0000000000000E+00 2.0000000000000E+01
A2M63
 1.0339721226735E+05 0.0000000000000E+00 0.0000000000000E+00 2.0000000000000E+01
A2M64
 1.0247284837881E+05 0.0000000000000E+00 0.0000000000000E+00 2.0000000000000E+01
A2M65
 1.0309428491373E+05 0.0000000000000E+00 0.0000000000000E+00 2.0000000000000E+01
A2M66
 1.0350455268396E+05 0.0000000000000E+00 0.0000000000000E+00 2.0000000000000E+01
A2M67
 1.0290507483967E+05 0.0000000000000E+00 0.0000000000000E+00 2.0000000000000E+01
A2M68
 1.0222072732119E+05 0.0000000000000E+00 0.0000000000000E+00 2.0000000000000E+01
A2M69
 1.0363636132425E+05 0.0000000000000E+00 0.0000000000000E+00 2.0000000000000E+01
A2M70
 1.0315977235693E+05 0.0000000000000E+00 0.0000000000000E+00 2.0000000000000E+01
A2M71
 1.0349827722695E+05 0.0000000000000E+00 0.0000000000000E+00 2.0000000000000E+01
A2M72
 1.0330339451127E+05 0.0000000000000E+00 0.0000000000000E+00 2.0000000000000E+01
A2M73
 1.0277484944071E+05 0.0000000000000E+00 0.0000000000000E+00 2.0000000000000E+01
A2M74
 1.0298780043292E+05 0.0000000000000E+00 0.0000000000000E+00 2.0000000000000E+01
A2M75
 1.0244356256546E+05 0.0000000000000E+00 0.0000000000000E+00 2.0000000000000E+01
A2M76
 1.0304585365184E+05 0.0000000000000E+00 0.0000000000000E+00 2.0000000000000E+01
A2M77
 1.0235962433758E+05 0.0000000000000E+00 0.0000000000000E+00 2.0000000000000E+01
A2M78
 1.0303935034701E+05 0.0000000000000E+00 0.0000000000000E+00 2.0000000000000E+01
A2M79
 1.0338170213780E+05 0.0000000000000E+00 0.0000000000000E+00 2.0000000000000E+01
A2M80
 1.0310645817943E+05 0.0000000000000E+00 0.0000000000000E+00 2.0000000000000E+01
A2M81
 1.0269781144048E+05 0.0000000000000E+00 0.0000000000000E+00 2.0000000000000E+01
A2M82
 1.0425877803778E+05 0.0000000000000E+00 0.0000000000000E+00 2.0000000000000E+01
A2M83
 1.0430000968944E+05 0.0000000000000E+00 0.0000000000000E+00 2.0000000000000E+01
A2M84
 1.0338817266897E+05 0.0000000000000E+00 0.0000000000000E+00 2.0000000000000E+01
A2M85
 1.0340497805709E+05 0.0000000000000E+00 0.0000000000000E+00 2.0000000000000E+01
A2M86
 1.0292016046590E+05 0.0000000000000E+00 0.0000000000000E+00 2.0000000000000E+01
A2M87
 1.0431532839443E+05 0.0000000000000E+00 0.0000000000000E+00 2.0000000000000E+01
A2M88
 1.0349869243065E+05 0.0000000000000E+00 0.0000000000000E+00 2.0000000000000E+01
A2M89
 1.0443857947397E+05 0.0000000000000E+00 0.0000000000000E+00 2.0000000000000E+01
A2M90
 1.0238805567070E+05 0.0000000000000E+00 0.0000000000000E+00 2.0000000000000E+01
A2M91
 1.0353465562600E+05 0.0000000000000E+00 0.0000000000000E+00 2.0000000000000E+01
A2M92
 1.0350613746694E+05 0.0000000000000E+00 0.0000000000000E+00 2.0000000000000E+01
A2M93
 1.0436858887920E+05 0.0000000000000E+00 0.0000000000000E+00 2.0000000000000E+01
A2M94
 1.0361247145705E+05 0.0000000000000E+00 0.0000000000000E+00 2.0000000000000E+01
A2M95
 1.0427374568181E+05 0.0000000000000E+00 0.0000000000000E+00 2.0000000000000E+01
A2M96
 1.0442231437793E+05 0.0000000000000E+00 0.0000000000000E+00 2.0000000000000E+01
A2M97
 1.0236393990242E+05 0.0000000000000E+00 0.0000000000000E+00 2.0000000000000E+01
A2M98
 1.0366823652901E+05 0.0000000000000E+00 0.0000000000000E+00 2.0000000000000E+01
A2M99
 1.0424738278661E+05 0.0000000000000E+00 0.0000000000000E+00 2.0000000000000E+01
A2N 0
 1.0458671766774E+05 0.0000000000000E+00 0.0000000000000E+00 2.0000000000000E+01
A2N 1
 1.0432271790460E+05 0.0000000000000E+00 0.0000000000000E+00 2.0000000000000E+01
A2N 2
 1.0424144512755E+05 0.0000000000000E+00 0.0000000000000E+00 2.0000000000000E+01
A2N 3
 1.0346528368575E+05 0.0000000000000E+00 0.0000000000000E+00 2.0000000000000E+01
A2N 4
 1.0351600003744E+05 0.0000000000000E+00 0.0000000000000E+00 2.0000000000000E+01
A2N 5
 1.0371952905740E+05 0.0000000000000E+00 0.0000000000000E+00 2.0000000000000E+01
A2N 6
 1.0469252689603E+05 0.0000000000000E+00 0.0000000000000E+00 2.0000000000000E+01
A2N 7
 1.0446583287841E+05 0.0000000000000E+00 0.0000000000000E+00 2.0000000000000E+01
A2N 8
 1.0323566821944E+05 0.0000000000000E+00 0.0000000000000E+00 2.0000000000000E+01
A2N 9
 1.0342116478821E+05 0.0000000000000E+00 0.0000000000000E+00 2.0000000000000E+01
A2N10
 1.0321598453599E+05 0.0000000000000E+00 0.0000000000000E+00 2.0000000000000E+01
A2N11
 1.0395757906437E+05 0.0000000000000E+00 0.0000000000000E+00 2.0000000000000E+01
A2N12
 1.0343545990990E+05 0.0000000000000E+00 0.0000000000000E+00 2.0000000000000E+01
A2N13
 1.0281769734432E+05 0.0000000000000E+00 0.0000000000000E+00 2.0000000000000E+01
A2N14
 1.0319450785476E+05 0.0000000000000E+00 0.0000000000000E+00 2.0000000000000E+01
A2N15
 1.0318898095474E+05 0.0000000000000E+00 0.0000000000000E+00 2.0000000000000E+01
A2N16
 1.0204510575104E+05 0.0000000000000E+00 0.0000000000000E+00 2.0000000000000E+01
A2N17
 1.0315161258625E+05 0.0000000000000E+00 0.0000000000000E+00 2.0000000000000E+01
A2N18
 1.0353550179978E+05 0.0000000000000E+00 0.0000000000000E+00 2.0000000000000E+01
A2N19
 1.0216156367480E+05 0.0000000000000E+00 0.0000000000000E+00 2.0000000000000E+01
A2N20
 1.0330546152699E+05 0.0000000000000E+00 0.0000000000000E+00 2.0000000000000E+01
A2N21
 1.0308224431201E+05 0.0000000000000E+00 0.0000000000000E+00 2.0000000000000E+01
A2N22
 1.0272183091504E+05 0.0000000000000E+00 0.0000000000000E+00 2.0000000000000E+01
A2N23
 1.0283275913661E+05 0.0000000000000E+00 0.0000000000000E+00 2.0000000000000E+01
A2N24
 1.0339881581970E+05 0.0000000000000E+00 0.0000000000000E+00 2.0000000000000E+01
A2N25
 1.0455198005554E+05 0.0000000000000E+00 0.0000000000000E+00 2.0000000000000E+01
A2N26
 1.0353905543310E+05 0.0000000000000E+00 0.0000000000000E+00 2.0000000000000E+01
A2N27
 1.0337313140127E+05 0.0000000000000E+00 0.0000000000000E+00 2.0000000000000E+01
A2N28
 1.0347814934112E+05 0.0000000000000E+00 0.0000000000000E+00 2.0000000000000E+01
A2N29
 1.0320771760312E+05 0.0000000000000E+00 0.0000000000000E+00 2.0000000000000E+01
A2N30
 1.0375363304169E+05 0.0000000000000E+00 0.0000000000000E+00 2.0000000000000E+01
A2N31
 1.0299889028690E+05 0.0000000000000E+00 0.0000000000000E+00 2.0000000000000E+01
A2N32
 1.0309270376677E+05 0.0000000000000E+00 0.0000000000000E+00 2.0000000000000E+01
A2N33
 1.0249778145378E+05 0.0000000000000E+00 0.0000000000000E+00 2.0000000000000E+01
A2N34
 1.0411902124547E+05 0.0000000000000E+00 0.0000000000000E+00 2.0000000000000E+01
A2N35
 1.0377736062551E+05 0.0000000000000E+00 0.0000000000000E+00 2.0000000000000E+01
A2N36
 1.0262792100951E+05 0.0000000000000E+00 0.0000000000000E+00 2.0000000000000E+01
A2N37
 1.0248298120713E+05 0.0000000000000E+00 0.0000000000000E+00 2.0000000000000E+01
A2N38
 1.0254218390627E+05 0.0000000000000E+00 0.0000000000000E+00 2.0000000000000E+01
A2N39
 1.0355776064382E+05 0.0000000000000E+00 0.0000000000000E+00 2.0000000000000E+01
A2N40
 1.0307995575609E+05 0.0000000000000E+00 0.0000000000000E+00 2.0000000000000E+01
A2N41
 1.0319801404752E+05 0.0000000000000E+00 0.0000000000000E+00 2.0000000000000E+01
A2N42
 1.0228512890537E+05 0.0000000000000E+00 0.0000000000000E+00 2.0000000000000E+01
A2N43
 1.0335558896289E+05 0.0000000000000E+00 0.0000000000000E+00 2.0000000000000E+01
A2N44
 1.0409323929532E+05 0.0000000000000E+00 0.0000000000000E+00 2.0000000000000E+01
A2N45
 1.0334842916651E+05 0.0000000000000E+00 0.0000000000000E+00 2.0000000000000E+01
A2N46
 1.0238061942004E+05 0.0000000000000E+00 0.0000000000000E+00 2.0000000000000E+01
A2N47
 1.0317995718540E+05 0.0000000000000E+00 0.0000000000000E+00 2.0000000000000E+01
A2N48
 1.0372744763916E+05 0.0000000000000E+00 0.0000000000000E+00 2.0000000000000E+01
A2N49
 1.0251420282238E+05 0.0000000000000E+00 0.0000000000000E+00 2.0000000000000E+01
A2N50
 1.0406641837553E+05 0.0000000000000E+00 0.0000000000000E+00 2.0000000000000E+01
A2N51
 1.0372980789232E+05 0.0000000000000E+00 0.0000000000000E+00 2.0000000000000E+01
A2N52
 1.0275282733369E+05 0.0000000000000E+00 0.0000000000000E+00 2.0000000000000E+01
A2N53
 1.0365601435651E+05 0.0000000000000E+00 0.0000000000000E+00 2.0000000000000E+01
A2N54
 1.0251482909799E+05 0.0000000000000E+00 0.0000000000000E+00 2.0000000000000E+01
A2N55
 1.0209667484066E+05 0.0000000000000E+00 0.0000000000000E+00 2.0000000000000E+01
A2N56
 1.0358049116346E+05 0.0000000000000E+00 0.0000000000000E+00 2.0000000000000E+01
A2N57
 1.0207954342354E+05 0.0000000000000E+00 0.0000000000000E+00 2.0000000000000E+01
A2N58
 1.0355033485661E+05 0.0000000000000E+00 0.0000000000000E+00 2.0000000000000E+01
A2N59
 1.0385990182043E+05 0.0000000000000E+00 0.0000000000000E+00 2.0000000000000E+01
A2N60
 1.0221097323090E+05 0.0000000000000E+00 0.0000000000000E+00 2.0000000000000E+01
A2N61
 1.0284341155695E+05 0.0000000000000E+00 0.0000000000000E+00 2.0000000000000E+01
A2N62
 1.0409461619947E+05 0.0000000000000E+00 0.0000000000000E+00 2.0000000000000E+01
A2N63
 1.0218334645427E+05 0.0000000000000E+00 0.0000000000000E+00 2.0000000000000E+01
A2N64
 1.0356716058064E+05 0.0000000000000E+00 0.0000000000000E+00 2.0000000000000E+01
A2N65
 1.0318536274795E+05 0.0000000000000E+00 0.0000000000000E+00 2.0000000000000E+01
A2N66
 1.0416881007071E+05 0.0000000000000E+00 0.0000000000000E+00 2.0000000000000E+01
A2N67
 1.0435571076412E+05 0.0000000000000E+00 0.0000000000000E+00 2.0000000000000E+01
A2N68
 1.0408725785160E+05 0.0000000000000E+00 0.0000000000000E+00 2.0000000000000E+01
A2N69
 1.0354857548265E+05 0.0000000000000E+00 0.0000000000000E+00 2.0000000000000E+01
A2N70
 1.0394010550274E+05 0.0000000000000E+00 0.0000000000000E+00 2.0000000000000E+01
A2N71
 1.0241965241432E+05 0.0000000000000E+00 0.0000000000000E+00 2.0000000000000E+01
A2N72
 1.0304038070790E+05 0.0000000000000E+00 0.0000000000000E+00 2.0000000000000E+01
A2N73
 1.0281309727829E+05 0.0000000000000E+00 0.0000000000000E+00 2.0000000000000E+01
A2N74
 1.0353698872734E+05 0.0000000000000E+00 0.0000000000000E+00 2.0000000000000E+01
A2N75
 1.0385739128819E+05 0.0000000000000E+00 0.0000000000000E+00 2.0000000000000E+01
A2N76
 1.0202837968583E+05 0.0000000000000E+00 0.0000000000000E+00 2.0000000000000E+01
A2N77
 1.0222054983905E+05 0.0000000000000E+00 0.0000000000000E+00 2.0000000000000E+01
A2N78
 1.0213734116446E+05 0.0000000000000E+00 0.0000000000000E+00 2.0000000000000E+01
A2N79
 1.0372893414504E+05 0.0000000000000E+00 0.0000000000000E+00 2.0000000000000E+01
A2N80
 1.0387613020797E+05 0.0000000000000E+00 0.0000000000000E+00 2.0000000000000E+01
A2N81
 1.0322427954033E+05 0.0000000000000E+00 0.0000000000000E+00 2.0000000000000E+01
A2N82
 1.0260117546210E+05 0.0000000000000E+00 0.0000000000000E+00 2.0000000000000E+01
A2N83
 1.0301866296404E+05 0.0000000000000E+00 0.0000000000000E+00 2.0000000000000E+01
A2N84
 1.0196816004629E+05 0.0000000000000E+00 0.0000000000000E+00 2.0000000000000E+01
A2N85
 1.0458037433165E+05 0.0000000000000E+00 0.0000000000000E+00 2.0000000000000E+01
A2N86
 1.0470348361874E+05 0.0000000000000E+00 0.0000000000000E+00 2.0000000000000E+01
A2N87
 1.0221186795906E+05 0.0000000000000E+00 0.0000000000000E+00 2.0000000000000E+01
A2N88
 1.0392068739170E+05 0.0000000000000E+00 0.0000000000000E+00 2.0000000000000E+01
A2N89
 1.0209168168182E+05 0.0000000000000E+00 0.0000000000000E+00 2.0000000000000E+01
A2N90
 1.0319750169338E+05 0.0000000000000E+00 0.0000000000000E+00 2.0000000000000E+01
A2N91
 1.0215393994611E+05 0.0000000000000E+00 0.0000000000000E+00 2.0000000000000E+01
A2N92
 1.0262480843942E+05 0.0000000000000E+00 0.0000000000000E+00 2.0000000000000E+01
A2N93
 1.0337116519609E+05 0.0000000000000E+00 0.0000000000000E+00 2.0000000000000E+01
A2N94
 1.0214496854268E+05 0.0000000000000E+00 0.0000000000000E+00 2.0000000000000E+01
A2N95
 1.0457510596439E+05 0.0000000000000E+00 0.0000000000000E+00 2.0000000000000E+01
A2N96
 1.0378534104488E+05 0.0000000000000E+00 0.0000000000000E+00 2.0000000000000E+01
A2N97
 1.0323788544557E+05 0.0000000000000E+00 0.0000000000000E+00 2.0000000000000E+01
A2N98
 1.0286370217439E+05 0.0000000000000E+00 0.0000000000000E+00 2.0000000000000E+01
A2N99
 1.0261758266685E+05 0.0000000000000E+00 0.0000000000000E+00 2.0000000000000E+01
A2O 0
 1.0462653339353E+05 0.0000000000000E+00 0.0000000000000E+00 2.0000000000000E+01
A2O 1
 1.0210715007161E+05 0.0000000000000E+00 0.0000000000000E+00 2.0000000000000E+01
A2O 2
 1.0456603524968E+05 0.0000000000000E+00 0.0000000000000E+00 2.0000000000000E+01
A2O 3
 1.0311885461857E+05 0.0000000000000E+00 0.0000000000000E+00 2.0000000000000E+01
A2O 4
 1.0240113303746E+05 0.0000000000000E+00 0.0000000000000E+00 2.0000000000000E+01
A2O 5
 1.0268588213953E+05 0.0000000000000E+00 0.0000000000000E+00 2.0000000000000E+01
A2O 6
 1.0348894312809E+05 0.0000000000000E+00 0.0000000000000E+00 2.0000000000000E+01
A2O 7
 1.0330015002123E+05 0.0000000000000E+00 0.0000000000000E+00 2.0000000000000E+01
A2O 8
 1.0258441301123E+05 0.0000000000000E+00 0.0000000000000E+00 2.0000000000000E+01
A2O 9
 1.0374780177813E+05 0.0000000000000E+00 0.0000000000000E+00 2.0000000000000E+01
A2O10
 1.0332715044954E+05 0.0000000000000E+00 0.0000000000000E+00 2.0000000000000E+01
A2O11
 1.0232305007309E+05 0.0000000000000E+00 0.0000000000000E+00 2.0000000000000E+01
A2O12
 1.0355763634160E+05 0.0000000000000E+00 0.0000000000000E+00 2.0000000000000E+01
A2O13
 1.0404274467958E+05 0.0000000000000E+00 0.0000000000000E+00 2.0000000000000E+01
A2O14
 1.0220215332307E+05 0.0000000000000E+00 0.0000000000000E+00 2.0000000000000E+01
A2O15
 1.0337271719770E+05 0.0000000000000E+00 0.0000000000000E+00 2.0000000000000E+01
A2O16
 1.0272810732160E+05 0.0000000000000E+00 0.0000000000000E+00 2.0000000000000E+01
A2O17
 1.0415763735311E+05 0.0000000000000E+00 0.0000000000000E+00 2.0000000000000E+01
A2O18
 1.0446113695738E+05 0.0000000000000E+00 0.0000000000000E+00 2.0000000000000E+01
A2O19
 1.0355906893634E+05 0.0000000000000E+00 0.0000000000000E+00 2.0000000000000E+01
A2O20
 1.0346658699497E+05 0.0000000000000E+00 0.0000000000000E+00 2.0000000000000E+01
A2O21
 1.0250778581933E+05 0.0000000000000E+00 0.0000000000000E+00 2.0000000000000E+01
A2O22
 1.0270534531672E+05 0.0000000000000E+00 0.0000000000000E+00 2.0000000000000E+01
A2O23
 1.0386725658052E+05 0.0000000000000E+00 0.0000000000000E+00 2.0000000000000E+01
A2O24
 1.0458440990371E+05 0.0000000000000E+00 0.0000000000000E+00 2.0000000000000E+01
A2O25
 1.0392071747697E+05 0.0000000000000E+00 0.0000000000000E+00 2.0000000000000E+01
A2O26
 1.0469148494293E+05 0.0000000000000E+00 0.0000000000000E+00 2.0000000000000E+01
A2O27
 1.0429537855320E+05 0.0000000000000E+00 0.0000000000000E+00 2.0000000000000E+01
A2O28
 1.0392302430692E+05 0.0000000000000E+00 0.0000000000000E+00 2.0000000000000E+01
A2O29
 1.0236167364534E+05 0.0000000000000E+00 0.0000000000000E+00 2.0000000000000E+01
A2O30
 1.0380801208176E+05 0.0000000000000E+00 0.0000000000000E+00 2.0000000000000E+01
A2O31
 1.0457248490852E+05 0.0000000000000E+00 0.0000000000000E+00 2.0000000000000E+01
A2O32
 1.0293279039890E+05 0.0000000000000E+00 0.0000000000000E+00 2.0000000000000E+01
A2O33
 1.0355217168250E+05 0.0000000000000E+00 0.0000000000000E+00 2.0000000000000E+01
A2O34
 1.0305589414566E+05 0.0000000000000E+00 0.0000000000000E+00 2.0000000000000E+01
A2O35
 1.0370974145379E+05 0.0000000000000E+00 0.0000000000000E+00 2.0000000000000E+01
A2O36
 1.0282276013050E+05 0.0000000000000E+00 0.0000000000000E+00 2.0000000000000E+01
A2O37
 1.0373153718102E+05 0.0000000000000E+00 0.0000000000000E+00 2.0000000000000E+01
A2O38
 1.0456763597152E+05 0.0000000000000E+00 0.0000000000000E+00 2.0000000000000E+01
A2O39
 1.0319935570205E+05 0.0000000000000E+00 0.0000000000000E+00 2.0000000000000E+01
A2O40
 1.0317320645303E+05 0.0000000000000E+00 0.0000000000000E+00 2.0000000000000E+01
A2O41
 1.0337866198469E+05 0.0000000000000E+00 0.0000000000000E+00 2.0000000000000E+01
A2O42
 1.0391944078918E+05 0.0000000000000E+00 0.0000000000000E+00 2.0000000000000E+01
A2O43
 1.0424488298897E+05 0.0000000000000E+00 0.0000000000000E+00 2.0000000000000E+01
A2O44
 1.0236904769933E+05 0.0000000000000E+00 0.0000000000000E+00 2.0000000000000E+01
A2O45
 1.0456903403212E+05 0.0000000000000E+00 0.0000000000000E+00 2.0000000000000E+01
A2O46
 1.0419378987768E+05 0.0000000000000E+00 0.0000000000000E+00 2.0000000000000E+01
A2O47
 1.0230112930935E+05 0.0000000000000E+00 0.0000000000000E+00 2.0000000000000E+01
A2O48
 1.0276796188196E+05 0.0000000000000E+00 0.0000000000000E+00 2.0000000000000E+01
A2O49
 1.0414452219339E+05 0.0000000000000E+00 0.0000000000000E+00 2.0000000000000E+01
A2O50
 1.0482305238086E+05 0.0000000000000E+00 0.0000000000000E+00 2.0000000000000E+01
A2O51
 1.0282768905532E+05 0.0000000000000E+00 0.0000000000000E+00 2.0000000000000E+01
A2O52
 1.0391721224772E+05 0.0000000000000E+00 0.0000000000000E+00 2.0000000000000E+01
A2O53
 1.0373182200530E+05 0.0000000000000E+00 0.0000000000000E+00 2.0000000000000E+01
A2O54
 1.0412626032655E+05 0.0000000000000E+00 0.0000000000000E+00 2.0000000000000E+01
A2O55
 1.0366846264138E+05 0.0000000000000E+00 0.0000000000000E+00 2.0000000000000E+01
A2O56
 1.0335119705847E+05 0.0000000000000E+00 0.0000000000000E+00 2.0000000000000E+01
A2O57
 1.0305503491306E+05 0.0000000000000E+00 0.0000000000000E+00 2.0000000000000E+01
A2O58
 1.0308855126420E+05 0.0000000000000E+00 0.0000000000000E+00 2.0000000000000E+01
A2O59
 1.0369924978488E+05 0.0000000000000E+00 0.0000000000000E+00 2.0000000000000E+01
A2O60
 1.0389709695296E+05 0.0000000000000E+00 0.0000000000000E+00 2.0000000000000E+01
A2O61
 1.0414280163072E+05 0.0000000000000E+00 0.0000000000000E+00 2.0000000000000E+01
A2O62
 1.0368704710755E+05 0.0000000000000E+00 0.0000000000000E+00 2.0000000000000E+01
A2O63
 1.0278979110231E+05 0.0000000000000E+00 0.0000000000000E+00 2.0000000000000E+01
A2O64
 1.0385754218752E+05 0.0000000000000E+00 0.0000000000000E+00 2.0000000000000E+01
A2O65
 1.0339041843012E+05 0.0000000000000E+00 0.0000000000000E+00 2.0000000000000E+01
A2O66
 1.0329701352283E+05 0.0000000000000E+00 0.0000000000000E+00 2.0000000000000E+01
A2O67
 1.0247679132335E+05 0.0000000000000E+00 0.0000000000000E+00 2.0000000000000E+01
A2O68
 1.0216147316272E+05 0.0000000000000E+00 0.0000000000000E+00 2.0000000000000E+01
A2O69
 1.0373951520585E+05 0.0000000000000E+00 0.0000000000000E+00 2.0000000000000E+01
A2O70
 1.0224810609846E+05 0.0000000000000E+00 0.0000000000000E+00 2.0000000000000E+01
A2O71
 1.0259095928154E+05 0.0000000000000E+00 0.0000000000000E+00 2.0000000000000E+01
A2O72
 1.0270192502725E+05 0.0000000000000E+00 0.0000000000000E+00 2.0000000000000E+01
A2O73
 1.0391865935849E+05 0.0000000000000E+00 0.0000000000000E+00 2.0000000000000E+01
A2O74
 1.0424055325864E+05 0.0000000000000E+00 0.0000000000000E+00 2.0000000000000E+01
A2O75
 1.0390346286031E+05 0.0000000000000E+00 0.0000000000000E+00 2.0000000000000E+01
A2O76
 1.0242226643880E+05 0.0000000000000E+00 0.0000000000000E+00 2.0000000000000E+01
A2O77
 1.0287003136435E+05 0.0000000000000E+00 0.0000000000000E+00 2.0000000000000E+01
A2O78
 1.0407211986750E+05 0.0000000000000E+00 0.0000000000000E+00 2.0000000000000E+01
A2O79
 1.0353298053943E+05 0.0000000000000E+00 0.0000000000000E+00 2.0000000000000E+01
A2O80
 1.0256744752660E+05 0.0000000000000E+00 0.0000000000000E+00 2.0000000000000E+01
A2O81
 1.0412465342655E+05 0.0000000000000E+00 0.0000000000000E+00 2.0000000000000E+01
A2O82
 1.0375189230102E+05 0.0000000000000E+00 0.0000000000000E+00 2.0000000000000E+01
A2O83
 1.0248712652332E+05 0.0000000000000E+00 0.0000000000000E+00 2.0000000000000E+01
A2O84
 1.0411841996264E+05 0.0000000000000E+00 0.0000000000000E+00 2.0000000000000E+01
A2O85
 1.0248967717241E+05 0.0000000000000E+00 0.0000000000000E+00 2.0000000000000E+01
A2O86
 1.0229956332344E+05 0.0000000000000E+00 0.0000000000000E+00 2.0000000000000E+01
A2O87
 1.0301646434080E+05 0.0000000000000E+00 0.0000000000000E+00 2.0000000000000E+01
A2O88
 1.0426774064046E+05 0.0000000000000E+00 0.0000000000000E+00 2.0000000000000E+01
A2O89
 1.0357532126175E+05 0.0000000000000E+00 0.0000000000000E+00 2.0000000000000E+01
A2O90
 1.0357893288776E+05 0.0000000000000E+00 0.0000000000000E+00 2.0000000000000E+01
A2O91
 1.0304191012820E+05 0.0000000000000E+00 0.0000000000000E+00 2.0000000000000E+01
A2O92
 1.0448715044629E+05 0.0000000000000E+00 0.0000000000000E+00 2.0000000000000E+01
A2O93
 1.0321336791265E+05 0.0000000000000E+00 0.0000000000000E+00 2.0000000000000E+01
A2O94
 1.0352268712902E+05 0.0000000000000E+00 0.0000000000000E+00 2.0000000000000E+01
A2O95
 1.0458613559831E+05 0.0000000000000E+00 0.0000000000000E+00 2.0000000000000E+01
A2O96
 1.0243744758582E+05 0.0000000000000E+00 0.0000000000000E+00 2.0000000000000E+01
A2O97
 1.0326237226379E+05 0.0000000000000E+00 0.0000000000000E+00 2.0000000000000E+01
A2O98
 1.0388079582997E+05 0.0000000000000E+00 0.0000000000000E+00 2.0000000000000E+01
A2O99
 1.0319178587536E+05 0.0000000000000E+00 0.0000000000000E+00 2.0000000000000E+01
A2P 0
 1.0299599957546E+05 0.0000000000000E+00 0.0000000000000E+00 2.0000000000000E+01
A2P 1
 1.0427447402414E+05 0.0000000000000E+00 0.0000000000000E+00 2.0000000000000E+01
A2P 2
 1.0390818933698E+05 0.0000000000000E+00 0.0000000000000E+00 2.0000000000000E+01
A2P 3
 1.0380024538900E+05 0.0000000000000E+00 0.0000000000000E+00 2.0000000000000E+01
A2P 4
 1.0344729441021E+05 0.0000000000000E+00 0.0000000000000E+00 2.0000000000000E+01
A2P 5
 1.0357303076701E+05 0.0000000000000E+00 0.0000000000000E+00 2.0000000000000E+01
A2P 6
 1.0306958571185E+05 0.0000000000000E+00 0.0000000000000E+00 2.0000000000000E+01
A2P 7
 1.0416641538529E+05 0.0000000000000E+00 0.0000000000000E+00 2.0000000000000E+01
A2P 8
 1.0407707557209E+05 0.0000000000000E+00 0.0000000000000E+00 2.0000000000000E+01
A2P 9
 1.0440003365423E+05 0.0000000000000E+00 0.0000000000000E+00 2.0000000000000E+01
A2P10
 1.0438517369431E+05 0.0000000000000E+00 0.0000000000000E+00 2.0000000000000E+01
A2P11
 1.0392601925569E+05 0.0000000000000E+00 0.0000000000000E+00 2.0000000000000E+01
A2P12
 1.0451195932874E+05 0.0000000000000E+00 0.0000000000000E+00 2.0000000000000E+01
A2P13
 1.0427971713563E+05 0.0000000000000E+00 0.0000000000000E+00 2.0000000000000E+01
A2P14
 1.0268886219517E+05 0.0000000000000E+00 0.0000000000000E+00 2.0000000000000E+01
A2P15
 1.0271429407094E+05 0.0000000000000E+00 0.0000000000000E+00 2.0000000000000E+01
A2P16
 1.0323876904780E+05 0.0000000000000E+00 0.0000000000000E+00 2.0000000000000E+01
A2P17
 1.0466506781385E+05 0.0000000000000E+00 0.0000000000000E+00 2.0000000000000E+01
A2P18
 1.0319401358420E+05 0.0000000000000E+00 0.0000000000000E+00 2.0000000000000E+01
A2P19
 1.0385623829538E+05 0.0000000000000E+00 0.0000000000000E+00 2.0000000000000E+01
A2P20
 1.0295613783392E+05 0.0000000000000E+00 0.0000000000000E+00 2.0000000000000E+01
A2P21
 1.0252636081414E+05 0.0000000000000E+00 0.0000000000000E+00 2.0000000000000E+01
A2P22
 1.0305338018271E+05 0.0000000000000E+00 0.0000000000000E+00 2.0000000000000E+01
A2P23
 1.0258302507819E+05 0.0000000000000E+00 0.0000000000000E+00 2.0000000000000E+01
A2P24
 1.0308951394289E+05 0.0000000000000E+00 0.0000000000000E+00 2.0000000000000E+01
A2P25
 1.0401210986374E+05 0.0000000000000E+00 0.0000000000000E+00 2.0000000000000E+01
A2P26
 1.0228535044403E+05 0.0000000000000E+00 0.0000000000000E+00 2.0000000000000E+01
A2P27
 1.0298752439783E+05 0.0000000000000E+00 0.0000000000000E+00 2.0000000000000E+01
A2P28
 1.0291314416432E+05 0.0000000000000E+00 0.0000000000000E+00 2.0000000000000E+01
A2P29
 1.0368243613758E+05 0.0000000000000E+00 0.0000000000000E+00 2.0000000000000E+01
A2P30
 1.0322308415730E+05 0.0000000000000E+00 0.0000000000000E+00 2.0000000000000E+01
A2P31
 1.0491554167441E+05 0.0000000000000E+00 0.0000000000000E+00 2.0000000000000E+01
A2P32
 1.0366774075720E+05 0.0000000000000E+00 0.0000000000000E+00 2.0000000000000E+01
A2P33
 1.0299216636656E+05 0.0000000000000E+00 0.0000000000000E+00 2.0000000000000E+01
A2P34
 1.0286068776432E+05 0.0000000000000E+00 0.0000000000000E+00 2.0000000000000E+01
A2P35
 1.0303930410799E+05 0.0000000000000E+00 0.0000000000000E+00 2.0000000000000E+01
A2P36
 1.0316190612938E+05 0.0000000000000E+00 0.0000000000000E+00 2.0000000000000E+01
A2P37
 1.0410898986412E+05 0.0000000000000E+00 0.0000000000000E+00 2.0000000000000E+01
A2P38
 1.0272457527251E+05 0.0000000000000E+00 0.0000000000000E+00 2.0000000000000E+01
A2P39
 1.0377027737682E+05 0.0000000000000E+00 0.0000000000000E+00 2.0000000000000E+01
A2P40
 1.0272597462573E+05 0.0000000000000E+00 0.0000000000000E+00 2.0000000000000E+01
A2P41
 1.0347341398637E+05 0.0000000000000E+00 0.0000000000000E+00 2.0000000000000E+01
A2P42
 1.0218268382455E+05 0.0000000000000E+00 0.0000000000000E+00 2.0000000000000E+01
A2P43
 1.0305744190311E+05 0.0000000000000E+00 0.0000000000000E+00 2.0000000000000E+01
A2P44
 1.0425538488948E+05 0.0000000000000E+00 0.0000000000000E+00 2.0000000000000E+01
A2P45
 1.0295708427201E+05 0.0000000000000E+00 0.0000000000000E+00 2.0000000000000E+01
A2P46
 1.0338461142538E+05 0.0000000000000E+00 0.0000000000000E+00 2.0000000000000E+01
A2P47
 1.0381002962437E+05 0.0000000000000E+00 0.0000000000000E+00 2.0000000000000E+01
A2P48
 1.0340102858095E+05 0.0000000000000E+00 0.0000000000000E+00 2.0000000000000E+01
A2P49
 1.0335588721324E+05 0.0000000000000E+00 0.0000000000000E+00 2.0000000000000E+01
A2P50
 1.0275889281095E+05 0.0000000000000E+00 0.0000000000000E+00 2.0000000000000E+01
A2P51
 1.0432347588739E+05 0.0000000000000E+00 0.0000000000000E+00 2.0000000000000E+01
A2P52
 1.0236711878792E+05 0.0000000000000E+00 0.0000000000000E+00 2.0000000000000E+01
A2P53
 1.0425041391767E+05 0.0000000000000E+00 0.0000000000000E+00 2.0000000000000E+01
A2P54
 1.0249927850838E+05 0.0000000000000E+00 0.0000000000000E+00 2.0000000000000E+01
A2P55
 1.0313107706690E+05 0.0000000000000E+00 0.0000000000000E+00 2.0000000000000E+01
A2P56
 1.0408416832011E+05 0.0000000000000E+00 0.0000000000000E+00 2.0000000000000E+01
A2P57
 1.0334997618527E+05 0.0000000000000E+00 0.0000000000000E+00 2.0000000000000E+01
A2P58
 1.0317053773180E+05 0.0000000000000E+00 0.0000000000000E+00 2.0000000000000E+01
A2P59
 1.0392560621922E+05 0.0000000000000E+00 0.0000000000000E+00 2.0000000000000E+01
A2P60
 1.0389671446651E+05 0.0000000000000E+00 0.0000000000000E+00 2.0000000000000E+01
A2P61
 1.0243744447425E+05 0.0000000000000E+00 0.0000000000000E+00 2.0000000000000E+01
A2P62
 1.0358968062809E+05 0.0000000000000E+00 0.0000000000000E+00 2.0000000000000E+01
A2P63
 1.0310588769564E+05 0.0000000000000E+00 0.0000000000000E+00 2.0000000000000E+01
A2P64
 1.0407570962413E+05 0.0000000000000E+00 0.0000000000000E+00 2.0000000000000E+01
A2P65
 1.0256890139124E+05 0.0000000000000E+00 0.0000000000000E+00 2.0000000000000E+01
A2P66
 1.0214863967935E+05 0.0000000000000E+00 0.0000000000000E+00 2.0000000000000E+01
A2P67
 1.0340457875710E+05 0.0000000000000E+00 0.0000000000000E+00 2.0000000000000E+01
A2P68
 1.0329728138722E+05 0.0000000000000E+00 0.0000000000000E+00 2.0000000000000E+01
A2P69
 1.0397772221449E+05 0.0000000000000E+00 0.0000000000000E+00 2.0000000000000E+01
A2P70
 1.0411317759787E+05 0.0000000000000E+00 0.0000000000000E+00 2.0000000000000E+01
A2P71
 1.0440947467119E+05 0.0000000000000E+00 0.0000000000000E+00 2.0000000000000E+01
A2P72
 1.0445729140866E+05 0.0000000000000E+00 0.0000000000000E+00 2.0000000000000E+01
A2P73
 1.0338356312875E+05 0.0000000000000E+00 0.0000000000000E+00 2.0000000000000E+01
A2P74
 1.0312537777554E+05 0.0000000000000E+00 0.0000000000000E+00 2.0000000000000E+01
A2P75
 1.0227774912408E+05 0.0000000000000E+00 0.0000000000000E+00 2.0000000000000E+01
A2P76
 1.0300472540221E+05 0.0000000000000E+00 0.0000000000000E+00 2.0000000000000E+01
A2P77
 1.0312311162377E+05 0.0000000000000E+00 0.0000000000000E+00 2.0000000000000E+01
A2P78
 1.0407902210767E+05 0.0000000000000E+00 0.0000000000000E+00 2.0000000000000E+01
A2P79
 1.0352581966296E+05 0.0000000000000E+00 0.0000000000000E+00 2.0000000000000E+01
A2P80
 1.0238801540919E+05 0.0000000000000E+00 0.0000000000000E+00 2.0000000000000E+01
A2P81
 1.0437486484984E+05 0.0000000000000E+00 0.0000000000000E+00 2.0000000000000E+01
A2P82
 1.0326647428356E+05 0.0000000000000E+00 0.0000000000000E+00 2.0000000000000E+01
A2P83
 1.0365056111405E+05 0.0000000000000E+00 0.0000000000000E+00 2.0000000000000E+01
A2P84
 1.0233495195029E+05 0.0000000000000E+00 0.0000000000000E+00 2.0000000000000E+01
A2P85
 1.0326110994277E+05 0.0000000000000E+00 0.0000000000000E+00 2.0000000000000E+01
A2P86
 1.0267805608309E+05 0.0000000000000E+00 0.0000000000000E+00 2.0000000000000E+01
A2P87
 1.0284042384967E+05 0.0000000000000E+00 0.0000000000000E+00 2.0000000000000E+01
A2P88
 1.0360238073079E+05 0.0000000000000E+00 0.0000000000000E+00 2.0000000000000E+01
A2P89
 1.0279215570588E+05 0.0000000000000E+00 0.0000000000000E+00 2.0000000000000E+01
A2P90
 1.0431172625297E+05 0.0000000000000E+00 0.0000000000000E+00 2.0000000000000E+01
A2P91
 1.0396173384142E+05 0.0000000000000E+00 0.0000000000000E+00 2.0000000000000E+01
A2P92
 1.0271809459455E+05 0.0000000000000E+00 0.0000000000000E+00 2.0000000000000E+01
A2P93
 1.0377053778474E+05 0.0000000000000E+00 0.0000000000000E+00 2.0000000000000E+01
A2P94
 1.0281453790149E+05 0.0000000000000E+00 0.0000000000000E+00 2.0000000000000E+01
A2P95
 1.0342975143039E+05 0.0000000000000E+00 0.0000000000000E+00 2.0000000000000E+01
A2P96
 1.0241413273636E+05 0.0000000000000E+00 0.0000000000000E+00 2.0000000000000E+01
A2P97
 1.0406538669447E+05 0.0000000000000E+00 0.0000000000000E+00 2.0000000000000E+01
A2P98
 1.0262810699124E+05 0.0000000000000E+00 0.0000000000000E+00 2.0000000000000E+01
A2P99
 1.0356417784638E+05 0.0000000000000E+00 0.0000000000000E+00 2.0000000000000E+01
A2Q 0
 1.0325869297670E+05 0.0000000000000E+00 0.0000000000000E+00 2.0000000000000E+01
A2Q 1
 1.0313099748294E+05 0.0000000000000E+00 0.0000000000000E+00 2.0000000000000E+01
A2Q 2
 1.0297361553849E+05 0.0000000000000E+00 0.0000000000000E+00 2.0000000000000E+01
A2Q 3
 1.0293764309131E+05 0.0000000000000E+00 0.0000000000000E+00 2.0000000000000E+01
A2Q 4
 1.0277151214899E+05 0.0000000000000E+00 0.0000000000000E+00 2.0000000000000E+01
A2Q 5
 1.0378335613057E+05 0.0000000000000E+00 0.0000000000000E+00 2.0000000000000E+01
A2Q 6
 1.0396655324165E+05 0.0000000000000E+00 0.0000000000000E+00 2.0000000000000E+01
A2Q 7
 1.0321468190221E+05 0.0000000000000E+00 0.0000000000000E+00 2.0000000000000E+01
A2Q 8
 1.0296007089744E+05 0.0000000000000E+00 0.0000000000000E+00 2.0000000000000E+01
A2Q 9
 1.0292223219546E+05 0.0000000000000E+00 0.0000000000000E+00 2.0000000000000E+01
A2Q10
 1.0339165462309E+05 0.0000000000000E+00 0.0000000000000E+00 2.0000000000000E+01
A2Q11
 1.0281911416654E+05 0.0000000000000E+00 0.0000000000000E+00 2.0000000000000E+01
A2Q12
 1.0409398048154E+05 0.0000000000000E+00 0.0000000000000E+00 2.0000000000000E+01
A2Q13
 1.0312728730793E+05 0.0000000000000E+00 0.0000000000000E+00 2.0000000000000E+01
A2Q14
 1.0343216903119E+05 0.0000000000000E+00 0.0000000000000E+00 2.0000000000000E+01
A2Q15
 1.0328590366840E+05 0.0000000000000E+00 0.0000000000000E+00 2.0000000000000E+01
A2Q16
 1.0328750916057E+05 0.0000000000000E+00 0.0000000000000E+00 2.0000000000000E+01
A2Q17
 1.0344002709639E+05 0.0000000000000E+00 0.0000000000000E+00 2.0000000000000E+01
A2Q18
 1.0359322273090E+05 0.0000000000000E+00 0.0000000000000E+00 2.0000000000000E+01
A2Q19
 1.0426596669563E+05 0.0000000000000E+00 0.0000000000000E+00 2.0000000000000E+01
A2Q20
 1.0276998136871E+05 0.0000000000000E+00 0.0000000000000E+00 2.0000000000000E+01
A2Q21
 1.0266379684153E+05 0.0000000000000E+00 0.0000000000000E+00 2.0000000000000E+01
A2Q22
 1.0407022287193E+05 0.0000000000000E+00 0.0000000000000E+00 2.0000000000000E+01
A2Q23
 1.0326672067910E+05 0.0000000000000E+00 0.0000000000000E+00 2.0000000000000E+01
A2Q24
 1.0319341801420E+05 0.0000000000000E+00 0.0000000000000E+00 2.0000000000000E+01
A2Q25
 1.0350030808307E+05 0.0000000000000E+00 0.0000000000000E+00 2.0000000000000E+01
A2Q26
 1.0425536842780E+05 0.0000000000000E+00 0.0000000000000E+00 2.0000000000000E+01
A2Q27
 1.0418969152006E+05 0.0000000000000E+00 0.0000000000000E+00 2.0000000000000E+01
A2Q28
 1.0277150986666E+05 0.0000000000000E+00 0.0000000000000E+00 2.0000000000000E+01
A2Q29
 1.0330329572807E+05 0.0000000000000E+00 0.0000000000000E+00 2.0000000000000E+01
A2Q30
 1.0342007137943E+05 0.0000000000000E+00 0.0000000000000E+00 2.0000000000000E+01
A2Q31
 1.0355685583148E+05 0.0000000000000E+00 0.0000000000000E+00 2.0000000000000E+01
A2Q32
 1.0404016555919E+05 0.0000000000000E+00 0.0000000000000E+00 2.0000000000000E+01
A2Q33
 1.0414887616037E+05 0.0000000000000E+00 0.0000000000000E+00 2.0000000000000E+01
A2Q34
 1.0220511803260E+05 0.0000000000000E+00 0.0000000000000E+00 2.0000000000000E+01
A2Q35
 1.0317796901612E+05 0.0000000000000E+00 0.0000000000000E+00 2.0000000000000E+01
A2Q36
 1.0368942454197E+05 0.0000000000000E+00 0.0000000000000E+00 2.0000000000000E+01
A2Q37
 1.0406495212973E+05 0.0000000000000E+00 0.0000000000000E+00 2.0000000000000E+01
A2Q38
 1.0371674520203E+05 0.0000000000000E+00 0.0000000000000E+00 2.0000000000000E+01
A2Q39
 1.0228740349730E+05 0.0000000000000E+00 0.0000000000000E+00 2.0000000000000E+01
A2Q40
 1.0346229397761E+05 0.0000000000000E+00 0.0000000000000E+00 2.0000000000000E+01
A2Q41
 1.0234115832304E+05 0.0000000000000E+00 0.0000000000000E+00 2.0000000000000E+01
A2Q42
 1.0458922240724E+05 0.0000000000000E+00 0.0000000000000E+00 2.0000000000000E+01
A2Q43
 1.0218898351669E+05 0.0000000000000E+00 0.0000000000000E+00 2.0000000000000E+01
A2Q44
 1.0218644593899E+05 0.0000000000000E+00 0.0000000000000E+00 2.0000000000000E+01
A2Q45
 1.0237227527150E+05 0.0000000000000E+00 0.0000000000000E+00 2.0000000000000E+01
A2Q46
 1.0312370427392E+05 0.0000000000000E+00 0.0000000000000E+00 2.0000000000000E+01
A2Q47
 1.0370069006717E+05 0.0000000000000E+00 0.0000000000000E+00 2.0000000000000E+01
A2Q48
 1.0388590212061E+05 0.0000000000000E+00 0.0000000000000E+00 2.0000000000000E+01
A2Q49
 1.0370952823050E+05 0.0000000000000E+00 0.0000000000000E+00 2.0000000000000E+01
A2Q50
 1.0280914516380E+05 0.0000000000000E+00 0.0000000000000E+00 2.0000000000000E+01
A2Q51
 1.0428235526502E+05 0.0000000000000E+00 0.0000000000000E+00 2.0000000000000E+01
A2Q52
 1.0384474343420E+05 0.0000000000000E+00 0.0000000000000E+00 2.0000000000000E+01
A2Q53
 1.0412828144082E+05 0.0000000000000E+00 0.0000000000000E+00 2.0000000000000E+01
A2Q54
 1.0302348560071E+05 0.0000000000000E+00 0.0000000000000E+00 2.0000000000000E+01
A2Q55
 1.0385219008205E+05 0.0000000000000E+00 0.0000000000000E+00 2.0000000000000E+01
A2Q56
 1.0304400121633E+05 0.0000000000000E+00 0.0000000000000E+00 2.0000000000000E+01
A2Q57
 1.0278523725397E+05 0.0000000000000E+00 0.0000000000000E+00 2.0000000000000E+01
A2Q58
 1.0378974122496E+05 0.0000000000000E+00 0.0000000000000E+00 2.0000000000000E+01
A2Q59
 1.0308228088546E+05 0.0000000000000E+00 0.0000000000000E+00 2.0000000000000E+01
A2Q60
 1.0373036140240E+05 0.0000000000000E+00 0.0000000000000E+00 2.0000000000000E+01
A2Q61
 1.0246367029878E+05 0.0000000000000E+00 0.0000000000000E+00 2.0000000000000E+01
A2Q62
 1.0310065889989E+05 0.0000000000000E+00 0.0000000000000E+00 2.0000000000000E+01
A2Q63
 1.0333421028973E+05 0.0000000000000E+00 0.0000000000000E+00 2.0000000000000E+01
A2Q64
 1.0284413040193E+05 0.0000000000000E+00 0.0000000000000E+00 2.0000000000000E+01
A2Q65
 1.0442188613395E+05 0.0000000000000E+00 0.0000000000000E+00 2.0000000000000E+01
A2Q66
 1.0375632375783E+05 0.0000000000000E+00 0.0000000000000E+00 2.0000000000000E+01
A2Q67
 1.0254427029924E+05 0.0000000000000E+00 0.0000000000000E+00 2.0000000000000E+01
A2Q68
 1.0312902842049E+05 0.0000000000000E+00 0.0000000000000E+00 2.0000000000000E+01
A2Q69
 1.0292580728981E+05 0.0000000000000E+00 0.0000000000000E+00 2.0000000000000E+01
A2Q70
 1.0381024448356E+05 0.0000000000000E+00 0.0000000000000E+00 2.0000000000000E+01
A2Q71
 1.0399523432223E+05 0.0000000000000E+00 0.0000000000000E+00 2.0000000000000E+01
A2Q72
 1.0369900302199E+05 0.0000000000000E+00 0.0000000000000E+00 2.0000000000000E+01
A2Q73
 1.0332225979211E+05 0.0000000000000E+00 0.0000000000000E+00 2.0000000000000E+01
A2Q74
 1.0387707246116E+05 0.0000000000000E+00 0.0000000000000E+00 2.0000000000000E+01
A2Q75
 1.0294579994472E+05 0.0000000000000E+00 0.0000000000000E+00 2.0000000000000E+01
A2Q76
 1.0383688351130E+05 0.0000000000000E+00 0.0000000000000E+00 2.0000000000000E+01
A2Q77
 1.0301748640769E+05 0.0000000000000E+00 0.0000000000000E+00 2.0000000000000E+01
A2Q78
 1.0245328417110E+05 0.0000000000000E+00 0.0000000000000E+00 2.0000000000000E+01
A2Q79
 1.0421829022568E+05 0.0000000000000E+00 0.0000000000000E+00 2.0000000000000E+01
A2Q80
 1.0353212037723E+05 0.0000000000000E+00 0.0000000000000E+00 2.0000000000000E+01
A2Q81
 1.0270105238677E+05 0.0000000000000E+00 0.0000000000000E+00 2.0000000000000E+01
A2Q82
 1.0249780046355E+05 0.0000000000000E+00 0.0000000000000E+00 2.0000000000000E+01
A2Q83
 1.0296076366016E+05 0.0000000000000E+00 0.0000000000000E+00 2.0000000000000E+01
A2Q84
 1.0313424266888E+05 0.0000000000000E+00 0.0000000000000E+00 2.0000000000000E+01
A2Q85
 1.0439949567949E+05 0.0000000000000E+00 0.0000000000000E+00 2.0000000000000E+01
A2Q86
 1.0304187666828E+05 0.0000000000000E+00 0.0000000000000E+00 2.0000000000000E+01
A2Q87
 1.0286056067014E+05 0.0000000000000E+00 0.0000000000000E+00 2.0000000000000E+01
A2Q88
 1.0301560642139E+05 0.0000000000000E+00 0.0000000000000E+00 2.0000000000000E+01
A2Q89
 1.0295700219569E+05 0.0000000000000E+00 0.0000000000000E+00 2.0000000000000E+01
A2Q90
 1.0227001714321E+05 0.0000000000000E+00 0.0000000000000E+00 2.0000000000000E+01
A2Q91
 1.0275817531920E+05 0.0000000000000E+00 0.0000000000000E+00 2.0000000000000E+01
A2Q92
 1.0253939786793E+05 0.0000000000000E+00 0.0000000000000E+00 2.0000000000000E+01
A2Q93
 1.0316840733503E+05 0.0000000000000E+00 0.0000000000000E+00 2.0000000000000E+01
A2Q94
 1.0285457081216E+05 0.0000000000000E+00 0.0000000000000E+00 2.0000000000000E+01
A2Q95
 1.0268590912216E+05 0.0000000000000E+00 0.0000000000000E+00 2.0000000000000E+01
A2Q96
 1.0496808141175E+05 0.0000000000000E+00 0.0000000000000E+00 2.0000000000000E+01
A2Q97
 1.0240998368076E+05 0.0000000000000E+00 0.0000000000000E+00 2.0000000000000E+01
A2Q98
 1.0246196352740E+05 0.0000000000000E+00 0.0000000000000E+00 2.0000000000000E+01
A2Q99
 1.0371283690259E+05 0.0000000000000E+00 0.0000000000000E+00 2.0000000000000E+01
A2R 0
 1.0241295193378E+05 0.0000000000000E+00 0.0000000000000E+00 2.0000000000000E+01
A2R 1
 1.0437744867242E+05 0.0000000000000E+00 0.0000000000000E+00 2.0000000000000E+01
A2R 2
 1.0272382092368E+05 0.0000000000000E+00 0.0000000000000E+00 2.0000000000000E+01
A2R 3
 1.0292233930280E+05 0.0000000000000E+00 0.0000000000000E+00 2.0000000000000E+01
A2R 4
 1.0283134680760E+05 0.0000000000000E+00 0.0000000000000E+00 2.0000000000000E+01
A2R 5
 1.0254961296622E+05 0.0000000000000E+00 0.0000000000000E+00 2.0000000000000E+01
A2R 6
 1.0348048390824E+05 0.0000000000000E+00 0.0000000000000E+00 2.0000000000000E+01
A2R 7
 1.0270412796155E+05 0.0000000000000E+00 0.0000000000000E+00 2.0000000000000E+01
A2R 8
 1.0408702763019E+05 0.0000000000000E+00 0.0000000000000E+00 2.0000000000000E+01
A2R 9
 1.0418119756281E+05 0.0000000000000E+00 0.0000000000000E+00 2.0000000000000E+01
A2R10
 1.0302851826042E+05 0.0000000000000E+00 0.0000000000000E+00 2.0000000000000E+01
A2R11
 1.0277536921956E+05 0.0000000000000E+00 0.0000000000000E+00 2.0000000000000E+01
A2R12
 1.0247883024792E+05 0.0000000000000E+00 0.0000000000000E+00 2.0000000000000E+01
A2R13
 1.0369692677863E+05 0.0000000000000E+00 0.0000000000000E+00 2.0000000000000E+01
A2R14
 1.0370111622174E+05 0.0000000000000E+00 0.0000000000000E+00 2.0000000000000E+01
A2R15
 1.0301047041445E+05 0.0000000000000E+00 0.0000000000000E+00 2.0000000000000E+01
A2R16
 1.0263272377278E+05 0.0000000000000E+00 0.0000000000000E+00 2.0000000000000E+01
A2R17
 1.0315321333381E+05 0.0000000000000E+00 0.0000000000000E+00 2.0000000000000E+01
A2R18
 1.0290325232282E+05 0.0000000000000E+00 0.0000000000000E+00 2.0000000000000E+01
A2R19
 1.0457347793493E+05 0.0000000000000E+00 0.0000000000000E+00 2.0000000000000E+01
A2R20
 1.0253103198750E+05 0.0000000000000E+00 0.0000000000000E+00 2.0000000000000E+01
A2R21
 1.0259142601254E+05 0.0000000000000E+00 0.0000000000000E+00 2.0000000000000E+01
A2R22
 1.0377721898004E+05 0.0000000000000E+00 0.0000000000000E+00 2.0000000000000E+01
A2R23
 1.0289155904936E+05 0.0000000000000E+00 0.0000000000000E+00 2.0000000000000E+01
A2R24
 1.0316206621188E+05 0.0000000000000E+00 0.0000000000000E+00 2.0000000000000E+01
A2R25
 1.0314936922474E+05 0.0000000000000E+00 0.0000000000000E+00 2.0000000000000E+01
A2R26
 1.0325441733431E+05 0.0000000000000E+00 0.0000000000000E+00 2.0000000000000E+01
A2R27
 1.0367043523117E+05 0.0000000000000E+00 0.0000000000000E+00 2.0000000000000E+01
A2R28
 1.0332627508372E+05 0.0000000000000E+00 0.0000000000000E+00 2.0000000000000E+01
A2R29
 1.0273786000214E+05 0.0000000000000E+00 0.0000000000000E+00 2.0000000000000E+01
A2R30
 1.0279738567547E+05 0.0000000000000E+00 0.0000000000000E+00 2.0000000000000E+01
A2R31
 1.0227806040630E+05 0.0000000000000E+00 0.0000000000000E+00 2.0000000000000E+01
A2R32
 1.0437595274842E+05 0.0000000000000E+00 0.0000000000000E+00 2.0000000000000E+01
A2R33
 1.0293426413729E+05 0.0000000000000E+00 0.0000000000000E+00 2.0000000000000E+01
A2R34
 1.0366057317185E+05 0.0000000000000E+00 0.0000000000000E+00 2.0000000000000E+01
A2R35
 1.0417158369420E+05 0.0000000000000E+00 0.0000000000000E+00 2.0000000000000E+01
A2R36
 1.0269748977939E+05 0.0000000000000E+00 0.0000000000000E+00 2.0000000000000E+01
A2R37
 1.0484851264963E+05 0.0000000000000E+00 0.0000000000000E+00 2.0000000000000E+01
A2R38
 1.0271861878794E+05 0.0000000000000E+00 0.0000000000000E+00 2.0000000000000E+01
A2R39
 1.0283368935749E+05 0.0000000000000E+00 0.0000000000000E+00 2.0000000000000E+01
A2R40
 1.0303146945852E+05 0.0000000000000E+00 0.0000000000000E+00 2.0000000000000E+01
A2R41
 1.0306216529363E+05 0.0000000000000E+00 0.0000000000000E+00 2.0000000000000E+01
A2R42
 1.0380654135445E+05 0.0000000000000E+00 0.0000000000000E+00 2.0000000000000E+01
A2R43
 1.0311391294149E+05 0.0000000000000E+00 0.0000000000000E+00 2.0000000000000E+01
A2R44
 1.0399914943927E+05 0.0000000000000E+00 0.0000000000000E+00 2.0000000000000E+01
A2R45
 1.0342172243528E+05 0.0000000000000E+00 0.0000000000000E+00 2.0000000000000E+01
A2R46
 1.0295894271806E+05 0.0000000000000E+00 0.0000000000000E+00 2.0000000000000E+01
A2R47
 1.0249386085240E+05 0.0000000000000E+00 0.0000000000000E+00 2.0000000000000E+01
A2R48
 1.0408883540322E+05 0.0000000000000E+00 0.0000000000000E+00 2.0000000000000E+01
A2R49
 1.0419259840690E+05 0.0000000000000E+00 0.0000000000000E+00 2.0000000000000E+01
A2R50
 1.0311200486988E+05 0.0000000000000E+00 0.0000000000000E+00 2.0000000000000E+01
A2R51
 1.0387340782093E+05 0.0000000000000E+00 0.0000000000000E+00 2.0000000000000E+01
A2R52
 1.0206617717432E+05 0.0000000000000E+00 0.0000000000000E+00 2.0000000000000E+01
A2R53
 1.0276453214596E+05 0.0000000000000E+00 0.0000000000000E+00 2.0000000000000E+01
A2R54
 1.0246490103757E+05 0.0000000000000E+00 0.0000000000000E+00 2.0000000000000E+01
A2R55
 1.0322784966014E+05 0.0000000000000E+00 0.0000000000000E+00 2.0000000000000E+01
A2R56
 1.0283399361128E+05 0.0000000000000E+00 0.0000000000000E+00 2.0000000000000E+01
A2R57
 1.0301415569466E+05 0.0000000000000E+00 0.0000000000000E+00 2.0000000000000E+01
A2R58
 1.0336457811367E+05 0.0000000000000E+00 0.0000000000000E+00 2.0000000000000E+01
A2R59
 1.0331678060019E+05 0.0000000000000E+00 0.0000000000000E+00 2.0000000000000E+01
A2R60
 1.0405832654670E+05 0.0000000000000E+00 0.0000000000000E+00 2.0000000000000E+01
A2R61
 1.0439332836338E+05 0.0000000000000E+00 0.0000000000000E+00 2.0000000000000E+01
A2R62
 1.0351458932777E+05 0.0000000000000E+00 0.0000000000000E+00 2.0000000000000E+01
A2R63
 1.0476918692315E+05 0.0000000000000E+00 0.0000000000000E+00 2.0000000000000E+01
A2R64
 1.0425565986311E+05 0.0000000000000E+00 0.0000000000000E+00 2.0000000000000E+01
A2R65
 1.0365019742962E+05 0.0000000000000E+00 0.0000000000000E+00 2.0000000000000E+01
A2R66
 1.0468799829472E+05 0.0000000000000E+00 0.0000000000000E+00 2.0000000000000E+01
A2R67
 1.0369563440795E+05 0.0000000000000E+00 0.0000000000000E+00 2.0000000000000E+01
A2R68
 1.0277549098504E+05 0.0000000000000E+00 0.0000000000000E+00 2.0000000000000E+01
A2R69
 1.0469028142446E+05 0.0000000000000E+00 0.0000000000000E+00 2.0000000000000E+01
A2R70
 1.0269475973114E+05 0.0000000000000E+00 0.0000000000000E+00 2.0000000000000E+01
A2R71
 1.0358149005040E+05 0.0000000000000E+00 0.0000000000000E+00 2.0000000000000E+01
A2R72
 1.0281046403034E+05 0.0000000000000E+00 0.0000000000000E+00 2.0000000000000E+01
A2R73
 1.0331112011001E+05 0.0000000000000E+00 0.0000000000000E+00 2.0000000000000E+01
A2R74
 1.0424308961611E+05 0.0000000000000E+00 0.0000000000000E+00 2.0000000000000E+01
A2R75
 1.0269207607609E+05 0.0000000000000E+00 0.0000000000000E+00 2.0000000000000E+01
A2R76
 1.0298164264819E+05 0.0000000000000E+00 0.0000000000000E+00 2.0000000000000E+01
A2R77
 1.0440304882704E+05 0.0000000000000E+00 0.0000000000000E+00 2.0000000000000E+01
A2R78
 1.0378839643354E+05 0.0000000000000E+00 0.0000000000000E+00 2.0000000000000E+01
A2R79
 1.0258652264828E+05 0.0000000000000E+00 0.0000000000000E+00 2.0000000000000E+01
A2R80
 1.0249174394306E+05 0.0000000000000E+00 0.0000000000000E+00 2.0000000000000E+01
A2R81
 1.0277538688879E+05 0.0000000000000E+00 0.0000000000000E+00 2.0000000000000E+01
A2R82
 1.0274375644592E+05 0.0000000000000E+00 0.0000000000000E+00 2.0000000000000E+01
A2R83
 1.0382256351656E+05 0.0000000000000E+00 0.0000000000000E+00 2.0000000000000E+01
A2R84
 1.0407526213941E+05 0.0000000000000E+00 0.0000000000000E+00 2.0000000000000E+01
A2R85
 1.0427081894761E+05 0.0000000000000E+00 0.0000000000000E+00 2.0000000000000E+01
A2R86
 1.0427657540410E+05 0.0000000000000E+00 0.0000000000000E+00 2.0000000000000E+01
A2R87
 1.0361876950080E+05 0.0000000000000E+00 0.0000000000000E+00 2.0000000000000E+01
A2R88
 1.0270251972206E+05 0.0000000000000E+00 0.0000000000000E+00 2.0000000000000E+01
A2R89
 1.0288283894568E+05 0.0000000000000E+00 0.0000000000000E+00 2.0000000000000E+01
A2R90
 1.0392792784358E+05 0.0000000000000E+00 0.0000000000000E+00 2.0000000000000E+01
A2R91
 1.0268290996520E+05 0.0000000000000E+00 0.0000000000000E+00 2.0000000000000E+01
A2R92
 1.0384162239381E+05 0.0000000000000E+00 0.0000000000000E+00 2.0000000000000E+01
A2R93
 1.0304454452432E+05 0.0000000000000E+00 0.0000000000000E+00 2.0000000000000E+01
A2R94
 1.0342391093289E+05 0.0000000000000E+00 0.0000000000000E+00 2.0000000000000E+01
A2R95
 1.0384543124595E+05 0.0000000000000E+00 0.0000000000000E+00 2.0000000000000E+01
A2R96
 1.0379897283549E+05 0.0000000000000E+00 0.0000000000000E+00 2.0000000000000E+01
A2R97
 1.0402588673941E+05 0.0000000000000E+00 0.0000000000000E+00 2.0000000000000E+01
A2R98
 1.0276809751117E+05 0.0000000000000E+00 0.0000000000000E+00 2.0000000000000E+01
A2R99
 1.0304287210288E+05 0.0000000000000E+00 0.0000000000000E+00 2.0000000000000E+01
A2S 0
 1.0366347783457E+05 0.0000000000000E+00 0.0000000000000E+00 2.0000000000000E+01
A2S 1
 1.0421316001792E+05 0.0000000000000E+00 0.0000000000000E+00 2.0000000000000E+01
A2S 2
 1.0328650990694E+05 0.0000000000000E+00 0.0000000000000E+00 2.0000000000000E+01
A2S 3
 1.0273453221638E+05 0.0000000000000E+00 0.0000000000000E+00 2.0000000000000E+01
A2S 4
 1.0319480054753E+05 0.0000000000000E+00 0.0000000000000E+00 2.0000000000000E+01
A2S 5
 1.0249459956070E+05 0.0000000000000E+00 0.0000000000000E+00 2.0000000000000E+01
A2S 6
 1.0340997578224E+05 0.0000000000000E+00 0.0000000000000E+00 2.0000000000000E+01
A2S 7
 1.0411924719798E+05 0.0000000000000E+00 0.0000000000000E+00 2.0000000000000E+01
A2S 8
 1.0344829347338E+05 0.0000000000000E+00 0.0000000000000E+00 2.0000000000000E+01
A2S 9
 1.0365057349764E+05 0.0000000000000E+00 0.0000000000000E+00 2.0000000000000E+01
A2S10
 1.0286998735035E+05 0.0000000000000E+00 0.0000000000000E+00 2.0000000000000E+01
A2S11
 1.0275875944811E+05 0.0000000000000E+00 0.0000000000000E+00 2.0000000000000E+01
A2S12
 1.0375330324360E+05 0.0000000000000E+00 0.0000000000000E+00 2.0000000000000E+01
A2S13
 1.0313822871396E+05 0.0000000000000E+00 0.0000000000000E+00 2.0000000000000E+01
A2S14
 1.0272601560928E+05 0.0000000000000E+00 0.0000000000000E+00 2.0000000000000E+01
A2S15
 1.0381978201507E+05 0.0000000000000E+00 0.0000000000000E+00 2.0000000000000E+01
A2S16
 1.0391504391689E+05 0.0000000000000E+00 0.0000000000000E+00 2.0000000000000E+01
A2S17
 1.0153839047320E+05 0.0000000000000E+00 0.0000000000000E+00 2.0000000000000E+01
A2S18
 1.0184151266048E+05 0.0000000000000E+00 0.0000000000000E+00 2.0000000000000E+01
A2S19
 1.0137073821737E+05 0.0000000000000E+00 0.0000000000000E+00 2.0000000000000E+01
A2S20
 1.0185896690802E+05 0.0000000000000E+00 0.0000000000000E+00 2.0000000000000E+01
A2S21
 1.0181295718775E+05 0.0000000000000E+00 0.0000000000000E+00 2.0000000000000E+01
A2S22
 1.0137954041678E+05 0.0000000000000E+00 0.0000000000000E+00 2.0000000000000E+01
A2S23
 1.0170432454321E+05 0.0000000000000E+00 0.0000000000000E+00 2.0000000000000E+01
A2S24
 1.0169181984726E+05 0.0000000000000E+00 0.0000000000000E+00 2.0000000000000E+01
A2S25
 1.0183183672378E+05 0.0000000000000E+00 0.0000000000000E+00 2.0000000000000E+01
A2S26
 1.0136284741217E+05 0.0000000000000E+00 0.0000000000000E+00 2.0000000000000E+01
A2S27
 1.0152416741464E+05 0.0000000000000E+00 0.0000000000000E+00 2.0000000000000E+01
A2S28
 1.0183851674997E+05 0.0000000000000E+00 0.0000000000000E+00 2.0000000000000E+01
A2S29
 1.0135943229349E+05 0.0000000000000E+00 0.0000000000000E+00 2.0000000000000E+01
A2S30
 1.0169343899707E+05 0.0000000000000E+00 0.0000000000000E+00 2.0000000000000E+01
A2S31
 1.0169260928866E+05 0.0000000000000E+00 0.0000000000000E+00 2.0000000000000E+01
A2S32
 1.0169965643255E+05 0.0000000000000E+00 0.0000000000000E+00 2.0000000000000E+01
A2S33
 1.0182084534446E+05 0.0000000000000E+00 0.0000000000000E+00 2.0000000000000E+01
A2S34
 1.0180445078866E+05 0.0000000000000E+00 0.0000000000000E+00 2.0000000000000E+01
A2S35
 1.0186211554170E+05 0.0000000000000E+00 0.0000000000000E+00 2.0000000000000E+01
A2S36
 1.0170652218853E+05 0.0000000000000E+00 0.0000000000000E+00 2.0000000000000E+01
A2S37
 1.0184648750570E+05 0.0000000000000E+00 0.0000000000000E+00 2.0000000000000E+01
A2S38
 1.0183642971065E+05 0.0000000000000E+00 0.0000000000000E+00 2.0000000000000E+01
A2S39
 1.0174889640298E+05 0.0000000000000E+00 0.0000000000000E+00 2.0000000000000E+01
A2S40
 1.0149035120922E+05 0.0000000000000E+00 0.0000000000000E+00 2.0000000000000E+01
A2S41
 1.0170834393374E+05 0.0000000000000E+00 0.0000000000000E+00 2.0000000000000E+01
A2S42
 1.0169206825247E+05 0.0000000000000E+00 0.0000000000000E+00 2.0000000000000E+01
A2S43
 1.0150668707882E+05 0.0000000000000E+00 0.0000000000000E+00 2.0000000000000E+01
A2S44
 1.0137126788172E+05 0.0000000000000E+00 0.0000000000000E+00 2.0000000000000E+01
A2S45
 1.0184009558374E+05 0.0000000000000E+00 0.0000000000000E+00 2.0000000000000E+01
A2S46
 1.0150483788565E+05 0.0000000000000E+00 0.0000000000000E+00 2.0000000000000E+01
A2S47
 1.0183754571350E+05 0.0000000000000E+00 0.0000000000000E+00 2.0000000000000E+01
A2S48
 1.0171375361768E+05 0.0000000000000E+00 0.0000000000000E+00 2.0000000000000E+01
A2S49
 1.0172005245858E+05 0.0000000000000E+00 0.0000000000000E+00 2.0000000000000E+01
A2S50
 1.0220673329841E+05 0.0000000000000E+00 0.0000000000000E+00 2.0000000000000E+01
A2S51
 1.0147031081989E+05 0.0000000000000E+00 0.0000000000000E+00 2.0000000000000E+01
A2S52
 1.0136736624221E+05 0.0000000000000E+00 0.0000000000000E+00 2.0000000000000E+01
A2S53
 1.0169148222688E+05 0.0000000000000E+00 0.0000000000000E+00 2.0000000000000E+01
A2S54
 1.0180606408585E+05 0.0000000000000E+00 0.0000000000000E+00 2.0000000000000E+01
A2S55
 1.0174067351715E+05 0.0000000000000E+00 0.0000000000000E+00 2.0000000000000E+01
A2S56
 1.0182438669259E+05 0.0000000000000E+00 0.0000000000000E+00 2.0000000000000E+01
A2S57
 1.0150817768101E+05 0.0000000000000E+00 0.0000000000000E+00 2.0000000000000E+01
A2S58
 1.0181280416678E+05 0.0000000000000E+00 0.0000000000000E+00 2.0000000000000E+01
A2S59
 1.0209777823861E+05 0.0000000000000E+00 0.0000000000000E+00 2.0000000000000E+01
A2S60
 1.0169451604820E+05 0.0000000000000E+00 0.0000000000000E+00 2.0000000000000E+01
A2S61
 1.0183413285463E+05 0.0000000000000E+00 0.0000000000000E+00 2.0000000000000E+01
A2S62
 1.0167392063404E+05 0.0000000000000E+00 0.0000000000000E+00 2.0000000000000E+01
A2S63
 1.0170072634406E+05 0.0000000000000E+00 0.0000000000000E+00 2.0000000000000E+01
A2S64
 1.0149928737417E+05 0.0000000000000E+00 0.0000000000000E+00 2.0000000000000E+01
A2S65
 1.0179980295969E+05 0.0000000000000E+00 0.0000000000000E+00 2.0000000000000E+01
A2S66
 1.0168204663664E+05 0.0000000000000E+00 0.0000000000000E+00 2.0000000000000E+01
A2S67
 1.0178362449847E+05 0.0000000000000E+00 0.0000000000000E+00 2.0000000000000E+01
A2S68
 1.0172373037925E+05 0.0000000000000E+00 0.0000000000000E+00 2.0000000000000E+01
A2S69
 1.0184043923193E+05 0.0000000000000E+00 0.0000000000000E+00 2.0000000000000E+01
A2S70
 1.0166851833450E+05 0.0000000000000E+00 0.0000000000000E+00 2.0000000000000E+01
A2S71
 1.0176463892516E+05 0.0000000000000E+00 0.0000000000000E+00 2.0000000000000E+01
A2S72
 1.0148670753331E+05 0.0000000000000E+00 0.0000000000000E+00 2.0000000000000E+01
A2S73
 1.0167497005868E+05 0.0000000000000E+00 0.0000000000000E+00 2.0000000000000E+01
A2S74
 1.0169591337374E+05 0.0000000000000E+00 0.0000000000000E+00 2.0000000000000E+01
A2S75
 1.0135440234778E+05 0.0000000000000E+00 0.0000000000000E+00 2.0000000000000E+01
A2S76
 1.0182565215778E+05 0.0000000000000E+00 0.0000000000000E+00 2.0000000000000E+01
A2S77
 1.0181936743311E+05 0.0000000000000E+00 0.0000000000000E+00 2.0000000000000E+01
A2S78
 1.0147190903016E+05 0.0000000000000E+00 0.0000000000000E+00 2.0000000000000E+01
A2S79
 1.0135092393785E+05 0.0000000000000E+00 0.0000000000000E+00 2.0000000000000E+01
A2S80
 1.0166047003718E+05 0.0000000000000E+00 0.0000000000000E+00 2.0000000000000E+01
A2S81
 1.0148064403850E+05 0.0000000000000E+00 0.0000000000000E+00 2.0000000000000E+01
A2S82
 1.0148349721835E+05 0.0000000000000E+00 0.0000000000000E+00 2.0000000000000E+01
A2S83
 1.0153910133727E+05 0.0000000000000E+00 0.0000000000000E+00 2.0000000000000E+01
A2S84
 1.0180033593052E+05 0.0000000000000E+00 0.0000000000000E+00 2.0000000000000E+01
A2S85
 1.0176175992489E+05 0.0000000000000E+00 0.0000000000000E+00 2.0000000000000E+01
A2S86
 1.0165458242171E+05 0.0000000000000E+00 0.0000000000000E+00 2.0000000000000E+01
A2S87
 1.0181075121684E+05 0.0000000000000E+00 0.0000000000000E+00 2.0000000000000E+01
A2S88
 1.0172367548257E+05 0.0000000000000E+00 0.0000000000000E+00 2.0000000000000E+01
A2S89
 1.0168798748718E+05 0.0000000000000E+00 0.0000000000000E+00 2.0000000000000E+01
A2S90
 1.0167387031817E+05 0.0000000000000E+00 0.0000000000000E+00 2.0000000000000E+01
A2S91
 1.0172029131305E+05 0.0000000000000E+00 0.0000000000000E+00 2.0000000000000E+01
A2S92
 1.0147399941731E+05 0.0000000000000E+00 0.0000000000000E+00 2.0000000000000E+01
A2S93
 1.0186193720947E+05 0.0000000000000E+00 0.0000000000000E+00 2.0000000000000E+01
A2S94
 1.0181645179783E+05 0.0000000000000E+00 0.0000000000000E+00 2.0000000000000E+01
A2S95
 1.0176546288238E+05 0.0000000000000E+00 0.0000000000000E+00 2.0000000000000E+01
A2S96
 1.0172071993081E+05 0.0000000000000E+00 0.0000000000000E+00 2.0000000000000E+01
A2S97
 1.0174393828309E+05 0.0000000000000E+00 0.0000000000000E+00 2.0000000000000E+01
A2S98
 1.0148728222650E+05 0.0000000000000E+00 0.0000000000000E+00 2.0000000000000E+01
A2S99
 1.0186480071258E+05 0.0000000000000E+00 0.0000000000000E+00 2.0000000000000E+01
A2T 0
 1.0134997403019E+05 0.0000000000000E+00 0.0000000000000E+00 2.0000000000000E+01
A2T 1
 1.0189707783897E+05 0.0000000000000E+00 0.0000000000000E+00 2.0000000000000E+01
A2T 2
 1.0129450504521E+05 0.0000000000000E+00 0.0000000000000E+00 2.0000000000000E+01
A2T 3
 1.0147303785397E+05 0.0000000000000E+00 0.0000000000000E+00 2.0000000000000E+01
A2T 4
 1.0134996237451E+05 0.0000000000000E+00 0.0000000000000E+00 2.0000000000000E+01
A2T 5
 1.0189279490549E+05 0.0000000000000E+00 0.0000000000000E+00 2.0000000000000E+01
A2T 6
 1.0183140830156E+05 0.0000000000000E+00 0.0000000000000E+00 2.0000000000000E+01
A2T 7
 1.0142287821887E+05 0.0000000000000E+00 0.0000000000000E+00 2.0000000000000E+01
A2T 8
 1.0176563825134E+05 0.0000000000000E+00 0.0000000000000E+00 2.0000000000000E+01
A2T 9
 1.0168712490298E+05 0.0000000000000E+00 0.0000000000000E+00 2.0000000000000E+01
A2T10
 1.0134929108899E+05 0.0000000000000E+00 0.0000000000000E+00 2.0000000000000E+01
A2T11
 1.0165122287703E+05 0.0000000000000E+00 0.0000000000000E+00 2.0000000000000E+01
A2T12
 1.0135219601959E+05 0.0000000000000E+00 0.0000000000000E+00 2.0000000000000E+01
A2T13
 1.0147235491277E+05 0.0000000000000E+00 0.0000000000000E+00 2.0000000000000E+01
A2T14
 1.0144673943948E+05 0.0000000000000E+00 0.0000000000000E+00 2.0000000000000E+01
A2T15
 1.0138687365859E+05 0.0000000000000E+00 0.0000000000000E+00 2.0000000000000E+01
A2T16
 1.0174659680014E+05 0.0000000000000E+00 0.0000000000000E+00 2.0000000000000E+01
A2T17
 1.0161423592226E+05 0.0000000000000E+00 0.0000000000000E+00 2.0000000000000E+01
A2T18
 1.0147117511991E+05 0.0000000000000E+00 0.0000000000000E+00 2.0000000000000E+01
A2T19
 1.0181910183370E+05 0.0000000000000E+00 0.0000000000000E+00 2.0000000000000E+01
A2T20
 1.0206743104335E+05 0.0000000000000E+00 0.0000000000000E+00 2.0000000000000E+01
A2T21
 1.0145751823071E+05 0.0000000000000E+00 0.0000000000000E+00 2.0000000000000E+01
A2T22
 1.0166113350921E+05 0.0000000000000E+00 0.0000000000000E+00 2.0000000000000E+01
A2T23
 1.0134634276074E+05 0.0000000000000E+00 0.0000000000000E+00 2.0000000000000E+01
A2T24
 1.0146873529900E+05 0.0000000000000E+00 0.0000000000000E+00 2.0000000000000E+01
A2T25
 1.0148616623860E+05 0.0000000000000E+00 0.0000000000000E+00 2.0000000000000E+01
A2T26
 1.0174724379646E+05 0.0000000000000E+00 0.0000000000000E+00 2.0000000000000E+01
A2T27
 1.0176872106726E+05 0.0000000000000E+00 0.0000000000000E+00 2.0000000000000E+01
A2T28
 1.0176283231355E+05 0.0000000000000E+00 0.0000000000000E+00 2.0000000000000E+01
A2T29
 1.0165183510002E+05 0.0000000000000E+00 0.0000000000000E+00 2.0000000000000E+01
A2T30
 1.0189116859306E+05 0.0000000000000E+00 0.0000000000000E+00 2.0000000000000E+01
A2T31
 1.0167394706009E+05 0.0000000000000E+00 0.0000000000000E+00 2.0000000000000E+01
A2T32
 1.0175279315174E+05 0.0000000000000E+00 0.0000000000000E+00 2.0000000000000E+01
A2T33
 1.0174595043159E+05 0.0000000000000E+00 0.0000000000000E+00 2.0000000000000E+01
A2T34
 1.0169474127667E+05 0.0000000000000E+00 0.0000000000000E+00 2.0000000000000E+01
A2T35
 1.0179325221676E+05 0.0000000000000E+00 0.0000000000000E+00 2.0000000000000E+01
A2T36
 1.0134183934131E+05 0.0000000000000E+00 0.0000000000000E+00 2.0000000000000E+01
A2T37
 1.0178073843255E+05 0.0000000000000E+00 0.0000000000000E+00 2.0000000000000E+01
A2T38
 1.0200627895377E+05 0.0000000000000E+00 0.0000000000000E+00 2.0000000000000E+01
A2T39
 1.0167358497504E+05 0.0000000000000E+00 0.0000000000000E+00 2.0000000000000E+01
A2T40
 1.0179938519872E+05 0.0000000000000E+00 0.0000000000000E+00 2.0000000000000E+01
A2T41
 1.0179665143762E+05 0.0000000000000E+00 0.0000000000000E+00 2.0000000000000E+01
A2T42
 1.0210536198676E+05 0.0000000000000E+00 0.0000000000000E+00 2.0000000000000E+01
A2T43
 1.0176358347345E+05 0.0000000000000E+00 0.0000000000000E+00 2.0000000000000E+01
A2T44
 1.0134587765104E+05 0.0000000000000E+00 0.0000000000000E+00 2.0000000000000E+01
A2T45
 1.0188995598708E+05 0.0000000000000E+00 0.0000000000000E+00 2.0000000000000E+01
A2T46
 1.0200288074139E+05 0.0000000000000E+00 0.0000000000000E+00 2.0000000000000E+01
A2T47
 1.0176330200874E+05 0.0000000000000E+00 0.0000000000000E+00 2.0000000000000E+01
A2T48
 1.0185202780443E+05 0.0000000000000E+00 0.0000000000000E+00 2.0000000000000E+01
A2T49
 1.0203573161390E+05 0.0000000000000E+00 0.0000000000000E+00 2.0000000000000E+01
A2T50
 1.0200721608048E+05 0.0000000000000E+00 0.0000000000000E+00 2.0000000000000E+01
A2T51
 1.0165915842330E+05 0.0000000000000E+00 0.0000000000000E+00 2.0000000000000E+01
A2T52
 1.0182751654468E+05 0.0000000000000E+00 0.0000000000000E+00 2.0000000000000E+01
A2T53
 1.0165601048622E+05 0.0000000000000E+00 0.0000000000000E+00 2.0000000000000E+01
A2T54
 1.0171584109944E+05 0.0000000000000E+00 0.0000000000000E+00 2.0000000000000E+01
A2T55
 1.0176684588610E+05 0.0000000000000E+00 0.0000000000000E+00 2.0000000000000E+01
A2T56
 1.0195745892149E+05 0.0000000000000E+00 0.0000000000000E+00 2.0000000000000E+01
A2T57
 1.0149440455441E+05 0.0000000000000E+00 0.0000000000000E+00 2.0000000000000E+01
A2T58
 1.0177564984818E+05 0.0000000000000E+00 0.0000000000000E+00 2.0000000000000E+01
A2T59
 1.0146128355133E+05 0.0000000000000E+00 0.0000000000000E+00 2.0000000000000E+01
A2T60
 1.0145308758539E+05 0.0000000000000E+00 0.0000000000000E+00 2.0000000000000E+01
A2T61
 1.0159841771473E+05 0.0000000000000E+00 0.0000000000000E+00 2.0000000000000E+01
A2T62
 1.0145034264546E+05 0.0000000000000E+00 0.0000000000000E+00 2.0000000000000E+01
A2T63
 1.0144876572089E+05 0.0000000000000E+00 0.0000000000000E+00 2.0000000000000E+01
A2T64
 1.0133543555482E+05 0.0000000000000E+00 0.0000000000000E+00 2.0000000000000E+01
A2T65
 1.0145770976372E+05 0.0000000000000E+00 0.0000000000000E+00 2.0000000000000E+01
A2T66
 1.0145973224682E+05 0.0000000000000E+00 0.0000000000000E+00 2.0000000000000E+01
A2T67
 1.0145616785754E+05 0.0000000000000E+00 0.0000000000000E+00 2.0000000000000E+01
A2T68
 1.0144248042766E+05 0.0000000000000E+00 0.0000000000000E+00 2.0000000000000E+01
A2T69
 1.0166184550670E+05 0.0000000000000E+00 0.0000000000000E+00 2.0000000000000E+01
A2T70
 1.0169817156365E+05 0.0000000000000E+00 0.0000000000000E+00 2.0000000000000E+01
A2T71
 1.0145380211318E+05 0.0000000000000E+00 0.0000000000000E+00 2.0000000000000E+01
A2T72
 1.0134180564136E+05 0.0000000000000E+00 0.0000000000000E+00 2.0000000000000E+01
A2T73
 1.0134628543276E+05 0.0000000000000E+00 0.0000000000000E+00 2.0000000000000E+01
A2T74
 1.0217321701596E+05 0.0000000000000E+00 0.0000000000000E+00 2.0000000000000E+01
A2T75
 1.0145166642311E+05 0.0000000000000E+00 0.0000000000000E+00 2.0000000000000E+01
A2T76
 1.0145538152336E+05 0.0000000000000E+00 0.0000000000000E+00 2.0000000000000E+01
A2T77
 1.0134017634702E+05 0.0000000000000E+00 0.0000000000000E+00 2.0000000000000E+01
A2T78
 1.0134344255985E+05 0.0000000000000E+00 0.0000000000000E+00 2.0000000000000E+01
A2T79
 1.0145916450188E+05 0.0000000000000E+00 0.0000000000000E+00 2.0000000000000E+01
A2T80
 1.0132605838812E+05 0.0000000000000E+00 0.0000000000000E+00 2.0000000000000E+01
A2T81
 1.0133823149078E+05 0.0000000000000E+00 0.0000000000000E+00 2.0000000000000E+01
A2T82
 1.0146083167581E+05 0.0000000000000E+00 0.0000000000000E+00 2.0000000000000E+01
A2T83
 1.0134121296721E+05 0.0000000000000E+00 0.0000000000000E+00 2.0000000000000E+01
A2T84
 1.0144588752561E+05 0.0000000000000E+00 0.0000000000000E+00 2.0000000000000E+01
A2T85
 1.0134017634702E+05 0.0000000000000E+00 0.0000000000000E+00 2.0000000000000E+01
A2T86
 1.0133818389094E+05 0.0000000000000E+00 0.0000000000000E+00 2.0000000000000E+01
A2T87
 1.0133267292588E+05 0.0000000000000E+00 0.0000000000000E+00 2.0000000000000E+01
A2T88
 1.0134185344106E+05 0.0000000000000E+00 0.0000000000000E+00 2.0000000000000E+01
A2T89
 1.0134250458738E+05 0.0000000000000E+00 0.0000000000000E+00 2.0000000000000E+01
A2T90
 1.0213491069763E+05 0.0000000000000E+00 0.0000000000000E+00 2.0000000000000E+01
A2T91
 1.0133617653881E+05 0.0000000000000E+00 0.0000000000000E+00 2.0000000000000E+01
A2T92
 1.0134193684244E+05 0.0000000000000E+00 0.0000000000000E+00 2.0000000000000E+01
A2T93
 1.0135496177636E+05 0.0000000000000E+00 0.0000000000000E+00 2.0000000000000E+01
A2T94
 1.0133676924907E+05 0.0000000000000E+00 0.0000000000000E+00 2.0000000000000E+01
A2T95
 1.0134470069967E+05 0.0000000000000E+00 0.0000000000000E+00 2.0000000000000E+01
A2T96
 1.0134017634702E+05 0.0000000000000E+00 0.0000000000000E+00 2.0000000000000E+01
A2T97
 1.0134033348306E+05 0.0000000000000E+00 0.0000000000000E+00 2.0000000000000E+01
A2T98
 1.0133889502254E+05 0.0000000000000E+00 0.0000000000000E+00 2.0000000000000E+01
A2T99
 1.0134210372707E+05 0.0000000000000E+00 0.0000000000000E+00 2.0000000000000E+01
A2U 0
 1.0134412621017E+05 0.0000000000000E+00 0.0000000000000E+00 2.0000000000000E+01
A2U 1
 1.0134302952687E+05 0.0000000000000E+00 0.0000000000000E+00 2.0000000000000E+01
A2U 2
 1.0133260972931E+05 0.0000000000000E+00 0.0000000000000E+00 2.0000000000000E+01
A2U 3
 1.0219574665696E+05 0.0000000000000E+00 0.0000000000000E+00 2.0000000000000E+01
A2U 4
 1.0145710596027E+05 0.0000000000000E+00 0.0000000000000E+00 2.0000000000000E+01
A2U 5
 1.0145718936165E+05 0.0000000000000E+00 0.0000000000000E+00 2.0000000000000E+01
A2U 6
 1.0205600786111E+05 0.0000000000000E+00 0.0000000000000E+00 2.0000000000000E+01
A2U 7
 1.0187346116607E+05 0.0000000000000E+00 0.0000000000000E+00 2.0000000000000E+01
A2U 8
 1.0218009164397E+05 0.0000000000000E+00 0.0000000000000E+00 2.0000000000000E+01
A2U 9
 1.0226779926857E+05 0.0000000000000E+00 0.0000000000000E+00 2.0000000000000E+01
A2U10
 1.0213848422583E+05 0.0000000000000E+00 0.0000000000000E+00 2.0000000000000E+01
A2U11
 1.0217844442307E+05 0.0000000000000E+00 0.0000000000000E+00 2.0000000000000E+01
A2U12
 1.0133934771898E+05 0.0000000000000E+00 0.0000000000000E+00 2.0000000000000E+01
A2U13
 1.0211970832742E+05 0.0000000000000E+00 0.0000000000000E+00 2.0000000000000E+01
A2U14
 1.0198160530160E+05 0.0000000000000E+00 0.0000000000000E+00 2.0000000000000E+01
A2U15
 1.0214667069602E+05 0.0000000000000E+00 0.0000000000000E+00 2.0000000000000E+01
A2U16
 1.0190868807335E+05 0.0000000000000E+00 0.0000000000000E+00 2.0000000000000E+01
A2U17
 1.0231679540702E+05 0.0000000000000E+00 0.0000000000000E+00 2.0000000000000E+01
A2U18
 1.0215745303017E+05 0.0000000000000E+00 0.0000000000000E+00 2.0000000000000E+01
A2U19
 1.0208458152709E+05 0.0000000000000E+00 0.0000000000000E+00 2.0000000000000E+01
A2U20
 1.0219331152287E+05 0.0000000000000E+00 0.0000000000000E+00 2.0000000000000E+01
A2U21
 1.0224302183441E+05 0.0000000000000E+00 0.0000000000000E+00 2.0000000000000E+01
A2U22
 1.0213007086985E+05 0.0000000000000E+00 0.0000000000000E+00 2.0000000000000E+01
A2U23
 1.0194487392997E+05 0.0000000000000E+00 0.0000000000000E+00 2.0000000000000E+01
A2U24
 1.0133965265305E+05 0.0000000000000E+00 0.0000000000000E+00 2.0000000000000E+01
A2U25
 1.0208702229574E+05 0.0000000000000E+00 0.0000000000000E+00 2.0000000000000E+01
A2U26
 1.0215290143668E+05 0.0000000000000E+00 0.0000000000000E+00 2.0000000000000E+01
A2U27
 1.0187717641329E+05 0.0000000000000E+00 0.0000000000000E+00 2.0000000000000E+01
A2U28
 1.0187833092147E+05 0.0000000000000E+00 0.0000000000000E+00 2.0000000000000E+01
A2U29
 1.0198255822908E+05 0.0000000000000E+00 0.0000000000000E+00 2.0000000000000E+01
A2U30
 1.0183620841778E+05 0.0000000000000E+00 0.0000000000000E+00 2.0000000000000E+01
A2U31
 1.0187681413181E+05 0.0000000000000E+00 0.0000000000000E+00 2.0000000000000E+01
A2U32
 1.0145832681929E+05 0.0000000000000E+00 0.0000000000000E+00 2.0000000000000E+01
A2U33
 1.0180360769296E+05 0.0000000000000E+00 0.0000000000000E+00 2.0000000000000E+01
A2U34
 1.0133648151487E+05 0.0000000000000E+00 0.0000000000000E+00 2.0000000000000E+01
A2U35
 1.0202807738505E+05 0.0000000000000E+00 0.0000000000000E+00 2.0000000000000E+01
A2U36
 1.0182028366545E+05 0.0000000000000E+00 0.0000000000000E+00 2.0000000000000E+01
A2U37
 1.0134215106994E+05 0.0000000000000E+00 0.0000000000000E+00 2.0000000000000E+01
A2U38
 1.0170873868633E+05 0.0000000000000E+00 0.0000000000000E+00 2.0000000000000E+01
A2U39
 1.0133683531377E+05 0.0000000000000E+00 0.0000000000000E+00 2.0000000000000E+01
A2U40
 1.0145745480200E+05 0.0000000000000E+00 0.0000000000000E+00 2.0000000000000E+01
A2U41
 1.0145224388674E+05 0.0000000000000E+00 0.0000000000000E+00 2.0000000000000E+01
A2U42
 1.0144824407854E+05 0.0000000000000E+00 0.0000000000000E+00 2.0000000000000E+01
A2U43
 1.0219125188689E+05 0.0000000000000E+00 0.0000000000000E+00 2.0000000000000E+01
A2U44
 1.0143893849622E+05 0.0000000000000E+00 0.0000000000000E+00 2.0000000000000E+01
A2U45
 1.0207520115448E+05 0.0000000000000E+00 0.0000000000000E+00 2.0000000000000E+01
A2U46
 1.0131926716411E+05 0.0000000000000E+00 0.0000000000000E+00 2.0000000000000E+01
A2U47
 1.0203024541024E+05 0.0000000000000E+00 0.0000000000000E+00 2.0000000000000E+01
A2U48
 1.0179971067822E+05 0.0000000000000E+00 0.0000000000000E+00 2.0000000000000E+01
A2U49
 1.0181633740876E+05 0.0000000000000E+00 0.0000000000000E+00 2.0000000000000E+01
A2U50
 1.0147063391579E+05 0.0000000000000E+00 0.0000000000000E+00 2.0000000000000E+01
A2U51
 1.0144380499804E+05 0.0000000000000E+00 0.0000000000000E+00 2.0000000000000E+01
A2U52
 1.0170697537135E+05 0.0000000000000E+00 0.0000000000000E+00 2.0000000000000E+01
A2U53
 1.0179176912277E+05 0.0000000000000E+00 0.0000000000000E+00 2.0000000000000E+01
A2U54
 1.0133896609045E+05 0.0000000000000E+00 0.0000000000000E+00 2.0000000000000E+01
A2U55
 1.0219318807607E+05 0.0000000000000E+00 0.0000000000000E+00 2.0000000000000E+01
A2U56
 1.0208332200510E+05 0.0000000000000E+00 0.0000000000000E+00 2.0000000000000E+01
A2U57
 1.0143951336732E+05 0.0000000000000E+00 0.0000000000000E+00 2.0000000000000E+01
A2U58
 1.0133385058104E+05 0.0000000000000E+00 0.0000000000000E+00 2.0000000000000E+01
A2U59
 1.0180671479252E+05 0.0000000000000E+00 0.0000000000000E+00 2.0000000000000E+01
A2U60
 1.0205367085796E+05 0.0000000000000E+00 0.0000000000000E+00 2.0000000000000E+01
A2U61
 1.0146166406343E+05 0.0000000000000E+00 0.0000000000000E+00 2.0000000000000E+01
A2U62
 1.0144343354519E+05 0.0000000000000E+00 0.0000000000000E+00 2.0000000000000E+01
A2U63
 1.0133386823500E+05 0.0000000000000E+00 0.0000000000000E+00 2.0000000000000E+01
A2U64
 1.0168409370423E+05 0.0000000000000E+00 0.0000000000000E+00 2.0000000000000E+01
A2U65
 1.0145617943747E+05 0.0000000000000E+00 0.0000000000000E+00 2.0000000000000E+01
A2U66
 1.0133922774731E+05 0.0000000000000E+00 0.0000000000000E+00 2.0000000000000E+01
A2U67
 1.0145315036120E+05 0.0000000000000E+00 0.0000000000000E+00 2.0000000000000E+01
A2U68
 1.0202873306623E+05 0.0000000000000E+00 0.0000000000000E+00 2.0000000000000E+01
A2U69
 1.0195394944199E+05 0.0000000000000E+00 0.0000000000000E+00 2.0000000000000E+01
A2U70
 1.0133544341332E+05 0.0000000000000E+00 0.0000000000000E+00 2.0000000000000E+01
A2U71
 1.0176353287282E+05 0.0000000000000E+00 0.0000000000000E+00 2.0000000000000E+01
A2U72
 1.0194047483927E+05 0.0000000000000E+00 0.0000000000000E+00 2.0000000000000E+01
A2U73
 1.0170116116020E+05 0.0000000000000E+00 0.0000000000000E+00 2.0000000000000E+01
A2U74
 1.0207575057560E+05 0.0000000000000E+00 0.0000000000000E+00 2.0000000000000E+01
A2U75
 1.0207999262363E+05 0.0000000000000E+00 0.0000000000000E+00 2.0000000000000E+01
A2U76
 1.0216463531233E+05 0.0000000000000E+00 0.0000000000000E+00 2.0000000000000E+01
A2U77
 1.0206339973672E+05 0.0000000000000E+00 0.0000000000000E+00 2.0000000000000E+01
A2U78
 1.0144948567192E+05 0.0000000000000E+00 0.0000000000000E+00 2.0000000000000E+01
A2U79
 1.0197707229129E+05 0.0000000000000E+00 0.0000000000000E+00 2.0000000000000E+01
A2U80
 1.0133254368304E+05 0.0000000000000E+00 0.0000000000000E+00 2.0000000000000E+01
A2U81
 1.0202582859344E+05 0.0000000000000E+00 0.0000000000000E+00 2.0000000000000E+01
A2U82
 1.0133329336391E+05 0.0000000000000E+00 0.0000000000000E+00 2.0000000000000E+01
A2U83
 1.0135363249584E+05 0.0000000000000E+00 0.0000000000000E+00 2.0000000000000E+01
A2U84
 1.0205626890429E+05 0.0000000000000E+00 0.0000000000000E+00 2.0000000000000E+01
A2U85
 1.0133715647533E+05 0.0000000000000E+00 0.0000000000000E+00 2.0000000000000E+01
A2U86
 1.0144022276920E+05 0.0000000000000E+00 0.0000000000000E+00 2.0000000000000E+01
A2U87
 1.0177115106172E+05 0.0000000000000E+00 0.0000000000000E+00 2.0000000000000E+01
A2U88
 1.0215080727464E+05 0.0000000000000E+00 0.0000000000000E+00 2.0000000000000E+01
A2U89
 1.0188648055486E+05 0.0000000000000E+00 0.0000000000000E+00 2.0000000000000E+01
A2U90
 1.0145416853790E+05 0.0000000000000E+00 0.0000000000000E+00 2.0000000000000E+01
A2U91
 1.0206360905853E+05 0.0000000000000E+00 0.0000000000000E+00 2.0000000000000E+01
A2U92
 1.0144061136646E+05 0.0000000000000E+00 0.0000000000000E+00 2.0000000000000E+01
A2U93
 1.0133360083780E+05 0.0000000000000E+00 0.0000000000000E+00 2.0000000000000E+01
A2U94
 1.0144024539422E+05 0.0000000000000E+00 0.0000000000000E+00 2.0000000000000E+01
A2U95
 1.0145404838373E+05 0.0000000000000E+00 0.0000000000000E+00 2.0000000000000E+01
A2U96
 1.0143273792084E+05 0.0000000000000E+00 0.0000000000000E+00 2.0000000000000E+01
A2U97
 1.0168977887901E+05 0.0000000000000E+00 0.0000000000000E+00 2.0000000000000E+01
A2U98
 1.0143935245860E+05 0.0000000000000E+00 0.0000000000000E+00 2.0000000000000E+01
A2U99
 1.0218439381745E+05 0.0000000000000E+00 0.0000000000000E+00 2.0000000000000E+01
A2V 0
 1.0175605856888E+05 0.0000000000000E+00 0.0000000000000E+00 2.0000000000000E+01
A2V 1
 1.0216511501453E+05 0.0000000000000E+00 0.0000000000000E+00 2.0000000000000E+01
A2V 2
 1.0203452329767E+05 0.0000000000000E+00 0.0000000000000E+00 2.0000000000000E+01
A2V 3
 1.0197478043642E+05 0.0000000000000E+00 0.0000000000000E+00 2.0000000000000E+01
A2V 4
 1.0175198655797E+05 0.0000000000000E+00 0.0000000000000E+00 2.0000000000000E+01
A2V 5
 1.0213025744582E+05 0.0000000000000E+00 0.0000000000000E+00 2.0000000000000E+01
A2V 6
 1.0188272805591E+05 0.0000000000000E+00 0.0000000000000E+00 2.0000000000000E+01
A2V 7
 1.0134186502098E+05 0.0000000000000E+00 0.0000000000000E+00 2.0000000000000E+01
A2V 8
 1.0135350507038E+05 0.0000000000000E+00 0.0000000000000E+00 2.0000000000000E+01
A2V 9
 1.0167290750439E+05 0.0000000000000E+00 0.0000000000000E+00 2.0000000000000E+01
A2V10
 1.0174468977532E+05 0.0000000000000E+00 0.0000000000000E+00 2.0000000000000E+01
A2V11
 1.0214176413568E+05 0.0000000000000E+00 0.0000000000000E+00 2.0000000000000E+01
A2V12
 1.0203357156849E+05 0.0000000000000E+00 0.0000000000000E+00 2.0000000000000E+01
A2V13
 1.0144928448202E+05 0.0000000000000E+00 0.0000000000000E+00 2.0000000000000E+01
A2V14
 1.0213965253602E+05 0.0000000000000E+00 0.0000000000000E+00 2.0000000000000E+01
A2V15
 1.0142415033668E+05 0.0000000000000E+00 0.0000000000000E+00 2.0000000000000E+01
A2V16
 1.0205229977644E+05 0.0000000000000E+00 0.0000000000000E+00 2.0000000000000E+01
A2V17
 1.0164300293327E+05 0.0000000000000E+00 0.0000000000000E+00 2.0000000000000E+01
A2V18
 1.0132478627030E+05 0.0000000000000E+00 0.0000000000000E+00 2.0000000000000E+01
A2V19
 1.0176277555600E+05 0.0000000000000E+00 0.0000000000000E+00 2.0000000000000E+01
A2V20
 1.0132451020098E+05 0.0000000000000E+00 0.0000000000000E+00 2.0000000000000E+01
A2V21
 1.0174445554096E+05 0.0000000000000E+00 0.0000000000000E+00 2.0000000000000E+01
A2V22
 1.0166929653482E+05 0.0000000000000E+00 0.0000000000000E+00 2.0000000000000E+01
A2V23
 1.0184545058127E+05 0.0000000000000E+00 0.0000000000000E+00 2.0000000000000E+01
A2V24
 1.0166888234745E+05 0.0000000000000E+00 0.0000000000000E+00 2.0000000000000E+01
A2V25
 1.0132574888939E+05 0.0000000000000E+00 0.0000000000000E+00 2.0000000000000E+01
A2V26
 1.0131958494183E+05 0.0000000000000E+00 0.0000000000000E+00 2.0000000000000E+01
A2V27
 1.0204903918221E+05 0.0000000000000E+00 0.0000000000000E+00 2.0000000000000E+01
A2V28
 1.0131978119477E+05 0.0000000000000E+00 0.0000000000000E+00 2.0000000000000E+01
A2V29
 1.0165449772363E+05 0.0000000000000E+00 0.0000000000000E+00 2.0000000000000E+01
A2V30
 1.0175467997664E+05 0.0000000000000E+00 0.0000000000000E+00 2.0000000000000E+01
A2V31
 1.0190750610487E+05 0.0000000000000E+00 0.0000000000000E+00 2.0000000000000E+01
A2V32
 1.0202087941173E+05 0.0000000000000E+00 0.0000000000000E+00 2.0000000000000E+01
A2V33
 1.0165533351659E+05 0.0000000000000E+00 0.0000000000000E+00 2.0000000000000E+01
A2V34
 1.0209797036996E+05 0.0000000000000E+00 0.0000000000000E+00 2.0000000000000E+01
A2V35
 1.0203013094611E+05 0.0000000000000E+00 0.0000000000000E+00 2.0000000000000E+01
A2V36
 1.0203814058312E+05 0.0000000000000E+00 0.0000000000000E+00 2.0000000000000E+01
A2V37
 1.0168922972191E+05 0.0000000000000E+00 0.0000000000000E+00 2.0000000000000E+01
A2V38
 1.0144214570040E+05 0.0000000000000E+00 0.0000000000000E+00 2.0000000000000E+01
A2V39
 1.0164555758407E+05 0.0000000000000E+00 0.0000000000000E+00 2.0000000000000E+01
A2V40
 1.0174628722514E+05 0.0000000000000E+00 0.0000000000000E+00 2.0000000000000E+01
A2V41
 1.0175060517734E+05 0.0000000000000E+00 0.0000000000000E+00 2.0000000000000E+01
A2V42
 1.0228467867924E+05 0.0000000000000E+00 0.0000000000000E+00 2.0000000000000E+01
A2V43
 1.0209799837692E+05 0.0000000000000E+00 0.0000000000000E+00 2.0000000000000E+01
A2V44
 1.0147301937787E+05 0.0000000000000E+00 0.0000000000000E+00 2.0000000000000E+01
A2V45
 1.0212891186747E+05 0.0000000000000E+00 0.0000000000000E+00 2.0000000000000E+01
A2V46
 1.0191027395228E+05 0.0000000000000E+00 0.0000000000000E+00 2.0000000000000E+01
A2V47
 1.0164917481842E+05 0.0000000000000E+00 0.0000000000000E+00 2.0000000000000E+01
A2V48
 1.0220423783476E+05 0.0000000000000E+00 0.0000000000000E+00 2.0000000000000E+01
A2V49
 1.0130950425461E+05 0.0000000000000E+00 0.0000000000000E+00 2.0000000000000E+01
A2V50
 1.0165826026264E+05 0.0000000000000E+00 0.0000000000000E+00 2.0000000000000E+01
A2V51
 1.0219034313108E+05 0.0000000000000E+00 0.0000000000000E+00 2.0000000000000E+01
A2V52
 1.0174265233684E+05 0.0000000000000E+00 0.0000000000000E+00 2.0000000000000E+01
A2V53
 1.0145036365208E+05 0.0000000000000E+00 0.0000000000000E+00 2.0000000000000E+01
A2V54
 1.0224203291099E+05 0.0000000000000E+00 0.0000000000000E+00 2.0000000000000E+01
A2V55
 1.0144563464587E+05 0.0000000000000E+00 0.0000000000000E+00 2.0000000000000E+01
A2V56
 1.0133094478111E+05 0.0000000000000E+00 0.0000000000000E+00 2.0000000000000E+01
A2V57
 1.0162429676769E+05 0.0000000000000E+00 0.0000000000000E+00 2.0000000000000E+01
A2V58
 1.0143888322169E+05 0.0000000000000E+00 0.0000000000000E+00 2.0000000000000E+01
A2V59
 1.0167675515625E+05 0.0000000000000E+00 0.0000000000000E+00 2.0000000000000E+01
A2V60
 1.0198596259423E+05 0.0000000000000E+00 0.0000000000000E+00 2.0000000000000E+01
A2V61
 1.0133483699131E+05 0.0000000000000E+00 0.0000000000000E+00 2.0000000000000E+01
A2V62
 1.0220417566906E+05 0.0000000000000E+00 0.0000000000000E+00 2.0000000000000E+01
A2V63
 1.0208123355018E+05 0.0000000000000E+00 0.0000000000000E+00 2.0000000000000E+01
A2V64
 1.0176376121122E+05 0.0000000000000E+00 0.0000000000000E+00 2.0000000000000E+01
A2V65
 1.0207634451499E+05 0.0000000000000E+00 0.0000000000000E+00 2.0000000000000E+01
A2V66
 1.0133357808345E+05 0.0000000000000E+00 0.0000000000000E+00 2.0000000000000E+01
A2V67
 1.0142619047844E+05 0.0000000000000E+00 0.0000000000000E+00 2.0000000000000E+01
A2V68
 1.0208137321579E+05 0.0000000000000E+00 0.0000000000000E+00 2.0000000000000E+01
A2V69
 1.0196340681618E+05 0.0000000000000E+00 0.0000000000000E+00 2.0000000000000E+01
A2V70
 1.0131314889971E+05 0.0000000000000E+00 0.0000000000000E+00 2.0000000000000E+01
A2V71
 1.0165943477047E+05 0.0000000000000E+00 0.0000000000000E+00 2.0000000000000E+01
A2V72
 1.0146678286668E+05 0.0000000000000E+00 0.0000000000000E+00 2.0000000000000E+01
A2V73
 1.0163789923152E+05 0.0000000000000E+00 0.0000000000000E+00 2.0000000000000E+01
A2V74
 1.0208587027940E+05 0.0000000000000E+00 0.0000000000000E+00 2.0000000000000E+01
A2V75
 1.0141804911721E+05 0.0000000000000E+00 0.0000000000000E+00 2.0000000000000E+01
A2V76
 1.0163398922759E+05 0.0000000000000E+00 0.0000000000000E+00 2.0000000000000E+01
A2V77
 1.0132499049929E+05 0.0000000000000E+00 0.0000000000000E+00 2.0000000000000E+01
A2V78
 1.0202676174721E+05 0.0000000000000E+00 0.0000000000000E+00 2.0000000000000E+01
A2V79
 1.0159307845296E+05 0.0000000000000E+00 0.0000000000000E+00 2.0000000000000E+01
A2V80
 1.0143332327440E+05 0.0000000000000E+00 0.0000000000000E+00 2.0000000000000E+01
A2V81
 1.0171649463368E+05 0.0000000000000E+00 0.0000000000000E+00 2.0000000000000E+01
A2V82
 1.0143579554120E+05 0.0000000000000E+00 0.0000000000000E+00 2.0000000000000E+01
A2V83
 1.0191352855139E+05 0.0000000000000E+00 0.0000000000000E+00 2.0000000000000E+01
A2V84
 1.0163538583708E+05 0.0000000000000E+00 0.0000000000000E+00 2.0000000000000E+01
A2V85
 1.0200356765651E+05 0.0000000000000E+00 0.0000000000000E+00 2.0000000000000E+01
A2V86
 1.0171927719582E+05 0.0000000000000E+00 0.0000000000000E+00 2.0000000000000E+01
A2V87
 1.0163836825821E+05 0.0000000000000E+00 0.0000000000000E+00 2.0000000000000E+01
A2V88
 1.0196832278558E+05 0.0000000000000E+00 0.0000000000000E+00 2.0000000000000E+01
A2V89
 1.0143091788188E+05 0.0000000000000E+00 0.0000000000000E+00 2.0000000000000E+01
A2V90
 1.0144784442041E+05 0.0000000000000E+00 0.0000000000000E+00 2.0000000000000E+01
A2V91
 1.0233036730383E+05 0.0000000000000E+00 0.0000000000000E+00 2.0000000000000E+01
A2V92
 1.0143902668568E+05 0.0000000000000E+00 0.0000000000000E+00 2.0000000000000E+01
A2V93
 1.0178413948996E+05 0.0000000000000E+00 0.0000000000000E+00 2.0000000000000E+01
A2V94
 1.0193329849659E+05 0.0000000000000E+00 0.0000000000000E+00 2.0000000000000E+01
A2V95
 1.0138794122556E+05 0.0000000000000E+00 0.0000000000000E+00 2.0000000000000E+01
A2V96
 1.0160121981419E+05 0.0000000000000E+00 0.0000000000000E+00 2.0000000000000E+01
A2V97
 1.0154016890425E+05 0.0000000000000E+00 0.0000000000000E+00 2.0000000000000E+01
A2V98
 1.0190131517924E+05 0.0000000000000E+00 0.0000000000000E+00 2.0000000000000E+01
A2V99
 1.0196959352286E+05 0.0000000000000E+00 0.0000000000000E+00 2.0000000000000E+01

