$MeshFormat
4.1 0 8
$EndMeshFormat
$PhysicalNames
8
2 88 "Water"
2 89 "RockG"
2 90 "RockF"
2 91 "RockE"
2 92 "RockD"
2 93 "RockC"
2 94 "RoESF"
2 95 "BARRI"
$EndPhysicalNames
$Entities
2596 87 29 0
1 0 0 0 0
2 2.68676 0 0 0
3 2.8 0 0 0
4 2.8 0 0.37767 0
5 2.8 0 0.51629 0
6 2.8 0 0.62293 0
7 2.8 0 0.67062 0
8 2.8 0 0.69698 0
9 2.8 0 0.73312 0
10 2.8 0 0.83797 0
11 2.8 0 0.93868 0
12 2.8 0 1.01015 0
13 2.8 0 1.31428 0
14 2.8 0 1.4 0
15 0 0 1.4 0
16 0 0 1.29295 0
17 0 0 1.05539 0
18 0 0 1.00015 0
19 0 0 0.9155799999999999 0
20 0 0 0.83753 0
21 0 0 0.73312 0
22 0 0 0.69091 0
23 0 0 0.59271 0
24 0 0 0.45942 0
25 0 0 0.30302 0
26 0 0 0.1093 0
27 0.04034 0 0.10449 0
28 0.07216 0 0.10086 0
29 0.10399 0 0.09361 0
30 0.13581 0 0.08757 0
31 0.16764 0 0.08273 0
32 0.19947 0 0.07427 0
33 0.23002 0 0.0646 0
34 0.25421 0 0.05251 0
35 0.27712 0 0.04647 0
36 0.2924 0 0.04284 0
37 0.30385 0 0.04768 0
38 0.30895 0 0.06339 0
39 0.31658 0 0.07911 0
40 0.31913 0 0.09482 0
41 0.32549 0 0.11295 0
42 0.32931 0 0.1335 0
43 0.33568 0 0.15284 0
44 0.33695 0 0.16614 0
45 0.34204 0 0.18427 0
46 0.34714 0 0.2012 0
47 0.35223 0 0.22054 0
48 0.35732 0 0.2423 0
49 0.35987 0 0.26405 0
50 0.37387 0 0.27252 0
51 0.39042 0 0.28098 0
52 0.40209 0 0.26807 0
53 0.39898 0 0.25622 0
54 0.39523 0 0.24437 0
55 0.39274 0 0.23015 0
56 0.38899 0 0.21712 0
57 0.38587 0 0.20527 0
58 0.38151 0 0.18868 0
59 0.37589 0 0.17565 0
60 0.37028 0 0.16262 0
61 0.36653 0 0.14899 0
62 0.36279 0 0.13596 0
63 0.36591 0 0.12174 0
64 0.37402 0 0.11345 0
65 0.38463 0 0.1093 0
66 0.40022 0 0.10634 0
67 0.41145 0 0.10338 0
68 0.42331 0 0.10219 0
69 0.43641 0 0.09923 0
70 0.44514 0 0.09744999999999999 0
71 0.45294 0 0.09597 0
72 0.46448 0 0.0939 0
73 0.47758 0 0.09034 0
74 0.49256 0 0.08797000000000001 0
75 0.50878 0 0.0862 0
76 0.5275 0 0.08086 0
77 0.54808 0 0.07731 0
78 0.5680500000000001 0 0.07376000000000001 0
79 0.58801 0 0.06961000000000001 0
80 0.60611 0 0.06487 0
81 0.6279400000000001 0 0.06308999999999999 0
82 0.64666 0 0.05954 0
83 0.66288 0 0.05539 0
84 0.6766 0 0.05302 0
85 0.69095 0 0.05184 0
86 0.7053 0 0.05006 0
87 0.71965 0 0.05065 0
88 0.73338 0 0.05065 0
89 0.74461 0 0.05065 0
90 0.76083 0 0.05006 0
91 0.77268 0 0.05184 0
92 0.78454 0 0.05361 0
93 0.79826 0 0.05658 0
94 0.81324 0 0.05954 0
95 0.8307 0 0.06072 0
96 0.8488 0 0.06132 0
97 0.86502 0 0.06191 0
98 0.88061 0 0.06723999999999999 0
99 0.89871 0 0.06902 0
100 0.91181 0 0.0702 0
101 0.92616 0 0.07198 0
102 0.93926 0 0.07435 0
103 0.95111 0 0.07553 0
104 0.96234 0 0.0785 0
105 0.97607 0 0.08026999999999999 0
106 0.9873 0 0.08146 0
107 1.00165 0 0.08323 0
108 1.01725 0 0.08442 0
109 1.03347 0 0.0862 0
110 1.04969 0 0.08738 0
111 1.06778 0 0.08797000000000001 0
112 1.08463 0 0.08916 0
113 1.09898 0 0.09093999999999999 0
114 1.11582 0 0.09093999999999999 0
115 1.1283 0 0.09211999999999999 0
116 1.14078 0 0.0939 0
117 1.15388 0 0.09568 0
118 1.1701 0 0.09744999999999999 0
119 1.18507 0 0.09864000000000001 0
120 1.19817 0 0.09982000000000001 0
121 1.21377 0 0.10101 0
122 1.22874 0 0.1016 0
123 1.24496 0 0.10278 0
124 1.26306 0 0.10278 0
125 1.27741 0 0.10456 0
126 1.29425 0 0.10575 0
127 1.30922 0 0.10575 0
128 1.31983 0 0.10752 0
129 1.33356 0 0.10812 0
130 1.34728 0 0.1093 0
131 1.35851 0 0.11108 0
132 1.37146 0 0.11286 0
133 1.38503 0 0.11419 0
134 1.40031 0 0.11463 0
135 1.41903 0 0.11523 0
136 1.43587 0 0.11641 0
137 1.45334 0 0.11759 0
138 1.46956 0 0.11819 0
139 1.48391 0 0.11937 0
140 1.49889 0 0.12056 0
141 1.51386 0 0.12056 0
142 1.52821 0 0.12233 0
143 1.54006 0 0.12233 0
144 1.55566 0 0.12233 0
145 1.56502 0 0.12233 0
146 1.58155 0 0.12396 0
147 1.59606 0 0.12441 0
148 1.61243 0 0.12441 0
149 1.62834 0 0.12396 0
150 1.64472 0 0.12396 0
151 1.6625 0 0.12396 0
152 1.67981 0 0.12396 0
153 1.69806 0 0.12441 0
154 1.71818 0 0.12396 0
155 1.73534 0 0.1247 0
156 1.75281 0 0.12589 0
157 1.77277 0 0.12707 0
158 1.79835 0 0.12826 0
159 1.81707 0 0.12826 0
160 1.83578 0 0.12885 0
161 1.85887 0 0.12944 0
162 1.87758 0 0.13004 0
163 1.89739 0 0.13063 0
164 1.91892 0 0.12974 0
165 1.94278 0 0.12974 0
166 1.96664 0 0.12885 0
167 1.9891 0 0.12841 0
168 2.00969 0 0.12707 0
169 2.02981 0 0.12707 0
170 2.05368 0 0.1253 0
171 2.0766 0 0.12441 0
172 2.09439 0 0.12352 0
173 2.11217 0 0.12219 0
174 2.13229 0 0.11996 0
175 2.15007 0 0.1173 0
176 2.16738 0 0.11508 0
177 2.18797 0 0.11152 0
178 2.20762 0 0.10841 0
179 2.224 0 0.1053 0
180 2.23757 0 0.10352 0
181 2.25348 0 0.10175 0
182 2.27032 0 0.10041 0
183 2.28857 0 0.09864000000000001 0
184 2.30541 0 0.09642000000000001 0
185 2.32179 0 0.09508 0
186 2.33614 0 0.09211999999999999 0
187 2.34987 0 0.08975 0
188 2.36422 0 0.08679000000000001 0
189 2.37857 0 0.08501 0
190 2.3898 0 0.08383 0
191 2.4029 0 0.07968 0
192 2.41413 0 0.0779 0
193 2.42848 0 0.07672 0
194 2.4447 0 0.07257 0
195 2.45905 0 0.07139 0
196 2.47464 0 0.06723999999999999 0
197 2.49274 0 0.06368 0
198 2.50833 0 0.06191 0
199 2.52081 0 0.05835 0
200 2.53391 0 0.05539 0
201 2.54701 0 0.05361 0
202 2.55949 0 0.05184 0
203 2.57587 0 0.04932 0
204 2.59084 0 0.04532 0
205 2.60348 0 0.04177 0
206 2.61705 0 0.03732 0
207 2.63249 0 0.03199 0
208 2.64606 0 0.02799 0
209 2.65822 0 0.02399 0
210 2.66852 0 0.01955 0
211 2.67694 0 0.01377 0
212 0.02277 0 0.30658 0
213 0.03775 0 0.31013 0
214 0.04898 0 0.31132 0
215 0.05958 0 0.31428 0
216 0.07206 0 0.31487 0
217 0.08890000000000001 0 0.31487 0
218 0.1045 0 0.31487 0
219 0.11885 0 0.31368 0
220 0.13195 0 0.31191 0
221 0.1463 0 0.30776 0
222 0.1619 0 0.30658 0
223 0.17562 0 0.30539 0
224 0.1906 0 0.30361 0
225 0.20245 0 0.30124 0
226 0.2143 0 0.30006 0
227 0.22678 0 0.29828 0
228 0.23676 0 0.29532 0
229 0.24675 0 0.29414 0
230 0.25486 0 0.29236 0
231 0.26484 0 0.29058 0
232 0.27669 0 0.28643 0
233 0.28605 0 0.28406 0
234 0.29354 0 0.28288 0
235 0.3004 0 0.27992 0
236 0.30976 0 0.27873 0
237 0.32099 0 0.27755 0
238 0.33409 0 0.27518 0
239 0.34345 0 0.27755 0
240 0.3514 0 0.28125 0
241 0.35749 0 0.29236 0
242 0.36123 0 0.30347 0
243 0.36404 0 0.31235 0
244 0.36684 0 0.32568 0
245 0.37012 0 0.33723 0
246 0.37433 0 0.34745 0
247 0.37433 0 0.35989 0
248 0.3762 0 0.37278 0
249 0.37714 0 0.38033 0
250 0.38135 0 0.39055 0
251 0.38416 0 0.40121 0
252 0.38556 0 0.40832 0
253 0.39024 0 0.41854 0
254 0.39445 0 0.42876 0
255 0.39726 0 0.4372 0
256 0.40209 0 0.44757 0
257 0.40475 0 0.45809 0
258 0.40475 0 0.46431 0
259 0.40147 0 0.46964 0
260 0.39258 0 0.46608 0
261 0.38275 0 0.4612 0
262 0.37293 0 0.4572 0
263 0.3617 0 0.45409 0
264 0.35187 0 0.45187 0
265 0.33924 0 0.45098 0
266 0.32614 0 0.45053 0
267 0.31163 0 0.44964 0
268 0.299 0 0.45142 0
269 0.2873 0 0.45187 0
270 0.27233 0 0.45453 0
271 0.26016 0 0.45853 0
272 0.24238 0 0.46209 0
273 0.22834 0 0.4652 0
274 0.21384 0 0.46831 0
275 0.19793 0 0.46964 0
276 0.18717 0 0.47186 0
277 0.17079 0 0.47364 0
278 0.15769 0 0.47541 0
279 0.14646 0 0.47719 0
280 0.13336 0 0.47764 0
281 0.11885 0 0.47852 0
282 0.10856 0 0.47897 0
283 0.09873 0 0.47764 0
284 0.08749999999999999 0 0.47541 0
285 0.07721 0 0.4723 0
286 0.06668 0 0.46942 0
287 0.05709 0 0.46653 0
288 0.0482 0 0.46386 0
289 0.04094 0 0.46164 0
290 0.03416 0 0.45986 0
291 0.02878 0 0.45809 0
292 0.02293 0 0.45675 0
293 0.01825 0 0.4572 0
294 0.01334 0 0.45853 0
295 0.37995 0 0.28347 0
296 0.38275 0 0.29265 0
297 0.3865 0 0.30391 0
298 0.3893 0 0.31457 0
299 0.39274 0 0.32287 0
300 0.39648 0 0.33323 0
301 0.39804 0 0.3436 0
302 0.3996 0 0.35338 0
303 0.40365 0 0.36315 0
304 0.41145 0 0.36937 0
305 0.41676 0 0.37648 0
306 0.41988 0 0.38537 0
307 0.41676 0 0.39336 0
308 0.40896 0 0.40018 0
309 0.40178 0 0.40314 0
310 0.39554 0 0.4061 0
311 0.43079 0 0.42832 0
312 0.44296 0 0.42802 0
313 0.4545 0 0.42802 0
314 0.46511 0 0.42684 0
315 0.47852 0 0.42595 0
316 0.49318 0 0.42624 0
317 0.50909 0 0.42684 0
318 0.52656 0 0.42269 0
319 0.54153 0 0.41706 0
320 0.5565099999999999 0 0.41203 0
321 0.56867 0 0.41173 0
322 0.58177 0 0.41025 0
323 0.593 0 0.41025 0
324 0.61141 0 0.41055 0
325 0.62701 0 0.40966 0
326 0.64338 0 0.40877 0
327 0.65695 0 0.41143 0
328 0.67005 0 0.41232 0
329 0.68097 0 0.41291 0
330 0.69251 0 0.41321 0
331 0.7053 0 0.4138 0
332 0.72059 0 0.41765 0
333 0.73229 0 0.4221 0
334 0.74492 0 0.42165 0
335 0.75802 0 0.42299 0
336 0.77253 0 0.42432 0
337 0.7861 0 0.42565 0
338 0.79779 0 0.42698 0
339 0.81043 0 0.42832 0
340 0.81979 0 0.42921 0
341 0.83102 0 0.42921 0
342 0.84365 0 0.4332 0
343 0.85628 0 0.43498 0
344 0.87032 0 0.43854 0
345 0.88763 0 0.44209 0
346 0.90027 0 0.44476 0
347 0.91571 0 0.44698 0
348 0.93255 0 0.44787 0
349 0.9456599999999999 0 0.4492 0
350 0.95829 0 0.45009 0
351 0.97279 0 0.45142 0
352 0.98683 0 0.45187 0
353 0.999 0 0.4532 0
354 1.00976 0 0.4612 0
355 1.01865 0 0.46653 0
356 1.0266 0 0.46831 0
357 1.03643 0 0.46653 0
358 1.04392 0 0.46164 0
359 1.05 0 0.46253 0
360 1.05608 0 0.4652 0
361 1.05983 0 0.46742 0
362 1.06497 0 0.47008 0
363 1.07293 0 0.47364 0
364 1.08463 0 0.47408 0
365 1.09773 0 0.47453 0
366 1.11083 0 0.4763 0
367 1.1244 0 0.47675 0
368 1.13984 0 0.47675 0
369 1.15575 0 0.47453 0
370 1.17119 0 0.47675 0
371 1.18663 0 0.47675 0
372 1.20067 0 0.47764 0
373 1.21283 0 0.47764 0
374 1.22594 0 0.47897 0
375 1.24278 0 0.47941 0
376 1.26009 0 0.4803 0
377 1.27647 0 0.48164 0
378 1.29051 0 0.48371 0
379 1.30611 0 0.4843 0
380 1.32607 0 0.4843 0
381 1.33979 0 0.48549 0
382 1.36163 0 0.48608 0
383 1.38035 0 0.48726 0
384 1.39782 0 0.48786 0
385 1.41466 0 0.48845 0
386 1.43026 0 0.49082 0
387 1.44586 0 0.49141 0
388 1.45896 0 0.492 0
389 1.47323 0 0.49341 0
390 1.4882 0 0.49408 0
391 1.50247 0 0.49496 0
392 1.5137 0 0.49674 0
393 1.52493 0 0.49807 0
394 1.53476 0 0.49852 0
395 1.54693 0 0.50074 0
396 1.56096 0 0.50163 0
397 1.57453 0 0.50252 0
398 1.58483 0 0.50474 0
399 1.59699 0 0.50652 0
400 1.60916 0 0.50741 0
401 1.626 0 0.50918 0
402 1.63957 0 0.51007 0
403 1.65127 0 0.51052 0
404 1.66297 0 0.5114 0
405 1.6742 0 0.5114 0
406 1.68683 0 0.51185 0
407 1.70134 0 0.51185 0
408 1.71397 0 0.51185 0
409 1.72442 0 0.51303 0
410 1.73565 0 0.51333 0
411 1.74626 0 0.51333 0
412 1.75624 0 0.51363 0
413 1.76872 0 0.51422 0
414 1.78088 0 0.51333 0
415 1.79086 0 0.51392 0
416 1.79991 0 0.51363 0
417 1.80896 0 0.51422 0
418 1.81738 0 0.51392 0
419 1.82611 0 0.51481 0
420 1.8361 0 0.51481 0
421 1.84701 0 0.51481 0
422 1.857 0 0.51511 0
423 1.86604 0 0.51481 0
424 1.8779 0 0.51511 0
425 1.89069 0 0.51422 0
426 1.90004 0 0.51363 0
427 1.91003 0 0.51363 0
428 1.92126 0 0.51303 0
429 1.93373 0 0.51244 0
430 1.94309 0 0.51244 0
431 1.95495 0 0.51185 0
432 1.96836 0 0.51126 0
433 1.97959 0 0.51037 0
434 1.99051 0 0.51007 0
435 2.00267 0 0.50918 0
436 2.01546 0 0.50829 0
437 2.02513 0 0.5077 0
438 2.03792 0 0.50652 0
439 2.05134 0 0.50504 0
440 2.06475 0 0.50326 0
441 2.07848 0 0.50326 0
442 2.09088 0 0.50341 0
443 2.10234 0 0.50318 0
444 2.11287 0 0.50185 0
445 2.12152 0 0.50141 0
446 2.13112 0 0.50096 0
447 2.14281 0 0.50007 0
448 2.15428 0 0.49985 0
449 2.16481 0 0.49919 0
450 2.17463 0 0.4963 0
451 2.18516 0 0.49385 0
452 2.19522 0 0.4923 0
453 2.20645 0 0.49119 0
454 2.21698 0 0.48897 0
455 2.2268 0 0.48874 0
456 2.23881 0 0.48697 0
457 2.25192 0 0.4846 0
458 2.26439 0 0.48252 0
459 2.27656 0 0.47867 0
460 2.2906 0 0.47364 0
461 2.30463 0 0.47097 0
462 2.31867 0 0.46771 0
463 2.32897 0 0.46534 0
464 2.34051 0 0.46238 0
465 2.35267 0 0.45942 0
466 2.36328 0 0.45586 0
467 2.37326 0 0.45438 0
468 2.38418 0 0.45261 0
469 2.39759 0 0.44935 0
470 2.41163 0 0.44787 0
471 2.4238 0 0.44565 0
472 2.43503 0 0.44476 0
473 2.4486 0 0.44342 0
474 2.45795 0 0.44342 0
475 2.47012 0 0.44209 0
476 2.48135 0 0.43943 0
477 2.49281 0 0.43632 0
478 2.50381 0 0.43409 0
479 2.51551 0 0.43143 0
480 2.5258 0 0.42876 0
481 2.53797 0 0.4261 0
482 2.5506 0 0.42299 0
483 2.5637 0 0.41943 0
484 2.57868 0 0.41632 0
485 2.58944 0 0.4141 0
486 2.60394 0 0.41099 0
487 2.61611 0 0.40966 0
488 2.62781 0 0.40655 0
489 2.64044 0 0.40255 0
490 2.65354 0 0.39988 0
491 2.66618 0 0.39633 0
492 2.67834 0 0.39322 0
493 2.69191 0 0.39188 0
494 2.70548 0 0.38877 0
495 2.72092 0 0.38655 0
496 2.73215 0 0.38477 0
497 2.74759 0 0.38166 0
498 2.76023 0 0.37989 0
499 2.77239 0 0.37855 0
500 2.78097 0 0.37752 0
501 0.43189 0 0.43587 0
502 0.4361 0 0.44076 0
503 0.44218 0 0.44831 0
504 0.44592 0 0.45498 0
505 0.44873 0 0.46697 0
506 0.45247 0 0.47941 0
507 0.45622 0 0.48874 0
508 0.45668 0 0.4963 0
509 0.45762 0 0.50963 0
510 0.45856 0 0.52029 0
511 0.4609 0 0.52651 0
512 0.47119 0 0.52695 0
513 0.47961 0 0.5274 0
514 0.48616 0 0.53362 0
515 0.4871 0 0.54339 0
516 0.48757 0 0.5545 0
517 0.48803 0 0.56472 0
518 0.49318 0 0.57272 0
519 0.50441 0 0.57672 0
520 0.51845 0 0.57761 0
521 0.53108 0 0.57583 0
522 0.54325 0 0.57361 0
523 0.5549500000000001 0 0.5722699999999999 0
524 0.56618 0 0.5718299999999999 0
525 0.57647 0 0.5718299999999999 0
526 0.59051 0 0.57094 0
527 0.60267 0 0.57094 0
528 0.6139 0 0.56916 0
529 0.62701 0 0.56916 0
530 0.64011 0 0.5696099999999999 0
531 0.649 0 0.57094 0
532 0.66303 0 0.57094 0
533 0.6714599999999999 0 0.57139 0
534 0.68362 0 0.57272 0
535 0.69298 0 0.5745 0
536 0.70187 0 0.57539 0
537 0.71404 0 0.57583 0
538 0.72667 0 0.57805 0
539 0.73837 0 0.57805 0
540 0.74866 0 0.58027 0
541 0.7613 0 0.58116 0
542 0.7744 0 0.58161 0
543 0.78422 0 0.58161 0
544 0.79686 0 0.58427 0
545 0.80809 0 0.58605 0
546 0.81698 0 0.58694 0
547 0.83055 0 0.59005 0
548 0.84084 0 0.59316 0
549 0.85207 0 0.59493 0
550 0.86517 0 0.59671 0
551 0.87968 0 0.59849 0
552 0.89091 0 0.59849 0
553 0.90495 0 0.59938 0
554 0.9143 0 0.60071 0
555 0.9283400000000001 0 0.60338 0
556 0.94098 0 0.6056 0
557 0.95501 0 0.60782 0
558 0.97045 0 0.61226 0
559 0.98824 0 0.61537 0
560 1.00414 0 0.61804 0
561 1.01678 0 0.61893 0
562 1.03035 0 0.6207 0
563 1.03971 0 0.62204 0
564 1.05234 0 0.62382 0
565 1.0617 0 0.62826 0
566 1.07199 0 0.63004 0
567 1.08369 0 0.62959 0
568 1.09539 0 0.62826 0
569 1.10475 0 0.62915 0
570 1.11691 0 0.62826 0
571 1.13329 0 0.62781 0
572 1.14733 0 0.62737 0
573 1.1609 0 0.62826 0
574 1.17119 0 0.62826 0
575 1.18429 0 0.62826 0
576 1.19739 0 0.62959 0
577 1.20582 0 0.62959 0
578 1.21517 0 0.63315 0
579 1.22781 0 0.63448 0
580 1.24231 0 0.63403 0
581 1.25588 0 0.63581 0
582 1.26758 0 0.6367 0
583 1.28209 0 0.63759 0
584 1.29659 0 0.63803 0
585 1.3111 0 0.63714 0
586 1.32279 0 0.63714 0
587 1.33496 0 0.6367 0
588 1.34806 0 0.63492 0
589 1.3621 0 0.63626 0
590 1.3766 0 0.63759 0
591 1.38971 0 0.63848 0
592 1.40655 0 0.63803 0
593 1.42246 0 0.63803 0
594 1.44024 0 0.63848 0
595 1.45849 0 0.63848 0
596 1.47253 0 0.63892 0
597 1.4889 0 0.63937 0
598 1.50575 0 0.63937 0
599 1.52493 0 0.64025 0
600 1.54833 0 0.64114 0
601 1.56798 0 0.64114 0
602 1.58763 0 0.64114 0
603 1.60775 0 0.6424800000000001 0
604 1.62647 0 0.6424800000000001 0
605 1.64425 0 0.64336 0
606 1.66578 0 0.64336 0
607 1.68543 0 0.64425 0
608 1.70321 0 0.64425 0
609 1.71584 0 0.64336 0
610 1.72848 0 0.64381 0
611 1.74205 0 0.64292 0
612 1.75421 0 0.64336 0
613 1.76684 0 0.64292 0
614 1.77901 0 0.64336 0
615 1.79071 0 0.64336 0
616 1.80381 0 0.64381 0
617 1.81691 0 0.64336 0
618 1.83235 0 0.6424800000000001 0
619 1.84967 0 0.6424800000000001 0
620 1.86604 0 0.6424800000000001 0
621 1.87914 0 0.64159 0
622 1.89271 0 0.64159 0
623 1.90816 0 0.64114 0
624 1.91892 0 0.6407 0
625 1.93202 0 0.63981 0
626 1.94652 0 0.63981 0
627 1.96103 0 0.63937 0
628 1.9732 0 0.63892 0
629 1.98864 0 0.63803 0
630 2.00267 0 0.63626 0
631 2.01624 0 0.63626 0
632 2.03028 0 0.63448 0
633 2.04525 0 0.63315 0
634 2.05789 0 0.6327 0
635 2.07333 0 0.63181 0
636 2.08503 0 0.63004 0
637 2.09813 0 0.62915 0
638 2.10936 0 0.62781 0
639 2.12059 0 0.62737 0
640 2.12995 0 0.62604 0
641 2.14024 0 0.6247 0
642 2.14866 0 0.62426 0
643 2.15943 0 0.62337 0
644 2.16925 0 0.62115 0
645 2.17861 0 0.61982 0
646 2.18984 0 0.61804 0
647 2.20013 0 0.61671 0
648 2.20949 0 0.61493 0
649 2.21745 0 0.6136 0
650 2.2268 0 0.61226 0
651 2.23616 0 0.61137 0
652 2.24693 0 0.60915 0
653 2.25956 0 0.60738 0
654 2.2736 0 0.60471 0
655 2.28436 0 0.60204 0
656 2.29372 0 0.60027 0
657 2.30729 0 0.5976 0
658 2.31898 0 0.59493 0
659 2.33349 0 0.59271 0
660 2.3494 0 0.58871 0
661 2.3639 0 0.58472 0
662 2.37841 0 0.58161 0
663 2.39385 0 0.57938 0
664 2.41023 0 0.57583 0
665 2.43409 0 0.57094 0
666 2.45842 0 0.5678299999999999 0
667 2.48088 0 0.56428 0
668 2.50053 0 0.56072 0
669 2.52393 0 0.55584 0
670 2.54405 0 0.5527300000000001 0
671 2.56511 0 0.54917 0
672 2.58616 0 0.54562 0
673 2.60441 0 0.54206 0
674 2.62126 0 0.53851 0
675 2.63685 0 0.53555 0
676 2.6512 0 0.5325800000000001 0
677 2.66368 0 0.53021 0
678 2.67897 0 0.5281400000000001 0
679 2.68957 0 0.5263600000000001 0
680 2.69987 0 0.52488 0
681 2.71328 0 0.52281 0
682 2.72451 0 0.52044 0
683 2.73636 0 0.51866 0
684 2.74635 0 0.5174800000000001 0
685 2.75726 0 0.516 0
686 2.76662 0 0.51629 0
687 2.77629 0 0.5157 0
688 2.78378 0 0.5157 0
689 0.009050000000000001 0 0.59597 0
690 0.01497 0 0.59805 0
691 0.02246 0 0.60012 0
692 0.03026 0 0.6016 0
693 0.03806 0 0.60278 0
694 0.04617 0 0.60367 0
695 0.05365 0 0.60456 0
696 0.06083 0 0.60604 0
697 0.068 0 0.60634 0
698 0.07487000000000001 0 0.60664 0
699 0.08204 0 0.6075199999999999 0
700 0.09046 0 0.60841 0
701 0.09826 0 0.6093 0
702 0.10731 0 0.6096 0
703 0.11479 0 0.60989 0
704 0.12259 0 0.61019 0
705 0.13008 0 0.61078 0
706 0.13788 0 0.61108 0
707 0.1463 0 0.61108 0
708 0.15223 0 0.61167 0
709 0.1619 0 0.61167 0
710 0.1725 0 0.61167 0
711 0.18311 0 0.61108 0
712 0.19403 0 0.61078 0
713 0.20432 0 0.60989 0
714 0.21337 0 0.60871 0
715 0.22398 0 0.60693 0
716 0.23614 0 0.60486 0
717 0.24456 0 0.60367 0
718 0.25392 0 0.6019 0
719 0.2639 0 0.60041 0
720 0.27326 0 0.59805 0
721 0.28356 0 0.59568 0
722 0.29135 0 0.5939 0
723 0.30009 0 0.5936 0
724 0.3082 0 0.59094 0
725 0.31818 0 0.5888600000000001 0
726 0.32879 0 0.58679 0
727 0.34033 0 0.58353 0
728 0.35156 0 0.58264 0
729 0.36185 0 0.58235 0
730 0.37121 0 0.58205 0
731 0.38057 0 0.58205 0
732 0.39024 0 0.58146 0
733 0.39898 0 0.58146 0
734 0.40584 0 0.58116 0
735 0.41301 0 0.5799800000000001 0
736 0.42112 0 0.57879 0
737 0.43048 0 0.57761 0
738 0.43734 0 0.57761 0
739 0.44577 0 0.57583 0
740 0.43953 0 0.55806 0
741 0.43142 0 0.53791 0
742 0.42487 0 0.51896 0
743 0.41925 0 0.50444 0
744 0.41426 0 0.49052 0
745 0.40865 0 0.47808 0
746 0.40989 0 0.45172 0
747 0.41426 0 0.45527 0
748 0.41769 0 0.46149 0
749 0.42175 0 0.46712 0
750 0.4258 0 0.47245 0
751 0.42861 0 0.47867 0
752 0.42861 0 0.484 0
753 0.43079 0 0.48874 0
754 0.43547 0 0.48993 0
755 0.43703 0 0.49437 0
756 0.43641 0 0.50118 0
757 0.43641 0 0.50918 0
758 0.43672 0 0.51422 0
759 0.43703 0 0.5219200000000001 0
760 0.43922 0 0.52666 0
761 0.44046 0 0.53229 0
762 0.44296 0 0.53584 0
763 0.44483 0 0.54177 0
764 0.44608 0 0.54799 0
765 0.44857 0 0.55347 0
766 0.45419 0 0.5549500000000001 0
767 0.45996 0 0.55361 0
768 0.46511 0 0.5553900000000001 0
769 0.46635 0 0.56072 0
770 0.46635 0 0.56576 0
771 0.46479 0 0.57109 0
772 0.46355 0 0.5740499999999999 0
773 0.46121 0 0.57716 0
774 0.4584 0 0.58042 0
775 0.45731 0 0.5844200000000001 0
776 0.45793 0 0.58827 0
777 0.46168 0 0.5906400000000001 0
778 0.46729 0 0.59212 0
779 0.47322 0 0.59271 0
780 0.47821 0 0.59627 0
781 0.48039 0 0.6012999999999999 0
782 0.47977 0 0.61019 0
783 0.47821 0 0.61641 0
784 0.47634 0 0.62263 0
785 0.47634 0 0.62885 0
786 0.48039 0 0.63537 0
787 0.48663 0 0.6407 0
788 0.49256 0 0.64781 0
789 0.49693 0 0.6564 0
790 0.50129 0 0.66262 0
791 0.5081599999999999 0 0.66736 0
792 0.51408 0 0.67387 0
793 0.51533 0 0.67921 0
794 0.51564 0 0.68543 0
795 0.51595 0 0.68987 0
796 0.52032 0 0.69254 0
797 0.525 0 0.69816 0
798 0.52625 0 0.70586 0
799 0.52282 0 0.70868 0
800 0.52016 0 0.71075 0
801 0.5172 0 0.71194 0
802 0.5158 0 0.7156400000000001 0
803 0.5172 0 0.71919 0
804 0.51892 0 0.72127 0
805 0.52172 0 0.72393 0
806 0.52375 0 0.72571 0
807 0.52703 0 0.72838 0
808 0.53108 0 0.73104 0
809 0.5351399999999999 0 0.73341 0
810 0.54029 0 0.73534 0
811 0.5445 0 0.738 0
812 0.54957 0 0.7406700000000001 0
813 0.5546 0 0.7428900000000001 0
814 0.55916 0 0.7444499999999999 0
815 0.56489 0 0.74656 0
816 0.5702700000000001 0 0.7483300000000001 0
817 0.57401 0 0.7508899999999999 0
818 0.56181 0 0.7508899999999999 0
819 0.54918 0 0.7508899999999999 0
820 0.53966 0 0.7508899999999999 0
821 0.52859 0 0.75104 0
822 0.51954 0 0.75074 0
823 0.50956 0 0.75059 0
824 0.50192 0 0.75074 0
825 0.49537 0 0.7508899999999999 0
826 0.48788 0 0.7508899999999999 0
827 0.4885 0 0.74704 0
828 0.49006 0 0.7423 0
829 0.49474 0 0.7384500000000001 0
830 0.50036 0 0.73549 0
831 0.5041 0 0.73326 0
832 0.50644 0 0.73045 0
833 0.50535 0 0.72764 0
834 0.5027 0 0.72482 0
835 0.49958 0 0.72171 0
836 0.49568 0 0.71934 0
837 0.49412 0 0.7149 0
838 0.49381 0 0.7089800000000001 0
839 0.49349 0 0.70424 0
840 0.49178 0 0.70024 0
841 0.49084 0 0.69491 0
842 0.49271 0 0.69091 0
843 0.49115 0 0.6861699999999999 0
844 0.48757 0 0.68276 0
845 0.48679 0 0.6781700000000001 0
846 0.48398 0 0.67239 0
847 0.48258 0 0.66765 0
848 0.47844 0 0.6555800000000001 0
849 0.47166 0 0.64203 0
850 0.46487 0 0.62493 0
851 0.45785 0 0.6076 0
852 0.45247 0 0.59382 0
853 0.44803 0 0.5836 0
854 0.53167 0 0.7039 0
855 0.5387999999999999 0 0.70324 0
856 0.54964 0 0.7029 0
857 0.56275 0 0.70201 0
858 0.5732 0 0.70157 0
859 0.58318 0 0.70157 0
860 0.59456 0 0.7012699999999999 0
861 0.60704 0 0.7012699999999999 0
862 0.62014 0 0.70113 0
863 0.63293 0 0.70172 0
864 0.64479 0 0.70024 0
865 0.6591399999999999 0 0.6990499999999999 0
866 0.6747300000000001 0 0.6990499999999999 0
867 0.68471 0 0.70024 0
868 0.69938 0 0.70083 0
869 0.70842 0 0.70231 0
870 0.72059 0 0.70379 0
871 0.73275 0 0.70468 0
872 0.74211 0 0.7094200000000001 0
873 0.75584 0 0.71209 0
874 0.7652 0 0.7156400000000001 0
875 0.7783 0 0.7189 0
876 0.7879699999999999 0 0.72245 0
877 0.79358 0 0.7236399999999999 0
878 0.80325 0 0.72393 0
879 0.81199 0 0.72275 0
880 0.82197 0 0.72245 0
881 0.83133 0 0.72245 0
882 0.8388099999999999 0 0.72334 0
883 0.8463000000000001 0 0.72453 0
884 0.8516 0 0.72601 0
885 0.86159 0 0.7269 0
886 0.8697 0 0.7280799999999999 0
887 0.87687 0 0.73134 0
888 0.88498 0 0.73164 0
889 0.89153 0 0.73045 0
890 0.89933 0 0.73045 0
891 0.9036999999999999 0 0.73312 0
892 0.91243 0 0.73341 0
893 0.92117 0 0.73282 0
894 0.9298999999999999 0 0.7346 0
895 0.93926 0 0.7346 0
896 0.95018 0 0.7346 0
897 0.96172 0 0.7346 0
898 0.97389 0 0.73608 0
899 0.9841800000000001 0 0.73637 0
900 0.99416 0 0.73549 0
901 1.00383 0 0.73489 0
902 1.0135 0 0.7346 0
903 1.02567 0 0.73371 0
904 1.03409 0 0.73341 0
905 1.04251 0 0.73341 0
906 1.04813 0 0.73341 0
907 1.0553 0 0.7346 0
908 1.06591 0 0.7346 0
909 1.07277 0 0.73608 0
910 1.07932 0 0.7384500000000001 0
911 1.08369 0 0.742 0
912 1.0865 0 0.74541 0
913 1.09102 0 0.7468900000000001 0
914 1.09523 0 0.7491100000000001 0
915 1.0996 0 0.75252 0
916 1.10272 0 0.74941 0
917 1.10459 0 0.74422 0
918 1.10958 0 0.73549 0
919 1.11239 0 0.7280799999999999 0
920 1.11613 0 0.7200800000000001 0
921 1.11925 0 0.71238 0
922 1.12299 0 0.7049800000000001 0
923 1.12362 0 0.69816 0
924 1.12549 0 0.69313 0
925 1.13001 0 0.68868 0
926 1.13142 0 0.68269 0
927 1.13376 0 0.67713 0
928 1.1389 0 0.67269 0
929 1.14031 0 0.66825 0
930 1.14031 0 0.66403 0
931 1.14311 0 0.6613599999999999 0
932 1.14779 0 0.6615799999999999 0
933 1.15107 0 0.6633599999999999 0
934 1.15505 0 0.66403 0
935 1.15996 0 0.66306 0
936 1.16464 0 0.66306 0
937 1.1701 0 0.66232 0
938 1.17634 0 0.66203 0
939 1.1832 0 0.6615799999999999 0
940 1.19006 0 0.6615799999999999 0
941 1.19833 0 0.66188 0
942 1.20613 0 0.66188 0
943 1.2133 0 0.66188 0
944 1.22126 0 0.66188 0
945 1.22765 0 0.66232 0
946 1.23506 0 0.66247 0
947 1.24278 0 0.66247 0
948 1.2512 0 0.66203 0
949 1.25799 0 0.66225 0
950 1.26454 0 0.6618000000000001 0
951 1.27109 0 0.66225 0
952 1.27951 0 0.6618000000000001 0
953 1.28793 0 0.66247 0
954 1.29566 0 0.66247 0
955 1.30384 0 0.66225 0
956 1.31086 0 0.66203 0
957 1.31765 0 0.66225 0
958 1.32373 0 0.66247 0
959 1.33051 0 0.66203 0
960 1.33699 0 0.66203 0
961 1.34182 0 0.66306 0
962 1.34791 0 0.66573 0
963 1.35118 0 0.66765 0
964 1.35539 0 0.67136 0
965 1.35882 0 0.67476 0
966 1.36148 0 0.67669 0
967 1.36522 0 0.67965 0
968 1.36896 0 0.6835 0
969 1.37208 0 0.68646 0
970 1.37489 0 0.68987 0
971 1.37676 0 0.69328 0
972 1.37894 0 0.69594 0
973 1.38284 0 0.69713 0
974 1.38721 0 0.6968299999999999 0
975 1.39033 0 0.69491 0
976 1.39516 0 0.69387 0
977 1.40129 0 0.69379 0
978 1.41029 0 0.69431 0
979 1.42121 0 0.6946099999999999 0
980 1.43151 0 0.6955 0
981 1.44086 0 0.6955 0
982 1.45053 0 0.6955 0
983 1.45989 0 0.6955 0
984 1.46925 0 0.6955 0
985 1.47923 0 0.6952 0
986 1.48672 0 0.6952 0
987 1.49701 0 0.6952 0
988 1.50606 0 0.6955 0
989 1.51573 0 0.6952 0
990 1.52384 0 0.6952 0
991 1.53226 0 0.69431 0
992 1.54037 0 0.69491 0
993 1.5488 0 0.69491 0
994 1.55652 0 0.69446 0
995 1.56307 0 0.69424 0
996 1.56985 0 0.69357 0
997 1.5764 0 0.69357 0
998 1.58295 0 0.69424 0
999 1.5867 0 0.69646 0
1000 1.59372 0 0.69846 0
1001 1.60167 0 0.69935 0
1002 1.61173 0 0.70001 0
1003 1.62179 0 0.70113 0
1004 1.63162 0 0.7029 0
1005 1.64074 0 0.70246 0
1006 1.64776 0 0.70224 0
1007 1.65759 0 0.70224 0
1008 1.66671 0 0.70172 0
1009 1.67763 0 0.70172 0
1010 1.68886 0 0.70142 0
1011 1.70071 0 0.70142 0
1012 1.71319 0 0.70172 0
1013 1.72411 0 0.70379 0
1014 1.74127 0 0.7049800000000001 0
1015 1.75717 0 0.70616 0
1016 1.76996 0 0.70823 0
1017 1.78431 0 0.7094200000000001 0
1018 1.79367 0 0.7112000000000001 0
1019 1.80303 0 0.71357 0
1020 1.81426 0 0.71357 0
1021 1.82424 0 0.7138600000000001 0
1022 1.8389 0 0.71416 0
1023 1.85544 0 0.71534 0
1024 1.87135 0 0.7156400000000001 0
1025 1.88788 0 0.71534 0
1026 1.90472 0 0.71653 0
1027 1.92406 0 0.71801 0
1028 1.93935 0 0.71979 0
1029 1.95588 0 0.71979 0
1030 1.97023 0 0.72097 0
1031 1.98489 0 0.72216 0
1032 1.99581 0 0.72216 0
1033 2.00798 0 0.7236399999999999 0
1034 2.01952 0 0.72393 0
1035 2.02981 0 0.72393 0
1036 2.04385 0 0.7236399999999999 0
1037 2.05633 0 0.72423 0
1038 2.06912 0 0.72453 0
1039 2.08066 0 0.72453 0
1040 2.09345 0 0.72423 0
1041 2.10374 0 0.72393 0
1042 2.11529 0 0.72393 0
1043 2.12308 0 0.72423 0
1044 2.13307 0 0.7236399999999999 0
1045 2.14274 0 0.72245 0
1046 2.15209 0 0.71949 0
1047 2.16457 0 0.71831 0
1048 2.17424 0 0.7174199999999999 0
1049 2.1836 0 0.71594 0
1050 2.19327 0 0.71327 0
1051 2.20107 0 0.71268 0
1052 2.20887 0 0.71238 0
1053 2.21729 0 0.7112000000000001 0
1054 2.22634 0 0.70883 0
1055 2.23725 0 0.70675 0
1056 2.25036 0 0.70438 0
1057 2.26439 0 0.70113 0
1058 2.27843 0 0.69787 0
1059 2.28748 0 0.69639 0
1060 2.29777 0 0.6946099999999999 0
1061 2.31212 0 0.69194 0
1062 2.32491 0 0.68987 0
1063 2.34238 0 0.68543 0
1064 2.36172 0 0.68187 0
1065 2.37701 0 0.68069 0
1066 2.39229 0 0.67891 0
1067 2.40945 0 0.6759500000000001 0
1068 2.42848 0 0.67269 0
1069 2.45 0 0.66884 0
1070 2.46716 0 0.66647 0
1071 2.48431 0 0.66321 0
1072 2.50053 0 0.66143 0
1073 2.51769 0 0.65966 0
1074 2.53454 0 0.65818 0
1075 2.55325 0 0.6575800000000001 0
1076 2.56947 0 0.65432 0
1077 2.58725 0 0.65225 0
1078 2.60254 0 0.64959 0
1079 2.61962 0 0.6469200000000001 0
1080 2.63225 0 0.64536 0
1081 2.64606 0 0.64314 0
1082 2.65994 0 0.6424800000000001 0
1083 2.67304 0 0.64129 0
1084 2.68489 0 0.63951 0
1085 2.69706 0 0.63744 0
1086 2.70766 0 0.6365499999999999 0
1087 2.71671 0 0.63507 0
1088 2.72545 0 0.63389 0
1089 2.73387 0 0.633 0
1090 2.74494 0 0.63122 0
1091 2.75414 0 0.62915 0
1092 2.76163 0 0.62781 0
1093 2.76818 0 0.62618 0
1094 2.77458 0 0.62485 0
1095 2.78066 0 0.62337 0
1096 0.01357 0 0.69313 0
1097 0.02433 0 0.69624 0
1098 0.03697 0 0.6989 0
1099 0.05053 0 0.70201 0
1100 0.05989 0 0.70424 0
1101 0.07206 0 0.70557 0
1102 0.08235000000000001 0 0.70779 0
1103 0.09358 0 0.70823 0
1104 0.10809 0 0.70957 0
1105 0.12119 0 0.70957 0
1106 0.14084 0 0.70957 0
1107 0.15628 0 0.70868 0
1108 0.16892 0 0.70735 0
1109 0.18389 0 0.70557 0
1110 0.19933 0 0.70512 0
1111 0.21009 0 0.70424 0
1112 0.22132 0 0.70335 0
1113 0.23302 0 0.70113 0
1114 0.24519 0 0.70068 0
1115 0.25922 0 0.69802 0
1116 0.27373 0 0.69491 0
1117 0.28496 0 0.6918 0
1118 0.3004 0 0.68957 0
1119 0.3121 0 0.6878 0
1120 0.3266 0 0.68602 0
1121 0.34111 0 0.68246 0
1122 0.35374 0 0.68158 0
1123 0.36825 0 0.68113 0
1124 0.38135 0 0.68069 0
1125 0.39726 0 0.68069 0
1126 0.40896 0 0.68113 0
1127 0.42299 0 0.68158 0
1128 0.4375 0 0.68291 0
1129 0.4506 0 0.68335 0
1130 0.4609 0 0.68313 0
1131 0.47088 0 0.6832 0
1132 0.47774 0 0.68306 0
1133 0.48367 0 0.68283 0
1134 0.01185 0 0.73282 0
1135 0.02152 0 0.7325199999999999 0
1136 0.02963 0 0.7325199999999999 0
1137 0.04055 0 0.7325199999999999 0
1138 0.05272 0 0.73193 0
1139 0.06332 0 0.73193 0
1140 0.07237 0 0.734 0
1141 0.07892 0 0.73519 0
1142 0.09046 0 0.73578 0
1143 0.10107 0 0.73815 0
1144 0.11105 0 0.7384500000000001 0
1145 0.12478 0 0.7384500000000001 0
1146 0.1385 0 0.73993 0
1147 0.1516 0 0.73963 0
1148 0.16408 0 0.73904 0
1149 0.17687 0 0.7402300000000001 0
1150 0.18834 0 0.74111 0
1151 0.19793 0 0.74178 0
1152 0.20799 0 0.74178 0
1153 0.21922 0 0.742 0
1154 0.23138 0 0.7426700000000001 0
1155 0.24332 0 0.74311 0
1156 0.25525 0 0.74334 0
1157 0.26624 0 0.744 0
1158 0.27747 0 0.74378 0
1159 0.28707 0 0.74311 0
1160 0.29642 0 0.74311 0
1161 0.30578 0 0.74356 0
1162 0.31397 0 0.74334 0
1163 0.32263 0 0.74311 0
1164 0.33035 0 0.74334 0
1165 0.33877 0 0.74311 0
1166 0.34626 0 0.74334 0
1167 0.35398 0 0.74356 0
1168 0.36029 0 0.74356 0
1169 0.36591 0 0.744 0
1170 0.37246 0 0.7444499999999999 0
1171 0.37761 0 0.746 0
1172 0.38299 0 0.7464499999999999 0
1173 0.39001 0 0.7471100000000001 0
1174 0.39679 0 0.74733 0
1175 0.40428 0 0.74778 0
1176 0.41247 0 0.74844 0
1177 0.41925 0 0.7486699999999999 0
1178 0.4265 0 0.7491100000000001 0
1179 0.43516 0 0.7488899999999999 0
1180 0.44335 0 0.7488899999999999 0
1181 0.45084 0 0.74922 0
1182 0.45797 0 0.74956 0
1183 0.46593 0 0.74978 0
1184 0.47294 0 0.7503300000000001 0
1185 0.47821 0 0.75056 0
1186 0.48312 0 0.75078 0
1187 0.5811500000000001 0 0.75156 0
1188 0.58887 0 0.75156 0
1189 0.59659 0 0.75178 0
1190 0.60431 0 0.75178 0
1191 0.61578 0 0.75156 0
1192 0.62771 0 0.7508899999999999 0
1193 0.63894 0 0.7508899999999999 0
1194 0.64783 0 0.7511100000000001 0
1195 0.66023 0 0.7506699999999999 0
1196 0.66959 0 0.75044 0
1197 0.68199 0 0.75022 0
1198 0.69485 0 0.74956 0
1199 0.70772 0 0.7493300000000001 0
1200 0.72246 0 0.7488899999999999 0
1201 0.73814 0 0.74844 0
1202 0.75264 0 0.74822 0
1203 0.76457 0 0.74844 0
1204 0.7758 0 0.74822 0
1205 0.78727 0 0.74822 0
1206 0.79709 0 0.7486699999999999 0
1207 0.8073900000000001 0 0.7486699999999999 0
1208 0.81628 0 0.7493300000000001 0
1209 0.82821 0 0.74956 0
1210 0.84131 0 0.7486699999999999 0
1211 0.85348 0 0.74844 0
1212 0.86564 0 0.7488899999999999 0
1213 0.8743 0 0.7486699999999999 0
1214 0.88295 0 0.7486699999999999 0
1215 0.89535 0 0.7486699999999999 0
1216 0.90729 0 0.7491100000000001 0
1217 0.91711 0 0.74882 0
1218 0.9283400000000001 0 0.7491100000000001 0
1219 0.94051 0 0.7491100000000001 0
1220 0.95267 0 0.7497 0
1221 0.96515 0 0.7503 0
1222 0.9751300000000001 0 0.7497 0
1223 0.98449 0 0.74941 0
1224 0.9940099999999999 0 0.74926 0
1225 1.00165 0 0.74941 0
1226 1.01007 0 0.7497 0
1227 1.01943 0 0.74985 0
1228 1.02785 0 0.75015 0
1229 1.03596 0 0.7503 0
1230 1.04594 0 0.7503 0
1231 1.05749 0 0.7503 0
1232 1.06622 0 0.7503 0
1233 1.07316 0 0.75096 0
1234 1.07893 0 0.75185 0
1235 1.08135 0 0.74659 0
1236 1.0755 0 0.76311 0
1237 1.06638 0 0.78866 0
1238 1.05561 0 0.82109 0
1239 1.04602 0 0.84775 0
1240 1.0369 0 0.87441 0
1241 1.02754 0 0.90018 0
1242 1.02029 0 0.9215 0
1243 1.01374 0 0.93994 0
1244 1.00414 0 0.96475 0
1245 0.99541 0 0.9902300000000001 0
1246 0.98605 0 1.01511 0
1247 0.97934 0 1.03969 0
1248 0.97326 0 1.05924 0
1249 0.97045 0 1.07657 0
1250 0.96718 0 1.09257 0
1251 0.9639 0 1.10723 0
1252 0.96063 0 1.12056 0
1253 0.95517 0 1.13359 0
1254 0.97014 0 1.13655 0
1255 0.97389 0 1.1247 0
1256 0.97763 0 1.11137 0
1257 0.98106 0 1.09893 0
1258 0.98543 0 1.08412 0
1259 0.98824 0 1.07109 0
1260 0.99291 0 1.0548 0
1261 0.99822 0 1.03555 0
1262 1.00321 0 1.01659 0
1263 1.00976 0 1.00237 0
1264 1.0135 0 0.9846 0
1265 1.01818 0 0.97082 0
1266 1.02567 0 0.95438 0
1267 1.03316 0 0.9375 0
1268 1.04392 0 0.91173 0
1269 1.04953 0 0.89218 0
1270 1.05655 0 0.87352 0
1271 1.06357 0 0.85041 0
1272 1.07059 0 0.82968 0
1273 1.07714 0 0.81191 0
1274 1.08307 0 0.7965 0
1275 1.08775 0 0.7843599999999999 0
1276 1.09242 0 0.7719200000000001 0
1277 1.09586 0 0.76274 0
1278 1.34135 0 0.67447 0
1279 1.34635 0 0.6878 0
1280 1.3518 0 0.7009 0
1281 1.35625 0 0.71134 0
1282 1.35999 0 0.72179 0
1283 1.3642 0 0.734 0
1284 1.36842 0 0.7468900000000001 0
1285 1.37309 0 0.75822 0
1286 1.3759 0 0.76911 0
1287 1.37871 0 0.77932 0
1288 1.38222 0 0.78866 0
1289 1.38503 0 0.79843 0
1290 1.389 0 0.80732 0
1291 1.39275 0 0.81709 0
1292 1.3986 0 0.83264 0
1293 1.40187 0 0.8446399999999999 0
1294 1.40632 0 0.8575199999999999 0
1295 1.40983 0 0.87063 0
1296 1.41474 0 0.88396 0
1297 1.41942 0 0.89596 0
1298 1.42316 0 0.90462 0
1299 1.42457 0 0.90884 0
1300 1.42433 0 0.91129 0
1301 1.42199 0 0.91217 0
1302 1.41708 0 0.91217 0
1303 1.40406 0 0.91143 0
1304 1.38666 0 0.9104 0
1305 1.36935 0 0.90973 0
1306 1.35508 0 0.90906 0
1307 1.34268 0 0.9084 0
1308 1.33051 0 0.90773 0
1309 1.31905 0 0.90751 0
1310 1.30899 0 0.90662 0
1311 1.29916 0 0.9064 0
1312 1.2891 0 0.90595 0
1313 1.27998 0 0.90551 0
1314 1.27249 0 0.90529 0
1315 1.26524 0 0.90507 0
1316 1.25775 0 0.90462 0
1317 1.25089 0 0.90462 0
1318 1.2434 0 0.90403 0
1319 1.23623 0 0.90344 0
1320 1.23124 0 0.90344 0
1321 1.22562 0 0.90344 0
1322 1.2197 0 0.90329 0
1323 1.21455 0 0.9029199999999999 0
1324 1.20878 0 0.9026999999999999 0
1325 1.21244 0 0.90351 0
1326 1.21681 0 0.90418 0
1327 1.22227 0 0.90462 0
1328 1.22763 0 0.90501 0
1329 1.23249 0 0.90573 0
1330 1.23873 0 0.90655 0
1331 1.24691 0 0.90766 0
1332 1.25471 0 0.90899 0
1333 1.26181 0 0.9111399999999999 0
1334 1.26813 0 0.91225 0
1335 1.27468 0 0.91351 0
1336 1.28279 0 0.91447 0
1337 1.29207 0 0.91617 0
1338 1.3008 0 0.91706 0
1339 1.31 0 0.9177999999999999 0
1340 1.31905 0 0.91869 0
1341 1.32513 0 0.91928 0
1342 1.33293 0 0.91973 0
1343 1.33839 0 0.91988 0
1344 1.34432 0 0.92032 0
1345 1.35025 0 0.92047 0
1346 1.35586 0 0.92091 0
1347 1.36303 0 0.92165 0
1348 1.36974 0 0.92239 0
1349 1.37801 0 0.92313 0
1350 1.38643 0 0.92328 0
1351 1.39376 0 0.92402 0
1352 1.40172 0 0.92491 0
1353 1.40936 0 0.9255 0
1354 1.41497 0 0.9261 0
1355 1.4209 0 0.92669 0
1356 1.42398 0 0.92706 0
1357 1.4255 0 0.92784 0
1358 1.42538 0 0.92972 0
1359 1.42527 0 0.9321700000000001 0
1360 1.42574 0 0.93528 0
1361 1.42737 0 0.9385 0
1362 1.42948 0 0.94128 0
1363 1.43147 0 0.9445 0
1364 1.43346 0 0.95039 0
1365 1.43681 0 0.95586 0
1366 1.43962 0 0.95957 0
1367 1.44118 0 0.9651999999999999 0
1368 1.44336 0 0.96831 0
1369 1.44648 0 0.97319 0
1370 1.44866 0 0.97749 0
1371 1.45053 0 0.98149 0
1372 1.4535 0 0.98489 0
1373 1.45553 0 0.98919 0
1374 1.45646 0 0.99304 0
1375 1.45744 0 0.99637 0
1376 1.45673 0 0.99759 0
1377 1.45545 0 0.99793 0
1378 1.45217 0 0.99782 0
1379 1.44901 0 0.99759 0
1380 1.44375 0 0.99693 0
1381 1.43814 0 0.9967 0
1382 1.43065 0 0.99637 0
1383 1.42269 0 0.99593 0
1384 1.41544 0 0.99556 0
1385 1.40655 0 0.99482 0
1386 1.39875 0 0.99437 0
1387 1.39173 0 0.99408 0
1388 1.3844 0 0.99408 0
1389 1.37614 0 0.99363 0
1390 1.36849 0 0.99319 0
1391 1.36148 0 0.99304 0
1392 1.35508 0 0.99274 0
1393 1.34947 0 0.9923 0
1394 1.34401 0 0.992 0
1395 1.3387 0 0.9923 0
1396 1.33293 0 0.9923 0
1397 1.3281 0 0.9924500000000001 0
1398 1.32264 0 0.99274 0
1399 1.32669 0 0.99452 0
1400 1.32997 0 0.99496 0
1401 1.33434 0 0.99541 0
1402 1.34057 0 0.9957 0
1403 1.34666 0 0.99615 0
1404 1.35165 0 0.9968900000000001 0
1405 1.35726 0 0.99748 0
1406 1.36335 0 0.99807 0
1407 1.37177 0 0.9991100000000001 0
1408 1.37988 0 1.0003 0
1409 1.38768 0 1.00163 0
1410 1.39501 0 1.00326 0
1411 1.4025 0 1.00444 0
1412 1.41076 0 1.00504 0
1413 1.41887 0 1.00607 0
1414 1.42574 0 1.00637 0
1415 1.43104 0 1.00741 0
1416 1.43743 0 1.008 0
1417 1.44102 0 1.00977 0
1418 1.4457 0 1.01052 0
1419 1.44975 0 1.01081 0
1420 1.45397 0 1.01126 0
1421 1.45771 0 1.0114 0
1422 1.45724 0 1.0157 0
1423 1.45802 0 1.01999 0
1424 1.46052 0 1.02459 0
1425 1.46239 0 1.02784 0
1426 1.46442 0 1.0314 0
1427 1.46738 0 1.03584 0
1428 1.47066 0 1.0394 0
1429 1.47346 0 1.04391 0
1430 1.47736 0 1.0468 0
1431 1.48079 0 1.04754 0
1432 1.485 0 1.0468 0
1433 1.48766 0 1.04354 0
1434 1.48968 0 1.03954 0
1435 1.49 0 1.03451 0
1436 1.48906 0 1.02932 0
1437 1.48703 0 1.02266 0
1438 1.48298 0 1.01525 0
1439 1.48017 0 1.00815 0
1440 1.47627 0 0.9997 0
1441 1.4737 0 0.9906 0
1442 1.47136 0 0.98126 0
1443 1.46785 0 0.96993 0
1444 1.4641 0 0.95972 0
1445 1.4613 0 0.9495 0
1446 1.45849 0 0.94194 0
1447 1.45615 0 0.9343900000000001 0
1448 1.45311 0 0.92506 0
1449 1.451 0 0.91573 0
1450 1.44586 0 0.90684 0
1451 1.44211 0 0.89596 0
1452 1.44001 0 0.88729 0
1453 1.43673 0 0.87885 0
1454 1.43299 0 0.86841 0
1455 1.43065 0 0.85908 0
1456 1.42691 0 0.85019 0
1457 1.42433 0 0.84219 0
1458 1.42152 0 0.83242 0
1459 1.41638 0 0.82442 0
1460 1.41217 0 0.81331 0
1461 1.41029 0 0.80243 0
1462 1.40795 0 0.79354 0
1463 1.40421 0 0.78243 0
1464 1.40211 0 0.77044 0
1465 1.39836 0 0.76244 0
1466 1.39532 0 0.752 0
1467 1.39111 0 0.74111 0
1468 1.38971 0 0.73201 0
1469 1.38666 0 0.72201 0
1470 1.38526 0 0.71201 0
1471 1.38269 0 0.7049 0
1472 1.38144 0 0.70039 0
1473 0.01965 0 0.83753 0
1474 0.03837 0 0.83797 0
1475 0.05896 0 0.83753 0
1476 0.07393 0 0.8384200000000001 0
1477 0.09265 0 0.84108 0
1478 0.10902 0 0.84153 0
1479 0.12821 0 0.8428600000000001 0
1480 0.14037 0 0.8428600000000001 0
1481 0.15862 0 0.8446399999999999 0
1482 0.17687 0 0.8450800000000001 0
1483 0.19278 0 0.84419 0
1484 0.20729 0 0.8446399999999999 0
1485 0.22273 0 0.84553 0
1486 0.24004 0 0.8450800000000001 0
1487 0.25548 0 0.8450800000000001 0
1488 0.26905 0 0.84642 0
1489 0.27747 0 0.84997 0
1490 0.2887 0 0.8530799999999999 0
1491 0.30368 0 0.8535199999999999 0
1492 0.31771 0 0.8535199999999999 0
1493 0.33549 0 0.8512999999999999 0
1494 0.34813 0 0.85041 0
1495 0.35936 0 0.85041 0
1496 0.37433 0 0.85041 0
1497 0.38743 0 0.8508599999999999 0
1498 0.401 0 0.8508599999999999 0
1499 0.41364 0 0.85219 0
1500 0.42627 0 0.85397 0
1501 0.44078 0 0.8552999999999999 0
1502 0.45247 0 0.85575 0
1503 0.46604 0 0.85619 0
1504 0.48039 0 0.85693 0
1505 0.49349 0 0.85812 0
1506 0.50753 0 0.85871 0
1507 0.52266 0 0.8593 0
1508 0.53997 0 0.85975 0
1509 0.55775 0 0.8593 0
1510 0.576 0 0.8593 0
1511 0.59191 0 0.86063 0
1512 0.61016 0 0.8593 0
1513 0.62888 0 0.85886 0
1514 0.64713 0 0.85797 0
1515 0.66584 0 0.85886 0
1516 0.68128 0 0.85886 0
1517 0.6986 0 0.8593 0
1518 0.7131 0 0.8593 0
1519 0.73088 0 0.85841 0
1520 0.74866 0 0.85797 0
1521 0.77206 0 0.8575199999999999 0
1522 0.79779 0 0.8575199999999999 0
1523 0.82353 0 0.85575 0
1524 0.84646 0 0.85441 0
1525 0.86798 0 0.85397 0
1526 0.88763 0 0.8512999999999999 0
1527 0.90307 0 0.84775 0
1528 0.91618 0 0.84819 0
1529 0.93115 0 0.84819 0
1530 0.94753 0 0.84775 0
1531 0.9639 0 0.84775 0
1532 0.98028 0 0.84775 0
1533 0.99338 0 0.8473000000000001 0
1534 1.00555 0 0.8468599999999999 0
1535 1.02005 0 0.8468599999999999 0
1536 1.03284 0 0.84716 0
1537 1.10272 0 0.76333 0
1538 1.11208 0 0.76422 0
1539 1.12268 0 0.76363 0
1540 1.13298 0 0.76333 0
1541 1.14389 0 0.76333 0
1542 1.15481 0 0.76333 0
1543 1.16511 0 0.76392 0
1544 1.17727 0 0.76422 0
1545 1.18881 0 0.76451 0
1546 1.19817 0 0.76511 0
1547 1.21096 0 0.7654 0
1548 1.2225 0 0.7654 0
1549 1.23405 0 0.7654 0
1550 1.2459 0 0.7654 0
1551 1.25682 0 0.7654 0
1552 1.26586 0 0.7654 0
1553 1.27491 0 0.766 0
1554 1.28489 0 0.766 0
1555 1.2955 0 0.766 0
1556 1.30611 0 0.76629 0
1557 1.31765 0 0.76688 0
1558 1.32576 0 0.76718 0
1559 1.33309 0 0.76866 0
1560 1.34081 0 0.76888 0
1561 1.34978 0 0.76896 0
1562 1.35789 0 0.76866 0
1563 1.36514 0 0.76866 0
1564 1.37029 0 0.76888 0
1565 1.42839 0 0.82479 0
1566 1.43915 0 0.82524 0
1567 1.45085 0 0.82539 0
1568 1.46301 0 0.82524 0
1569 1.47471 0 0.82568 0
1570 1.48469 0 0.82731 0
1571 1.49561 0 0.8279 0
1572 1.50653 0 0.8282 0
1573 1.51932 0 0.83042 0
1574 1.5385 0 0.83131 0
1575 1.55348 0 0.83175 0
1576 1.56985 0 0.83242 0
1577 1.58459 0 0.83331 0
1578 1.59816 0 0.8362000000000001 0
1579 1.61056 0 0.8384200000000001 0
1580 1.61922 0 0.8388600000000001 0
1581 1.62811 0 0.83908 0
1582 1.63864 0 0.83975 0
1583 1.64799 0 0.8401999999999999 0
1584 1.66328 0 0.84153 0
1585 1.68044 0 0.84271 0
1586 1.69619 0 0.84419 0
1587 1.71257 0 0.84619 0
1588 1.72988 0 0.84775 0
1589 1.74462 0 0.84819 0
1590 1.76006 0 0.8488599999999999 0
1591 1.77269 0 0.84953 0
1592 1.78533 0 0.85041 0
1593 1.79796 0 0.8508599999999999 0
1594 1.81208 0 0.85278 0
1595 1.8283 0 0.85338 0
1596 1.84545 0 0.85427 0
1597 1.86074 0 0.85456 0
1598 1.87447 0 0.85545 0
1599 1.88944 0 0.85515 0
1600 1.90223 0 0.85545 0
1601 1.91564 0 0.85545 0
1602 1.92968 0 0.85545 0
1603 1.94309 0 0.85515 0
1604 1.95619 0 0.85515 0
1605 1.96805 0 0.85486 0
1606 1.98365 0 0.85486 0
1607 1.99893 0 0.85486 0
1608 2.01297 0 0.85464 0
1609 2.02818 0 0.85464 0
1610 2.04221 0 0.8552999999999999 0
1611 2.05742 0 0.8555199999999999 0
1612 2.07263 0 0.85597 0
1613 2.0869 0 0.85508 0
1614 2.09789 0 0.8552999999999999 0
1615 2.1117 0 0.85464 0
1616 2.1234 0 0.85427 0
1617 2.13806 0 0.85397 0
1618 2.15178 0 0.85249 0
1619 2.16364 0 0.8512999999999999 0
1620 2.17674 0 0.84982 0
1621 2.18703 0 0.84775 0
1622 2.19639 0 0.84745 0
1623 2.20668 0 0.84531 0
1624 2.21768 0 0.84419 0
1625 2.22868 0 0.84375 0
1626 2.24014 0 0.8428600000000001 0
1627 2.25348 0 0.84175 0
1628 2.26588 0 0.83997 0
1629 2.27523 0 0.83997 0
1630 2.2888 0 0.8388600000000001 0
1631 2.29902 0 0.8388600000000001 0
1632 2.30931 0 0.83827 0
1633 2.32086 0 0.83738 0
1634 2.33396 0 0.8362000000000001 0
1635 2.34893 0 0.83501 0
1636 2.36172 0 0.83264 0
1637 2.37482 0 0.83116 0
1638 2.39135 0 0.8282 0
1639 2.40383 0 0.82672 0
1640 2.41569 0 0.82553 0
1641 2.42473 0 0.82198 0
1642 2.4344 0 0.81991 0
1643 2.44532 0 0.81842 0
1644 2.45819 0 0.81687 0
1645 2.46872 0 0.81443 0
1646 2.48182 0 0.81176 0
1647 2.49562 0 0.80865 0
1648 2.50849 0 0.80532 0
1649 2.51995 0 0.80398 0
1650 2.53118 0 0.80198 0
1651 2.54195 0 0.79887 0
1652 2.55247 0 0.79599 0
1653 2.56136 0 0.79376 0
1654 2.56979 0 0.79088 0
1655 2.57938 0 0.7891 0
1656 2.59061 0 0.7871 0
1657 2.60043 0 0.78443 0
1658 2.61471 0 0.78221 0
1659 2.62828 0 0.78066 0
1660 2.64044 0 0.77733 0
1661 2.65089 0 0.77399 0
1662 2.6643 0 0.77103 0
1663 2.67678 0 0.766 0
1664 2.68801 0 0.76214 0
1665 2.69955 0 0.75948 0
1666 2.70829 0 0.75652 0
1667 2.72045 0 0.75385 0
1668 2.72888 0 0.75074 0
1669 2.7359 0 0.74882 0
1670 2.74369 0 0.74704 0
1671 2.75025 0 0.74482 0
1672 2.75539 0 0.7423 0
1673 2.76163 0 0.74037 0
1674 2.76615 0 0.73948 0
1675 2.77177 0 0.7383 0
1676 2.77707 0 0.73682 0
1677 2.78097 0 0.73578 0
1678 2.78468 0 0.73467 0
1679 2.78284 0 0.70113 0
1680 2.77536 0 0.7029 0
1681 2.76506 0 0.7049800000000001 0
1682 2.75383 0 0.70705 0
1683 2.74167 0 0.70972 0
1684 2.73106 0 0.71297 0
1685 2.71858 0 0.7156400000000001 0
1686 2.70392 0 0.7186 0
1687 2.69176 0 0.72068 0
1688 2.68021 0 0.72275 0
1689 2.66805 0 0.72482 0
1690 2.65526 0 0.7269 0
1691 2.6406 0 0.72838 0
1692 2.62687 0 0.73104 0
1693 2.61564 0 0.73312 0
1694 2.60316 0 0.7346 0
1695 2.59193 0 0.73786 0
1696 2.57727 0 0.7402300000000001 0
1697 2.56635 0 0.7423 0
1698 2.55294 0 0.74556 0
1699 2.53797 0 0.7491100000000001 0
1700 2.52362 0 0.75237 0
1701 2.50833 0 0.758 0
1702 2.49274 0 0.76126 0
1703 2.47854 0 0.76466 0
1704 2.46357 0 0.766 0
1705 2.44766 0 0.76733 0
1706 2.43269 0 0.76888 0
1707 2.41842 0 0.77022 0
1708 2.40368 0 0.77177 0
1709 2.38753 0 0.77288 0
1710 2.37303 0 0.77288 0
1711 2.35618 0 0.77466 0
1712 2.34082 0 0.77547 0
1713 2.32897 0 0.77607 0
1714 2.32242 0 0.77725 0
1715 2.3143 0 0.7781400000000001 0
1716 2.30307 0 0.77932 0
1717 2.29372 0 0.77962 0
1718 2.28436 0 0.7811 0
1719 2.27469 0 0.78199 0
1720 2.26564 0 0.78169 0
1721 2.25566 0 0.78169 0
1722 2.25067 0 0.7843599999999999 0
1723 2.24708 0 0.78629 0
1724 2.24178 0 0.78747 0
1725 2.23507 0 0.7883599999999999 0
1726 2.22836 0 0.78791 0
1727 2.22166 0 0.78777 0
1728 2.21526 0 0.78747 0
1729 2.20934 0 0.78747 0
1730 2.20247 0 0.78717 0
1731 2.1967 0 0.78688 0
1732 2.19187 0 0.78732 0
1733 2.18688 0 0.78777 0
1734 2.18079 0 0.78703 0
1735 2.17611 0 0.78555 0
1736 2.17019 0 0.7848000000000001 0
1737 2.16395 0 0.78421 0
1738 2.15631 0 0.78377 0
1739 2.14788 0 0.7825800000000001 0
1740 2.14086 0 0.78229 0
1741 2.13556 0 0.78125 0
1742 2.12995 0 0.7803600000000001 0
1743 2.12433 0 0.77903 0
1744 2.11981 0 0.77784 0
1745 2.11513 0 0.77666 0
1746 2.11107 0 0.77577 0
1747 2.10795 0 0.77444 0
1748 2.10639 0 0.7719200000000001 0
1749 2.10827 0 0.76985 0
1750 2.11139 0 0.76911 0
1751 2.11529 0 0.76881 0
1752 2.12028 0 0.76896 0
1753 2.12496 0 0.76881 0
1754 2.13197 0 0.76896 0
1755 2.13868 0 0.76896 0
1756 2.14445 0 0.76881 0
1757 2.15365 0 0.76911 0
1758 2.16379 0 0.76896 0
1759 2.17299 0 0.76881 0
1760 2.18048 0 0.76851 0
1761 2.18953 0 0.76851 0
1762 2.19779 0 0.76851 0
1763 2.20824 0 0.76851 0
1764 2.21994 0 0.76836 0
1765 2.23024 0 0.76822 0
1766 2.2385 0 0.7674800000000001 0
1767 2.24786 0 0.76711 0
1768 2.25862 0 0.76644 0
1769 2.26915 0 0.76577 0
1770 2.27874 0 0.76444 0
1771 2.28927 0 0.76422 0
1772 2.29863 0 0.76311 0
1773 2.30869 0 0.76289 0
1774 2.31992 0 0.76244 0
1775 2.32928 0 0.76089 0
1776 2.3391 0 0.76 0
1777 2.34753 0 0.7595499999999999 0
1778 2.35829 0 0.75866 0
1779 2.36928 0 0.75689 0
1780 2.37958 0 0.7555500000000001 0
1781 2.39174 0 0.75467 0
1782 2.3997 0 0.7528899999999999 0
1783 2.40485 0 0.7506699999999999 0
1784 2.41093 0 0.75022 0
1785 2.41631 0 0.74978 0
1786 2.42333 0 0.74978 0
1787 2.42871 0 0.74956 0
1788 2.43245 0 0.74756 0
1789 2.43807 0 0.7466699999999999 0
1790 2.44275 0 0.7468900000000001 0
1791 2.44883 0 0.74622 0
1792 2.45468 0 0.7444499999999999 0
1793 2.46053 0 0.74356 0
1794 2.46825 0 0.742 0
1795 2.47667 0 0.74 0
1796 2.48275 0 0.73889 0
1797 2.48907 0 0.73778 0
1798 2.49562 0 0.73578 0
1799 2.50264 0 0.73356 0
1800 2.50943 0 0.73134 0
1801 2.51738 0 0.72912 0
1802 2.52674 0 0.7269 0
1803 2.53563 0 0.72467 0
1804 2.54358 0 0.7229 0
1805 2.55294 0 0.72023 0
1806 2.56207 0 0.71912 0
1807 2.56862 0 0.7189 0
1808 2.57751 0 0.71823 0
1809 2.58538 0 0.71653 0
1810 2.59599 0 0.7138600000000001 0
1811 2.60691 0 0.71297 0
1812 2.61533 0 0.71209 0
1813 2.62438 0 0.70972 0
1814 2.63249 0 0.70646 0
1815 2.64153 0 0.70379 0
1816 2.65276 0 0.70201 0
1817 2.66056 0 0.70113 0
1818 2.66711 0 0.70142 0
1819 2.67366 0 0.69994 0
1820 2.68053 0 0.69964 0
1821 2.68708 0 0.6990499999999999 0
1822 2.69191 0 0.69779 0
1823 2.69495 0 0.69424 0
1824 2.70104 0 0.69246 0
1825 2.70618 0 0.69113 0
1826 2.71367 0 0.68913 0
1827 2.72069 0 0.68846 0
1828 2.72841 0 0.68824 0
1829 2.73543 0 0.68735 0
1830 2.74151 0 0.68557 0
1831 2.74642 0 0.68358 0
1832 2.75274 0 0.68246 0
1833 2.7607 0 0.68024 0
1834 2.76701 0 0.67735 0
1835 2.7727 0 0.67476 0
1836 2.77692 0 0.67358 0
1837 2.78097 0 0.67225 0
1838 2.78596 0 0.67136 0
1839 0.02152 0 0.91854 0
1840 0.04336 0 0.91914 0
1841 0.06301 0 0.92032 0
1842 0.08391 0 0.9215 0
1843 0.10512 0 0.92387 0
1844 0.12634 0 0.92447 0
1845 0.14693 0 0.92624 0
1846 0.17001 0 0.92684 0
1847 0.18935 0 0.92684 0
1848 0.20619 0 0.92861 0
1849 0.22553 0 0.9298 0
1850 0.24924 0 0.93098 0
1851 0.27233 0 0.93276 0
1852 0.29791 0 0.93572 0
1853 0.31974 0 0.93513 0
1854 0.34532 0 0.93454 0
1855 0.3684 0 0.93632 0
1856 0.39586 0 0.93513 0
1857 0.41644 0 0.93632 0
1858 0.43578 0 0.94046 0
1859 0.45762 0 0.9428299999999999 0
1860 0.48133 0 0.94342 0
1861 0.49817 0 0.94698 0
1862 0.51627 0 0.94757 0
1863 0.53389 0 0.9490499999999999 0
1864 0.55448 0 0.9512699999999999 0
1865 0.57507 0 0.95172 0
1866 0.59238 0 0.95053 0
1867 0.61297 0 0.95053 0
1868 0.63075 0 0.95039 0
1869 0.65227 0 0.94994 0
1870 0.67099 0 0.94994 0
1871 0.6922 0 0.95083 0
1872 0.70936 0 0.95113 0
1873 0.72433 0 0.95113 0
1874 0.74086 0 0.95142 0
1875 0.7574 0 0.95083 0
1876 0.77362 0 0.95113 0
1877 0.7904600000000001 0 0.95053 0
1878 0.81074 0 0.94994 0
1879 0.83133 0 0.94816 0
1880 0.85036 0 0.94698 0
1881 0.86907 0 0.94609 0
1882 0.88654 0 0.94491 0
1883 0.90152 0 0.94313 0
1884 0.9167999999999999 0 0.94194 0
1885 0.93177 0 0.94194 0
1886 0.94831 0 0.94165 0
1887 0.9620300000000001 0 0.94135 0
1888 0.97576 0 0.9410500000000001 0
1889 0.99104 0 0.94046 0
1890 1.00344 0 0.9403899999999999 0
1891 1.07807 0 0.84893 0
1892 1.09274 0 0.84745 0
1893 1.1074 0 0.8468599999999999 0
1894 1.1258 0 0.84597 0
1895 1.14389 0 0.84538 0
1896 1.1623 0 0.84449 0
1897 1.18008 0 0.84479 0
1898 1.19755 0 0.84479 0
1899 1.21315 0 0.84331 0
1900 1.22781 0 0.8436 0
1901 1.2434 0 0.8436 0
1902 1.26056 0 0.84271 0
1903 1.27741 0 0.84212 0
1904 1.28895 0 0.84301 0
1905 1.29737 0 0.8450800000000001 0
1906 1.30392 0 0.84597 0
1907 1.31141 0 0.84627 0
1908 1.32077 0 0.84597 0
1909 1.33075 0 0.8439 0
1910 1.33948 0 0.84301 0
1911 1.34853 0 0.8424199999999999 0
1912 1.3582 0 0.84123 0
1913 1.36615 0 0.83901 0
1914 1.37333 0 0.83753 0
1915 1.38035 0 0.83516 0
1916 1.38737 0 0.83353 0
1917 1.39298 0 0.83294 0
1918 1.45646 0 0.90862 0
1919 1.46785 0 0.90951 0
1920 1.47752 0 0.91173 0
1921 1.48656 0 0.91291 0
1922 1.49436 0 0.91395 0
1923 1.50497 0 0.91573 0
1924 1.51815 0 0.91817 0
1925 1.53289 0 0.92106 0
1926 1.54646 0 0.92417 0
1927 1.56026 0 0.92661 0
1928 1.57687 0 0.92861 0
1929 1.59348 0 0.93061 0
1930 1.60822 0 0.93172 0
1931 1.62156 0 0.93328 0
1932 1.63302 0 0.9343900000000001 0
1933 1.64706 0 0.93506 0
1934 1.66344 0 0.9355 0
1935 1.67677 0 0.9361699999999999 0
1936 1.68894 0 0.9363899999999999 0
1937 1.70204 0 0.9368300000000001 0
1938 1.71654 0 0.93794 0
1939 1.73175 0 0.9383899999999999 0
1940 1.74462 0 0.93906 0
1941 1.75959 0 0.9395 0
1942 1.7734 0 0.93972 0
1943 1.7886 0 0.9403899999999999 0
1944 1.80685 0 0.94128 0
1945 1.82487 0 0.9410500000000001 0
1946 1.84288 0 0.9410500000000001 0
1947 1.86066 0 0.94194 0
1948 1.8761 0 0.94128 0
1949 1.88827 0 0.94194 0
1950 1.90418 0 0.9423899999999999 0
1951 1.9236 0 0.9428299999999999 0
1952 1.94208 0 0.9423899999999999 0
1953 1.95986 0 0.9423899999999999 0
1954 1.97741 0 0.94342 0
1955 1.99519 0 0.94372 0
1956 2.01702 0 0.94254 0
1957 2.03792 0 0.94165 0
1958 2.05602 0 0.94224 0
1959 2.07442 0 0.94342 0
1960 2.09064 0 0.94342 0
1961 2.10437 0 0.9428299999999999 0
1962 2.11942 0 0.9435 0
1963 2.1358 0 0.94217 0
1964 2.15311 0 0.9410500000000001 0
1965 2.17276 0 0.93972 0
1966 2.19124 0 0.9381699999999999 0
1967 2.20528 0 0.93594 0
1968 2.2247 0 0.93528 0
1969 2.24435 0 0.93306 0
1970 2.26096 0 0.9319499999999999 0
1971 2.27547 0 0.92906 0
1972 2.29021 0 0.92684 0
1973 2.30191 0 0.9255 0
1974 2.31524 0 0.92461 0
1975 2.33138 0 0.92217 0
1976 2.3501 0 0.91973 0
1977 2.36671 0 0.91684 0
1978 2.38449 0 0.9141 0
1979 2.40103 0 0.91203 0
1980 2.41943 0 0.91055 0
1981 2.43721 0 0.90818 0
1982 2.45281 0 0.90529 0
1983 2.46809 0 0.9031400000000001 0
1984 2.48525 0 0.90284 0
1985 2.50272 0 0.8987000000000001 0
1986 2.51582 0 0.89573 0
1987 2.53095 0 0.89262 0
1988 2.54779 0 0.88996 0
1989 2.56043 0 0.88863 0
1990 2.57657 0 0.88574 0
1991 2.59342 0 0.88329 0
1992 2.61073 0 0.88041 0
1993 2.62734 0 0.87796 0
1994 2.64325 0 0.87685 0
1995 2.65752 0 0.87485 0
1996 2.67296 0 0.87307 0
1997 2.68606 0 0.87108 0
1998 2.6994 0 0.86908 0
1999 2.70969 0 0.86641 0
2000 2.72256 0 0.86286 0
2001 2.73239 0 0.85997 0
2002 2.74151 0 0.85841 0
2003 2.7511 0 0.8552999999999999 0
2004 2.75999 0 0.85219 0
2005 2.76912 0 0.84842 0
2006 2.77684 0 0.84553 0
2007 2.78234 0 0.84253 0
2008 2.7883 0 0.84031 0
2009 0.01872 0 0.99882 0
2010 0.03182 0 0.99882 0
2011 0.04773 0 1.00015 0
2012 0.06270000000000001 0 1.00104 0
2013 0.08001 0 1.00015 0
2014 0.09544999999999999 0 1.00104 0
2015 0.1109 0 1.00148 0
2016 0.12353 0 1.00281 0
2017 0.14318 0 1.00504 0
2018 0.16143 0 1.00726 0
2019 0.17687 0 1.00681 0
2020 0.19512 0 1.00903 0
2021 0.21384 0 1.01037 0
2022 0.23349 0 1.01081 0
2023 0.25408 0 1.01081 0
2024 0.28075 0 1.01037 0
2025 0.30274 0 1.01126 0
2026 0.33409 0 1.01126 0
2027 0.3617 0 1.01303 0
2028 0.39398 0 1.01451 0
2029 0.43142 0 1.01392 0
2030 0.45325 0 1.01748 0
2031 0.46979 0 1.02103 0
2032 0.48757 0 1.02325 0
2033 0.50348 0 1.02103 0
2034 0.51892 0 1.01836 0
2035 0.53389 0 1.01437 0
2036 0.55027 0 1.0157 0
2037 0.56197 0 1.01525 0
2038 0.57616 0 1.01718 0
2039 0.5926900000000001 0 1.01836 0
2040 0.6125 0 1.01703 0
2041 0.63636 0 1.01688 0
2042 0.66288 0 1.01629 0
2043 0.6878300000000001 0 1.016 0
2044 0.71341 0 1.01688 0
2045 0.73392 0 1.02103 0
2046 0.75358 0 1.02325 0
2047 0.7748699999999999 0 1.0237 0
2048 0.79639 0 1.02414 0
2049 0.81651 0 1.02414 0
2050 0.8332000000000001 0 1.02222 0
2051 0.85129 0 1.02162 0
2052 0.8684500000000001 0 1.02192 0
2053 0.88654 0 1.02222 0
2054 0.89933 0 1.0231 0
2055 0.91586 0 1.0237 0
2056 0.9298999999999999 0 1.02103 0
2057 0.93895 0 1.0157 0
2058 0.94659 0 1.01437 0
2059 0.95423 0 1.01377 0
2060 0.96172 0 1.01363 0
2061 0.96811 0 1.01363 0
2062 0.97373 0 1.01392 0
2063 0.97981 0 1.01437 0
2064 1.03175 0 0.96993 0
2065 1.04439 0 0.96831 0
2066 1.05873 0 0.96801 0
2067 1.07028 0 0.96682 0
2068 1.08151 0 0.96682 0
2069 1.0943 0 0.9656400000000001 0
2070 1.11083 0 0.96416 0
2071 1.13204 0 0.96297 0
2072 1.15201 0 0.96149 0
2073 1.17135 0 0.96031 0
2074 1.18944 0 0.95912 0
2075 1.20535 0 0.95823 0
2076 1.21876 0 0.95764 0
2077 1.23217 0 0.95527 0
2078 1.24496 0 0.95468 0
2079 1.25557 0 0.9549800000000001 0
2080 1.26836 0 0.95527 0
2081 1.28146 0 0.95409 0
2082 1.29581 0 0.95468 0
2083 1.30642 0 0.95586 0
2084 1.32014 0 0.95764 0
2085 1.32732 0 0.95972 0
2086 1.33668 0 0.96031 0
2087 1.34479 0 0.9606 0
2088 1.35258 0 0.96031 0
2089 1.36038 0 0.95972 0
2090 1.36787 0 0.95972 0
2091 1.37551 0 0.95809 0
2092 1.38518 0 0.9569 0
2093 1.39189 0 0.95616 0
2094 1.39766 0 0.95572 0
2095 1.40281 0 0.95631 0
2096 1.40951 0 0.95764 0
2097 1.41638 0 0.95749 0
2098 1.42184 0 0.95823 0
2099 1.4287 0 0.95823 0
2100 1.43408 0 0.95779 0
2101 1.4861 0 0.9997 0
2102 1.49795 0 0.99985 0
2103 1.5109 0 0.99985 0
2104 1.52166 0 1.00059 0
2105 1.53211 0 1.00178 0
2106 1.54193 0 1.00207 0
2107 1.55301 0 1.00296 0
2108 1.56455 0 1.00489 0
2109 1.57687 0 1.00592 0
2110 1.58654 0 1.00696 0
2111 1.59762 0 1.00785 0
2112 1.61243 0 1.00992 0
2113 1.62304 0 1.0114 0
2114 1.6377 0 1.012 0
2115 1.65111 0 1.01348 0
2116 1.66234 0 1.01348 0
2117 1.67404 0 1.01363 0
2118 1.68668 0 1.01392 0
2119 1.70009 0 1.01377 0
2120 1.71241 0 1.01407 0
2121 1.72286 0 1.01422 0
2122 1.73347 0 1.01496 0
2123 1.74361 0 1.01659 0
2124 1.75374 0 1.0197 0
2125 1.76404 0 1.02073 0
2126 1.77464 0 1.02192 0
2127 1.78697 0 1.02266 0
2128 1.79929 0 1.0237 0
2129 1.81208 0 1.02444 0
2130 1.82377 0 1.02503 0
2131 1.83766 0 1.02562 0
2132 1.84717 0 1.02621 0
2133 1.8598 0 1.02681 0
2134 1.86947 0 1.0271 0
2135 1.87961 0 1.02725 0
2136 1.89006 0 1.0277 0
2137 1.90051 0 1.02755 0
2138 1.91003 0 1.02799 0
2139 1.91689 0 1.02829 0
2140 1.92469 0 1.02814 0
2141 1.93233 0 1.02799 0
2142 1.94091 0 1.02799 0
2143 1.95042 0 1.02858 0
2144 1.9615 0 1.02873 0
2145 1.97242 0 1.02844 0
2146 1.98411 0 1.02918 0
2147 1.99519 0 1.02844 0
2148 2.00735 0 1.02873 0
2149 2.01858 0 1.02873 0
2150 2.02934 0 1.02888 0
2151 2.04073 0 1.02888 0
2152 2.05056 0 1.02799 0
2153 2.06038 0 1.0274 0
2154 2.07239 0 1.02666 0
2155 2.08674 0 1.02533 0
2156 2.10117 0 1.0237 0
2157 2.11419 0 1.02325 0
2158 2.12901 0 1.02251 0
2159 2.13899 0 1.02192 0
2160 2.15256 0 1.02133 0
2161 2.16925 0 1.02036 0
2162 2.19148 0 1.01925 0
2163 2.21183 0 1.01614 0
2164 2.23312 0 1.01392 0
2165 2.25184 0 1.01348 0
2166 2.27102 0 1.01348 0
2167 2.28763 0 1.01237 0
2168 2.31103 0 1.00992 0
2169 2.33559 0 1.00881 0
2170 2.35712 0 1.00615 0
2171 2.37958 0 1.00326 0
2172 2.39525 0 1.00126 0
2173 2.41467 0 1.00037 0
2174 2.43269 0 0.99926 0
2175 2.45585 0 0.99793 0
2176 2.47457 0 0.99548 0
2177 2.49164 0 0.99015 0
2178 2.51036 0 0.98793 0
2179 2.5265 0 0.98526 0
2180 2.54101 0 0.98371 0
2181 2.55692 0 0.97815 0
2182 2.5676 0 0.97601 0
2183 2.57883 0 0.97393 0
2184 2.59256 0 0.97245 0
2185 2.6066 0 0.97068 0
2186 2.62094 0 0.9686 0
2187 2.63561 0 0.9656400000000001 0
2188 2.65074 0 0.9646 0
2189 2.66594 0 0.9626 0
2190 2.67811 0 0.95883 0
2191 2.69285 0 0.95572 0
2192 2.70501 0 0.95283 0
2193 2.71858 0 0.95039 0
2194 2.72934 0 0.94839 0
2195 2.73777 0 0.94616 0
2196 2.74666 0 0.9446099999999999 0
2197 2.75508 0 0.94313 0
2198 2.76366 0 0.94209 0
2199 2.76927 0 0.94076 0
2200 2.77676 0 0.94046 0
2201 2.78378 0 0.93972 0
2202 2.78939 0 0.93913 0
2203 0.01638 0 1.05524 0
2204 0.03556 0 1.05613 0
2205 0.05709 0 1.05658 0
2206 0.08048 0 1.05835 0
2207 0.10154 0 1.06057 0
2208 0.12259 0 1.06102 0
2209 0.14552 0 1.06235 0
2210 0.16517 0 1.06235 0
2211 0.18717 0 1.06324 0
2212 0.20775 0 1.06368 0
2213 0.22647 0 1.06368 0
2214 0.24659 0 1.06457 0
2215 0.27326 0 1.06546 0
2216 0.30368 0 1.06635 0
2217 0.3252 0 1.06768 0
2218 0.34813 0 1.07035 0
2219 0.36965 0 1.07168 0
2220 0.38697 0 1.07257 0
2221 0.41457 0 1.07479 0
2222 0.43844 0 1.07568 0
2223 0.45294 0 1.07568 0
2224 0.47166 0 1.07568 0
2225 0.48991 0 1.07613 0
2226 0.50956 0 1.07835 0
2227 0.52921 0 1.07835 0
2228 0.55027 0 1.07879 0
2229 0.56898 0 1.07879 0
2230 0.58988 0 1.07909 0
2231 0.61234 0 1.07909 0
2232 0.6279400000000001 0 1.08235 0
2233 0.64806 0 1.08279 0
2234 0.66771 0 1.08146 0
2235 0.68549 0 1.08279 0
2236 0.70374 0 1.08501 0
2237 0.72059 0 1.08679 0
2238 0.7365 0 1.08945 0
2239 0.7482 0 1.09257 0
2240 0.76364 0 1.09257 0
2241 0.77861 0 1.09301 0
2242 0.79405 0 1.09301 0
2243 0.80996 0 1.09257 0
2244 0.82961 0 1.09168 0
2245 0.84646 0 1.09034 0
2246 0.86564 0 1.09034 0
2247 0.87874 0 1.09079 0
2248 0.89044 0 1.09079 0
2249 0.90354 0 1.09034 0
2250 0.91805 0 1.09034 0
2251 0.92943 0 1.09079 0
2252 0.9373899999999999 0 1.09108 0
2253 0.94363 0 1.09271 0
2254 0.95033 0 1.09331 0
2255 0.95548 0 1.09212 0
2256 0.96125 0 1.09079 0
2257 0.99666 0 1.06502 0
2258 1.00485 0 1.0588 0
2259 1.01444 0 1.0548 0
2260 1.0238 0 1.05102 0
2261 1.03432 0 1.04769 0
2262 1.04649 0 1.04569 0
2263 1.05795 0 1.04414 0
2264 1.06825 0 1.04325 0
2265 1.07574 0 1.0428 0
2266 1.0872 0 1.04214 0
2267 1.10007 0 1.04125 0
2268 1.1134 0 1.04058 0
2269 1.12604 0 1.03991 0
2270 1.13797 0 1.03925 0
2271 1.14943 0 1.0388 0
2272 1.16253 0 1.0388 0
2273 1.17704 0 1.03814 0
2274 1.19225 0 1.03814 0
2275 1.20753 0 1.03732 0
2276 1.22188 0 1.03673 0
2277 1.23592 0 1.03614 0
2278 1.24933 0 1.03584 0
2279 1.26337 0 1.03495 0
2280 1.27834 0 1.03466 0
2281 1.29238 0 1.03525 0
2282 1.30361 0 1.03495 0
2283 1.31921 0 1.03555 0
2284 1.33012 0 1.03614 0
2285 1.34198 0 1.03643 0
2286 1.35383 0 1.03703 0
2287 1.36631 0 1.03762 0
2288 1.37598 0 1.03851 0
2289 1.38409 0 1.0388 0
2290 1.39322 0 1.03903 0
2291 1.40351 0 1.03925 0
2292 1.4124 0 1.0388 0
2293 1.41989 0 1.03947 0
2294 1.42667 0 1.04169 0
2295 1.43158 0 1.0428 0
2296 1.43837 0 1.04458 0
2297 1.44586 0 1.04525 0
2298 1.45404 0 1.04813 0
2299 1.46083 0 1.0508 0
2300 1.46691 0 1.05391 0
2301 1.47229 0 1.05635 0
2302 1.47791 0 1.05902 0
2303 1.48469 0 1.06191 0
2304 1.49101 0 1.06591 0
2305 1.50037 0 1.06902 0
2306 1.50856 0 1.0719 0
2307 1.51932 0 1.07324 0
2308 1.53172 0 1.07435 0
2309 1.54318 0 1.07435 0
2310 1.55418 0 1.07524 0
2311 1.56939 0 1.07679 0
2312 1.58155 0 1.07835 0
2313 1.59489 0 1.07879 0
2314 1.60565 0 1.07968 0
2315 1.61945 0 1.07968 0
2316 1.63209 0 1.0799 0
2317 1.64566 0 1.08057 0
2318 1.65665 0 1.0819 0
2319 1.66905 0 1.08323 0
2320 1.6795 0 1.08353 0
2321 1.69128 0 1.08412 0
2322 1.7018 0 1.08457 0
2323 1.71233 0 1.08568 0
2324 1.7238 0 1.08723 0
2325 1.73526 0 1.08768 0
2326 1.74696 0 1.08857 0
2327 1.75374 0 1.08968 0
2328 1.76614 0 1.09101 0
2329 1.77714 0 1.09234 0
2330 1.78743 0 1.09301 0
2331 1.79703 0 1.09456 0
2332 1.81013 0 1.09523 0
2333 1.82346 0 1.09582 0
2334 1.83625 0 1.09597 0
2335 1.84717 0 1.09656 0
2336 1.85559 0 1.09701 0
2337 1.86433 0 1.0973 0
2338 1.87275 0 1.09805 0
2339 1.88164 0 1.09805 0
2340 1.88913 0 1.09834 0
2341 1.89833 0 1.09893 0
2342 1.90925 0 1.09893 0
2343 1.91673 0 1.09923 0
2344 1.925 0 1.09923 0
2345 1.93412 0 1.09923 0
2346 1.94255 0 1.09901 0
2347 1.95237 0 1.09901 0
2348 1.96126 0 1.09923 0
2349 1.96992 0 1.09967 0
2350 1.9799 0 1.09879 0
2351 1.98942 0 1.09819 0
2352 1.99846 0 1.09819 0
2353 2.00626 0 1.09819 0
2354 2.01515 0 1.09879 0
2355 2.02248 0 1.09849 0
2356 2.03122 0 1.09864 0
2357 2.04011 0 1.09834 0
2358 2.04728 0 1.0979 0
2359 2.05695 0 1.09745 0
2360 2.06608 0 1.09723 0
2361 2.07582 0 1.09671 0
2362 2.0869 0 1.09642 0
2363 2.10047 0 1.09538 0
2364 2.11388 0 1.09449 0
2365 2.12449 0 1.09419 0
2366 2.13884 0 1.0939 0
2367 2.15319 0 1.0936 0
2368 2.16878 0 1.09331 0
2369 2.18493 0 1.0919 0
2370 2.1999 0 1.09145 0
2371 2.21651 0 1.09034 0
2372 2.22985 0 1.08945 0
2373 2.24365 0 1.08834 0
2374 2.26049 0 1.08723 0
2375 2.27734 0 1.0859 0
2376 2.29442 0 1.08479 0
2377 2.30892 0 1.0839 0
2378 2.32542 0 1.08223 0
2379 2.34074 0 1.08101 0
2380 2.35618 0 1.07968 0
2381 2.36975 0 1.07901 0
2382 2.38473 0 1.07768 0
2383 2.40134 0 1.0759 0
2384 2.41444 0 1.07435 0
2385 2.42426 0 1.07257 0
2386 2.43643 0 1.07013 0
2387 2.45047 0 1.06724 0
2388 2.46357 0 1.06546 0
2389 2.47574 0 1.06391 0
2390 2.4865 0 1.06302 0
2391 2.49913 0 1.06102 0
2392 2.50896 0 1.05902 0
2393 2.51808 0 1.05613 0
2394 2.53118 0 1.05324 0
2395 2.54007 0 1.05235 0
2396 2.5492 0 1.04991 0
2397 2.55902 0 1.04791 0
2398 2.56815 0 1.04502 0
2399 2.57797 0 1.04391 0
2400 2.58499 0 1.04169 0
2401 2.59435 0 1.04014 0
2402 2.60207 0 1.0388 0
2403 2.61143 0 1.03525 0
2404 2.61939 0 1.03436 0
2405 2.62734 0 1.03303 0
2406 2.6381 0 1.03081 0
2407 2.64863 0 1.02925 0
2408 2.65682 0 1.02836 0
2409 2.66594 0 1.02614 0
2410 2.67483 0 1.02436 0
2411 2.68115 0 1.0237 0
2412 2.6884 0 1.02259 0
2413 2.69589 0 1.02059 0
2414 2.70197 0 1.02059 0
2415 2.70829 0 1.01992 0
2416 2.7139 0 1.01925 0
2417 2.71858 0 1.01814 0
2418 2.72326 0 1.01703 0
2419 2.72934 0 1.01548 0
2420 2.73402 0 1.01659 0
2421 2.73987 0 1.01637 0
2422 2.74502 0 1.01525 0
2423 2.74993 0 1.01326 0
2424 2.75578 0 1.01237 0
2425 2.76093 0 1.01148 0
2426 2.76678 0 1.01037 0
2427 2.77239 0 1.01015 0
2428 2.77801 0 1.01037 0
2429 2.78269 0 1.01015 0
2430 2.7862 0 1.01003 0
2431 2.79041 0 1.01026 0
2432 0.02152 0 1.29295 0
2433 0.04211 0 1.29384 0
2434 0.06504 0 1.29384 0
2435 0.08376 0 1.29473 0
2436 0.10575 0 1.29473 0
2437 0.1268 0 1.29517 0
2438 0.14459 0 1.29473 0
2439 0.1619 0 1.29517 0
2440 0.17921 0 1.29606 0
2441 0.19793 0 1.29695 0
2442 0.21758 0 1.29695 0
2443 0.23864 0 1.29606 0
2444 0.25829 0 1.29606 0
2445 0.27467 0 1.29606 0
2446 0.29291 0 1.29517 0
2447 0.30836 0 1.29562 0
2448 0.3238 0 1.29517 0
2449 0.33783 0 1.29695 0
2450 0.35187 0 1.29695 0
2451 0.36684 0 1.2965 0
2452 0.38463 0 1.29384 0
2453 0.401 0 1.29251 0
2454 0.41738 0 1.29162 0
2455 0.43703 0 1.29028 0
2456 0.45341 0 1.29073 0
2457 0.47119 0 1.29028 0
2458 0.48991 0 1.29073 0
2459 0.50582 0 1.28984 0
2460 0.51985 0 1.28984 0
2461 0.53717 0 1.29028 0
2462 0.55307 0 1.29073 0
2463 0.5732 0 1.29117 0
2464 0.5909799999999999 0 1.29206 0
2465 0.60969 0 1.29162 0
2466 0.62654 0 1.29117 0
2467 0.64385 0 1.29384 0
2468 0.66303 0 1.29517 0
2469 0.68222 0 1.29562 0
2470 0.69485 0 1.2965 0
2471 0.70889 0 1.29695 0
2472 0.7234 0 1.29873 0
2473 0.7379 0 1.29961 0
2474 0.751 0 1.30095 0
2475 0.76551 0 1.30095 0
2476 0.77767 0 1.30139 0
2477 0.7912400000000001 0 1.30184 0
2478 0.81136 0 1.30228 0
2479 0.83289 0 1.30228 0
2480 0.8516 0 1.30228 0
2481 0.86985 0 1.30095 0
2482 0.88249 0 1.30184 0
2483 0.90074 0 1.30361 0
2484 0.91337 0 1.30495 0
2485 0.9250699999999999 0 1.30628 0
2486 0.93536 0 1.3085 0
2487 0.94659 0 1.31117 0
2488 0.95969 0 1.31294 0
2489 0.97139 0 1.31517 0
2490 0.98449 0 1.3165 0
2491 0.99713 0 1.31472 0
2492 1.00882 0 1.31428 0
2493 1.02286 0 1.31072 0
2494 1.03643 0 1.30406 0
2495 1.04672 0 1.29739 0
2496 1.06497 0 1.29295 0
2497 1.08463 0 1.28806 0
2498 1.101 0 1.28318 0
2499 1.12112 0 1.28051 0
2500 1.13797 0 1.27962 0
2501 1.15388 0 1.27962 0
2502 1.16979 0 1.27873 0
2503 1.18991 0 1.28007 0
2504 1.20722 0 1.28007 0
2505 1.2236 0 1.28095 0
2506 1.24231 0 1.28229 0
2507 1.26243 0 1.28318 0
2508 1.28021 0 1.28495 0
2509 1.3008 0 1.28495 0
2510 1.31624 0 1.28629 0
2511 1.33168 0 1.28762 0
2512 1.34572 0 1.28851 0
2513 1.3621 0 1.29028 0
2514 1.37754 0 1.29162 0
2515 1.38924 0 1.29206 0
2516 1.40281 0 1.29428 0
2517 1.42106 0 1.29739 0
2518 1.43603 0 1.30006 0
2519 1.45147 0 1.30406 0
2520 1.46317 0 1.30584 0
2521 1.47533 0 1.3085 0
2522 1.48422 0 1.30983 0
2523 1.49545 0 1.3128 0
2524 1.5045 0 1.31517 0
2525 1.5123 0 1.31635 0
2526 1.5254 0 1.31813 0
2527 1.53757 0 1.31931 0
2528 1.54755 0 1.32139 0
2529 1.5566 0 1.32287 0
2530 1.57032 0 1.32257 0
2531 1.58342 0 1.32227 0
2532 1.59746 0 1.32287 0
2533 1.61368 0 1.32287 0
2534 1.62772 0 1.32257 0
2535 1.64144 0 1.32257 0
2536 1.65611 0 1.32257 0
2537 1.66796 0 1.32287 0
2538 1.67919 0 1.32287 0
2539 1.69572 0 1.32257 0
2540 1.71288 0 1.32257 0
2541 1.72941 0 1.32257 0
2542 1.75094 0 1.32139 0
2543 1.76965 0 1.32139 0
2544 1.79024 0 1.32227 0
2545 1.81083 0 1.32139 0
2546 1.83048 0 1.32094 0
2547 1.84779 0 1.32094 0
2548 1.86979 0 1.3205 0
2549 1.89178 0 1.3205 0
2550 1.91377 0 1.3205 0
2551 1.93529 0 1.32139 0
2552 1.95541 0 1.32183 0
2553 1.976 0 1.32405 0
2554 1.99846 0 1.32583 0
2555 2.02326 0 1.32494 0
2556 2.04338 0 1.32583 0
2557 2.06475 0 1.32672 0
2558 2.08721 0 1.3279 0
2559 2.11154 0 1.3279 0
2560 2.13712 0 1.3285 0
2561 2.15958 0 1.32909 0
2562 2.18578 0 1.3285 0
2563 2.20637 0 1.33027 0
2564 2.23008 0 1.33027 0
2565 2.25129 0 1.32968 0
2566 2.26985 0 1.33116 0
2567 2.28951 0 1.33161 0
2568 2.30916 0 1.33338 0
2569 2.33162 0 1.33472 0
2570 2.35174 0 1.33516 0
2571 2.36952 0 1.33516 0
2572 2.38777 0 1.33472 0
2573 2.40414 0 1.33605 0
2574 2.42333 0 1.33738 0
2575 2.4383 0 1.33694 0
2576 2.4514 0 1.33827 0
2577 2.46872 0 1.33738 0
2578 2.48509 0 1.33694 0
2579 2.50381 0 1.3356 0
2580 2.51691 0 1.3356 0
2581 2.5389 0 1.33516 0
2582 2.55622 0 1.33249 0
2583 2.57821 0 1.32983 0
2584 2.59646 0 1.32805 0
2585 2.61595 0 1.32701 0
2586 2.63124 0 1.32524 0
2587 2.6512 0 1.32257 0
2588 2.66867 0 1.3205 0
2589 2.68708 0 1.3202 0
2590 2.70548 0 1.31902 0
2591 2.7217 0 1.31783 0
2592 2.73449 0 1.31724 0
2593 2.75009 0 1.31694 0
2594 2.76319 0 1.31546 0
2595 2.77598 0 1.31487 0
2596 2.7869 0 1.31457 0
1 0 0 0 2.68676 0 0 0 2 1 -2
2 2.68676 0 0 2.8 0 0 0 2 2 -3
3 2.8 0 0 2.8 0 0.37767 0 2 3 -4
4 2.8 0 0.37767 2.8 0 0.51629 0 2 4 -5
5 2.8 0 0.51629 2.8 0 0.62293 0 2 5 -6
6 2.8 0 0.62293 2.8 0 0.67062 0 2 6 -7
7 2.8 0 0.67062 2.8 0 0.69698 0 2 7 -8
8 2.8 0 0.69698 2.8 0 0.73312 0 2 8 -9
9 2.8 0 0.73312 2.8 0 0.83797 0 2 9 -10
10 2.8 0 0.83797 2.8 0 0.93868 0 2 10 -11
11 2.8 0 0.93868 2.8 0 1.01015 0 2 11 -12
12 2.8 0 1.01015 2.8 0 1.31428 0 2 12 -13
13 2.8 0 1.31428 2.8 0 1.4 0 2 13 -14
14 0 0 1.4 2.8 0 1.4 0 2 14 -15
15 0 0 1.29295 0 0 1.4 0 2 15 -16
16 0 0 1.05539 0 0 1.29295 0 2 16 -17
17 0 0 1.00015 0 0 1.05539 0 2 17 -18
18 0 0 0.9155799999999999 0 0 1.00015 0 2 18 -19
19 0 0 0.83753 0 0 0.9155799999999999 0 2 19 -20
20 0 0 0.73312 0 0 0.83753 0 2 20 -21
21 0 0 0.69091 0 0 0.73312 0 2 21 -22
22 0 0 0.59271 0 0 0.69091 0 2 22 -23
23 0 0 0.45942 0 0 0.59271 0 2 23 -24
24 0 0 0.30302 0 0 0.45942 0 2 24 -25
25 0 0 0.1093 0 0 0.30302 0 2 25 -26
26 0 0 0 0 0 0.1093 0 2 26 -1
27 0 0 0.04494777777777778 0.37387 0 0.27252 0 2 26 -50
28 0.3738699999999999 0 0 2.68676 0 0.27252 0 2 50 -2
29 0 0 0.2778920164609054 0.3514 0 0.3149352949245542 0 2 25 -240
30 0.3514 0 0.27252 0.37387 0 0.28125 0 2 240 -50
31 0.3514 0 0.28125 0.38556 0 0.40832 0 2 240 -252
32 0.38556 0 0.40832 0.39445 0 0.42876 0 2 252 -254
33 0.39445 0 0.42876 0.40209 0 0.44757 0 2 254 -256
34 0.40147 0 0.44757 0.4050914814814814 0 0.46964 0 2 256 -259
35 0 0 0.44964 0.40147 0 0.47764 0 2 259 -24
36 0.37387 0 0.27252 0.4181933333333334 0 0.40832 0 2 50 -252
37 0 0 0.57583 0.44577 0 0.6112770370370371 0 2 23 -739
38 0.40147 0 0.46964 0.44577 0 0.57583 0 2 739 -259
39 0.40209 0 0.44757 0.4664252812071331 0 0.57716 0 2 256 -773
40 0.4575489986282578 0 0.57716 0.52625 0 0.70586 0 2 773 -798
41 0.5159167626886145 0 0.70586 0.57401 0 0.7508899999999999 0 2 798 -817
42 0.48788 0 0.75059 0.57401 0 0.75104 0 2 817 -826
43 0.48757 0 0.68276 0.50644 0 0.7508899999999999 0 2 826 -844
44 0.44577 0 0.57583 0.48757 0 0.68276 0 2 844 -739
45 0 0 0.6808037037037038 0.48757 0 0.7091892592592592 0 2 22 -844
46 0 0 0.73193 0.48788 0 0.7508899999999999 0 2 21 -826
47 0.43079 0 0.37767 2.8 0 0.5139705349794239 0 2 4 -311
48 0.43079 0 0.42832 0.49318 0 0.57272 0 2 311 -518
49 0.49318 0 0.51629 2.8 0 0.64292 0 2 518 -5
50 0.39445 0 0.42832 0.43079 0 0.42876 0 2 254 -311
51 0.46121 0 0.57272 0.49318 0 0.57716 0 2 773 -518
52 0.52625 0 0.6989912345679012 1.08369 0 0.742 0 2 798 -911
53 1.08369 0 0.742 1.0996 0 0.75252 0 2 911 -915
54 1.0996 0 0.6615799999999999 1.33699 0 0.75252 0 2 915 -960
55 1.33699 0 0.66203 1.37894 0 0.69594 0 2 960 -972
56 1.37894 0 0.62293 2.8 0 0.7239501646090535 0 2 972 -6
57 0.57401 0 0.74822 1.07893 0 0.75185 0 2 817 -1234
58 1.07893 0 0.742 1.08369 0 0.75185 0 2 1234 -911
59 1.04602 0 0.75185 1.07893 0 0.84775 0 2 1234 -1239
60 1.01374 0 0.84775 1.04602 0 0.93994 0 2 1239 -1243
61 0.98605 0 0.93994 1.01374 0 1.01511 0 2 1243 -1246
62 0.96718 0 1.01511 0.98605 0 1.09257 0 2 1246 -1250
63 0.95517 0 1.07109 0.98824 0 1.13655 0 2 1250 -1259
64 0.98824 0 0.97082 1.01818 0 1.07109 0 2 1259 -1265
65 1.01818 0 0.85041 1.06357 0 0.97082 0 2 1265 -1271
66 1.06357 0 0.76274 1.09586 0 0.85041 0 2 1271 -1277
67 1.09586 0 0.75252 1.0996 0 0.76274 0 2 1277 -915
68 1.33699 0 0.66203 1.3759 0 0.76911 0 2 960 -1286
69 1.3759 0 0.76911 1.3986 0 0.83264 0 2 1286 -1292
70 1.209720932784636 0 0.83264 1.43681 0 0.95586 0 2 1292 -1365
71 1.323314074074074 0 0.95586 1.483682592592592 0 1.047288148148148 0 2 1365 -1440
72 1.44586 0 0.90684 1.47627 0 0.9997 0 2 1440 -1450
73 1.41638 0 0.82442 1.44586 0 0.90684 0 2 1450 -1459
74 1.37894 0 0.69594 1.41638 0 0.82442 0 2 1459 -972
75 2.109881796982167 0 0.67062 2.8 0 0.7871455555555554 0 2 8 -7
76 0 0 0.83753 1.04602 0 0.8597370370370371 0 2 20 -1239
77 1.09586 0 0.76274 1.3759 0 0.76911 0 2 1277 -1286
78 1.41638 0 0.73312 2.8 0 0.8553611111111111 0 2 1459 -9
79 0 0 0.9155799999999999 1.01374 0 0.9512377777777777 0 2 19 -1243
80 1.06357 0 0.83264 1.3986 0 0.85041 0 2 1271 -1292
81 1.44586 0 0.83797 2.8 0 0.9421404252400549 0 2 1450 -10
82 0 0 1.00015 0.98605 0 1.021978518518519 0 2 18 -1246
83 1.01818 0 0.9553023593964335 1.43681 0 0.97082 0 2 1265 -1365
84 1.47627 0 0.93868 2.8 0 1.029095253772291 0 2 1440 -11
85 0 0 1.05539 0.96718 0 1.09257 0 2 17 -1250
86 0.98824 0 1.01015 2.8 0 1.098705637860082 0 2 1259 -12
87 0 0 1.280706625514403 2.8 0 1.336153031550068 0 2 16 -13
1 0 0 0 2.68676 0 0.27252 1 89 4 1 -28 -27 26
2 0 0 0.04494777777777778 0.37387 0 0.3149352949245542 1 90 4 27 -30 -29 25
3 0.3738699999999999 0 0 2.8 0 0.5139705349794239 1 90 7 36 32 50 -47 -3 -2 -28
4 0.3514 0 0.27252 0.4181933333333334 0 0.40832 1 93 3 30 36 -31
5 0 0 0.2778920164609054 0.4050914814814814 0 0.47764 1 94 7 24 29 31 32 33 34 35
6 0 0 0.44964 0.44577 0 0.6112770370370371 1 91 4 23 -35 -38 -37
7 0 0 0.57583 0.48757 0 0.7091892592592592 1 92 4 22 37 -44 -45
8 0 0 0.6808037037037038 0.50644 0 0.7508899999999999 1 93 4 21 45 -43 -46
9 0.40147 0 0.44757 0.57401 0 0.75104 1 89 8 38 -34 39 40 41 42 43 44
10 0.39445 0 0.42832 0.49318 0 0.57716 1 92 5 33 39 51 -48 -50
11 0.43079 0 0.37767 2.8 0 0.64292 1 94 4 48 49 -4 47
12 0.4575489986282577 0 0.51629 2.8 0 0.75252 1 91 9 40 52 53 54 55 56 -5 -49 -51
13 0.5159167626886145 0 0.6989912345679012 1.08369 0 0.75185 1 92 4 41 57 58 -52
14 0 0 0.73193 1.07893 0 0.8597370370370371 1 90 6 20 46 -42 57 59 -76
15 0 0 0.83753 1.04602 0 0.9512377777777777 1 91 4 19 76 60 -79
16 0 0 0.9155799999999999 1.01374 0 1.021978518518519 1 92 4 18 79 61 -82
17 0 0 1.00015 0.98605 0 1.09257 1 93 4 17 82 62 -85
18 0.95517 0 0.742 1.0996 0 1.13655 1 95 11 53 -67 -66 -65 -64 -63 -62 -61 -60 -59 58
19 1.09586 0 0.6615799999999999 1.3759 0 0.76911 1 90 4 67 54 68 -77
20 1.06357 0 0.76274 1.3986 0 0.85041 1 91 4 66 77 69 -80
21 1.01818 0 0.83264 1.43681 0 0.97082 1 92 4 65 80 70 -83
22 0.98824 0 0.93868 2.8 0 1.098705637860082 1 93 6 64 83 71 84 11 -86
23 1.44586 0 0.83797 2.8 0 1.029095253772291 1 92 4 72 81 10 -84
24 1.41638 0 0.73312 2.8 0 0.9421404252400549 1 91 4 73 78 9 -81
25 1.37894 0 0.62293 2.8 0 0.8553611111111111 1 90 6 74 56 6 -75 8 -78
26 2.109881796982167 0 0.67062 2.8 0 0.7871455555555554 1 91 2 7 75
27 1.209720932784636 0 0.66203 1.483682592592592 0 1.047288148148148 1 89 8 55 -74 -73 -72 -71 -70 -69 -68
28 0 0 1.01015 2.8 0 1.336153031550068 1 94 6 16 85 63 86 12 -87
29 0 0 1.280706625514403 2.8 0 1.4 1 88 4 87 13 14 15
$EndEntities
$Nodes
174 3412 1 3412
0 1 0 1
1
0 0 0
0 2 0 1
2
2.68676 0 0
0 3 0 1
3
2.8 0 0
0 4 0 1
4
2.8 0 0.37767
0 5 0 1
5
2.8 0 0.51629
0 6 0 1
6
2.8 0 0.62293
0 7 0 1
7
2.8 0 0.67062
0 8 0 1
8
2.8 0 0.69698
0 9 0 1
9
2.8 0 0.73312
0 10 0 1
10
2.8 0 0.83797
0 11 0 1
11
2.8 0 0.93868
0 12 0 1
12
2.8 0 1.01015
0 13 0 1
13
2.8 0 1.31428
0 14 0 1
14
2.8 0 1.4
0 15 0 1
15
0 0 1.4
0 16 0 1
16
0 0 1.29295
0 17 0 1
17
0 0 1.05539
0 18 0 1
18
0 0 1.00015
0 19 0 1
19
0 0 0.9155799999999999
0 20 0 1
20
0 0 0.83753
0 21 0 1
21
0 0 0.73312
0 22 0 1
22
0 0 0.69091
0 23 0 1
23
0 0 0.59271
0 24 0 1
24
0 0 0.45942
0 25 0 1
25
0 0 0.30302
0 26 0 1
26
0 0 0.1093
0 50 0 1
27
0.37387 0 0.27252
0 240 0 1
28
0.3514 0 0.28125
0 252 0 1
29
0.38556 0 0.40832
0 254 0 1
30
0.39445 0 0.42876
0 256 0 1
31
0.40209 0 0.44757
0 259 0 1
32
0.40147 0 0.46964
0 311 0 1
33
0.43079 0 0.42832
0 518 0 1
34
0.49318 0 0.57272
0 739 0 1
35
0.44577 0 0.57583
0 773 0 1
36
0.46121 0 0.57716
0 798 0 1
37
0.52625 0 0.70586
0 817 0 1
38
0.57401 0 0.7508899999999999
0 826 0 1
39
0.48788 0 0.7508899999999999
0 844 0 1
40
0.48757 0 0.68276
0 911 0 1
41
1.08369 0 0.742
0 915 0 1
42
1.0996 0 0.75252
0 960 0 1
43
1.33699 0 0.66203
0 972 0 1
44
1.37894 0 0.69594
0 1234 0 1
45
1.07893 0 0.75185
0 1239 0 1
46
1.04602 0 0.84775
0 1243 0 1
47
1.01374 0 0.93994
0 1246 0 1
48
0.98605 0 1.01511
0 1250 0 1
49
0.96718 0 1.09257
0 1259 0 1
50
0.98824 0 1.07109
0 1265 0 1
51
1.01818 0 0.97082
0 1271 0 1
52
1.06357 0 0.85041
0 1277 0 1
53
1.09586 0 0.76274
0 1286 0 1
54
1.3759 0 0.76911
0 1292 0 1
55
1.3986 0 0.83264
0 1365 0 1
56
1.43681 0 0.95586
0 1440 0 1
57
1.47627 0 0.9997
0 1450 0 1
58
1.44586 0 0.90684
0 1459 0 1
59
1.41638 0 0.82442
1 1 0 67
60
61
62
63
64
65
66
67
68
69
70
71
72
73
74
75
76
77
78
79
80
81
82
83
84
85
86
87
88
89
90
91
92
93
94
95
96
97
98
99
100
101
102
103
104
105
106
107
108
109
110
111
112
113
114
115
116
117
118
119
120
121
122
123
124
125
126
0.03951117647051389 0 0
0.07902235294102501 0 0
0.1185335294115298 0 0
0.1580447058820334 0 0
0.1975558823525597 0 0
0.2370670588230857 0 0
0.2765782352936234 0 0
0.3160894117641643 0 0
0.3556005882346651 0 0
0.3951117647051257 0 0
0.4346229411755856 0 0
0.4741341176460692 0 0
0.5136452941165489 0 0
0.5531564705870089 0 0
0.5926676470574689 0 0
0.6321788235279314 0 0
0.6716899999984322 0 0
0.7112011764689328 0 0
0.7507123529393953 0 0
0.7902235294098552 0 0
0.8297347058803152 0 0
0.8692458823507752 0 0
0.9087570588212351 0 0
0.948268235291699 0 0
0.9877794117621984 0 0
1.027290588232699 0 0
1.066801764703205 0 0
1.106312941173665 0 0
1.145824117644125 0 0
1.185335294114585 0 0
1.224846470585045 0 0
1.264357647055505 0 0
1.303868823525965 0 0
1.343379999996468 0 0
1.38289117646713 0 0
1.422402352937802 0 0
1.461913529408524 0 0
1.501424705879222 0 0
1.540935882349924 0 0
1.580447058820641 0 0
1.619958235291316 0 0
1.659469411761975 0 0
1.698980588232639 0 0
1.738491764703308 0 0
1.778002941174036 0 0
1.817514117644728 0 0
1.857025294115435 0 0
1.896536470586148 0 0
1.936047647056835 0 0
1.975558823527568 0 0
2.015069999998191 0 0
2.054581176468814 0 0
2.094092352939438 0 0
2.13360352941026 0 0
2.173114705881031 0 0
2.212625882351654 0 0
2.252137058822277 0 0
2.291648235293002 0 0
2.331159411763696 0 0
2.37067058823432 0 0
2.410181764704943 0 0
2.449692941175775 0 0
2.489204117646536 0 0
2.52871529411716 0 0
2.568226470587782 0 0
2.607737647058534 0 0
2.647248823529377 0 0
1 2 0 2
127
128
2.72450666666684 0 0
2.76225333333316 0 0
1 3 0 9
129
130
131
132
133
134
135
136
137
2.8 0 0.03776699999993202
2.8 0 0.07553399999984226
2.8 0 0.1133009999997254
2.8 0 0.1510679999996221
2.8 0 0.1888349999995216
2.8 0 0.2266019999996227
2.8 0 0.2643689999996989
2.8 0 0.3021359999997957
2.8 0 0.3399029999998925
1 4 0 3
138
139
140
2.8 0 0.4123249999999187
2.8 0 0.4469799999998265
2.8 0 0.4816349999998862
1 5 0 2
141
142
2.8 0 0.5518366666665437
2.8 0 0.5873833333332826
1 6 0 1
143
2.8 0 0.6467749999999349
1 7 0 1
144
2.8 0 0.6837999999999349
1 9 0 2
145
146
2.8 0 0.7680699999999276
2.8 0 0.8030199999999349
1 10 0 2
147
148
2.8 0 0.8715399999999059
2.8 0 0.9051099999999205
1 11 0 1
149
2.8 0 0.9744149999999133
1 12 0 7
150
151
152
153
154
155
156
2.8 0 1.048166249999892
2.8 0 1.086182499999783
2.8 0 1.124198749999761
2.8 0 1.162214999999653
2.8 0 1.200231249999718
2.8 0 1.238247499999783
2.8 0 1.276263749999935
1 13 0 2
157
158
2.8 0 1.34285333333329
2.8 0 1.371426666666623
1 14 0 69
159
160
161
162
163
164
165
166
167
168
169
170
171
172
173
174
175
176
177
178
179
180
181
182
183
184
185
186
187
188
189
190
191
192
193
194
195
196
197
198
199
200
201
202
203
204
205
206
207
208
209
210
211
212
213
214
215
216
217
218
219
220
221
222
223
224
225
226
227
2.760000000000036 0 1.4
2.720000000000245 0 1.4
2.680000000000239 0 1.4
2.640000000000344 0 1.4
2.600000000000514 0 1.4
2.560000000000478 0 1.4
2.520000000000667 0 1.4
2.480000000000753 0 1.4
2.440000000000757 0 1.4
2.400000000000966 0 1.4
2.360000000000992 0 1.4
2.320000000001038 0 1.4
2.280000000001247 0 1.4
2.240000000001231 0 1.4
2.200000000001356 0 1.4
2.160000000001506 0 1.4
2.120000000001478 0 1.4
2.08000000000168 0 1.4
2.040000000001745 0 1.4
2.000000000001759 0 1.4
1.960000000001908 0 1.4
1.920000000001908 0 1.4
1.880000000002043 0 1.4
1.840000000002168 0 1.4
1.800000000002242 0 1.4
1.760000000002365 0 1.4
1.720000000002488 0 1.4
1.680000000002611 0 1.4
1.640000000002733 0 1.4
1.600000000002856 0 1.4
1.560000000002979 0 1.4
1.520000000003101 0 1.4
1.480000000003224 0 1.4
1.440000000003347 0 1.4
1.400000000003426 0 1.4
1.36000000000331 0 1.4
1.320000000003239 0 1.4
1.280000000003123 0 1.4
1.240000000003021 0 1.4
1.200000000002936 0 1.4
1.160000000002821 0 1.4
1.12000000000274 0 1.4
1.080000000002634 0 1.4
1.040000000002518 0 1.4
1.000000000002403 0 1.4
0.9600000000023308 0 1.4
0.9200000000022157 0 1.4
0.8800000000021004 0 1.4
0.8400000000020285 0 1.4
0.8000000000019316 0 1.4
0.7600000000018956 0 1.4
0.7200000000018525 0 1.4
0.6800000000016584 0 1.4
0.6400000000016153 0 1.4
0.60000000000153 0 1.4
0.5600000000013696 0 1.4
0.5200000000013341 0 1.4
0.4800000000012066 0 1.4
0.4400000000010893 0 1.4
0.4000000000010533 0 1.4
0.3600000000008836 0 1.4
0.3200000000008081 0 1.4
0.2800000000007552 0 1.4
0.2400000000005629 0 1.4
0.2000000000005273 0 1.4
0.1600000000004314 0 1.4
0.1200000000002817 0 1.4
0.08000000000024565 0 1.4
0.04000000000010795 0 1.4
1 15 0 2
228
229
0 0 1.364316666666724
0 0 1.328633333333362
1 16 0 5
230
231
232
233
234
0 0 1.253356666666811
0 0 1.213763333333594
0 0 1.174170000000347
0 0 1.134576666666927
0 0 1.094983333333449
1 17 0 1
235
0 0 1.027770000000087
1 18 0 2
236
237
0 0 0.9719600000001374
0 0 0.9437700000000362
1 19 0 1
238
0 0 0.8765550000001734
1 20 0 2
239
240
0 0 0.8027266666667534
0 0 0.7679233333333623
1 21 0 1
241
0 0 0.7120150000000434
1 22 0 2
242
243
0 0 0.6581766666667751
0 0 0.625443333333355
1 23 0 3
244
245
246
0 0 0.5593875000000433
0 0 0.5260650000001518
0 0 0.4927425000000976
1 24 0 3
247
248
249
0 0 0.420320000000103
0 0 0.3812200000001842
0 0 0.3421200000000704
1 25 0 4
250
251
252
253
0 0 0.2642760000000564
0 0 0.2255320000001844
0 0 0.1867880000001865
0 0 0.1480440000000953
1 26 0 2
254
255
0 0 0.07286666666676153
0 0 0.03643333333343184
1 27 0 13
256
257
258
259
260
261
262
263
264
265
266
267
268
0.03942090096512569 0 0.1045976161236127
0.07877654680260951 0 0.09956820317412339
0.1175113316296575 0 0.09089612543651734
0.1567024064167455 0 0.08461454666400546
0.1952990525041457 0 0.0754838717432135
0.2330537054486306 0 0.06330245476880653
0.2695366843125323 0 0.04820497371920359
0.3054194292201658 0 0.05059153217759108
0.3180341336843946 0 0.08788637568472885
0.3278661771143054 0 0.1261791038479082
0.3366905628269831 0 0.164636811803142
0.3475854598383581 0 0.2027949968439508
0.3571433441724363 0 0.2413201362319115
1 28 0 63
269
270
271
272
273
274
275
276
277
278
279
280
281
282
283
284
285
286
287
288
289
290
291
292
293
294
295
296
297
298
299
300
301
302
303
304
305
306
307
308
309
310
311
312
313
314
315
316
317
318
319
320
321
322
323
324
325
326
327
328
329
330
331
0.4023830627089552 0 0.2651610734693475
0.391915969236133 0 0.2269232063017361
0.3814579372521301 0 0.1885262690328225
0.3671924936229108 0 0.1514647860645632
0.3717445480165912 0 0.1150582473850825
0.4095695241866791 0 0.1037763758379803
0.4486884253226697 0 0.09676153474840882
0.4876111823722146 0 0.08864229919811642
0.5265359381912756 0 0.08108673510018913
0.5657352962565827 0 0.07419941821559291
0.6044749789437041 0 0.06516363784052638
0.6438984067998343 0 0.06014796911144873
0.6828780703059225 0 0.05245070992976953
0.7225251527324359 0 0.05068808435140781
0.7623110239865988 0 0.05015155994282674
0.8014494434942114 0 0.05727104304920373
0.8409819757132792 0 0.06108955673751433
0.8798529292439413 0 0.06706728277540311
0.9194348116445124 0 0.07107055390638629
0.958619372638545 0 0.0775866381035783
0.9980453523312216 0 0.08283201906543668
1.037668711281808 0 0.08656661790063022
1.077417371659463 0 0.08856038755671004
1.117077829262681 0 0.09099853854861224
1.156558132031468 0 0.0959988028108887
1.196192028690336 0 0.09965171707575612
1.235909818242789 0 0.1021618684654291
1.275584930695523 0 0.1043611781885647
1.315243398934524 0 0.1067393851812275
1.354819133622879 0 0.1104796710868661
1.394380647915209 0 0.1144947745839054
1.434136761723324 0 0.1162870449870121
1.473875135889378 0 0.1184923822110529
1.513589650856426 0 0.1205444857596848
1.553276491652722 0 0.12233
1.592987061008161 0 0.1243664425572572
1.632784483788382 0 0.1239274552745434
1.672589464097383 0 0.1239280331391599
1.712382543836659 0 0.1240337064011539
1.752129591515194 0 0.1258464217226564
1.791874253066692 0 0.128027743336219
1.831666413531094 0 0.1287193868243385
1.871455467535557 0 0.1298414208212511
1.911232656740268 0 0.1300399287002283
1.9510265432855 0 0.1294828815676458
1.99081182075847 0 0.1283293293153769
2.030569834445987 0 0.1270370733681108
2.070295115184725 0 0.1246438595320264
2.110031706102819 0 0.1223850189503528
2.149510879334746 0 0.1173785050142555
2.188850188150854 0 0.1113751478004832
2.228082701555748 0 0.1046846436093884
2.267673708105864 0 0.1006330035579124
2.307228326492381 0 0.0962442431809498
2.346527710199386 0 0.09034980312533002
2.385840972694076 0 0.08444010343265619
2.424773803178493 0 0.07720189480731034
2.463822036581814 0 0.07027163148512298
2.502801396216774 0 0.06262806886188163
2.541639667938287 0 0.05428585867783559
2.58093846162294 0 0.0481093706108143
2.619043433112877 0 0.03663830855804748
2.65693084943163 0 0.02446362187991662
1 29 0 8
332
333
334
335
336
337
338
339
0.03908610188840867 0 0.3103449190846176
0.07838975325224737 0 0.3149127725630732
0.1181401964272545 0 0.3137563584700191
0.1571629704845871 0 0.3068479958767423
0.1966754101557258 0 0.3023977291949318
0.2357579644913244 0 0.2955530318284268
0.274509141872692 0 0.2871626335618038
0.3130614319247942 0 0.2784010970940037
1 30 0 1
340
0.3626349998940083 0 0.2768850000411797
1 31 0 3
341
342
343
0.3639161215993099 0 0.3118668744773512
0.3730876577446234 0 0.3436654657652929
0.3765105478203062 0 0.3765037096987084
1 32 0 1
344
0.3902025996341495 0 0.4184540846555733
1 33 0 1
345
0.3977531450547581 0 0.43837178797826
1 34 0 1
346
0.4048790807491898 0 0.4589354578055467
1 35 0 10
347
348
349
350
351
352
353
354
355
356
0.3669928357535259 0 0.455447407082302
0.3301060243976782 0 0.4506810230203294
0.2929301857796676 0 0.4515905422426095
0.2565714000147791 0 0.459347336452626
0.2200435079922619 0 0.4671317061675465
0.1831274896299993 0 0.4723655928814096
0.1461044820514625 0 0.4772212048412889
0.1088019329332063 0 0.4789797198260199
0.07240707728359613 0 0.4709813116266101
0.03655879415630799 0 0.4605023551186048
1 36 0 4
357
358
359
360
0.3864158586531215 0 0.3036304064374716
0.3969769470728121 0 0.3355664227582698
0.4074759413197474 0 0.366429347213658
0.4157232633891473 0 0.3946094816788632
1 37 0 11
361
362
363
364
365
366
367
368
369
370
371
0.03617869944946436 0 0.6025251825572493
0.0734898932295861 0 0.6065433543295904
0.1109235505487639 0 0.6097368910487803
0.1484728834607719 0 0.6112746569297958
0.1860288821622803 0 0.6109943283091192
0.2233672822427387 0 0.6070339843626787
0.2604667598499361 0 0.6009792050049942
0.2972424235830053 0 0.5938196302657552
0.3337631355201455 0 0.5853274385613936
0.3710611328932925 0 0.5820524641955992
0.4086008402777151 0 0.58075877809473
1 38 0 2
372
373
0.4321264852063852 0 0.5397592091866132
0.418912285576952 0 0.5035243061730589
1 39 0 4
374
375
376
377
0.4245080447962169 0 0.4705740312221084
0.4367797948550088 0 0.4978206737182843
0.4399234601638531 0 0.5301716548565124
0.4559923236861034 0 0.5546379991646893
1 40 0 4
378
379
380
381
0.4768328254980675 0 0.5949008379710043
0.475958206238878 0 0.6262298539514757
0.4949297488142556 0 0.6523490206506846
0.5151495298107339 0 0.6773394202673662
1 41 0 2
382
383
0.5238097901591042 0 0.7257601888756363
0.5480979978314183 0 0.7399390026035617
1 42 0 2
384
385
0.5452961282072062 0 0.7508829953011227
0.5165896851438322 0 0.7506754984835368
1 43 0 2
386
387
0.5059756793777507 0 0.7313946396342526
0.4937796988065193 0 0.7083177285157179
1 44 0 2
388
389
0.4741208893131163 0 0.6470597195116873
0.45946718609099 0 0.6116194438674518
1 45 0 12
390
391
392
393
394
395
396
397
398
399
400
401
0.03694359037018635 0 0.6988941865901451
0.07406159638778287 0 0.7059498696901837
0.1116236963650177 0 0.7096669080269439
0.1494607118660983 0 0.7091790472927322
0.187107436196276 0 0.7053986059148276
0.2248195739288086 0 0.7027177226622413
0.2621799047303425 0 0.6974194259298493
0.2991795397028777 0 0.6897440468183232
0.3364499861887397 0 0.6835040452224455
0.3741286267144346 0 0.6809050478671191
0.4119625799632604 0 0.6812136058170961
0.4497326264333693 0 0.6833407511039447
1 46 0 12
402
403
404
405
406
407
408
409
410
411
412
413
0.03763456433542268 0 0.732561634302079
0.07494865959088148 0 0.7345721590591074
0.1122394268789665 0 0.7384555642552749
0.1497897468083512 0 0.7397026161765144
0.1873236979553504 0 0.7410354566608813
0.2249288239328838 0 0.7423012332344661
0.2625343837870009 0 0.743825239560284
0.3001393444577581 0 0.7432848679508395
0.3377603537012266 0 0.7431198254019138
0.3752352360729412 0 0.7452719473154847
0.4126677746224233 0 0.748451454321151
0.4502819834174323 0 0.7491936018917302
1 47 0 60
414
415
416
417
418
419
420
421
422
423
424
425
426
427
428
429
430
431
432
433
434
435
436
437
438
439
440
441
442
443
444
445
446
447
448
449
450
451
452
453
454
455
456
457
458
459
460
461
462
463
464
465
466
467
468
469
470
471
472
473
2.760758698202219 0 0.3798244718807841
2.721944024960469 0 0.3863972885729327
2.683127474243239 0 0.3926800483878665
2.644830239150771 0 0.4015861624480834
2.606638070610279 0 0.4106270278999953
2.568051291850116 0 0.418464743172632
2.529815837523824 0 0.4278645960919906
2.491436677924917 0 0.4366597826856126
2.452821657433674 0 0.4433985083828954
2.413720860374268 0 0.4475373691505944
2.374964960673929 0 0.4541236846382152
2.336778210335231 0 0.4633347212426397
2.29838753028996 0 0.4720687352694772
2.260717902021427 0 0.4832604307283656
2.221784666354627 0 0.488826588534269
2.182869580476833 0 0.4943187212352571
2.144177949809601 0 0.5000160341836231
2.104925580501099 0 0.5029233850624797
2.065563098254131 0 0.5032127889532045
2.026433826071202 0 0.5075945183067206
1.987138278708757 0 0.5101850729856268
1.947816401271632 0 0.5122338206847887
1.908468925053431 0 0.5136567956403667
1.86914216598187 0 0.5148845291686299
1.829771084738544 0 0.5148750094705778
1.79047368430542 0 0.5139113119945635
1.751167987211905 0 0.5134442220193545
1.711862375595532 0 0.5117787566193384
1.672487829642671 0 0.5113840501452879
1.633158082464046 0 0.5097107273300489
1.593942835713839 0 0.5061527408292505
1.554951121771759 0 0.5013216821636072
1.515869752912535 0 0.4970356990159838
1.476686919086604 0 0.4936125656937029
1.437396151912525 0 0.4912060451698642
1.398221934972759 0 0.4878734583816908
1.358888408220314 0 0.4859788027573491
1.31956759107563 0 0.4842344458866875
1.28031712914047 0 0.482174378057561
1.241051008932439 0 0.4793515119878253
1.201745319014749 0 0.4776669137511297
1.162521092694611 0 0.4753103083153592
1.123372256298631 0 0.4767348448750487
1.084131169187663 0 0.4740645552481445
1.047519657437278 0 0.4617350902393197
1.011325352879448 0 0.4622600772385385
0.9751091562101593 0 0.4515332033126884
0.9358766610623346 0 0.4481595278558784
0.8967569198168344 0 0.4440901115789204
0.858347678473061 0 0.4354340405542872
0.8197977372110465 0 0.4292103327831432
0.7806324317687154 0 0.4250963948220094
0.7414229765735817 0 0.4217755781372018
0.7034269581670353 0 0.4135523126874834
0.6640804770294831 0 0.4120259353899625
0.6250399295647003 0 0.4097795432390304
0.5856842876580685 0 0.4101284107363495
0.5468971353124881 0 0.415062087535602
0.5094111483182688 0 0.4268044901790015
0.4700823229196831 0 0.4264168313781986
1 48 0 4
474
475
476
477
0.4468110387803674 0 0.4582110287692113
0.4566163470641809 0 0.4915646223339697
0.4601981255898445 0 0.5260218427855073
0.4870284055067754 0 0.5394583925327104
1 49 0 58
478
479
480
481
482
483
484
485
486
487
488
489
490
491
492
493
494
495
496
497
498
499
500
501
502
503
504
505
506
507
508
509
510
511
512
513
514
515
516
517
518
519
520
521
522
523
524
525
526
527
528
529
530
531
532
533
534
535
0.5317140863452763 0 0.5757254159390012
0.5708764787959334 0 0.5718533665044931
0.6101745430518726 0 0.5696645350327012
0.6494607387263568 0 0.5709637153095243
0.6887246663166696 0 0.5736848327923457
0.7278291361213457 0 0.5781275522482423
0.7669781496889222 0 0.5814045591052588
0.8060055886204915 0 0.5857635149442562
0.8444968204385067 0 0.5938573546088441
0.8836320712685478 0 0.5985878879820636
0.9227967774410513 0 0.6023186526820751
0.9615084118316048 0 0.6096701167702328
1.000128124884115 0 0.6174582684563318
1.039289766753009 0 0.6219802186316199
1.077383908048087 0 0.6300277967810363
1.116641839590377 0 0.6282731031801702
1.156051417695447 0 0.6279312491187727
1.195418858692515 0 0.6294240479903175
1.234061267955592 0 0.6342871564240877
1.273327835249256 0 0.6370871343739964
1.312719298902635 0 0.637100001254106
1.35201547394853 0 0.6350779559887941
1.391296065300645 0 0.6384870270080188
1.430730426609713 0 0.6382401666772242
1.470166126395659 0 0.6388432012909377
1.50960064431116 0 0.6394989802367577
1.549009801049514 0 0.6411532476940379
1.588452323208157 0 0.6411709694694129
1.6278490874123 0 0.6425209344130567
1.667270264062512 0 0.6433990153943447
1.706687443119891 0 0.6440619110241101
1.746058302294282 0 0.6429944126689323
1.785475663773558 0 0.6433529457453693
1.824886797572486 0 0.6428570465706434
1.864320794415768 0 0.6425199041918466
1.903728142652149 0 0.6412912046290116
1.943129272870712 0 0.6398217260811918
1.982547704938817 0 0.6384625794960199
2.021821796875658 0 0.6356483228496059
2.061113900533325 0 0.6325527784888926
2.100354606510619 0 0.6289133582745722
2.139540416068674 0 0.6247701163456726
2.178582851525654 0 0.6198240966061344
2.217521438645728 0 0.6135889794846432
2.256508801367781 0 0.6078409986119633
2.295146302506404 0 0.5999949543890348
2.333875107288619 0 0.5926304041364951
2.372078666871773 0 0.5828450631117671
2.410847090973798 0 0.5756999393073841
2.449675280417374 0 0.5689201745270962
2.488658126667512 0 0.5629385548407893
2.527341699695143 0 0.5552444265955447
2.566283058065337 0 0.5489726644596867
2.605088978909765 0 0.5419218186662133
2.643754047890086 0 0.5341263413309821
2.682629480177311 0 0.5275538772069853
2.721518458913208 0 0.5210395298291194
2.760595227612662 0 0.5160035282781852
1 50 0 1
536
0.4126200000851619 0 0.4285399999989689
1 51 0 1
537
0.4771949998009997 0 0.5749400000276372
1 52 0 14
538
539
540
541
542
543
544
545
546
547
548
549
550
551
0.5635879914801365 0 0.7019632003831542
0.6013406911574556 0 0.7012629143464603
0.6390454822260997 0 0.701047101180482
0.6766931219417756 0 0.6991892568850214
0.7141984710222141 0 0.7030730617382634
0.7505260155042539 0 0.7110693888975227
0.7865754111401442 0 0.7219702803956849
0.8240171952101994 0 0.7224146922327082
0.8613782821753757 0 0.7268763492457466
0.8981558432689385 0 0.730276175403764
0.9348270838215906 0 0.7347013308187874
0.9725021807822302 0 0.7359471250421463
1.010190093690233 0 0.7347271707986276
1.047911153626004 0 0.7333907282146498
1 53 0 1
552
1.091521470229044 0 0.7471069072957288
1 54 0 7
553
554
555
556
557
558
559
1.116360007245784 0 0.7195448306764654
1.130793448370761 0 0.6861342162959055
1.150642329454152 0 0.6631830163560567
1.187706592286078 0 0.6615415275999541
1.22505049445794 0 0.6621398100438175
1.262369561592291 0 0.6619078026878161
1.299660934171676 0 0.6623776749257814
1 55 0 1
560
1.36027816969812 0 0.6758503101257459
1 56 0 35
561
562
563
564
565
566
567
568
569
570
571
572
573
574
575
576
577
578
579
580
581
582
583
584
585
586
587
588
589
590
591
592
593
594
595
1.417839069415707 0 0.6944815536171599
1.457629501826662 0 0.6955000000000001
1.497458337737093 0 0.6952082684355735
1.537213347904267 0 0.6946520493997805
1.576979335826232 0 0.693598630870379
1.61574686877091 0 0.7003918026447689
1.655347460174349 0 0.7022708947882395
1.695160701539094 0 0.7013827196085947
1.734752091579328 0 0.7045788339433733
1.774340122095128 0 0.7086355144787454
1.813653956072244 0 0.713566276325757
1.853439791925649 0 0.7152316915139048
1.893254741103944 0 0.7156070441686004
1.932922623840977 0 0.7191359080655705
1.972658786126456 0 0.721177989011124
2.01235042597769 0 0.7238471950567097
2.052170157766869 0 0.7240201317406499
2.091991620917626 0 0.7242687597956103
2.13179793448781 0 0.7237505105587759
2.170991971018903 0 0.7177634259001341
2.21027718866238 0 0.7122431659285603
2.249334602382395 0 0.704588114568039
2.288269021440199 0 0.6962570485472345
2.327476358421083 0 0.6892701328643606
2.366465969881554 0 0.6813705534559693
2.405971644441786 0 0.6765615720650481
2.445201600282648 0 0.6696534002784614
2.484492285273717 0 0.6631826190645256
2.524107039201096 0 0.6590297550819538
2.563677020589998 0 0.6555024701514263
2.60303088236193 0 0.6495092603719095
2.642419908713947 0 0.6436250090417941
2.68205077332173 0 0.6399702805641359
2.721463914404595 0 0.6343968602462841
2.76074235441391 0 0.6279879229478238
1 57 0 12
596
597
598
599
600
601
602
603
604
605
606
607
0.6128428694248764 0 0.7516505519868086
0.6516870546913223 0 0.7510091604034113
0.6905338676425432 0 0.7497651071658187
0.7293877795507024 0 0.7486793251204721
0.7682506372569784 0 0.7483935140232912
0.807107460155831 0 0.7486610764107375
0.845913054999187 0 0.7485062903320469
0.884770332690374 0 0.7486650697420871
0.9236242669612545 0 0.7489839330424856
0.9624628651171985 0 0.7502443388355394
1.001304599275027 0 0.7494004388735221
1.040162114662375 0 0.7503103145385415
1 58 0 1
608
1.081211870017089 0 0.7468774799622122
1 59 0 2
609
610
1.06805908069033 0 0.7838445205820267
1.05736561639055 0 0.8159099564163352
1 60 0 2
611
612
1.03542660803128 0 0.8785388498963622
1.024446326357275 0 0.9091908849341641
1 61 0 1
613
0.9997634817310193 0 0.9774751752547119
1 62 0 1
614
0.9749053223676264 0 1.053438248447917
1 63 0 3
615
616
617
0.9593365010083867 0 1.123373157056432
0.9724931979059999 0 1.132759809610122
0.9802241514678761 0 1.101895670635158
1 64 0 2
618
619
0.9977143978838292 0 1.03742008355851
1.008985168077222 0 1.004480795221701
1 65 0 3
620
621
622
1.031451824462926 0 0.9414540523079196
1.043916185457206 0 0.9117405587196837
1.053743410583479 0 0.8810875257162165
1 66 0 2
623
624
1.073743521122001 0 0.8209737652135289
1.084856382804309 0 0.7918776898713991
1 67 0 1
625
1.097730000039712 0 0.7576299998914823
1 68 0 2
626
627
1.350401277387409 0 0.6975907376054924
1.363899356345059 0 0.7331071671601744
1 69 0 1
628
1.386190067685213 0 0.8012385697600064
1 70 0 12
629
630
631
632
633
634
635
636
637
638
639
640
1.409703189578136 0 0.8702265274527258
1.423980941058449 0 0.9067402494852324
1.390110304404384 0 0.9105823157069358
1.35093100545044 0 0.9088465780654573
1.311777721306353 0 0.9068421402289716
1.272595530273481 0 0.905293131344205
1.233444774517356 0 0.9034064443839455
1.261663124189027 0 0.9111036874955281
1.300399754363107 0 0.9170239645003114
1.339496442817392 0 0.9199504277818716
1.378567197276275 0 0.9231558270113632
1.417627537140246 0 0.9263640240220749
1 71 0 10
641
642
643
644
645
646
647
648
649
650
1.455386950441987 0 0.9888037175278722
1.427977460798026 0 0.9962273383035607
1.389797662380078 0 0.994071112870482
1.351595123838102 0 0.9924666318023442
1.331361006854011 0 0.9951250174778873
1.369412269802027 0 0.9988007254563152
1.407153092406864 0 1.004781108864621
1.444685798422742 0 1.010404337674833
1.466143912984205 0 1.034108490228564
1.490030189059761 0 1.035109106433938
1 72 0 2
651
652
1.46727226692557 0 0.9682852420339358
1.457034205432037 0 0.9372712116647186
1 73 0 2
653
654
1.436789429425674 0 0.8790091373759451
1.427356793272936 0 0.8513163976762695
1 74 0 3
655
656
657
1.40748150990719 0 0.7920965626374989
1.397618433895196 0 0.7601533906971807
1.388475939521367 0 0.7279169804659645
1 75 0 35
658
659
660
661
662
663
664
665
666
667
668
669
670
671
672
673
674
675
676
677
678
679
680
681
682
683
684
685
686
687
688
689
690
691
692
2.761666651982259 0 0.7056045975655951
2.723463884796288 0 0.7146506584185974
2.684846643644352 0 0.7219221169636834
2.646005930346797 0 0.7277743693831129
2.607236805278033 0 0.7340010582952392
2.568787324228661 0 0.7417831098130554
2.530509941975162 0 0.75067333675797
2.492770591487727 0 0.761253167841232
2.453974818824014 0 0.7667848127031619
2.414861102707251 0 0.7705964209381246
2.375664557503915 0 0.7727883258370419
2.336488845411385 0 0.775661102485962
2.297425717052016 0 0.7794567545042906
2.258304624473602 0 0.7814844780316652
2.220459594435939 0 0.7877205623833943
2.18127146600758 0 0.7871251276538521
2.142396591510275 0 0.7823919501635378
2.106674956863918 0 0.7712051638564845
2.145331023574343 0 0.7688264245063376
2.184616736604924 0 0.7684899904679635
2.223915634819955 0 0.7683334405171993
2.263144393186437 0 0.766190367585079
2.302258593470481 0 0.7629730429598812
2.341370066699632 0 0.7598607745662213
2.380390071746175 0 0.7554760519283675
2.418935447889595 0 0.7497577438145601
2.457253892303181 0 0.7440211546076243
2.495629981259308 0 0.7357768959445747
2.533457976874041 0 0.7252020695073231
2.572038756109357 0 0.7187148651323864
2.610742000558496 0 0.7126637807868408
2.648563851309426 0 0.7025924233605063
2.687537292578137 0 0.6989774758073678
2.72421337031199 0 0.6883671050243643
2.76226768786952 0 0.6796186531471137
1 76 0 26
693
694
695
696
697
698
699
700
701
702
703
704
705
706
707
708
709
710
711
712
713
714
715
716
717
718
0.03885913524624145 0 0.8379690708530582
0.07765392054325723 0 0.8389007444062119
0.1163314013243155 0 0.8420237314340903
0.1550840654157765 0 0.8443612272156419
0.1939010829101929 0 0.8441796491183396
0.232725419523402 0 0.8453089118481257
0.2713926625617451 0 0.8471389444202184
0.3091608286499616 0 0.8536577579528615
0.3478470521060089 0 0.850420703254104
0.3867026419034608 0 0.8508457029875139
0.4253733755982406 0 0.8538634598416756
0.4641550611983024 0 0.8561155724792375
0.5029347534655716 0 0.8585424663436061
0.5417785450606702 0 0.8597388154063332
0.5806204873301026 0 0.8596576278277661
0.61937892392199 0 0.8590545472358602
0.6582047045724186 0 0.8584590159256897
0.697052522583525 0 0.8592734379874852
0.7358908053309229 0 0.858249196622158
0.7747484029813029 0 0.8575098828347514
0.8135774603706206 0 0.8565006338882885
0.8523729851326326 0 0.8542861130070345
0.8909685752881172 0 0.8505960071538531
0.9294650177085155 0 0.8482111713575704
0.9683237126783211 0 0.8477616095457896
1.007172158726923 0 0.8468378791879597
1 77 0 7
719
720
721
722
723
724
725
1.130816015327481 0 0.7633675911189154
1.165848567751145 0 0.7639477518393997
1.200871595688742 0 0.765202807004092
1.23592107481242 0 0.7654
1.270959270063157 0 0.7657528111771775
1.305997809491717 0 0.7662855549187512
1.34086507609643 0 0.768880990815111
1 78 0 34
726
727
728
729
730
731
732
733
734
735
736
737
738
739
740
741
742
743
744
745
746
747
748
749
750
751
752
753
754
755
756
757
758
759
1.456353480008 0 0.825309259983469
1.496176913992099 0 0.827919959346767
1.53593832393221 0 0.8312185663657117
1.575902103522706 0 0.8326634754947677
1.615341371103722 0 0.8387715943244405
1.65526782977152 0 0.8408305431311329
1.695123592267095 0 0.8440755012996
1.734909744027002 0 0.8479697860628989
1.774860645612316 0 0.8496740353125765
1.814675438311449 0 0.8529543358239406
1.854634140911832 0 0.8544276238902149
1.894586966286868 0 0.8552382718121708
1.934573392150327 0 0.855351504345888
1.974557648745893 0 0.854839809395073
2.014546474980496 0 0.8546272999909865
2.054519104338265 0 0.8554703788032765
2.09446670753133 0 0.8552629235778095
2.134433346964942 0 0.8541252155098135
2.174218747647052 0 0.8501660994656814
2.213689293152702 0 0.84450087343864
2.253576146382999 0 0.841739122129273
2.293384326753048 0 0.8388128160839805
2.333271640919132 0 0.8362586523957465
2.372922536254942 0 0.8314216375325241
2.412514770858731 0 0.8260346727709678
2.451409273138859 0 0.8177441257452935
2.490581344523388 0 0.8098291704578696
2.529780931906062 0 0.8022916684958679
2.568215145860775 0 0.7913383374614392
2.607333989779298 0 0.7832502462262111
2.646387623223672 0 0.7753636749410326
2.684384363835358 0 0.7632631138558905
2.722984685964222 0 0.7530276010312429
2.760858923389276 0 0.7405752323868742
1 79 0 25
760
761
762
763
764
765
766
767
768
769
770
771
772
773
774
775
776
777
778
779
780
781
782
783
784
0.03888059666282835 0 0.9190166087151944
0.07792155811469681 0 0.9210785939116196
0.1168628656893238 0 0.9242192511257279
0.1558717323464669 0 0.9265853286372564
0.1949441769212449 0 0.9273077170033063
0.2339189311776337 0 0.930207416542346
0.27292454044475 0 0.9328193701894196
0.3118393802435088 0 0.9354852097635639
0.3509082069084605 0 0.9348654557968124
0.3899103537384707 0 0.9353025935757541
0.4286625066197341 0 0.938972314412978
0.4674643977437679 0 0.9430516354953925
0.5061441691462064 0 0.9473969895632204
0.545100018769604 0 0.9503563092316626
0.5841193422273537 0 0.9511161669490492
0.6231937712187181 0 0.9504776028657961
0.6622859795417164 0 0.9498547371207361
0.7013616782164007 0 0.9510385862926503
0.7404557036235135 0 0.9514230606629567
0.7795357836745372 0 0.9509783361221982
0.8185904301647513 0 0.9493255931040734
0.8575896507504447 0 0.9466318020856412
0.8965613262290417 0 0.9437064153135221
0.9355753816148944 0 0.9418925066953759
0.9746648624716552 0 0.9410822465544949
1 80 0 8
785
786
787
788
789
790
791
792
1.100877436226577 0 0.8470865011600853
1.138312367613903 0 0.8455737684610442
1.175750193800874 0 0.8447102357259394
1.213139384026068 0 0.8433104187171631
1.250591019865405 0 0.8432691519622747
1.287995459061267 0 0.842873319611931
1.325031997893559 0 0.8451535292067038
1.362084739599556 0 0.8402144821333232
1 81 0 34
793
794
795
796
797
798
799
800
801
802
803
804
805
806
807
808
809
810
811
812
813
814
815
816
817
818
819
820
821
822
823
824
825
826
1.48442434907687 0 0.9126517683396863
1.522952088453795 0 0.9190843970852892
1.561250433049554 0 0.9267511952668585
1.600070183476711 0 0.9311288657178585
1.638964152822915 0 0.9347310284513897
1.678005136585577 0 0.9362085542422575
1.717023226725951 0 0.9379644787989873
1.756064898338698 0 0.9394155184773776
1.79510845498293 0 0.9407496788380494
1.834164282873899 0 0.9409788113302245
1.873194566487819 0 0.9413552698515638
1.912234250846586 0 0.9426233584635393
1.951296989680567 0 0.9422970915118085
1.990330822778841 0 0.9437658112582527
2.029352579085985 0 0.941906000692859
2.068377775467605 0 0.9430881109244181
2.10742118454412 0 0.9429229891760482
2.14639453279577 0 0.9414768941696423
2.185370241044228 0 0.9387522883761837
2.224216349091392 0 0.9353141389343016
2.263095245818997 0 0.9316324004940296
2.301656717257253 0 0.9255226860547271
2.340436864070683 0 0.9210119081254945
2.379020671728203 0 0.9148965246925505
2.417851807006577 0 0.9107083725093655
2.456439771811695 0 0.9046853036224238
2.495150601601751 0 0.900694004006859
2.533277594161158 0 0.892209094007641
2.571917049168693 0 0.8865582132387737
2.610504194320617 0 0.8804455693520764
2.649298850553456 0 0.8760617020644037
2.688007533049559 0 0.8707967580962592
2.725973198454442 0 0.861834452374593
2.763351871232058 0 0.8508305694742183
1 82 0 24
827
828
829
830
831
832
833
834
835
836
837
838
839
840
841
842
843
844
845
846
847
848
849
850
0.03959941894757628 0 0.9994238172058507
0.07918587396190525 0 1.000156422684542
0.1187871834604793 0 1.002252783925749
0.1581759886525258 0 1.007006548134808
0.1976738267698193 0 1.009267622031642
0.2373057423749179 0 1.010844212313208
0.2769778723978935 0 1.010367914128091
0.3166340779099684 0 1.011219748700414
0.3562615773279204 0 1.012688975627199
0.3958906907647793 0 1.0145224273432
0.435543955226655 0 1.014224564561851
0.4744650690747664 0 1.021828738661097
0.5137402255607872 0 1.019379670611497
0.5526840649640068 0 1.015693039900687
0.5921552938150914 0 1.018360375716498
0.6317814162294482 0 1.016918163450371
0.6714498639028893 0 1.01612465556619
0.7111108655112288 0 1.016659027415956
0.750224995670139 0 1.0230052664052
0.7898817808441183 0 1.024037736597887
0.8294577092364385 0 1.022595457562264
0.8690989402422287 0 1.021930593565975
0.9087232655704517 0 1.023684904020556
0.9464704340286764 0 1.014384818130558
1 83 0 10
851
852
853
854
855
856
857
858
859
860
1.056337428975141 0 0.968099426485362
1.094509567183787 0 0.9656209236032257
1.132706408934923 0 0.9629262773091712
1.170915427994818 0 0.9603374005723909
1.209145678566576 0 0.9580965973108183
1.247196517300863 0 0.9546833479763098
1.285423739157897 0 0.9541082881498639
1.323397316926064 0 0.958528849639229
1.361449612930825 0 0.9597032201260915
1.399426446734365 0 0.955818892388325
1 84 0 33
861
862
863
864
865
866
867
868
869
870
871
872
873
874
875
876
877
878
879
880
881
882
883
884
885
886
887
888
889
890
891
892
893
1.515475272793035 0 1.000077739861075
1.554539414192254 0 1.003175257536506
1.593486598235075 0 1.007462996875869
1.632422970228145 0 1.01175777057114
1.671542364857689 0 1.013587183387146
1.710746663827279 0 1.014030784421132
1.749496310950047 0 1.018472772100509
1.788379949031708 0 1.022767481211875
1.827512995765348 0 1.025190705929048
1.866680319226906 0 1.027034391140949
1.905874435811642 0 1.027762841471461
1.945061833900756 0 1.028241596313682
1.984229683168894 0 1.029179780530069
2.02340854978689 0 1.028795462067079
2.062556138617589 0 1.027273738894103
2.101593800179201 0 1.02366897629437
2.14076056709567 0 1.021836925983078
2.179926175144231 0 1.019946669897465
2.218823697549516 0 1.015283058714659
2.257962004166993 0 1.013485448373057
2.297078715120855 0 1.011348542102081
2.33618798464196 0 1.008759933699186
2.375088436646732 0 1.003838926720646
2.414113503324577 0 1.000398917091135
2.453260572205444 0 0.9981418401363125
2.491467495843025 0 0.9901868598068064
2.530296324061647 0 0.9848815779414537
2.568244073483619 0 0.9758847368923651
2.607080234564155 0 0.970615010705536
2.645819094157458 0 0.9649397733146414
2.684153735146487 0 0.9574856100560242
2.722568712997204 0 0.9496803227675487
2.761062370008548 0 0.9424364175112667
1 85 0 24
894
895
896
897
898
899
900
901
902
903
904
905
906
907
908
909
910
911
912
913
914
915
916
917
0.0387929494957294 0 1.056211540858385
0.07754854479348368 0 1.058088788239217
0.1162297396189772 0 1.060876913780367
0.1550045341790322 0 1.062383277169915
0.1937999775775832 0 1.063426288729719
0.2326099913284261 0 1.063900489316173
0.271397106930215 0 1.065401841733432
0.3101933755066974 0 1.066646757754285
0.3488148699969589 0 1.070410526907162
0.3875675422295837 0 1.072612149651946
0.426283392309925 0 1.075337590851652
0.4650948427582262 0 1.075646691142497
0.5037993058894676 0 1.077813153950135
0.5425833622842747 0 1.078640380585167
0.5813973927719884 0 1.078978838423275
0.6200410841781033 0 1.080623090114062
0.6586117064106775 0 1.082014418078103
0.6972644888503918 0 1.084207724147186
0.7357297433740889 0 1.089291157601056
0.7740858792282236 0 1.092896033541957
0.8128925092898935 0 1.092459011403492
0.8516345725730619 0 1.090231609560764
0.8904420676593215 0 1.090789962463573
0.9292413922294784 0 1.090782666983775
1 86 0 45
918
919
920
921
922
923
924
925
926
927
928
929
930
931
932
933
934
935
936
937
938
939
940
941
942
943
944
945
946
947
948
949
950
951
952
953
954
955
956
957
958
959
960
961
962
1.02259392775216 0 1.051462739789428
1.061591418807147 0 1.043776531008384
1.101392482465306 0 1.041173810502251
1.141225589905691 0 1.039093247677894
1.181091098585885 0 1.038114318426567
1.220943971429521 0 1.036768461741752
1.260789093537773 0 1.03508107447219
1.300649539525215 0 1.034979825715634
1.340505442795664 0 1.036381369316892
1.380316628844378 0 1.038703176389362
1.420136521326764 0 1.039522329941588
1.458465573816431 0 1.049803101361844
1.494284294428548 0 1.067130755499057
1.533242202873554 0 1.074397769958643
1.572981390720005 0 1.077257475526262
1.612749346003229 0 1.079718732233186
1.652568818956286 0 1.081376345469592
1.692329219352934 0 1.084165535203148
1.732034438576405 0 1.087553122647982
1.771677014125959 0 1.09170396568064
1.811355849091957 0 1.095289305345873
1.851207629791836 0 1.096786380014722
1.891038564634546 0 1.098463162472869
1.930903232673219 0 1.099246247953737
1.970769403949151 0 1.099639020181492
2.010584214249794 0 1.098495911713644
2.050428061110878 0 1.097737728409711
2.090280543641767 0 1.096197321175317
2.130099645604412 0 1.094071019553098
2.169976278692667 0 1.093237693636279
2.209774960983872 0 1.090817663132109
2.249558091562907 0 1.087945067528353
2.289343698909687 0 1.085108333216811
2.329095448823845 0 1.081914952642445
2.368875294269318 0 1.07906824297951
2.408561768489671 0 1.075096680889798
2.447749267015116 0 1.067742986583227
2.487325557438357 0 1.062914693528393
2.526185011166854 0 1.054223445581494
2.565067198400006 0 1.045889135848828
2.604043745686215 0 1.038117521369884
2.642926157594934 0 1.030034343893807
2.68221812997068 0 1.023562107069777
2.721463285656745 0 1.017464097280468
2.760259523861891 0 1.011601419509745
1 87 0 70
963
964
965
966
967
968
969
970
971
972
973
974
975
976
977
978
979
980
981
982
983
984
985
986
987
988
989
990
991
992
993
994
995
996
997
998
999
1000
1001
1002
1003
1004
1005
1006
1007
1008
1009
1010
1011
1012
1013
1014
1015
1016
1017
1018
1019
1020
1021
1022
1023
1024
1025
1026
1027
1028
1029
1030
1031
1032
0.03962341308277695 0 1.293771886248736
0.07924555843343793 0 1.294564286079442
0.1188812775591117 0 1.295042121347262
0.1585125162807255 0 1.295041584174828
0.1981084577068304 0 1.296954100411446
0.2377308969791791 0 1.296082347078256
0.2773706878787425 0 1.295960116000403
0.3169757024207973 0 1.295269451542828
0.3564907930133393 0 1.296916249926075
0.395876656903967 0 1.292852209803876
0.4354375148547244 0 1.290332828142669
0.475063002816402 0 1.290337643120762
0.5146718086967224 0 1.289771022711322
0.5543023103206353 0 1.29075887453429
0.5939170467104099 0 1.292064972160785
0.6334719782654373 0 1.292101331169018
0.6729151828352843 0 1.295421416715943
0.712495753530721 0 1.297323952347947
0.7519485299532225 0 1.300988574080353
0.7915748086162062 0 1.301848865285156
0.8312131542040165 0 1.302281364833958
0.8708028462495325 0 1.300943035370348
0.9102674213385098 0 1.304610282762084
0.9492273084588696 0 1.311590474386132
0.9884685396847364 0 1.316134074543929
1.027141429207586 0 1.308916476833062
1.063074854050704 0 1.29339702287867
1.101338663914849 0 1.283110752217491
1.140775877531554 0 1.279578370527118
1.180364572461611 0 1.279395716434344
1.219964121938171 0 1.28071586935157
1.259536717941461 0 1.283003721213114
1.29908044840415 0 1.284905828393094
1.3385921368972 0 1.288034877783057
1.378063961330723 0 1.291652162773215
1.417305517294557 0 1.296740697837777
1.456075345404029 0 1.304846579207472
1.494889705000364 0 1.312650963840136
1.533960816100013 0 1.318895014786162
1.573222696962854 0 1.322487112841689
1.612848374107159 0 1.322878128428297
1.652488220879876 0 1.322548669635867
1.692124717766431 0 1.322618401057045
1.731764496923536 0 1.322476442670972
1.771373276161377 0 1.321440736359331
1.810974992678932 0 1.321385218781121
1.850612384917624 0 1.320897741979839
1.890251396560404 0 1.320499010799727
1.929879643708102 0 1.321171793161465
1.969429180751319 0 1.323331101662332
2.008950117171066 0 1.325553761052214
2.048551381877102 0 1.326043391636055
2.088148297640904 0 1.327921299603342
2.127787027517248 0 1.328251684259401
2.167416061564862 0 1.328922805039763
2.206968113634214 0 1.330292720771633
2.246598213228403 0 1.32968753223366
2.286173900761664 0 1.331469115459488
2.325699179033454 0 1.334437032894381
2.36532989401146 0 1.335199742827021
2.404905557235043 0 1.336108153628843
2.44445235096763 0 1.337595895305404
2.484025136045541 0 1.336990467029281
2.523616302398775 0 1.33556892569595
2.562982528453148 0 1.331614764914355
2.602423629263447 0 1.327703068876799
2.641849776198795 0 1.323818803396204
2.68128015625154 0 1.320299343590314
2.720841764027289 0 1.317884191778028
2.76039358152418 0 1.315746177330545
2 1 0 137
1033
1034
1035
1036
1037
1038
1039
1040
1041
1042
1043
1044
1045
1046
1047
1048
1049
1050
1051
1052
1053
1054
1055
1056
1057
1058
1059
1060
1061
1062
1063
1064
1065
1066
1067
1068
1069
1070
1071
1072
1073
1074
1075
1076
1077
1078
1079
1080
1081
1082
1083
1084
1085
1086
1087
1088
1089
1090
1091
1092
1093
1094
1095
1096
1097
1098
1099
1100
1101
1102
1103
1104
1105
1106
1107
1108
1109
1110
1111
1112
1113
1114
1115
1116
1117
1118
1119
1120
1121
1122
1123
1124
1125
1126
1127
1128
1129
1130
1131
1132
1133
1134
1135
1136
1137
1138
1139
1140
1141
1142
1143
1144
1145
1146
1147
1148
1149
1150
1151
1152
1153
1154
1155
1156
1157
1158
1159
1160
1161
1162
1163
1164
1165
1166
1167
1168
1169
1.916297724923547 0 0.03422469513512395
1.847655575818567 0 0.09737152599527064
1.995314411762872 0 0.03304984796910839
1.772153845252299 0 0.09439004664197664
1.602448892265288 0 0.03028260031433216
2.074336764704127 0 0.03342912140558896
1.717001592229482 0 0.03233024214593944
1.536473248365813 0 0.0869625126248726
1.653141943349182 0 0.08926865869402045
1.477058922876677 0 0.03132952645315213
0.3800989033599278 0 0.07786554578743371
2.15335911764564 0 0.03310023797337262
1.416358418321718 0 0.07928986325660616
1.361412116931676 0 0.03566756578558271
1.298316298348556 0 0.07129863371702078
2.230891595497834 0 0.03450979333852173
0.05384702525396398 0 0.07175594002114337
1.243354796254427 0 0.03437252645331172
1.969920517819261 0 0.09446281747644607
2.287595411297572 0 0.06628362499892071
2.044555665545428 0 0.09515266956776446
1.799188880275109 0 0.03189817483112704
1.179946572865367 0 0.06400462158855712
0.456992573586967 0 0.03368689612087705
2.123075886040813 0 0.0877193733392585
0.1032060468533764 0 0.03014281147829296
1.124241096066799 0 0.02929069818124244
2.349685507098417 0 0.03360040785934208
1.060623530897117 0 0.05740824248399518
0.4946496770751703 0 0.05598019188598669
2.202956888143017 0 0.07201943818432839
1.005455678583077 0 0.03432208400251672
2.400034887303982 0 0.04871807196123667
0.4189894471298526 0 0.06520627682077497
0.1674553509786605 0 0.05024110945156218
0.3432936750325505 0 0.06163990109653367
0.3767975647989639 0 0.03772202875293693
1.338195562172722 0 0.07380739390844529
1.320920335800316 0 0.03708319814783962
0.5321952162516319 0 0.03880357940053465
0.9416666010785162 0 0.03775083492456254
1.611197408933415 0 0.09324453431346037
1.455185867084691 0 0.08470288063934557
1.444359783901349 0 0.0516890108754994
1.733731265164626 0 0.09253095720388589
1.7496818848745 0 0.06074915143922269
1.693333445571037 0 0.09161371991411214
1.675896269085512 0 0.05460979501127933
2.43730263990152 0 0.03848216831816537
1.520411928320042 0 0.0298531084799261
1.560937783821078 0 0.0308798731843843
1.876781826701134 0 0.03306899276407143
1.897820156550733 0 0.06563573895849384
1.938624108215683 0 0.06436651004180717
1.956110631394684 0 0.03275338777053795
1.837508255082761 0 0.03249035716430516
1.823366709772764 0 0.06470626874876603
2.113847941174859 0 0.03225936492476113
2.034825588233503 0 0.03245623185245321
2.01208378067108 0 0.06820764597097065
2.30913097468213 0 0.03269417681822741
2.192870294116341 0 0.03421768255696517
1.492378614270152 0 0.08803261903149623
1.377612954675195 0 0.07095719197162496
1.627140899330114 0 0.05994742400012978
1.202852229675162 0 0.03297642358237354
1.579074616450365 0 0.06535011139674772
2.161852012826787 0 0.08326775731516085
1.406742106344005 0 0.03679303486882353
2.082771983713672 0 0.09143260541705951
1.258293812277174 0 0.06976250679801967
1.28151861887699 0 0.03541947751936529
2.245509776724825 0 0.06973219412803577
0.5768347194221471 0 0.03473161338577851
0.9008390290462484 0 0.03647045801831263
2.475310406464114 0 0.03470141165532232
1.218751731200161 0 0.06818949583659768
0.129197636457903 0 0.05815585320259833
0.2071030095593965 0 0.03446043734535706
1.099108606430649 0 0.05789456717849134
0.05966803969668748 0 0.03356363410689522
0.4165028582792989 0 0.02732304033891779
1.16433985116536 0 0.03120735691484514
2.271015410053977 0 0.03150061560821978
0.6169981645857112 0 0.03123494438974437
0.8610660260575165 0 0.03395130369806761
1.141541194830049 0 0.06207722587737806
2.512931471127367 0 0.02909533562349307
0.09202156522219668 0 0.06788591044766945
0.3482074874415539 0 0.09372583476033736
1.925492491872307 0 0.09737528388430428
0.32962122219027 0 0.02927485974567883
2.325889444612671 0 0.06443716073104633
0.974362165631662 0 0.05081893318494499
0.6552061478194227 0 0.02770448802127355
1.861243915424725 0 0.06558945169868524
1.974410689972717 0 0.05856804184577405
0.0276314453714876 0 0.05367323012661981
0.2490380430136014 0 0.02968347612226056
1.808883640634972 0 0.09611748615851651
0.4617573248027991 0 0.06761221369848615
0.8209607046264835 0 0.03155426340462366
2.009588323848046 0 0.1026379071397338
1.082622709063711 0 0.02899378048090686
2.055871914308468 0 0.06155008425721761
1.885392212932845 0 0.09839125402441955
1.759429811150093 0 0.02745151409434303
0.1423729272834666 0 0.026446092378563
2.096348769810338 0 0.06007696838917378
1.044989232069883 0 0.02975055196543002
1.574388200086917 0 0.09884799536083409
1.644023117955251 0 0.02815802666081783
2.363245553763636 0 0.06146537936529001
1.785450795326623 0 0.06255210698565866
1.713928891385031 0 0.06636677314288789
1.679074195852972 0 0.02301961276360732
0.289749570424954 0 0.02638121882809701
2.553405570702783 0 0.02533411022328878
0.7851314108913089 0 0.02779537327933082
1.029356501032621 0 0.05817590308360175
0.6945150861654941 0 0.02484878520580026
1.539664456567304 0 0.05386624151521765
0.3813280940293811 0 0.2514811040007487
0.02536213230773779 0 0.02473403951338937
2.135302275746816 0 0.05764985580163311
0.4941994700627151 0 0.02469398775323413
0.7290254745287408 0 0.02429704996166544
1.506618374657562 0 0.05854197652808815
0.9698006576812765 0 0.02312109013157669
0.3590726608623542 0 0.1761089813474066
2.587982058823161 0 0.02051409642758978
2.378539941745072 0 0.02735516173909925
0.1778002941172966 0 0.02013678013892456
2.172113407415468 0 0.05475742924211537
1.475120312558086 0 0.06285920270551629
1.442330082969342 0 0.02199592966543291
0.02417987431811545 0 0.08243869058762747
2 2 0 44
1170
1171
1172
1173
1174
1175
1176
1177
1178
1179
1180
1181
1182
1183
1184
1185
1186
1187
1188
1189
1190
1191
1192
1193
1194
1195
1196
1197
1198
1199
1200
1201
1202
1203
1204
1205
1206
1207
1208
1209
1210
1211
1212
1213
0.1854736532741655 0 0.1131100247885066
0.1310025358987418 0 0.273607705088376
0.2461936548304147 0 0.2529521946126157
0.1048993961975974 0 0.1291397144806906
0.2993856570885046 0 0.1496499491339789
0.03886064692497215 0 0.2056873827843858
0.06130376149959471 0 0.2778243327589564
0.2627207555333209 0 0.08823607387555495
0.320249895114421 0 0.2269192750157839
0.06271734233153929 0 0.1398243923383253
0.09047513060979798 0 0.1662497802326999
0.1305193002396675 0 0.1598983666972788
0.1153273211104811 0 0.197128924320672
0.155206037829066 0 0.1908485367531544
0.1412522544238543 0 0.2295479910244238
0.1789314244107854 0 0.2224867952452745
0.1935370405112078 0 0.1856968395658135
0.1045367139545459 0 0.2347153172324631
0.2189770877872976 0 0.2182462062069431
0.2327107531322878 0 0.1799428890471406
0.2571904764269829 0 0.2134276890237339
0.2071632773446527 0 0.2584804984801027
0.2260433202114165 0 0.1013702465970663
0.2601290327169216 0 0.1251896189777152
0.214536644365756 0 0.1410381781299213
0.3104061573421346 0 0.1896024151569302
0.1447932569247695 0 0.1221714303970194
0.2893396161927247 0 0.2484157523057068
0.1706776555241054 0 0.1521272293886157
0.03295893222882473 0 0.2470881731203497
0.03224568712631776 0 0.165357201246667
0.07623118055626477 0 0.2029966636868215
0.1686979787863912 0 0.2655614524849752
0.2703252993205816 0 0.1752344753538659
0.3338269608878161 0 0.2583443865849476
0.2935025619669167 0 0.1104653403751449
0.09561073072789153 0 0.2713883239108938
0.06774337048792231 0 0.2387491850121656
0.02814747037347205 0 0.2796259111580869
0.02895425011833871 0 0.1348647046494079
0.289316008966661 0 0.2127062995792623
0.2441909400891618 0 0.1541527848517303
0.06221079384415506 0 0.1764279488831127
0.2912967538677183 0 0.07614925937662911
2 3 0 641
1214
1215
1216
1217
1218
1219
1220
1221
1222
1223
1224
1225
1226
1227
1228
1229
1230
1231
1232
1233
1234
1235
1236
1237
1238
1239
1240
1241
1242
1243
1244
1245
1246
1247
1248
1249
1250
1251
1252
1253
1254
1255
1256
1257
1258
1259
1260
1261
1262
1263
1264
1265
1266
1267
1268
1269
1270
1271
1272
1273
1274
1275
1276
1277
1278
1279
1280
1281
1282
1283
1284
1285
1286
1287
1288
1289
1290
1291
1292
1293
1294
1295
1296
1297
1298
1299
1300
1301
1302
1303
1304
1305
1306
1307
1308
1309
1310
1311
1312
1313
1314
1315
1316
1317
1318
1319
1320
1321
1322
1323
1324
1325
1326
1327
1328
1329
1330
1331
1332
1333
1334
1335
1336
1337
1338
1339
1340
1341
1342
1343
1344
1345
1346
1347
1348
1349
1350
1351
1352
1353
1354
1355
1356
1357
1358
1359
1360
1361
1362
1363
1364
1365
1366
1367
1368
1369
1370
1371
1372
1373
1374
1375
1376
1377
1378
1379
1380
1381
1382
1383
1384
1385
1386
1387
1388
1389
1390
1391
1392
1393
1394
1395
1396
1397
1398
1399
1400
1401
1402
1403
1404
1405
1406
1407
1408
1409
1410
1411
1412
1413
1414
1415
1416
1417
1418
1419
1420
1421
1422
1423
1424
1425
1426
1427
1428
1429
1430
1431
1432
1433
1434
1435
1436
1437
1438
1439
1440
1441
1442
1443
1444
1445
1446
1447
1448
1449
1450
1451
1452
1453
1454
1455
1456
1457
1458
1459
1460
1461
1462
1463
1464
1465
1466
1467
1468
1469
1470
1471
1472
1473
1474
1475
1476
1477
1478
1479
1480
1481
1482
1483
1484
1485
1486
1487
1488
1489
1490
1491
1492
1493
1494
1495
1496
1497
1498
1499
1500
1501
1502
1503
1504
1505
1506
1507
1508
1509
1510
1511
1512
1513
1514
1515
1516
1517
1518
1519
1520
1521
1522
1523
1524
1525
1526
1527
1528
1529
1530
1531
1532
1533
1534
1535
1536
1537
1538
1539
1540
1541
1542
1543
1544
1545
1546
1547
1548
1549
1550
1551
1552
1553
1554
1555
1556
1557
1558
1559
1560
1561
1562
1563
1564
1565
1566
1567
1568
1569
1570
1571
1572
1573
1574
1575
1576
1577
1578
1579
1580
1581
1582
1583
1584
1585
1586
1587
1588
1589
1590
1591
1592
1593
1594
1595
1596
1597
1598
1599
1600
1601
1602
1603
1604
1605
1606
1607
1608
1609
1610
1611
1612
1613
1614
1615
1616
1617
1618
1619
1620
1621
1622
1623
1624
1625
1626
1627
1628
1629
1630
1631
1632
1633
1634
1635
1636
1637
1638
1639
1640
1641
1642
1643
1644
1645
1646
1647
1648
1649
1650
1651
1652
1653
1654
1655
1656
1657
1658
1659
1660
1661
1662
1663
1664
1665
1666
1667
1668
1669
1670
1671
1672
1673
1674
1675
1676
1677
1678
1679
1680
1681
1682
1683
1684
1685
1686
1687
1688
1689
1690
1691
1692
1693
1694
1695
1696
1697
1698
1699
1700
1701
1702
1703
1704
1705
1706
1707
1708
1709
1710
1711
1712
1713
1714
1715
1716
1717
1718
1719
1720
1721
1722
1723
1724
1725
1726
1727
1728
1729
1730
1731
1732
1733
1734
1735
1736
1737
1738
1739
1740
1741
1742
1743
1744
1745
1746
1747
1748
1749
1750
1751
1752
1753
1754
1755
1756
1757
1758
1759
1760
1761
1762
1763
1764
1765
1766
1767
1768
1769
1770
1771
1772
1773
1774
1775
1776
1777
1778
1779
1780
1781
1782
1783
1784
1785
1786
1787
1788
1789
1790
1791
1792
1793
1794
1795
1796
1797
1798
1799
1800
1801
1802
1803
1804
1805
1806
1807
1808
1809
1810
1811
1812
1813
1814
1815
1816
1817
1818
1819
1820
1821
1822
1823
1824
1825
1826
1827
1828
1829
1830
1831
1832
1833
1834
1835
1836
1837
1838
1839
1840
1841
1842
1843
1844
1845
1846
1847
1848
1849
1850
1851
1852
1853
1854
1.131262002129717 0 0.1267650155692302
1.693958848209807 0 0.4781177024771295
1.810281086490737 0 0.4822826458288583
1.92740787816183 0 0.4834135141822194
2.122769716244279 0 0.4661630955868268
2.234947312852748 0 0.4544761688759265
1.543818220841901 0 0.4635905406005006
1.301948847655494 0 0.4458794313428871
0.9566937181622552 0 0.4151644561760439
1.421559027946499 0 0.4548982333999752
0.7292508761650964 0 0.3844916229150985
2.010677032760405 0 0.1675301149260796
0.8444065680412476 0 0.4019277999015082
2.346309143578674 0 0.4268753745768894
2.467287977929142 0 0.4099830791377899
2.578680318759009 0 0.3827915737750128
1.189143365953376 0 0.4487948923785278
1.771898459311413 0 0.1589482866448589
1.616311081610768 0 0.1621852849022329
1.890917673605943 0 0.1613825808451988
2.132918729489734 0 0.1542258898817841
1.257540750021268 0 0.1397723453159252
1.488832145871201 0 0.1602953553347163
1.367047173385284 0 0.147188856942279
0.6271522668805847 0 0.09671795014912739
0.8173549677884852 0 0.09538950543903262
2.768100896007629 0 0.207781319126052
2.253617523335555 0 0.1385402257931648
0.9397858514825228 0 0.1081533484718704
2.371721195530602 0 0.1187493572824414
2.566639984097831 0 0.08539018134273908
0.5558100767783678 0 0.3826272355061365
0.5149780418105506 0 0.1213915878810334
0.6461368859454373 0 0.3768925450763187
1.076166709557223 0 0.437192043557208
2.042595225562923 0 0.4691012191092008
2.647074999438943 0 0.06305024274724311
1.009983486517618 0 0.1212143209337408
0.4253956241639667 0 0.2360201972669556
2.692811688362461 0 0.3566521560461316
0.4269552916027863 0 0.3507639897771569
2.450140110153232 0 0.1077048947670299
1.685241035711676 0 0.1553195268607356
2.768419747264103 0 0.1330319818335986
1.610482422090946 0 0.477029635643483
0.7042280900474006 0 0.08590477770788484
2.767423375808644 0 0.2820669510783368
0.4339904130521787 0 0.2689604229300937
0.4567768756421218 0 0.246460302508763
0.4654740311349133 0 0.2783139891672337
0.4897529185208327 0 0.2544735559016535
0.4488412089983833 0 0.2153198111065912
0.4984589165830116 0 0.2876792808690841
0.5234508911742035 0 0.263095544874504
0.5136932037835695 0 0.2289837937990167
0.548731351196704 0 0.2376037665965599
0.5581404050497006 0 0.2727815635006883
0.5845111112618293 0 0.2469911809386389
0.5746145806268044 0 0.2109873002028408
0.6109095025102386 0 0.2203297891260896
0.6208502740624271 0 0.2568293281483797
0.6476158747328559 0 0.2298841994429221
0.6569855110286356 0 0.2661195786617072
0.6845645196718172 0 0.2395803289476608
0.691868790319017 0 0.2760652882665279
0.7211748035465183 0 0.2490118342057961
0.7116501052158674 0 0.2119788105458525
0.7491510541765667 0 0.2218336574675557
0.759392628428243 0 0.2594367777984292
0.7868879421069741 0 0.2318875676542902
0.797529832545723 0 0.2694218709770664
0.8247051800681651 0 0.2419011180705148
0.8348771975743381 0 0.2796241444776285
0.8624514934884409 0 0.2519587310518725
0.8726110009896118 0 0.2897334862211075
0.9002474701814238 0 0.2620437127736376
0.8537211354585179 0 0.2142983979904982
0.9104712176752209 0 0.2998166422306248
0.9381409877322637 0 0.2721276176308876
0.9279039141890141 0 0.2343000277882344
0.9657484517168864 0 0.2444387450836681
0.9759551100441994 0 0.2821743141385667
1.003516308557168 0 0.2545928938639332
1.013591342071685 0 0.2921488187411343
1.040985594632099 0 0.2646889004574112
1.051106806587659 0 0.3021719416512505
1.078350940085883 0 0.2747654405068237
1.088424363256897 0 0.312156803875302
1.115623637642889 0 0.2847589428148633
1.125625854453455 0 0.3220153690449065
1.15303478983206 0 0.2946679035864401
1.142977626796669 0 0.2572076533472001
1.180566362115107 0 0.2672032332062357
1.190649355741833 0 0.3048335853336283
1.2183199787382 0 0.2772841612811904
1.228467475861816 0 0.3150218612787249
1.256206066417137 0 0.2874247554090065
1.266330266061192 0 0.3253454570332122
1.294158425443706 0 0.2975887190042231
1.304320050230916 0 0.3356160362257963
1.332190584103428 0 0.3077957769198558
1.342344846725919 0 0.3458548214849587
1.370247983063087 0 0.318015279213172
1.284030087956232 0 0.2596654989192149
1.359788568232602 0 0.2810002482696879
1.398072192476214 0 0.2905961023899439
1.408336735496904 0 0.3283557091465239
1.436291487888137 0 0.3004981755236439
1.445617292863328 0 0.3368534118806892
1.474292702875253 0 0.3104114886079681
1.48325758931781 0 0.3535401917774275
1.51237916066253 0 0.3215154222674874
1.502364784231156 0 0.2828120455135268
1.540528128568502 0 0.2931596283233426
1.550726874819361 0 0.3312645386185403
1.578723891017435 0 0.3033790021073292
1.588889501439716 0 0.341566312507406
1.61689122249445 0 0.3136676838843056
1.627046806263685 0 0.3518614047740031
1.655059101926603 0 0.323966059972939
1.644899329209303 0 0.285746160855432
1.683087687151574 0 0.296063402911736
1.693239646870837 0 0.3342997850275479
1.721273378257576 0 0.3063918325060269
1.731422900058021 0 0.3446131149757888
1.759448446389633 0 0.3167195520974454
1.769589331274547 0 0.3549291258207173
1.797610586241042 0 0.3270448981352405
1.807780179387446 0 0.3652542068123719
1.835789123350285 0 0.3373708046038472
1.825634268854946 0 0.2991465669973722
1.863809241015676 0 0.3094829504212674
1.873952341749458 0 0.3477032946152741
1.901977649739419 0 0.3198253082134168
1.912095773272193 0 0.3580431744063191
1.940139184141934 0 0.3301728490331479
1.93001596975005 0 0.2919327607162369
1.968193498500765 0 0.302292169337571
1.978307018751137 0 0.3405227342313495
2.006361241831284 0 0.312655169899886
2.016459321805688 0 0.350874910309845
2.044513681619862 0 0.3230212074559007
2.034416122252265 0 0.2847891411137546
2.072579873830621 0 0.2951615619111466
2.082669400784503 0 0.3333875653677209
2.110730195716439 0 0.3055422513787272
2.12081061166355 0 0.3437571016608342
2.148867886303205 0 0.3159278008907284
1.068422860882408 0 0.2373889431879432
1.428064041756873 0 0.2576037455467979
2.138793869180585 0 0.2777011590135693
2.176940141195108 0 0.2880898778840438
2.18700450228912 0 0.3263133927202003
2.215072660473451 0 0.2984923729535137
2.225112890747119 0 0.3367005261368358
2.253176282963632 0 0.3088972594546602
2.243173812816965 0 0.2706655372767882
2.28127000905325 0 0.2810962377002982
2.062472584039917 0 0.2569018018344065
2.291254340181891 0 0.3193075224208527
2.319357057434981 0 0.2915090739375565
2.309342102655907 0 0.2533099352803578
2.347429618824444 0 0.2637435708955128
2.357444504499468 0 0.3019269545998188
2.385499223552263 0 0.2741757222886527
1.170408378231082 0 0.2295260609292381
1.988428801922426 0 0.3787199201725356
1.530387176634437 0 0.2548632927063495
2.395486177619039 0 0.3123461937892965
2.423544894503571 0 0.2846164755092673
2.413566384270482 0 0.2464291558262887
2.451633931414848 0 0.2568641686225347
2.461602789606765 0 0.2950563799002898
2.489723701596684 0 0.2672884727202854
2.479723528746234 0 0.2291162894354971
2.517817292379753 0 0.2395356289949815
2.508194178478524 0 0.2017503742931583
2.545898800280107 0 0.2118353898603382
2.555830828377121 0 0.2499357883160332
2.583818646873537 0 0.2223529361327197
2.593702522333745 0 0.2603421769830153
2.621566800662249 0 0.2327922954674269
2.611709785056204 0 0.1949506225363753
2.649350450572429 0 0.2053626867926264
2.659205075691949 0 0.243067287777735
1.749293014205371 0 0.278495816372105
1.958062691233693 0 0.2640308976832174
1.88408184044288 0 0.3859046971278329
1.024119895115056 0 0.3284155876947592
0.7390542068758019 0 0.1843134561039622
1.853668035472347 0 0.2712393270087522
2.499719837086687 0 0.3054027835456677
0.8076176384781021 0 0.3071790513161161
2.166873337125975 0 0.2498289052776954
2.337424805379063 0 0.2255196124399285
2.092774211975036 0 0.3715732309160232
2.197075986969743 0 0.3644998446216769
1.742101704799302 0 0.3808413388501616
1.23881005334616 0 0.3518450354875745
2.639302802588913 0 0.1685087029806915
0.95558348197342 0 0.206542479015862
2.677022080049648 0 0.1781288973662744
0.7015488544025758 0 0.1746872255610298
0.4864927068666877 0 0.389142702360106
1.672932031419759 0 0.2578073696515532
1.599058054226509 0 0.37973660589101
1.637179548091655 0 0.390024731509047
1.634725838447373 0 0.247502936770552
1.098508596552764 0 0.3493822548709751
1.135641397300827 0 0.3591944032565624
2.537684528198132 0 0.1668304854707595
0.6007459528834892 0 0.1839882857745219
2.299324514688632 0 0.2150696484486082
0.6306178031252896 0 0.2909240245818859
1.418263585817761 0 0.3613854198718154
2.470145759507166 0 0.1933659040909101
0.4332332802305436 0 0.1325835040384172
2.367463135324876 0 0.3400583870680776
2.768097154397918 0 0.05807333540099192
2.235145628838671 0 0.3748748087635992
2.668473516127778 0 0.1429198317756292
2.565800228138463 0 0.2879757475581103
2.60367895767497 0 0.2983195463988881
2.026578985064494 0 0.3890556073312245
2.130899079343152 0 0.3819257425735463
1.922228389576854 0 0.3962314658555424
2.405459557348741 0 0.3504725885841607
1.919873768639222 0 0.2536649337995081
1.947939108989209 0 0.2257246088582475
2.024286456508873 0 0.2465197540529662
1.493761440394883 0 0.2461358725886239
2.128677664105366 0 0.2394350826674596
1.81545547737887 0 0.2608999258504932
1.843522854516669 0 0.2329510273788034
0.8827829610953617 0 0.3274840701782456
0.9205958478783455 0 0.3375582316987508
0.9180626519081758 0 0.1968030441753864
2.677793870314323 0 0.05448418602017391
1.998418545763108 0 0.4167430881829911
2.602294412193483 0 0.1584238005971944
1.131383132301176 0 0.2181835930281257
2.327411232024424 0 0.1872434249521546
2.365534164400663 0 0.1977228892479017
1.044877223899579 0 0.4231181752642486
2.051829180878143 0 0.2206385735683803
0.5641866975242873 0 0.174649601281402
1.314458353120758 0 0.3736736420211413
1.351769721076724 0 0.3832060542286609
1.159763690567164 0 0.1923095555951895
1.198038977417641 0 0.2018373333110993
2.471590578222662 0 0.3331058074409148
2.509186112109084 0 0.3416981124454112
1.520778572008083 0 0.2175760986179408
1.558860638274191 0 0.2256801031835473
1.804944037416325 0 0.2238698496990859
1.894570268025693 0 0.4226822361261017
1.856171748691515 0 0.4135218737745046
0.7296123434922863 0 0.1474505555919269
0.7667905028354532 0 0.1566907968819817
0.7563432396154186 0 0.118761195196191
0.4749257586755169 0 0.3114693185547959
0.5074789250695408 0 0.3215044450888224
1.662609156694284 0 0.2200851135844125
1.700795484292996 0 0.2306254133427129
2.705233735624676 0 0.1494424983661549
1.547015451759186 0 0.1879155488277215
1.828855526898169 0 0.1963754836932594
2.694988059016083 0 0.1131545813881919
0.5903121719167409 0 0.1483368996886176
0.6277280207599143 0 0.1567111629696953
2.157870284559095 0 0.2126149939192021
2.195186795343197 0 0.2221167173102932
2.186108163137453 0 0.1851638963384702
2.223135453356775 0 0.1952728206207854
1.187817343405762 0 0.1638347404761368
1.870724171161588 0 0.4495406023924634
1.108832323866989 0 0.3851862378882163
1.072601759642218 0 0.3727543702186585
2.102002099923417 0 0.4076852592214287
0.8939555331444689 0 0.3680072224893464
0.9450634033483617 0 0.1701356766315862
0.9826591664105441 0 0.1789897632296326
0.9073444298614833 0 0.1583879997796634
2.206235744420635 0 0.4014172870844118
1.143607062518586 0 0.3981108007409504
1.177401858487582 0 0.3715195660453955
1.124063852013337 0 0.1836844649123102
2.713160478202216 0 0.1867007994290879
0.6932160818150704 0 0.1395986763856078
1.482882985527474 0 0.2083932255636384
2.138459558096055 0 0.4264728711915872
1.60972540967883 0 0.4159932653501962
1.571918030608856 0 0.4073210822658008
1.647305036199153 0 0.4281710689742684
1.674309589734567 0 0.4008930359304288
2.377945941667438 0 0.3764227442776439
2.339914180525606 0 0.365803600429606
2.57637063905237 0 0.3237780487326661
2.613660099873157 0 0.3362951559762765
2.640942882167122 0 0.3087814881749036
2.41475352539934 0 0.3852945210602681
1.911327990080231 0 0.2169726563957394
1.940305987069842 0 0.1896414513178545
2.285069473502654 0 0.1710064880502311
2.318503793041584 0 0.1542397393136645
2.11930133985689 0 0.1951701512403171
1.624482216401139 0 0.209190759697275
0.4824876331055442 0 0.347882198213838
0.5208889794229261 0 0.3580663564839264
0.5379695037594979 0 0.3268331265756542
0.4548617710532373 0 0.3728216827280829
1.9773318711467 0 0.1978804341855644
0.9327004395668675 0 0.3758344375536283
0.9609447544558256 0 0.3469699012179025
1.118460458764684 0 0.4235366568948024
0.5980976101893349 0 0.3730082141007929
0.6239284833663553 0 0.3438374412819942
0.6672760346457709 0 0.3408253648223596
0.590114541697659 0 0.3376396809433994
1.583389308334208 0 0.4456458215512291
0.9894801505429366 0 0.415306617612211
0.96939073882613 0 0.1398494244382859
0.8552254026866195 0 0.3551627102741147
2.650630647232257 0 0.3450586039236466
1.652573904041872 0 0.1811844657357184
1.226376460344059 0 0.1727585404994157
1.236100734372329 0 0.211611258626301
1.264976212477697 0 0.1819125451497846
1.297309133127592 0 0.1558382437965546
1.302604399332065 0 0.1918488065021601
2.606683137250537 0 0.0771561313713951
2.636917078957718 0 0.09933899449675031
1.932590405351693 0 0.4333698382604806
0.5534353510439931 0 0.1378605136882988
0.5260531110541442 0 0.1626636603001253
0.4886933366606631 0 0.1528043538598098
0.4962418683752546 0 0.1887461612792867
0.4596823874719824 0 0.1794789356650815
2.036089135192079 0 0.4268327676264645
0.9759175845960841 0 0.382549552977769
1.015472506467278 0 0.3952945446983636
2.093452272099299 0 0.1582702937420879
0.687972701567897 0 0.3792587470203506
0.7142992988025483 0 0.3488480433124655
0.7544156534270494 0 0.3569480315579182
0.7414540675512514 0 0.3228942326693695
1.325698517998774 0 0.4126624329539494
1.286889467082027 0 0.4023836312487507
1.365212595263733 0 0.4183141269041908
1.257377191315212 0 0.4423411300022208
1.243408827599901 0 0.3928561532782616
0.8043595063992546 0 0.3978616744782009
1.410666647279603 0 0.1507509273025715
1.388488349536805 0 0.1824954226224609
1.425771364574115 0 0.1859258617025444
1.404628489668801 0 0.2193291943411984
1.370680146471858 0 0.2123794652958424
1.331337309988047 0 0.1642626104251749
1.826669205604003 0 0.4462652941651978
0.7935828904987725 0 0.1281033628204987
0.8054110227756852 0 0.1661219116875826
0.8323334241854992 0 0.1363610398347965
0.8562112526711407 0 0.1024962351084801
1.443859841900936 0 0.2167009876598017
2.214833414378131 0 0.1505085406938623
1.053354929255555 0 0.1227971396067527
1.032809718922951 0 0.156368793939865
1.069379491480176 0 0.1591915752830336
1.04872401758611 0 0.1925235603228507
2.679264440886915 0 0.3190283976211527
2.718584971421472 0 0.3227819723290034
2.705270978034935 0 0.2889907679548268
0.8838649574078093 0 0.4067543555588755
2.541995658742854 0 0.3889749623345228
2.593131236102209 0 0.1172579623138844
2.551657992325937 0 0.1235176828048619
1.732615058296171 0 0.4785886735370773
1.721079497703786 0 0.4443949455439882
1.760279649578676 0 0.4509752146568753
1.448621383093646 0 0.1528325328252848
0.6965783278105082 0 0.3147951096953534
1.500755497989088 0 0.4610098375251708
1.521722432280902 0 0.428489144366677
1.483992387417134 0 0.4249871845840881
1.505427464275075 0 0.3923970210911376
1.467782043415277 0 0.3914579910392764
1.446063167916855 0 0.4230459418606818
2.086407899216706 0 0.4690957689048408
1.587047306631329 0 0.193627038064211
1.216153509966486 0 0.4241430327322602
1.207542165711045 0 0.3935258634430523
2.489025881228642 0 0.1003300604601324
2.475063233075074 0 0.135338001789153
2.430663289515638 0 0.1448292817987494
2.244724221190361 0 0.4178424513626422
2.273095320594464 0 0.3860703473774009
2.282546663165062 0 0.4176191968911933
0.405109362744937 0 0.1587635044311895
2.054078133619671 0 0.1600964797279076
0.4207533408229312 0 0.1960758052049096
1.061730477952728 0 0.3375272114092702
1.461075525378118 0 0.4581266347055806
1.40662423369716 0 0.4217280511114651
2.387207483701045 0 0.4148894072466182
2.686784979772411 0 0.2149535259787664
2.729936877411738 0 0.2228053989778594
0.9867726342437735 0 0.3188833199213288
0.9488134253382713 0 0.3095883378063435
2.315786038925987 0 0.3979806028572394
2.630871617599766 0 0.2708523215326534
2.064715864699056 0 0.3981486460169072
2.74183307003163 0 0.1610343863665722
2.168458254010544 0 0.3931467566483687
2.179462818219444 0 0.4303840086879917
1.960412096146806 0 0.4063602164476172
1.969552241489123 0 0.4431544331438997
2.44180206464094 0 0.3586318265632055
2.53789118247365 0 0.3147146780745509
1.817740695266402 0 0.4041716684146555
2.158852720096552 0 0.3542617731858924
2.054618577658106 0 0.3610101945662701
2.302099702086575 0 0.3576563478947254
0.8450875117032337 0 0.3174011249684056
0.8178547235055356 0 0.342215448396271
1.780228939421839 0 0.3914966088226128
1.703454842710249 0 0.3716953531448769
1.562343253288401 0 0.368883490250713
1.950268543968558 0 0.3683417266910852
0.9921463142012855 0 0.2170902247020762
2.433247676990286 0 0.3223715452978557
2.329588820008899 0 0.3293769810584394
1.379533977136376 0 0.3544519299623144
1.275916977780702 0 0.3635720537527108
1.665048255932932 0 0.3621233950598071
1.845919321481331 0 0.3756544242247477
2.233177447254911 0 0.2326417239282866
2.44164103148877 0 0.218656503569699
2.263314027568725 0 0.3472511353413457
2.205070699034934 0 0.2603058557717701
1.568630903354402 0 0.2649721033292024
2.358424246863508 0 0.1558148070454307
2.397247377408898 0 0.1715226634190813
1.891838416868833 0 0.2815787594353389
1.996238439141339 0 0.2744022994385401
1.711087308051361 0 0.2682830123299377
2.100636828757726 0 0.2673018122755604
1.787468705162333 0 0.2888334826757488
1.606737318468496 0 0.2754251645350957
2.375505894205216 0 0.2359981024044986
1.466356730633399 0 0.27352860019523
1.788467553197829 0 0.427485214294529
2.527797178342059 0 0.2774755165349382
0.7769488997710543 0 0.1941956598993995
0.8907453151618562 0 0.2246977535818499
2.271268389812431 0 0.242903536577065
1.986344979157888 0 0.2361410091498599
1.208237100561377 0 0.2395314770882906
1.88195800039946 0 0.2435713705574111
1.321758657336199 0 0.2707281024581532
1.311244338314733 0 0.2311863258118508
2.404105075463237 0 0.2087652320100238
1.777218380058072 0 0.2507820932851254
1.766698851421541 0 0.2135871060395735
2.090510785949128 0 0.2289600077310425
0.8703202448776426 0 0.145527943981613
0.8430449538164592 0 0.1759030784678308
2.767292818575196 0 0.2454854999996608
2.732799692730056 0 0.2635014242327247
2.573885723007614 0 0.1844494994993708
1.739023460266115 0 0.2406982445990755
2.767597487787152 0 0.09479588620562131
2.741808198192023 0 0.07567784077264048
2.739756126539287 0 0.03743150579636701
2.409547074465231 0 0.1121956358087571
2.014211307927519 0 0.2082880606806244
1.596747370262821 0 0.2360663509299805
1.873770477773367 0 0.1998801583174131
2.763223948361849 0 0.3210856123144967
0.6745333823865276 0 0.2025858988121316
1.030947622088891 0 0.2270442075979269
1.092841831756634 0 0.1993706992728573
2.261027919618627 0 0.2046614948538914
0.5945536186281012 0 0.28118573687307
0.8151198556661425 0 0.204051288961686
0.4433544482330739 0 0.3006246542917596
1.105623362459057 0 0.2475307612991292
1.091797954893629 0 0.1242341089068245
1.246147082788023 0 0.2495526664826658
0.5846094902198115 0 0.1084917433084187
0.5372534687601273 0 0.2006057139098719
1.772780749522163 0 0.4831182324886908
1.811328984656911 0 0.1608660235098033
2.733653046885912 0 0.1137545849085285
0.6375806267439446 0 0.1932963060122894
1.212269309734588 0 0.1348676222514902
2.479005456435194 0 0.3724784273048145
1.163861383574175 0 0.3324044363389302
1.274183809206846 0 0.2209628502486628
1.202233427569838 0 0.340361763088366
1.72904772356735 0 0.2024160262249987
2.513471795068659 0 0.1306952271373442
0.403056183206414 0 0.4163823551933941
0.5321994440544398 0 0.2964504645241123
1.727744942868765 0 0.1639191614103281
2.527539452812688 0 0.09280784654746578
2.002959807986288 0 0.4536014825708331
1.524422595305778 0 0.3592874949060556
0.6644469466674346 0 0.1659528240877915
2.620314356225865 0 0.3720533814936143
0.9008086628676458 0 0.1132061793365165
1.571431329029725 0 0.1574129355985128
0.4438850885166215 0 0.3999414409957017
1.651160867063279 0 0.4706058305509129
0.7785279157839473 0 0.08864514580792723
2.170899697412103 0 0.1497337651437637
0.6664423222375866 0 0.08852284581484868
0.654661645353961 0 0.126132277269266
1.342414989156831 0 0.4500836848371784
1.385708265018074 0 0.2519301604097033
1.530997448406453 0 0.155191900026285
2.549829703323769 0 0.3540025551017066
2.433981543138921 0 0.1833465640592233
1.383173974727042 0 0.4534328691780065
2.696688511784941 0 0.2525215898859772
0.4812203949357954 0 0.2223739789818319
2.503517622856073 0 0.4012425595904978
1.888617334834762 0 0.4832720969575204
0.920414349892049 0 0.4107907821028769
0.5686048551248772 0 0.3112128814662936
1.850660817935243 0 0.1612001377740744
1.170972471996529 0 0.130496009472572
2.160967401652627 0 0.4631210252922723
0.7302063244340321 0 0.2849775417619421
0.7661281576561173 0 0.3920988253171401
2.076236794222222 0 0.1924686169614495
1.969339190642697 0 0.1609988911250786
2.667971884182163 0 0.2809034018443728
0.771754840492897 0 0.2963469975672978
0.9998081369066318 0 0.3553992027757999
2.494107703296228 0 0.1651532987080335
1.712214370199164 0 0.4092414890445662
1.849464035066147 0 0.4842350857466296
0.8809813420087489 0 0.1867495805338536
2.198064787069551 0 0.4613714208683484
1.690718783089287 0 0.1942636660076486
1.968455953710778 0 0.4788078457008936
0.4166002190615415 0 0.2913555269570273
1.145443503455514 0 0.4403074318258423
2.737650407183589 0 0.3532121481111563
0.5239000093397477 0 0.3943405744129544
0.7799640708429736 0 0.3320005685832307
0.7408843927941221 0 0.08392888669616907
2.289640455157552 0 0.1307805005174013
1.681904535802902 0 0.4404445099626849
2.675690599272035 0 0.08428851521606756
1.347621729894866 0 0.2406086014447845
2.073022786830578 0 0.435257789849276
1.147668079323822 0 0.158885458209806
0.6643440030046923 0 0.3014079428963377
1.51410132071448 0 0.1858744256740604
0.4738517103478862 0 0.1200362540621778
2.31255380360358 0 0.4371439829393418
2.248699854676103 0 0.1718632906708332
1.179110088157824 0 0.411709459875239
2.631427487163094 0 0.1341387536555421
1.393149959780454 0 0.3883114035959379
2.772222867300347 0 0.1707001342617698
1.03692305428401 0 0.3641756505629257
2.430072042242041 0 0.4160457829768033
0.7200025179193023 0 0.1139390633983237
2.737460593271392 0 0.2956853455818776
2.570943611464815 0 0.1504476391895831
1.080668327508126 0 0.4061930914824101
1.014604028177395 0 0.1885605904357801
0.9751649603592075 0 0.1059271502025824
1.336762082156582 0 0.1996153262857148
2.337924780249308 0 0.1226121833350775
0.4189114609023978 0 0.4132428932267739
1.540065622195791 0 0.3973774937323381
0.5483283352562491 0 0.1053135865197125
0.7919286689830797 0 0.365709276400803
0.6155678690065317 0 0.1265843247065406
1.790544057556076 0 0.1904961630516395
0.4533529619775575 0 0.3340405993398159
0.6055040955786766 0 0.3127794978329068
2.70023468543606 0 0.03015579008615963
1.577316781750531 0 0.4787480841576141
1.910033401482604 0 0.4551559468740257
2.269578437220766 0 0.4507619790991548
1.930047032184965 0 0.1576398840064292
1.75166895598321 0 0.4160027649955397
1.050108574360242 0 0.3923071664453213
1.103819756944906 0 0.450515404665383
1.652686608548626 0 0.1490971537627241
1.104922233984786 0 0.1576738324508559
2.153176809981698 0 0.1797506111337272
0.4206092877668154 0 0.3193302665935834
0.9324786172772287 0 0.1379465257315845
1.457993544193474 0 0.1848295926171971
0.4328708958929858 0 0.1674987126299911
2.7716339873772 0 0.3512673750706196
2.104532412062207 0 0.4409349569507919
2.039658253059083 0 0.1898808656082122
2.212686976750548 0 0.4330982673758641
2.005293502388577 0 0.4847460950122701
0.429780271176308 0 0.3769131884786925
1.432545179885845 0 0.3916810364918471
1.330552093328779 0 0.1333481910761503
2.704307945370563 0 0.07468228399361294
2.772354629756065 0 0.0276508141432944
2.352340682778688 0 0.3954665132203952
1.553276346937142 0 0.431578656476503
2.51584164073673 0 0.3734194590544718
0.8303610905387876 0 0.3740811789328433
1.000772146774405 0 0.1536525872567586
0.4602334072475857 0 0.1477231661287839
2.743730905463467 0 0.1902838271648925
0.3968252775138237 0 0.1300977087826291
2.658918746562894 0 0.3753740951369751
1.620984166953843 0 0.4466918149530552
1.358449393548036 0 0.1771798032181869
0.8683916736169891 0 0.3816101641461618
2.588842371392688 0 0.3526410512953108
0.642737551098933 0 0.3197182913501919
0.5617945168540993 0 0.3501462009006108
2.394143075719349 0 0.1402482827643557
2.460792305706605 0 0.1644066100892139
1.753599974489411 0 0.1859007733606231
2.663922873888966 0 0.113301237547078
0.47081196747114 0 0.2011042679596794
1.463227107918168 0 0.2425303218310524
2.44579220910716 0 0.3887099901208146
1.909182590298195 0 0.1862901856567268
1.221669539853984 0 0.4562871922733878
1.791779591264667 0 0.4587512010747091
1.013964007906113 0 0.4348746180608949
1.45150697075526 0 0.3663130842591053
1.945071490645552 0 0.458689391010431
0.6879822482832572 0 0.1093539239890598
1.214124231653884 0 0.3674508166153375
1.294490286544537 0 0.1260739009755861
2 4 0 4
1855
1856
1857
1858
0.3800991462674667 0 0.3236822923595963
0.3692558400047203 0 0.2923400976435083
0.3902699880502385 0 0.3550652495182033
0.3963870187493893 0 0.3849715960585768
2 5 0 45
1859
1860
1861
1862
1863
1864
1865
1866
1867
1868
1869
1870
1871
1872
1873
1874
1875
1876
1877
1878
1879
1880
1881
1882
1883
1884
1885
1886
1887
1888
1889
1890
1891
1892
1893
1894
1895
1896
1897
1898
1899
1900
1901
1902
1903
0.3487661055748131 0 0.3620772449046316
0.1600895152312443 0 0.4434282832628243
0.2329665665914138 0 0.430447055671962
0.1001893041013522 0 0.3479315953490867
0.2664747482304148 0 0.3241151700605406
0.1837125942464528 0 0.3445533360194932
0.06421401335371137 0 0.4363264041752697
0.3074087927751817 0 0.4178469785812224
0.3759461164503754 0 0.4210298130730103
0.03840644161588168 0 0.3655696022609346
0.3495167123753238 0 0.3964843881545671
0.2717576203172256 0 0.4225942440164037
0.2458726367458831 0 0.3950641785870592
0.2083542369388729 0 0.403096202257859
0.2889721114780987 0 0.388131712846573
0.2189719687619287 0 0.3674050409389981
0.1396851864385862 0 0.3459370102810875
0.1199241173395264 0 0.3811923457806877
0.0812704721529663 0 0.3771637194897206
0.1577145983330244 0 0.3792400652320664
0.09703370983746064 0 0.4152698882766491
0.3852033088611575 0 0.4361933070606319
0.3005008131932035 0 0.3163179771151454
0.3930647284031052 0 0.4510263266544567
0.02982952928630132 0 0.4007691394269083
0.2592071307460861 0 0.3604553303111906
0.2939425357170783 0 0.3516022220681009
0.1383034541220586 0 0.4134131409923266
0.1966388747661058 0 0.4382407006830348
0.1236104627701407 0 0.4459163825554705
0.2263449194839422 0 0.3308584456611517
0.3343674386524929 0 0.3098486549623465
0.3526781114358162 0 0.4297516548503205
0.3219292653214316 0 0.3822219585121902
0.3257917581158902 0 0.3404737136402813
0.1751151064233036 0 0.4090860549563369
0.06746841460217123 0 0.3431845217494866
0.3689080455869439 0 0.4028086364764314
0.369600037479046 0 0.4352874782509217
0.09229078284858086 0 0.4483639577042703
0.1895899591485157 0 0.3770979373099107
0.02961507941370757 0 0.4308242305039729
0.06268713685321296 0 0.4058018275089346
0.334211685076307 0 0.4147741432340552
0.3499544547996244 0 0.3332427532518416
2 6 0 37
1904
1905
1906
1907
1908
1909
1910
1911
1912
1913
1914
1915
1916
1917
1918
1919
1920
1921
1922
1923
1924
1925
1926
1927
1928
1929
1930
1931
1932
1933
1934
1935
1936
1937
1938
1939
1940
0.2818528501325067 0 0.4893188640046133
0.2052756784642784 0 0.5001100580811823
0.03064723381507572 0 0.5433038244920569
0.1289744030533196 0 0.5103688664273508
0.353654392897352 0 0.5501504347654843
0.1686028160115663 0 0.5746072274340115
0.2734453362079965 0 0.5649999795354077
0.09384570892920853 0 0.5752087656122276
0.3448823223565252 0 0.4865722439815449
0.08172410987116865 0 0.5082664682114207
0.3889068188528466 0 0.5285658641814523
0.04701478493667198 0 0.4924556004912268
0.3108815932964029 0 0.5562190947028489
0.2839131962459379 0 0.5288857411401733
0.2516832440724499 0 0.540493509859244
0.3200691572349135 0 0.516896060918078
0.1673910801266957 0 0.5064940269153235
0.191745404683303 0 0.5370573237656706
0.1485985952235778 0 0.5401034152105166
0.2429432048950744 0 0.4906223224780433
0.2051074822224453 0 0.5731522743236848
0.1049661603342039 0 0.5393851869311025
0.06750140886391642 0 0.5411188435514349
0.1301696144154541 0 0.5742058212639123
0.05724033503960902 0 0.5741205214716403
0.3793861661244389 0 0.4935523994276872
0.3573797714932152 0 0.5151474006548494
0.2390533578410761 0 0.5727852744453287
0.3139681079802583 0 0.4790117468334351
0.02481325366082981 0 0.5744094057041979
0.02371885207929639 0 0.5098471003540992
0.2194301663174817 0 0.5473293797910495
0.3903680411620069 0 0.5574924835076762
0.04758502390264426 0 0.5214122528027541
0.2285203907937378 0 0.5198722086676874
0.02289109341798268 0 0.482859943548726
0.2602788438203161 0 0.5124172572637709
2 7 0 24
1941
1942
1943
1944
1945
1946
1947
1948
1949
1950
1951
1952
1953
1954
1955
1956
1957
1958
1959
1960
1961
1962
1963
1964
0.3908199389402464 0 0.6091880091457086
0.1319954506373639 0 0.6473903851027737
0.0601331530855865 0 0.6665331375768564
0.3224868227024119 0 0.6207352382119995
0.2083108869408197 0 0.6397374946733891
0.2729183841075951 0 0.6620655773652033
0.1650113598454189 0 0.6746981959215554
0.02884422584501846 0 0.6421267985330421
0.4355026876191443 0 0.6472931847417757
0.3487587259254132 0 0.6505897142500716
0.09036883973318395 0 0.6395764581843721
0.2466039497767887 0 0.6342617643170878
0.1024430584263145 0 0.6746054114359812
0.3107469602296575 0 0.6556672183709649
0.3921724591186447 0 0.644198759717371
0.2846883027509077 0 0.6273646883577468
0.235426261350946 0 0.6684428411872079
0.1702515832618741 0 0.641670248559585
0.3564476585389142 0 0.6133099914517702
0.4244344896101435 0 0.6104574193692411
0.1982698555018232 0 0.6727806259690419
0.05780296226856788 0 0.6314609862362222
0.0264653861508799 0 0.6712827267886217
0.1331418412475509 0 0.6828597699883225
2 8 0 14
1965
1966
1967
1968
1969
1970
1971
1972
1973
1974
1975
1976
1977
1978
0.4701325516267341 0 0.7267356164821811
0.4372835100592811 0 0.7158013070025661
0.3966581040028146 0 0.714996742409463
0.3570949389322445 0 0.7135723573092607
0.4689431145249681 0 0.7008189707451916
0.3193523085631233 0 0.7149989359265931
0.1307526163837397 0 0.723961188703699
0.2827372117191406 0 0.7178881942876382
0.09321834480566213 0 0.7221611252578771
0.1691298032787316 0 0.7242305782618071
0.05658490144307791 0 0.7197802279950388
0.0195645482387436 0 0.715112478793353
0.2477355035694479 0 0.7207664669592443
0.2060448830033297 0 0.7228632546181037
2 9 0 3
1979
1980
1981
0.5310107381677941 0 0.7413950023840346
0.5120784888721646 0 0.7133744064622303
0.5079974670749022 0 0.6969615008309148
2 10 0 6
1982
1983
1984
1985
1986
1987
0.4204661919513477 0 0.4450846921314459
0.4477050779021152 0 0.5122571389840589
0.4411788063739435 0 0.4795425890108934
0.4739357900920101 0 0.5601417240890639
0.40597806804634 0 0.4372930927983865
0.4691109246997645 0 0.5430750012181099
2 11 0 206
1988
1989
1990
1991
1992
1993
1994
1995
1996
1997
1998
1999
2000
2001
2002
2003
2004
2005
2006
2007
2008
2009
2010
2011
2012
2013
2014
2015
2016
2017
2018
2019
2020
2021
2022
2023
2024
2025
2026
2027
2028
2029
2030
2031
2032
2033
2034
2035
2036
2037
2038
2039
2040
2041
2042
2043
2044
2045
2046
2047
2048
2049
2050
2051
2052
2053
2054
2055
2056
2057
2058
2059
2060
2061
2062
2063
2064
2065
2066
2067
2068
2069
2070
2071
2072
2073
2074
2075
2076
2077
2078
2079
2080
2081
2082
2083
2084
2085
2086
2087
2088
2089
2090
2091
2092
2093
2094
2095
2096
2097
2098
2099
2100
2101
2102
2103
2104
2105
2106
2107
2108
2109
2110
2111
2112
2113
2114
2115
2116
2117
2118
2119
2120
2121
2122
2123
2124
2125
2126
2127
2128
2129
2130
2131
2132
2133
2134
2135
2136
2137
2138
2139
2140
2141
2142
2143
2144
2145
2146
2147
2148
2149
2150
2151
2152
2153
2154
2155
2156
2157
2158
2159
2160
2161
2162
2163
2164
2165
2166
2167
2168
2169
2170
2171
2172
2173
2174
2175
2176
2177
2178
2179
2180
2181
2182
2183
2184
2185
2186
2187
2188
2189
2190
2191
2192
2193
1.029211528397685 0 0.4940929315399981
0.5371851939097558 0 0.4528387521939009
0.685745572281213 0 0.4449337677388632
0.9460390332637574 0 0.5752313966357917
0.7515574434944157 0 0.5452595479917084
0.8346682794200264 0 0.5619364753013467
1.09662278842354 0 0.5967243067964889
1.257663526945834 0 0.5107589839708109
1.177610489479602 0 0.5963623493128077
1.330954741902828 0 0.6022301835013628
1.415676258356489 0 0.5155425177480786
1.493948813141558 0 0.530931251622883
0.6073562715901969 0 0.4414896940451158
1.571173190368479 0 0.5377697506112711
0.9132336115985905 0 0.4802286459732045
2.740088039915948 0 0.4835393325431419
1.65176184093087 0 0.5441570042029045
0.7966687128094251 0 0.4609153532611655
1.725448392013005 0 0.6094319976326791
0.6311130668163896 0 0.5364865988224401
1.80572690370987 0 0.6101131879263586
2.656033344867573 0 0.5009173763672726
1.020719561266348 0 0.584434357805543
1.969645303565744 0 0.5440575884688463
2.07696903805164 0 0.5973068365188007
1.889988576694793 0 0.5472114082202775
2.576619140747773 0 0.5173586970819765
1.142454726128468 0 0.5089702170364656
2.327457622903993 0 0.4997649127328168
2.404456414988893 0 0.480330932827438
1.451710653184002 0 0.6036718229814864
2.473836778568022 0 0.4747846586318551
2.168212059658804 0 0.5291646784755635
0.5470934414692884 0 0.5404583816345142
2.245850356258021 0 0.5180512904826449
1.255759661746656 0 0.6029317927760429
1.337674425787343 0 0.5179959015170725
1.530737765392602 0 0.6061990445888175
1.608282030142826 0 0.6086684022231259
1.768874687784242 0 0.5472984932087495
2.747183016493726 0 0.4108702192344465
0.9934836124735652 0 0.4939866751059542
2.674462309685754 0 0.4292116639495075
1.925646299969699 0 0.6104588783114382
2.594516847315744 0 0.4474133087883186
2.005110703734821 0 0.6066815917778222
2.306332118533989 0 0.5683832435015164
2.04935279854315 0 0.5391712470987127
2.385275468173257 0 0.5457004917387153
1.010194842148526 0 0.5250469405580827
1.049395620270665 0 0.5249596260500718
2.463373657018321 0 0.5349572663057
2.154942556550377 0 0.5889313524282606
2.232339338872771 0 0.5775118937096109
0.5008943506858539 0 0.4616885816521924
0.524000771776993 0 0.4893420283636096
0.5555567021428912 0 0.4803684227901415
0.9713716949750109 0 0.5201189929016841
1.369970215916374 0 0.6009705413637
0.8739168802564417 0 0.4751796595523795
0.8900232492535693 0 0.511544722716283
0.8512304145999823 0 0.5054189850095714
1.345168284531206 0 0.5695907275474157
1.307216599033949 0 0.5727713020453598
1.378229369629326 0 0.5634204443633708
0.9287478083286763 0 0.5158586020867283
0.906931905653483 0 0.5479962458712795
1.106651986217563 0 0.5115131794541009
1.129142773809614 0 0.5423209790118129
1.166432330068514 0 0.5368413076498183
1.087000141184983 0 0.5457822549226365
0.5897633217091334 0 0.5388426941642142
0.6096008117260983 0 0.5056158135589693
0.6512072156046484 0 0.5060879483767875
2.128801685384566 0 0.5336003880671571
0.4880515346399495 0 0.4998091971955676
0.7963003988529458 0 0.5455116919383501
0.7740233987793326 0 0.5132572351239265
0.7349049717400935 0 0.5094271788614873
0.7606011441831427 0 0.48082824216538
0.7185649271705182 0 0.4739080551721959
0.6957743610114354 0 0.5057215607897538
2.517125479578292 0 0.4659225644226921
2.505906183781598 0 0.5021791129990003
0.95459271781482 0 0.4856161014596487
1.137067657112261 0 0.5973131764629019
2.28727680176423 0 0.5094713596925387
1.611188232060258 0 0.5413045742672589
1.409926222872846 0 0.5948052331777354
1.440504222796209 0 0.5698387303864774
1.473556630388766 0 0.5668819700394229
1.690792102392367 0 0.545383247944488
1.669581352793018 0 0.5781199358381386
1.85032245812813 0 0.547839205864425
1.868004832651027 0 0.5784811915791391
2.009593781811176 0 0.5411865114105529
2.034407034035991 0 0.5754495528427576
2.769987889631864 0 0.4643074999998562
2.697639398643511 0 0.4920911023848731
2.707925912174138 0 0.4555507397522019
0.9859137863862169 0 0.5553190828084897
1.589530448219345 0 0.5736906325562451
0.5143575118248519 0 0.5220368202071303
1.809250385262995 0 0.5468217275349128
2.088499067005135 0 0.5360385266835999
2.112891882794054 0 0.5720955722013116
0.6713754126221332 0 0.538951850422104
1.217620069771375 0 0.5979964191877678
1.242810687036926 0 0.5703315060722438
1.198455795166478 0 0.5609685201857676
1.19819081301911 0 0.5194885431241058
2.424821488357994 0 0.5406109079077941
2.43933555406889 0 0.5014770949619403
1.297901744837481 0 0.5140592557567683
2.635545665809851 0 0.4386087203226018
2.62488892809843 0 0.4747865602689569
1.550458096915262 0 0.5703054207751683
1.92964396875868 0 0.5453669938702128
1.76502079263816 0 0.6092880545931117
0.8350214263970057 0 0.4700639035065629
2.27039303737473 0 0.5498970194690038
2.346593606945063 0 0.556372140676678
2.547021205642778 0 0.4918069798633562
1.728975871370735 0 0.5460363984659381
1.450011214914006 0 0.531339992893081
2.206885662455861 0 0.5230115785187879
2.191939347308229 0 0.5604088564208911
0.8118698202354652 0 0.5035879159699838
1.948065126827913 0 0.576249899462307
2.556611603396661 0 0.4561770217895108
0.7116943318843487 0 0.5418620871842735
0.6469216028468627 0 0.443098210047785
1.532844995036352 0 0.5334236942375074
1.378690504729938 0 0.5224081303956141
1.275470172942008 0 0.5458124608670777
2.36755658506532 0 0.489765564157102
1.846157928068556 0 0.6109786336754489
1.648471072965212 0 0.610173581138308
0.8631153288482036 0 0.5379243656521897
1.569411744154618 0 0.6068646195511346
1.629802496185255 0 0.5760190217043301
1.491073469130119 0 0.6030455633955922
1.292801421254534 0 0.6052629513906029
1.512103295000776 0 0.5684644907765652
1.687378658317006 0 0.6106159979191201
1.059956384792762 0 0.5942223554128916
1.707058135376682 0 0.5784372859444018
2.710211791853721 0 0.4196554255005793
1.052799422101868 0 0.5622909716058732
0.5140270831735732 0 0.5516647600872081
0.5711436990447485 0 0.4452343522528572
2.667967240751512 0 0.4652633070353841
1.787342287971022 0 0.5784439005638877
1.747120027858974 0 0.5781560217347945
1.231562029208648 0 0.534547598336269
1.828668087538686 0 0.5783676910229643
0.5698676184708829 0 0.5105632626827697
0.6734120506762682 0 0.4774014018317019
2.773652505601484 0 0.4302512920669119
2.614886863811584 0 0.5080158537642024
1.884014140861343 0 0.6133129272584987
1.907560490960575 0 0.5785135497836454
1.965910712948102 0 0.6070691509259869
1.989854765166707 0 0.5729726209310044
0.6304467593498608 0 0.4742019690127322
2.585757431502162 0 0.4825930702593869
1.057476342587902 0 0.4948207075141616
2.039884494646287 0 0.6095278164955759
2.742976796158493 0 0.4467662383992158
2.072423964085994 0 0.5640123470690365
2.399217716210974 0 0.5157291614157559
2.320913547882934 0 0.5330019992558768
2.358814233329292 0 0.5236003615388476
0.7216392069807709 0 0.440225361851053
0.472491118818007 0 0.467538052265828
0.9471489993375322 0 0.5412056037723728
0.9856887121530847 0 0.5894127444403183
2.503128698775964 0 0.5346006098572361
2.537716664451432 0 0.5250270818094667
2.436834253086749 0 0.4695057127909446
2.19422075926933 0 0.5927793611385448
2.151357506339206 0 0.5568401695186366
2.117414557008538 0 0.6028856503178442
0.7549065287135438 0 0.4494578588876019
2.229481548453922 0 0.5457761277201877
1.274811708402815 0 0.5794220026302654
0.5906619770541131 0 0.4762455857237642
2.271202665799264 0 0.5811429272732442
1.225041980214648 0 0.5040983832405881
1.114868142252554 0 0.5715519982170655
0.8730390519146193 0 0.5696529828935142
2.475784392970008 0 0.5066803720722113
0.9064877679082918 0 0.5787574332129448
1.317553498692597 0 0.5410477479913164
1.17306148420345 0 0.5030617687044234
1.156071448043963 0 0.5696834659689398
2.774143994589226 0 0.4917639150520819
0.8314368483913246 0 0.5308758867742884
1.07698610496303 0 0.5128061417393804
2.776318844059486 0 0.4021881966364122
0.7857907690018413 0 0.489647186630114
0.5411426930882577 0 0.5113156383129255
1.081461315118585 0 0.5736713243931251
1.022784365041735 0 0.5508025808456189
1.355070205423299 0 0.5408202285189148
1.412172965549802 0 0.5495591748273929
2 12 0 116
2194
2195
2196
2197
2198
2199
2200
2201
2202
2203
2204
2205
2206
2207
2208
2209
2210
2211
2212
2213
2214
2215
2216
2217
2218
2219
2220
2221
2222
2223
2224
2225
2226
2227
2228
2229
2230
2231
2232
2233
2234
2235
2236
2237
2238
2239
2240
2241
2242
2243
2244
2245
2246
2247
2248
2249
2250
2251
2252
2253
2254
2255
2256
2257
2258
2259
2260
2261
2262
2263
2264
2265
2266
2267
2268
2269
2270
2271
2272
2273
2274
2275
2276
2277
2278
2279
2280
2281
2282
2283
2284
2285
2286
2287
2288
2289
2290
2291
2292
2293
2294
2295
2296
2297
2298
2299
2300
2301
2302
2303
2304
2305
2306
2307
2308
2309
0.8063735838856438 0 0.6891984922632424
0.9194428974279099 0 0.7005319984282999
0.6200588579575169 0 0.6677042797489747
0.7371559800553215 0 0.6754628491040614
0.555016400605009 0 0.6053489758352124
0.8562724601577669 0 0.6272291173212994
0.9939952058016704 0 0.7019951990582008
0.6653891128515853 0 0.6038842041242029
1.072097555563283 0 0.7123977485007822
2.76921568364684 0 0.569609999999913
0.7804635556899037 0 0.6163370585276859
2.708647605470745 0 0.5620512800995682
2.658668149447275 0 0.6077142789351397
2.593230839520379 0 0.5799468089358402
2.54024679903715 0 0.622822132892864
0.4976663172507507 0 0.6078459661626642
0.9399592675635301 0 0.6406746995985323
2.435504844086627 0 0.6048263196886029
1.048753252945562 0 0.6590387947469556
2.124527739089157 0 0.659946142508729
2.38298240971309 0 0.646330582319903
2.202599386043346 0 0.6497532399415369
2.320629113313173 0 0.626959981842838
2.264232128341189 0 0.6705252221389124
2.06998807708531 0 0.6948747844477008
0.525140478392212 0 0.6489887771727962
1.088666521174969 0 0.65899225946111
2.005910630184433 0 0.6698246129961692
0.6994992385828089 0 0.6699494955709523
0.7228753834770991 0 0.6403896377209433
0.8438761949000704 0 0.6923026908854757
0.8296026576365648 0 0.658183312099575
1.954559036477379 0 0.6857475842280191
2.737822707319202 0 0.5938528016944089
1.038255707271025 0 0.6991950443856586
1.008047367812262 0 0.6675696332936636
0.9701743416328286 0 0.669928438640769
0.6593665377357969 0 0.6681637373272201
0.8824008181747185 0 0.6965420836580036
2.618947398188628 0 0.612152391284874
0.6426927805879992 0 0.6354663961502012
0.6037012402559597 0 0.635838629851126
2.632188536525736 0 0.5748009469040685
2.163811914304987 0 0.6551128708191882
0.9077297919413427 0 0.6674341455428272
0.7942172603040949 0 0.6521512809882781
2.499758022588896 0 0.6281416417886593
1.88152294575725 0 0.6770012413810063
2.579034264584399 0 0.6174167002057657
1.84331901221457 0 0.6771788628378207
0.5823717806848134 0 0.6699925173347114
2.553419812000979 0 0.5859303901434998
0.5452601611392709 0 0.6741950790082945
2.697015825860305 0 0.6018215906351496
2.47484911610687 0 0.5983144592128677
1.803350104029183 0 0.6762850375502804
0.704774122888904 0 0.6078467440874669
2.514259537966667 0 0.5915631086730492
0.559617514583328 0 0.6398146976866442
2.421334137788769 0 0.6403010316359105
2.281464066356654 0 0.6356762802047438
2.04378758762371 0 0.6666235157897885
2.39722811643112 0 0.6105538588026858
1.387925533346879 0 0.6695813696254931
2.460190001021254 0 0.6340699119448379
2.670483940895243 0 0.5680113858519821
2.148570649398504 0 0.689042592687922
0.5892532434999325 0 0.6023983722917685
0.7433353256346138 0 0.6111497271634195
0.9549615445828256 0 0.7026559342584756
0.8186403527965102 0 0.6215228856111243
0.6824328626873655 0 0.637616702496831
1.762890649826693 0 0.674247593497044
0.897223948646761 0 0.6324344851632326
2.186740468570727 0 0.6838769382476719
1.920941457311742 0 0.6728976145502271
0.6273702388833959 0 0.6020530247916268
2.359469508195526 0 0.6179482265134971
2.1100414152299 0 0.692773221075908
0.8695176452428708 0 0.6623543057784023
2.224804521985696 0 0.6778086292769248
1.12123646766708 0 0.6578105031707484
2.742231404096797 0 0.5497542305243935
2.343318913026425 0 0.6544471972874856
0.9386912645172263 0 0.674075511278077
2.240024314865903 0 0.6424300472452553
1.098353061257316 0 0.691611023030019
0.7723892858190111 0 0.684356861315067
2.303848319716742 0 0.6629362808373339
1.723475524448013 0 0.6724205584443802
0.5269130401580512 0 0.6143262198171872
0.7584061318300073 0 0.6466412358032424
2.087359848580613 0 0.6617827783647197
1.646958962844149 0 0.6699287962150396
1.602077725772103 0 0.6697435770945892
1.683642403390107 0 0.6715542112764017
1.444386250444044 0 0.6660822761722129
2.031013116857391 0 0.6973710018956083
1.065910102792176 0 0.6852532414766942
0.5072451445481267 0 0.5911429432415422
2.772274909692634 0 0.5998579317233617
1.482705321095216 0 0.6675700689338588
1.365701048458835 0 0.6562053325496104
1.522077871444687 0 0.6681554906091478
0.9809286340389212 0 0.6398169994329543
1.56087641297322 0 0.6688708041225068
1.992658308249057 0 0.6956579756751864
2.77440846307126 0 0.540698885093807
0.4904238574195889 0 0.5883099494805697
1.093603682382571 0 0.7275300849171658
1.01727652433794 0 0.6407848491357715
1.414435469023398 0 0.6613744786200217
1.97576099054408 0 0.6659028956953172
0.5041215581708295 0 0.6299479675509616
1.170534115015226 0 0.64667951192886
1.206582828146121 0 0.649089516422331
2 13 0 6
2310
2311
2312
2313
2314
2315
0.5447598407538183 0 0.7195964933288125
0.5860103028622643 0 0.7245423185640351
0.6589779532643075 0 0.7225840553771217
0.6249840589377209 0 0.7253493503097197
0.6937709763973916 0 0.7238488496795299
0.5620534242984325 0 0.72446007478171
2 14 0 63
2316
2317
2318
2319
2320
2321
2322
2323
2324
2325
2326
2327
2328
2329
2330
2331
2332
2333
2334
2335
2336
2337
2338
2339
2340
2341
2342
2343
2344
2345
2346
2347
2348
2349
2350
2351
2352
2353
2354
2355
2356
2357
2358
2359
2360
2361
2362
2363
2364
2365
2366
2367
2368
2369
2370
2371
2372
2373
2374
2375
2376
2377
2378
0.5596721863038617 0 0.7760062338651978
0.5012642901572992 0 0.7766386039527418
0.3167639230758327 0 0.7789113978017892
0.03014057080301938 0 0.7853250000000584
0.7220881929666301 0 0.8281461537188486
0.7835005368006773 0 0.780950345311515
0.5987197431064706 0 0.8275060743730331
0.1664912078392444 0 0.7733205805354997
0.4291537413971886 0 0.7824349920776715
0.8702505886903102 0 0.8186866635393896
0.09023648647762923 0 0.7687551193596822
0.3687314005368006 0 0.8160125103658659
0.2416080550644505 0 0.7761479159235606
0.9382079829236726 0 0.782032065470784
0.6721876038208807 0 0.7840219959716042
0.5200886900954883 0 0.826634898051978
0.9891897245271137 0 0.8167945827370764
0.2959222037276553 0 0.8176901598997943
1.033474690633869 0 0.7860057808374644
0.138373960842805 0 0.8093188953847298
0.2152286976124042 0 0.8109325371705852
0.4677863634933868 0 0.7787352148744119
0.4876229272330321 0 0.8054238752902123
0.4079788978648738 0 0.8173086039310018
0.4524307189499359 0 0.8184062559199879
0.3912639706004131 0 0.7799579118443193
0.7928442937016185 0 0.822659434682999
0.5599902074394263 0 0.8293860027378368
0.9135642040087317 0 0.8162484906533374
0.6410170544830079 0 0.8180239776861878
0.6140410950390802 0 0.7927989334446939
0.2791995988779054 0 0.778515656147956
0.2560127728945937 0 0.8126223542350399
0.8243226548384863 0 0.7830650150648599
0.7570701697141249 0 0.807485555898678
0.6816127107971799 0 0.8226298164684429
0.1276416117429131 0 0.7727791562995492
0.1767915786742254 0 0.8099731942355339
0.7145566840758006 0 0.7880122853563915
0.2041682121055852 0 0.7745621040950924
0.1013827922728457 0 0.8065509611551808
0.06225223276106615 0 0.8047032985614796
0.8625670957074614 0 0.7824589191991989
0.833540393749221 0 0.8212996347891018
0.588384455006993 0 0.7755939824328861
0.530766207401949 0 0.7752249598197343
0.3322247093785484 0 0.8164595978675282
0.3542802039841789 0 0.7809887690712627
0.8988307451636339 0 0.7828458569412137
0.5441395476031102 0 0.8015550548987063
0.9535444799588799 0 0.8149970520247478
0.05494198615556505 0 0.7636681661271538
0.9752503344482332 0 0.7844913685423226
1.02333575752766 0 0.8177963220818503
0.5774912057498236 0 0.8004743802920591
0.7505531614796568 0 0.7747042051420695
0.5167763324981758 0 0.7970954784026747
0.4850752792349821 0 0.8344577363857559
0.02454342425880142 0 0.7565196267525307
0.02605167974188031 0 0.8130461662688296
0.6409051268147603 0 0.7792197279496569
0.7549106356666707 0 0.8363845625142919
1.004511021282381 0 0.790897698614447
2 15 0 53
2379
2380
2381
2382
2383
2384
2385
2386
2387
2388
2389
2390
2391
2392
2393
2394
2395
2396
2397
2398
2399
2400
2401
2402
2403
2404
2405
2406
2407
2408
2409
2410
2411
2412
2413
2414
2415
2416
2417
2418
2419
2420
2421
2422
2423
2424
2425
2426
2427
2428
2429
2430
2431
0.9122821248817524 0 0.8827424863471015
0.7892666023571333 0 0.8881850738536406
0.7203687041571737 0 0.8924650624000816
0.599501115041688 0 0.8918353473311469
0.5324281984404826 0 0.9180560266150843
0.4784306753766492 0 0.8844183059417362
0.3369528290472038 0 0.8797617110682143
0.2504820452305872 0 0.8795446904322965
0.9526527618042561 0 0.907585101141211
0.168364027314624 0 0.8714670325567555
0.4148279427300361 0 0.9059581763600996
0.6435210446144705 0 0.9174515592265595
0.06033572571977135 0 0.869630594778847
0.8745428433443981 0 0.9114294932588
0.09944069688807795 0 0.8892948399101015
0.7577940421155138 0 0.9165846494013129
0.3707082747768026 0 0.9023983966019162
0.2923397898768886 0 0.8939407077237433
0.9805364988903721 0 0.8800489436294956
0.6859418469330755 0 0.916123771057238
0.8338989167464598 0 0.8896408269147517
0.5595097859434452 0 0.888725580295989
0.1417959303822054 0 0.8969940792586991
0.2062219111157061 0 0.875590531568597
0.4537192875592596 0 0.911964152844982
0.993071615377316 0 0.9109043690235279
0.9486520231926434 0 0.8732698624042335
0.9143228875748686 0 0.9174712005512021
0.7556137113884094 0 0.8825987730223889
0.8025642819152579 0 0.9194627914533797
0.8728130890786722 0 0.8777389853363081
0.6619842457592484 0 0.893096393819352
0.7211843950091354 0 0.9255270259628479
0.8374372245842624 0 0.9232981013633292
0.5720829849643613 0 0.9202785579274686
0.5174342212458073 0 0.8884169690553657
0.4926034915853621 0 0.9155506799192967
0.6321573558737068 0 0.8879761547974818
0.6111252902353983 0 0.9211326202450234
0.4417352806235793 0 0.8798141046533353
0.02441148101090515 0 0.8632673680636818
0.4010649558064437 0 0.8774635056812052
0.2549268566045447 0 0.909036672298839
0.2172759466506939 0 0.9059877032653318
0.02832838812842784 0 0.8918098404422721
0.3670422192065435 0 0.8719011936426914
0.3318098496704428 0 0.9116369130759197
0.1293915162591162 0 0.8675263273567748
0.09533297622969797 0 0.8610170537653606
0.1807456207884902 0 0.9006553987149909
1.008130641476633 0 0.8851041853343018
0.05985643873162064 0 0.8995136463573142
0.6873910535677402 0 0.8850526233517659
2 16 0 30
2432
2433
2434
2435
2436
2437
2438
2439
2440
2441
2442
2443
2444
2445
2446
2447
2448
2449
2450
2451
2452
2453
2454
2455
2456
2457
2458
2459
2460
2461
0.02960268980849247 0 0.958662222893259
0.1826780281231548 0 0.9552355312144464
0.9195427391614476 0 0.986344854269804
0.2105439568075766 0 0.9793849307500878
0.09233302748787868 0 0.9633793234391412
0.372112667315855 0 0.9739990798792952
0.2925282166229653 0 0.9699197284775839
0.4848180066756992 0 0.9833994687836343
0.4106132492280056 0 0.9760258500195399
0.843191175957964 0 0.9837482072657139
0.1433946911710952 0 0.966727421633945
0.8020310300429689 0 0.9849834018169429
0.3333806877214464 0 0.9730296997074779
0.9603444831679488 0 0.979381600150824
0.7603808863990063 0 0.9850450404986933
0.5254754749328201 0 0.9824668538148753
0.604179904745185 0 0.9828211181292663
0.6438637239882251 0 0.9819772995981321
0.05962122497541189 0 0.9492555234721488
0.2497162695371437 0 0.9674780710879456
0.8828697104165615 0 0.9825392471104244
0.4469813368501316 0 0.9732325035755891
0.5663512263899962 0 0.9828404831228129
0.6839086927410696 0 0.9823675312351083
0.7245738036935597 0 0.9849230854184273
0.01954789073444124 0 0.9860550000000703
0.05331502098595096 0 0.9761553849491686
0.460452091956813 0 0.9981713188955429
0.2139598431528657 0 0.9509600112417892
0.1786535023428351 0 0.9849212033837005
2 17 0 25
2462
2463
2464
2465
2466
2467
2468
2469
2470
2471
2472
2473
2474
2475
2476
2477
2478
2479
2480
2481
2482
2483
2484
2485
2486
0.937123820948073 0 1.054070279413074
0.7238762302782991 0 1.053438536240359
0.7692198117883328 0 1.055538854819186
0.8051258190521446 0 1.056048745484822
0.8714927546144777 0 1.058925986380098
0.6797074764756137 0 1.051929187053572
0.6416854841636599 0 1.05085354405926
0.5622458574022366 0 1.049511414851749
0.09827579900047385 0 1.03063519674198
0.05980833423541287 0 1.028625423298639
0.6030063185043444 0 1.050574830830421
0.4493562362531723 0 1.047433507423115
0.1367077794152007 0 1.033556232423614
0.410208563389031 0 1.045043617357551
0.3718198420910453 0 1.04273185541257
0.3321758088379986 0 1.04111343558836
0.5259470720460491 0 1.049444056242653
0.1758142187709362 0 1.035543189783045
0.02732258108587595 0 1.02786300294653
0.9074046602043604 0 1.063650759852215
0.2925365942726386 0 1.03929679868604
0.215033566649701 0 1.03699179419474
0.2543101456589653 0 1.03780050839528
0.4887337919304114 0 1.048590969671832
0.8411219223206142 0 1.052648298218263
2 18 0 5
2487
2488
2489
2490
2491
1.071006150251797 0 0.8031514830208224
1.061035507725552 0 0.8330578848397276
1.082923133095002 0 0.7731392085649229
1.088176424595812 0 0.7562662754381144
1.093579241191601 0 0.753192762342757
2 19 0 14
2492
2493
2494
2495
2496
2497
2498
2499
2500
2501
2502
2503
2504
2505
1.290087111490377 0 0.7358655039148942
1.220855553218263 0 0.7295411946829975
1.150203401714539 0 0.7119435103496474
1.240547992081169 0 0.698022095747969
1.325679156214215 0 0.7373873342267246
1.30873642694832 0 0.7052850608952134
1.204889061553883 0 0.6938690462363075
1.180244288673213 0 0.7279320630201138
1.255629215335047 0 0.7333052382326409
1.170352025109615 0 0.6889512755955939
1.276171873603147 0 0.6994605627340524
1.144011093572436 0 0.7381965855104851
1.122696779036425 0 0.7434072518264664
1.323947159626851 0 0.6818208683566217
2 20 0 15
2506
2507
2508
2509
2510
2511
2512
2513
2514
2515
2516
2517
2518
2519
2520
1.144574028976215 0 0.791025625705412
1.217674477320564 0 0.7940246201460635
1.321183729373932 0 0.7977792115071373
1.269491686699432 0 0.8105272762872052
1.181004804283417 0 0.7923853847173578
1.124753235245147 0 0.8173850173417235
1.35324538873122 0 0.8078054974668091
1.112697171758405 0 0.7898235972961254
1.293983220566758 0 0.7917947927602201
1.245930556967036 0 0.7908698982344944
1.1608252698914 0 0.8181575891215624
1.233671330543144 0 0.8172159938897572
1.197010909977578 0 0.8183007070529738
1.299537218718989 0 0.8176256258746395
1.098224926221572 0 0.8131768414802097
2 21 0 22
2521
2522
2523
2524
2525
2526
2527
2528
2529
2530
2531
2532
2533
2534
2535
2536
2537
2538
2539
2540
2541
2542
1.119250205644639 0 0.8752147905741166
1.188622454930473 0 0.930085739148424
1.075376103304388 0 0.9049246688260101
1.192661650782804 0 0.8740595344087999
1.107388613983485 0 0.9294653057011562
1.151095481406659 0 0.9316426347730473
1.371925282769614 0 0.8780090019885269
1.155485733406412 0 0.8744332358461735
1.068163287227822 0 0.9368841559405594
1.258737050882557 0 0.875220517193642
1.08594180129214 0 0.8764524054422569
1.337553683266698 0 0.8771740140966086
1.297341554808779 0 0.8759608090659221
1.225355883763011 0 0.8745883271227408
1.218057354289242 0 0.9293129187529521
1.205895557540185 0 0.9018367717339927
1.170578272284094 0 0.9032552225384141
1.134438659786508 0 0.9023336893016701
1.245303590011912 0 0.9270387883118515
1.266156179763074 0 0.9366875429505219
1.104479076802232 0 0.8976781719690421
1.384123341871059 0 0.8546546495309751
2 22 0 52
2543
2544
2545
2546
2547
2548
2549
2550
2551
2552
2553
2554
2555
2556
2557
2558
2559
2560
2561
2562
2563
2564
2565
2566
2567
2568
2569
2570
2571
2572
2573
2574
2575
2576
2577
2578
2579
2580
2581
2582
2583
2584
2585
2586
2587
2588
2589
2590
2591
2592
2593
2594
1.527542123125448 0 1.033464428761436
1.23020967876611 0 0.9899370321284421
1.280312271568132 0 1.005716926292439
1.072293263584702 0 1.005384681856605
1.155378499776477 0 0.9992022718189117
2.239949468119215 0 1.048275560372297
2.396508659457276 0 1.036599705106837
1.193178049584295 0 1.000462320465717
2.279209283027466 0 1.046544239627095
2.318874584024189 0 1.043915300103676
1.116250968641814 0 1.002233535461343
2.357418843749836 0 1.041425104387216
2.161979614712709 0 1.054794334064206
2.201151021193811 0 1.052728600258976
1.569009980275079 0 1.03884551276687
1.726325851667777 0 1.049362978787943
2.122736100053215 0 1.056080483424594
1.765288393621932 0 1.053664280377372
1.805894351101744 0 1.057119131323035
1.923848914895425 0 1.061555503143778
1.963853114679542 0 1.061802435762079
1.884371511506997 0 1.060774311251484
1.443705401337813 0 1.032856363165706
1.844411017250458 0 1.059310820240892
2.083066643535693 0 1.058900823244032
2.435560214703139 0 1.031759030126481
2.477099659512524 0 1.026543524184937
1.609391123076274 0 1.041918497316118
2.04424031685742 0 1.060396988817507
2.004135877757466 0 1.061279455070422
1.033675870981739 0 1.022447086892427
1.68712317599307 0 1.047176496214041
1.647339481168471 0 1.045102897169055
2.74151603030659 0 0.9818930854740482
2.513181642495963 0 1.019728146351814
2.581656112831256 0 1.009663215696506
2.705372014675923 0 0.9857524805839087
2.615682531552755 0 1.008245881345587
2.670614356278463 0 0.9901555943658635
1.339175835817982 0 0.9762725653087464
1.314343697141717 0 1.009962155225516
1.304712822557898 0 0.982987642446253
2.547438393739891 0 1.015045043052077
1.038877049785376 0 0.9921576899199404
1.348848034645021 0 1.012890636582862
2.772567584835405 0 0.9840991844989945
1.258975890439483 0 0.9811996950300913
1.371232285169217 0 0.9805093343848867
1.41809944566562 0 0.9729160210189637
1.251817965275925 0 1.008411770245966
1.508057020970939 0 1.049007630752555
2.638219312617456 0 0.9927984619642631
2 23 0 61
2595
2596
2597
2598
2599
2600
2601
2602
2603
2604
2605
2606
2607
2608
2609
2610
2611
2612
2613
2614
2615
2616
2617
2618
2619
2620
2621
2622
2623
2624
2625
2626
2627
2628
2629
2630
2631
2632
2633
2634
2635
2636
2637
2638
2639
2640
2641
2642
2643
2644
2645
2646
2647
2648
2649
2650
2651
2652
2653
2654
2655
2.442829846742582 0 0.9405275057518645
2.748448403206888 0 0.8890841594743408
2.51973786852745 0 0.9274380971990941
2.621548237367799 0 0.9379469248440713
2.39072104854547 0 0.9752097806818677
1.975307358747512 0 0.9719957879847462
1.891616607789674 0 0.9757864789162525
2.039001347243059 0 0.9956884240174286
2.325871538565948 0 0.9525551181662535
1.818883741569929 0 0.9713265171052626
2.673430403826798 0 0.9055833526138288
2.08808585815601 0 0.9736373483338503
2.272466171882163 0 0.9788285438525868
1.734424218944177 0 0.9750385737698102
1.531932220059391 0 0.9630086184735884
2.167611256864092 0 0.9705820561431442
1.615941425970771 0 0.9693240583511193
2.711928069009179 0 0.8973329697141372
1.694113118834502 0 0.975981436761451
1.575899546601223 0 0.96698312482003
1.498419079822373 0 0.9474271886337984
2.481257594567039 0 0.9332611856983442
2.127520411576518 0 0.9718806576720811
1.774252495115888 0 0.9855743684847815
2.20928379500305 0 0.9732551920580323
1.936895726648455 0 0.9741731561837714
2.58171852527787 0 0.9446570064239186
1.850585328525179 0 0.9958410419061254
1.654528358840335 0 0.9751585407194041
1.999682709174408 0 0.9997313713797897
2.362545785541941 0 0.9497718151251404
2.241302431656297 0 0.9625798763619504
2.557517909502905 0 0.9191427448901743
1.497873767920074 0 0.9756997578004795
2.468224884175594 0 0.9657695345679809
2.506455451295196 0 0.9594942366844871
2.430531587942585 0 0.970981954700086
2.543995025358115 0 0.9519164000052488
2.734860387271032 0 0.9201781924155692
2.597281910928555 0 0.9127220896121575
2.634912071118711 0 0.9079491481147246
2.406973918087469 0 0.9428504679635854
2.658746698468601 0 0.9340761522420589
2.349488820869208 0 0.9786558640768998
2.697104058191219 0 0.9277039579027082
2.312482266360531 0 0.9807829641585621
2.013642902971789 0 0.9696864098007028
2.770755429365975 0 0.9139689615668348
2.295114387976978 0 0.9538643425452318
2.049834146695466 0 0.9678549961615019
1.964133594175267 0 1.005060225756169
1.853464030454823 0 0.9634985784745386
1.888098616799324 0 1.006493867210394
1.921946802520853 0 1.002919694308622
2.776511140760984 0 0.8861067381030442
2.072469393220763 0 0.9983957843827657
1.809943884583308 0 1.002233008848586
2.188034153041675 0 0.9935038485724447
2.149008841608788 0 0.9946808891284883
2.239248470461397 0 0.9901671903288412
2.111639465970261 0 0.9971149881703449
2 24 0 70
2656
2657
2658
2659
2660
2661
2662
2663
2664
2665
2666
2667
2668
2669
2670
2671
2672
2673
2674
2675
2676
2677
2678
2679
2680
2681
2682
2683
2684
2685
2686
2687
2688
2689
2690
2691
2692
2693
2694
2695
2696
2697
2698
2699
2700
2701
2702
2703
2704
2705
2706
2707
2708
2709
2710
2711
2712
2713
2714
2715
2716
2717
2718
2719
2720
2721
2722
2723
2724
2725
2.740369529625716 0 0.8171840242808747
2.674685058826546 0 0.8026734285515276
2.62422339191552 0 0.8467796788173813
1.579449578708933 0 0.8982856296285877
1.657383529383373 0 0.9049764986555277
2.200895422567991 0 0.9048707685010663
2.769732412137762 0 0.7855449999999317
2.278764646340636 0 0.8972840334625152
2.557917069108854 0 0.8281512453853574
1.715775330299354 0 0.8757365004375193
1.508659509944363 0 0.8849936856223918
1.775043658540165 0 0.9077634067285419
2.479178054023246 0 0.8455568020310663
2.128594658526639 0 0.9123610634710462
2.01110369777205 0 0.9139037133200119
2.073287617535518 0 0.885640318106491
1.93179690812189 0 0.9098342500536361
2.350283234577693 0 0.8898053514554813
1.833162598939646 0 0.8848602262392686
2.3967283347092 0 0.8564382022107863
2.237278208510853 0 0.8761592431262707
2.518160945329373 0 0.8361483716583031
2.441363526555375 0 0.8586427386369826
1.481447197594253 0 0.8559189265805545
1.550388216842296 0 0.8656992772572145
2.315019724904815 0 0.8689761964523081
1.874377540841316 0 0.8841606662666539
2.159279854611643 0 0.8840502279141309
2.662880433923977 0 0.84053684849334
1.970754086339876 0 0.9126805283943464
1.635751948483052 0 0.8703749173795985
2.71095373200768 0 0.7910992781148052
1.73605810475834 0 0.9078752391553104
2.597465742195648 0 0.8190736452530278
2.700478247647986 0 0.8306874649852332
2.033809516442759 0 0.8859628684609306
2.635496039977443 0 0.8112795870470866
2.585109612767024 0 0.8538776536815809
2.774690762599108 0 0.8189099187509919
1.617183419843062 0 0.9003249701231522
1.676334099001629 0 0.8744463485437844
2.544876718842829 0 0.8609580585847407
1.464936522644418 0 0.8847928365949975
1.892898242393249 0 0.912706733872157
1.593618020860552 0 0.8651231682165004
1.754552268544823 0 0.877152841713332
1.812695027269572 0 0.9111512881689317
1.696763237792371 0 0.9062012699722312
2.507324490189627 0 0.8690141698522444
1.793722845532281 0 0.8796848185363699
1.853415376467583 0 0.9125354992881332
1.544539965399788 0 0.8989628369720682
1.912787708516631 0 0.8832031269158216
1.952290773905445 0 0.8831954581057043
1.992843699697753 0 0.8842016129445087
2.240849974465974 0 0.9090521169036366
2.049983828038306 0 0.9166085649114606
2.19718775408475 0 0.8719279753952659
2.087795643025575 0 0.9184530623312499
2.475891288836339 0 0.8757186036299152
2.164106941909254 0 0.9163022484864138
2.114350501412932 0 0.8811025505558255
2.275231947670239 0 0.8641054764902512
2.740206609211414 0 0.7781304641995713
1.514156535850617 0 0.8524849192208284
1.453376684589056 0 0.8592693116422471
2.31849791843676 0 0.9013540837307532
2.419611680474926 0 0.8822343931328226
2.356708796543996 0 0.8575536524703313
2.386700754173432 0 0.8852727494118895
2 25 0 84
2726
2727
2728
2729
2730
2731
2732
2733
2734
2735
2736
2737
2738
2739
2740
2741
2742
2743
2744
2745
2746
2747
2748
2749
2750
2751
2752
2753
2754
2755
2756
2757
2758
2759
2760
2761
2762
2763
2764
2765
2766
2767
2768
2769
2770
2771
2772
2773
2774
2775
2776
2777
2778
2779
2780
2781
2782
2783
2784
2785
2786
2787
2788
2789
2790
2791
2792
2793
2794
2795
2796
2797
2798
2799
2800
2801
2802
2803
2804
2805
2806
2807
2808
2809
1.75215002456918 0 0.7411319080052861
1.67693742806228 0 0.8080882737626949
1.873671307311087 0 0.7504951589710036
1.558700601479266 0 0.7289364809424256
1.430870529744311 0 0.7632799153335459
1.952601567156205 0 0.7544487625742242
2.03276392514324 0 0.7573475293189187
1.797429625521358 0 0.8167394788312563
1.59976358487802 0 0.8018478986707143
1.518367460544228 0 0.7948379321102516
1.914690957249851 0 0.8210958404798383
1.634885572075545 0 0.7355809488501017
1.993836092586936 0 0.8212292537848458
1.48123673417374 0 0.7298118090461572
2.074313244439393 0 0.8207710120050483
2.433126638112102 0 0.7137047029154253
2.113708736980148 0 0.8107487214156639
1.675083340003153 0 0.7369367176867214
1.657833798178725 0 0.7725763800000109
2.393524079566072 0 0.7171108922035107
1.560921851044253 0 0.7961000610034581
1.578546228091282 0 0.7652539336817218
1.75756436483543 0 0.8141737484337171
1.780537147358124 0 0.7807753943116958
1.817909425887295 0 0.7833387923993996
1.424031800258665 0 0.7297313132475212
1.992571643757104 0 0.7557383421107058
1.518571650841103 0 0.7288239422641661
1.478673792285662 0 0.7946734815810279
2.508822594474768 0 0.6954283879929224
2.034357377829964 0 0.8206831296555599
1.717603829642434 0 0.8113085961165022
1.699229339088474 0 0.7747143342225421
1.953815185149236 0 0.8214574522292809
2.31595263904501 0 0.7278255259991941
2.156010441760734 0 0.8174295871472791
2.076556662704897 0 0.7576291325609791
1.875427236690907 0 0.8207435143082495
1.894787871057858 0 0.7862231719254706
1.738977888339045 0 0.778095474415508
1.713302479366013 0 0.737206753347077
1.539163975694383 0 0.7621662597774759
1.836252416920766 0 0.8193760105664888
1.83216644521389 0 0.7473766542572207
1.913061498535895 0 0.7521565427854862
2.547733410368036 0 0.6897866552073222
1.791272829038897 0 0.7441985562047083
2.468942501765187 0 0.7010404515106332
2.276820481479431 0 0.732737275967185
1.500003055748687 0 0.7619108816273613
1.933302450052168 0 0.787191691471644
2.354196530893254 0 0.7218189885029371
2.586535634860998 0 0.6846379753596068
1.856212690143191 0 0.7862869604547671
1.637303232969223 0 0.8058991439649473
2.052892988704919 0 0.7897970722863394
1.973387412612786 0 0.7883176166730657
1.597255665344051 0 0.7328403284816813
2.013557563020846 0 0.7891344546085596
2.663528118133444 0 0.672099031411682
2.624742707649136 0 0.6780094786148567
2.774225102013805 0 0.6575732835197369
1.46357308245438 0 0.7641941204620851
2.237943163088392 0 0.7379207591087839
1.442222065733257 0 0.7939955566662711
2.279294034056596 0 0.8080378326282313
2.318774950170114 0 0.8055267749692695
2.198220601850954 0 0.8162652419927252
2.354637295379995 0 0.8039021697903934
2.702776648678263 0 0.6657378602661974
1.617598013589475 0 0.7689997722748628
2.2390907211663 0 0.8125364517959456
2.392302500267255 0 0.8009333679121765
2.200301178772289 0 0.7423347138469945
2.740948179615347 0 0.6589469475252533
2.085169185136955 0 0.7925114323098378
2.43057037145853 0 0.7967122616477712
2.165715072435297 0 0.7454038923024743
2.465295771499935 0 0.7916938625236707
2.517690995975193 0 0.7787469135339669
2.628319604194251 0 0.7534329527720127
2.111713893831308 0 0.745134996136554
2.543714991428017 0 0.7734269654171665
1.45175732714875 0 0.7370560393712762
2 26 0 1
2810
2.784786867970356 0 0.687324650142529
2 27 0 7
2811
2812
2813
2814
2815
2816
2817
1.401724153973268 0 0.8129093791606914
1.438741530543793 0 0.9267210353639951
1.381473432440406 0 0.7475718845808299
1.463751095700552 0 1.014710057149294
1.3917975028719 0 0.7806496307736714
1.413009995712768 0 0.8446507312822488
1.372941158357376 0 0.7151392894042568
2 28 0 476
2818
2819
2820
2821
2822
2823
2824
2825
2826
2827
2828
2829
2830
2831
2832
2833
2834
2835
2836
2837
2838
2839
2840
2841
2842
2843
2844
2845
2846
2847
2848
2849
2850
2851
2852
2853
2854
2855
2856
2857
2858
2859
2860
2861
2862
2863
2864
2865
2866
2867
2868
2869
2870
2871
2872
2873
2874
2875
2876
2877
2878
2879
2880
2881
2882
2883
2884
2885
2886
2887
2888
2889
2890
2891
2892
2893
2894
2895
2896
2897
2898
2899
2900
2901
2902
2903
2904
2905
2906
2907
2908
2909
2910
2911
2912
2913
2914
2915
2916
2917
2918
2919
2920
2921
2922
2923
2924
2925
2926
2927
2928
2929
2930
2931
2932
2933
2934
2935
2936
2937
2938
2939
2940
2941
2942
2943
2944
2945
2946
2947
2948
2949
2950
2951
2952
2953
2954
2955
2956
2957
2958
2959
2960
2961
2962
2963
2964
2965
2966
2967
2968
2969
2970
2971
2972
2973
2974
2975
2976
2977
2978
2979
2980
2981
2982
2983
2984
2985
2986
2987
2988
2989
2990
2991
2992
2993
2994
2995
2996
2997
2998
2999
3000
3001
3002
3003
3004
3005
3006
3007
3008
3009
3010
3011
3012
3013
3014
3015
3016
3017
3018
3019
3020
3021
3022
3023
3024
3025
3026
3027
3028
3029
3030
3031
3032
3033
3034
3035
3036
3037
3038
3039
3040
3041
3042
3043
3044
3045
3046
3047
3048
3049
3050
3051
3052
3053
3054
3055
3056
3057
3058
3059
3060
3061
3062
3063
3064
3065
3066
3067
3068
3069
3070
3071
3072
3073
3074
3075
3076
3077
3078
3079
3080
3081
3082
3083
3084
3085
3086
3087
3088
3089
3090
3091
3092
3093
3094
3095
3096
3097
3098
3099
3100
3101
3102
3103
3104
3105
3106
3107
3108
3109
3110
3111
3112
3113
3114
3115
3116
3117
3118
3119
3120
3121
3122
3123
3124
3125
3126
3127
3128
3129
3130
3131
3132
3133
3134
3135
3136
3137
3138
3139
3140
3141
3142
3143
3144
3145
3146
3147
3148
3149
3150
3151
3152
3153
3154
3155
3156
3157
3158
3159
3160
3161
3162
3163
3164
3165
3166
3167
3168
3169
3170
3171
3172
3173
3174
3175
3176
3177
3178
3179
3180
3181
3182
3183
3184
3185
3186
3187
3188
3189
3190
3191
3192
3193
3194
3195
3196
3197
3198
3199
3200
3201
3202
3203
3204
3205
3206
3207
3208
3209
3210
3211
3212
3213
3214
3215
3216
3217
3218
3219
3220
3221
3222
3223
3224
3225
3226
3227
3228
3229
3230
3231
3232
3233
3234
3235
3236
3237
3238
3239
3240
3241
3242
3243
3244
3245
3246
3247
3248
3249
3250
3251
3252
3253
3254
3255
3256
3257
3258
3259
3260
3261
3262
3263
3264
3265
3266
3267
3268
3269
3270
3271
3272
3273
3274
3275
3276
3277
3278
3279
3280
3281
3282
3283
3284
3285
3286
3287
3288
3289
3290
3291
3292
3293
0.9570881466262591 0 1.139799479568289
0.9712767440764384 0 1.149580877108021
0.9897507677293191 0 1.144146212570846
2.630348473912894 0 1.06868798496071
2.51348411724734 0 1.092600949487175
0.9547354434748996 0 1.15756471617257
2.425139428618068 0 1.298774449936617
2.618774098965488 0 1.291629770073967
0.9703833403380706 0 1.16921855903786
1.427934304957006 0 1.074422370262921
2.767076961743399 0 1.181223124999685
1.320179603621576 0 1.248091895849827
2.312749589629948 0 1.118272961441006
1.552936797939463 0 1.286158102711138
1.200689177111633 0 1.251089856235372
1.122967231087774 0 1.240555930640959
2.226392239105893 0 1.295601744208232
1.669636276695067 0 1.119697182265214
0.1342992529553188 0 1.094588898852887
1.504109594859907 0 1.108398775071799
1.088612653577557 0 1.075900753812036
0.217324199487806 0 1.260003590074519
2.112031525844036 0 1.129618524219741
1.750672171307206 0 1.287665281274126
0.3271148352466817 0 1.102195340550585
0.9515793964137043 0 1.177994722727089
0.8508735656386898 0 1.270553668159561
2.030041524891921 0 1.291587524531654
1.872042655356987 0 1.286971317136751
1.280176942897912 0 1.069125545884998
1.950584232322288 0 1.132041234059979
0.4136379851830361 0 1.258465053461219
1.401435129623271 0 1.259818681046472
2.392157300977164 0 1.111444921315842
0.5992968016161031 0 1.113231497641191
0.7134882576412711 0 1.120937949000932
2.307515854681563 0 1.296934328080018
0.4943766980876841 0 1.255752100810118
0.9693285421203442 0 1.190791583091159
1.589088457052175 0 1.111268116822597
2.540291567038715 0 1.299216824607275
2.193679247163549 0 1.125764296484464
0.03245843898461635 0 1.194845990192532
2.14824383506637 0 1.294639162832974
1.20169737424443 0 1.069377988087574
0.2098720626461618 0 1.095496273760215
0.1395058520102521 0 1.258735447276457
1.668466633607032 0 1.287249709756809
0.2969565242164579 0 1.261243064507882
0.7961362141657712 0 1.132716911163838
1.78841143637767 0 1.127859514586381
2.030977704060672 0 1.132752372456802
0.8715619743487866 0 1.120914231791116
0.6560678513965357 0 1.259614527009631
0.4443810250272918 0 1.109240262674297
1.951406953376093 0 1.288058932862274
1.869580690489562 0 1.130429810467146
0.7400995548997802 0 1.260237146683407
0.5224751917630818 0 1.111802698090378
0.9482171976496072 0 1.201066853823424
0.9894940964488175 0 1.180469149270559
0.5768103630862538 0 1.257662421847514
1.479159758345383 0 1.276666231699958
0.9889365665434677 0 1.204949667146244
1.012141340897336 0 1.192507379248898
2.767076961743474 0 1.105190624999772
2.698235962482802 0 1.281340685763405
1.360515479998517 0 1.071370735927133
0.9288845583526194 0 1.1859639579301
0.9246867161636703 0 1.211595973681425
0.9027068531459577 0 1.194564231843249
0.9402518222701663 0 1.146135813263216
1.010898920185846 0 1.220258304516814
1.035575008212591 0 1.207361209245365
1.03663741359433 0 1.177671581981875
0.9452937239870566 0 1.227546252206291
1.063273757400436 0 1.19363252687362
1.062915018113382 0 1.162748479828422
1.092104815209404 0 1.178757246723056
2.706060439910964 0 1.056357562972473
0.03382468619550045 0 1.114280655184932
1.089424933534691 0 1.140332800287353
1.122477530436315 0 1.161644023359508
1.122704538495597 0 1.125865241192067
1.154671230678435 0 1.144117788764751
1.154145565256017 0 1.181484867281609
1.187397630887141 0 1.163315148241416
1.034818167286602 0 1.146788605243514
0.9202265499213971 0 1.242414777419637
2.77010846314809 0 1.257047844448966
1.065216588605998 0 1.224400335387533
0.05970672535453534 0 1.254191531473025
0.9684072696135486 0 1.279446903840791
0.9101366363954991 0 1.169848836222666
0.8803709680968732 0 1.175745648059543
0.8738620410608244 0 1.20597586881014
0.8487238201521858 0 1.185143238405052
1.00956844745984 0 1.097106938946023
1.034281484063909 0 1.271496069294219
0.9875787928570625 0 1.231122123982448
1.154886651475549 0 1.106621722060166
0.841708223588686 0 1.217144197880177
0.8169393986308299 0 1.196157220342124
0.80904486697323 0 1.231657369579706
0.7814010274684819 0 1.20288106425292
2.757479992646045 0 1.054500730381962
0.9075055704286059 0 1.123569287208388
0.8895215040208855 0 1.26569675502775
0.8251392841472234 0 1.160677631324055
2.472881748529601 0 1.099622192336767
2.498671038299948 0 1.130023571498089
2.538316652373333 0 1.124173251602894
2.523577981289472 0 1.161064863872976
2.562868675049907 0 1.155404627034406
2.48432211720213 0 1.166812845968803
2.548197597304963 0 1.192206993177926
2.587469638454239 0 1.186495653311559
2.601741675528768 0 1.148647098809343
2.626626877585414 0 1.180608560421613
2.641069312336284 0 1.143174465228849
2.665885363322899 0 1.175184648816151
2.68039969105479 0 1.138519467614169
2.651134479274163 0 1.211726151796815
2.690101708470421 0 1.206234926569839
2.572842418543045 0 1.223844406603044
2.534922879750539 0 1.228392188246859
2.674999908782557 0 1.245330050915582
2.712355469894391 0 1.242466084114533
2.655992619977916 0 1.10691586777578
2.700610011895047 0 1.100720040509037
2.721845415876726 0 1.137998012017443
2.635719575415897 0 1.251862188072096
1.186065535804535 0 1.198996025364526
1.220928962374812 0 1.181959478497631
1.22110205561573 0 1.144204889705181
1.254807834702358 0 1.163853175144792
1.253365647430646 0 1.203221302160109
1.288448968079217 0 1.184148986328
1.289231865000642 0 1.144926669000543
1.323101860310825 0 1.164939897109839
1.325404405817197 0 1.127872368913286
1.3578128778383 0 1.145787017189801
1.361203421998948 0 1.189132456371085
1.391719986418687 0 1.165825451973559
1.391783166119878 0 1.127989335519734
1.425719276047136 0 1.147614564634159
1.426627017264561 0 1.184667100808876
1.460336852541826 0 1.166746356956855
1.460559215120696 0 1.205069330001366
1.494481589231815 0 1.186792698083498
1.463842124050101 0 1.129550869220574
1.494836237769593 0 1.224899814745485
1.528574321058421 0 1.206945717106145
1.528907964213593 0 1.168587900962672
1.56380816661819 0 1.187980531861213
1.563525678717748 0 1.225944739197058
1.597463465431653 0 1.208141283647506
1.597696098940529 0 1.245957804562638
1.631380908002618 0 1.228138639050449
1.631865321731104 0 1.188939691511639
1.665830614841109 0 1.209044362179143
1.66680118401272 0 1.167011272306442
1.700398262885935 0 1.189669385728633
1.699140866637973 0 1.228048840349775
1.734410501498908 0 1.209767319131503
1.735015138624324 0 1.170219988319479
1.76920616381633 0 1.190594354664663
1.769123493925163 0 1.229031963880962
1.803619693574062 0 1.209510522504873
1.80278930804451 0 1.250647997341641
1.834147929939144 0 1.229693618145303
1.838574086643755 0 1.192666440341252
1.871986220260049 0 1.21460236828363
1.633133133051514 0 1.14944808186213
1.631890057717342 0 1.266050425918001
0.7553798817747335 0 1.126532707628787
0.730524913127254 0 1.156399944382814
0.6898411184629111 0 1.152012835652614
0.7058917873682631 0 1.187638383519786
0.6661655494724292 0 1.184957731412415
0.6518090276446464 0 1.148701808889816
0.6306668389683854 0 1.181829124270683
0.767660417449299 0 1.16409639288535
0.6813465019778034 0 1.221657772133208
0.7200075613471638 0 1.223328201583145
1.548663310869871 0 1.108963029093258
1.154136463169654 0 1.216897079684274
1.703205065746249 0 1.148297535019766
0.4049097463305186 0 1.107590254108287
0.4235357648679371 0 1.142213793070078
0.3847677524400477 0 1.140478762618898
0.4626195025207055 0 1.144080823897089
0.4413411729806507 0 1.17687749986052
0.4804098597028928 0 1.179020982270677
0.4576034155393245 0 1.208464738305775
0.4178388109090972 0 1.206383572217955
1.284483767178363 0 1.224040842617344
0.3381594169518709 0 1.261871778448467
0.317332857525932 0 1.227625273880977
0.2775244943722405 0 1.226649021065331
0.2987845363079044 0 1.194034925927711
0.2589001698199037 0 1.192219493231494
0.2814744203914967 0 1.16129880319523
0.3394535973787689 0 1.199535124583047
0.2412044526759165 0 1.158787654965039
0.219407736045127 0 1.190900465487701
0.2021288233323242 0 1.158360332591919
0.1808787100029559 0 1.189434474711077
0.1645630834658756 0 1.156535113501838
0.1422477545318233 0 1.187960892187114
0.1266900201306195 0 1.154534212928604
0.104165061815702 0 1.186485377734753
0.08650746044546687 0 1.153254726691643
0.2646383652841521 0 1.127399821481716
0.1605267741234569 0 1.222588297406417
2.731993181836312 0 1.202817329847111
0.7779060153417143 0 1.243789808784675
1.743781283331488 0 1.127767521493402
2.557940964550942 0 1.260626940585169
2.551923011507658 0 1.085110080385366
0.4975331737965257 0 1.210807785206607
0.5194762786644928 0 1.18065029445569
0.5345214650818642 0 1.216038421545169
0.5613097275344305 0 1.189871152626277
2.267048470205163 0 1.296315106639534
2.246565104241724 0 1.261688943392112
2.205870046309816 0 1.261690529101683
2.224786981652038 0 1.226806717223668
2.265775796430454 0 1.226895049487708
2.185974268645697 0 1.226839620188853
2.244009593560524 0 1.19203981722705
2.284240586704965 0 1.191696885998832
2.305935162722457 0 1.226077898529833
2.324156874409283 0 1.191109283101582
2.344319347323716 0 1.225165202727849
2.363681741854098 0 1.18957346428489
2.384046960065273 0 1.224399587600712
2.403371520522611 0 1.188789996134332
2.423758539179455 0 1.223729871392872
2.364715875718286 0 1.259247457295739
2.262770030537075 0 1.157311690149718
2.342393652135725 0 1.15562255717648
2.447736808263788 0 1.184533050352764
2.463133139870837 0 1.224983292565922
2.420304259967244 0 1.14907157790782
2.444130785293907 0 1.25925280783958
2.483326668533039 0 1.259256841484975
2.223999427146203 0 1.158178842808858
1.56596458275347 0 1.146275118881987
1.124829886002042 0 1.090969183694602
1.440366479802174 0 1.267242876384627
2.069448665139912 0 1.292638166430704
2.050700485403388 0 1.257756274056936
2.090163001778996 0 1.258658715542474
2.071076245209981 0 1.225396967981343
2.027969591512063 0 1.224211913703763
2.110372728183802 0 1.224604545709568
2.084866980035591 0 1.193751321393334
2.131329976559978 0 1.190559958153651
1.911299799666325 0 1.286850592507235
1.932919583907456 0 1.253027465249523
1.972599672670249 0 1.256818600719135
1.959693564079811 0 1.216781450314858
1.893722684861542 0 1.252461587882903
1.915500736521448 0 1.216994908027037
1.901773494265726 0 1.184541889369054
0.09550587482561204 0 1.090549136463822
0.6157982855901414 0 1.257998379781527
0.5953038694111916 0 1.222592000083051
0.6392186046710203 0 1.223955026419163
0.540992992602635 0 1.148380488159289
0.5800317368133235 0 1.15053239325467
0.4537671167128475 0 1.259269255224211
1.424871176416111 0 1.22516414165756
1.382834236926836 0 1.224799114591181
1.829022093528667 0 1.128883301007725
1.805979751255194 0 1.165634061498604
1.245860261081769 0 1.245230296160429
0.9430920773829488 0 1.257687050090096
0.6968540783078561 0 1.258814060784992
2.658476579682846 0 1.285713473635261
2.071395628967377 0 1.129951613080551
2.051733011415948 0 1.166706228166215
2.010291554967456 0 1.166899049068385
1.047219812587909 0 1.082362368697928
1.069277720683576 0 1.109538449913972
1.909812184849391 0 1.130935170996385
2.385653800468742 0 1.298247124448911
2.670458357722047 0 1.068682252702504
2.615183434587293 0 1.107689178436362
2.739505326618477 0 1.078672028207892
2.433280778860428 0 1.106692356131395
0.3664083337871618 0 1.105528064579676
0.3455889281468629 0 1.13689540581075
2.28668393202933 0 1.261071343150446
0.171911975721149 0 1.094357676464725
2.353295490548029 0 1.115671243162567
0.257160652175072 0 1.259615475258659
2.704822564177761 0 1.170199317204974
2.38101921662998 0 1.151084070048997
2.596596501399514 0 1.25707630291206
2.464135299443721 0 1.295628422975933
0.5353421704085342 0 1.255959728834442
2.15209133128182 0 1.126909693062401
2.171835686539031 0 1.163561355698786
0.5016512836901748 0 1.145798214977272
2.202086473842523 0 1.192134002067835
0.04198102337285833 0 1.153436143943712
1.830436406703576 0 1.286762420715121
1.362033927010295 0 1.255932336782316
2.579834881611875 0 1.294644611994938
2.404574231557288 0 1.260608549752405
1.321419352475182 0 1.205591894487707
1.53018301905176 0 1.247682346366884
0.2380490243843881 0 1.225309268072052
1.665221693782495 0 1.248764524471255
1.73296504288932 0 1.252399142460256
1.495325949726969 0 1.148099374983395
2.301566197783018 0 1.15626349779898
2.509688665006339 0 1.19733008006798
2.611731581778712 0 1.218602210519531
1.990909143079547 0 1.133261588979178
1.967431420249273 0 1.170317140634977
1.994070540364943 0 1.202984383459019
2.768885514480191 0 1.219635758215845
2.128980762306309 0 1.259577631917104
2.762020328583698 0 1.140895986107367
2.458577873253048 0 1.138007952661753
0.1213424488693191 0 1.222775021500554
0.08453289184033014 0 1.220165395236361
0.1783355333295251 0 1.258599861124141
1.256441404730966 0 1.126537542019052
2.739670057514672 0 1.277162057883129
1.595499961410934 0 1.285769774249864
0.809494168471917 0 1.267363687690289
0.1005357923444977 0 1.257578967152183
0.4833368586081579 0 1.110730307455278
2.346806941236061 0 1.295902036539845
0.7439314366041851 0 1.191776600923811
0.5608331222279211 0 1.115359974785304
2.576860954457459 0 1.116001975616733
1.711811441351253 0 1.288922452747444
1.241135676662631 0 1.068340938778212
1.122862669911034 0 1.198429058612367
2.108795264908289 0 1.293614443431
0.8356282947348774 0 1.125082914223231
2.590731462503124 0 1.076365018863661
1.790714569263975 0 1.287987954116034
0.6746938936740257 0 1.116898597753234
1.187132431280171 0 1.126546742271836
0.4026554427340624 0 1.17446954831691
0.3793722619016389 0 1.204175262930919
1.990717623363253 0 1.290371321842555
1.221613303842099 0 1.105471901657848
2.187373810902839 0 1.295686830568709
1.008103856027484 0 1.1623483962841
2.010965540681845 0 1.258953343380481
1.317411683252213 0 1.069147915343351
1.935347869019505 0 1.187652351891155
2.502102639040302 0 1.300758483501239
2.271812873581513 0 1.119653786903776
1.065115827572607 0 1.257941696272266
0.02934861799576945 0 1.232335827893919
0.8584611227554151 0 1.152113484373931
1.598262371502433 0 1.169865694619527
1.294654624974005 0 1.104044680202936
2.167442879203572 0 1.260398081408661
2.52026190944591 0 1.264815111258813
0.6366509132499512 0 1.1144451056119
1.515292747284174 0 1.282655609965725
0.3749886102175823 0 1.262517609407549
0.866916710522956 0 1.238470197232452
0.9329691375488204 0 1.117004163571845
0.1990869962288765 0 1.224472659479318
0.3046734199590474 0 1.131874772737412
1.036632346912867 0 1.238224161127021
2.233652583697245 0 1.122315737718227
0.2881602789836366 0 1.097588028632667
1.158456802697559 0 1.071380057671164
2.325996185618568 0 1.260733044387288
2.14861883107207 0 1.226286673826977
0.9895187163580459 0 1.123496052692972
1.010749778646779 0 1.131595040229848
1.038467085468338 0 1.117150062879912
0.8963200624726151 0 1.226452967335775
1.629007599507317 0 1.112775993175814
1.093109445579787 0 1.21236839911077
1.359843787713339 0 1.109778242405227
1.393947381337289 0 1.092727126625085
0.6153917555099463 0 1.14691641502323
0.05888179740796456 0 1.08869547178653
0.3618779868567062 0 1.170297937843568
0.8917160275181595 0 1.149192084394796
1.009771716916716 0 1.250867823654662
0.9672965804555164 0 1.216355914011119
0.356965401465874 0 1.231838106308902
0.06753047327218982 0 1.185875216217432
0.9193380919821484 0 1.269988553689209
2.737783727746697 0 1.165366252882275
0.5982164897331 0 1.182808732220962
1.214363521671346 0 1.218170399225605
0.9372681647951362 0 1.164851270438487
1.766923998812145 0 1.155588591916302
1.00219082799682 0 1.280738209214481
1.429566390077363 0 1.111257173909012
0.07159652193942766 0 1.120253360873207
1.463033713698226 0 1.090093840887534
0.9445382086023272 0 1.127509267744398
0.1128782893891637 0 1.121304031168606
0.2499413525749431 0 1.093651680283653
0.9858017609240257 0 1.161152638854277
1.349534108406567 0 1.224709539616423
2.16796904733186 0 1.199876321987221
1.848991499368175 0 1.158907129288108
0.2255413955346521 0 1.126867929783929
0.3219754815067977 0 1.165656161682953
0.1511287712191318 0 1.123793477495585
1.281828159645464 0 1.257054516846762
2.132042289591165 0 1.15346940703802
1.160445143152374 0 1.252376635515165
0.9485140546420674 0 1.107715946837298
1.464894215661703 0 1.240954988052131
1.708197256740429 0 1.113496179325902
0.1875243519865491 0 1.125901800599702
2.092922927730962 0 1.156697504055521
2.499029011688704 0 1.228850968809759
1.098969946458692 0 1.108521285780006
1.858399754629942 0 1.256073249496299
1.771008318613641 0 1.262552375604165
1.528594280484762 0 1.136064839798622
1.694875585613994 0 1.261125739265458
0.752670889565949 0 1.223659836610199
0.7732718467984461 0 1.275711084634396
2.051766991112876 0 1.198542724293705
1.059168586145325 0 1.135508974248191
0.02831666983723636 0 1.264592061010933
2.774034420437388 0 1.288099965932515
1.26159337402405 0 1.094220660824909
1.632352461333062 0 1.297916864096009
0.9864746533919414 0 1.256966812901906
0.02783827155421298 0 1.083807557902271
1.184290570557707 0 1.095785202593127
1.567434688929676 0 1.257880061922278
0.9418050787997144 0 1.284653973611677
0.5619836872704906 0 1.22837950183787
0.3948434162466457 0 1.233760485607996
2.744373284858135 0 1.239052762704965
2.478482385767145 0 1.196758855262428
1.396939214976571 0 1.195792467855872
0.9295049263867394 0 1.133435910100196
0.919397191299051 0 1.147838866937958
0.9651289319416145 0 1.243458993742425
1.870009482528676 0 1.180828577032408
1.332322699095058 0 1.096482059434414
1.603285094859297 0 1.139627177970462
1.993764346250197 0 1.232974425428843
0.8335465557499945 0 1.24480212325288
1.928341055035037 0 1.157120612423178
0.7974552683723211 0 1.171305843993657
1.397486678657544 0 1.062651647070172
2.02584173874595 0 1.192749359949805
2.738211608943485 0 1.112695338368302
2.773199036862621 0 1.077778120154021
1.090863213349857 0 1.241108830252962
0.4343310955508786 0 1.234205789186301
0.4754281367047978 0 1.234173733254238
0.617812243564138 0 1.205520880785956
1.88839691941031 0 1.155313905014036
1.122547450514356 0 1.061308289719482
2.776183466955106 0 1.034172864382986
0.05471542948948821 0 1.217482792202654
0.5149573205415268 0 1.236542730792419
1.180278528200219 0 1.228260068929897
1.831443349829293 0 1.255794321424591
1.500626387268064 0 1.253881000390073
2.732331703553391 0 1.042925727702401
2 29 0 119
3294
3295
3296
3297
3298
3299
3300
3301
3302
3303
3304
3305
3306
3307
3308
3309
3310
3311
3312
3313
3314
3315
3316
3317
3318
3319
3320
3321
3322
3323
3324
3325
3326
3327
3328
3329
3330
3331
3332
3333
3334
3335
3336
3337
3338
3339
3340
3341
3342
3343
3344
3345
3346
3347
3348
3349
3350
3351
3352
3353
3354
3355
3356
3357
3358
3359
3360
3361
3362
3363
3364
3365
3366
3367
3368
3369
3370
3371
3372
3373
3374
3375
3376
3377
3378
3379
3380
3381
3382
3383
3384
3385
3386
3387
3388
3389
3390
3391
3392
3393
3394
3395
3396
3397
3398
3399
3400
3401
3402
3403
3404
3405
3406
3407
3408
3409
3410
3411
3412
1.167647349480944 0 1.307729046066101
1.220000000002978 0 1.365358983848548
1.089401737042051 0 1.327212777434855
1.27890971015747 0 1.321353975696685
0.03090267315836218 0 1.346475000000044
0.495358113425439 0 1.324356565021966
0.417837241208695 0 1.325826639441412
1.339356139201392 0 1.363975410205524
0.572979725023939 0 1.325684100858426
0.09864968346889519 0 1.329121862515102
0.2931008645991623 0 1.33000217311802
0.6503193097041859 0 1.32790822087533
0.2179649697671406 0 1.330768146897537
1.395175217535974 0 1.328430012201529
0.7037512522662716 0 1.366582148715374
0.8468176506248042 0 1.33374470126075
0.767658117450096 0 1.334878063503222
2.770123738555478 0 1.353447880797984
0.9027243750068497 0 1.369676338690838
1.458174988056312 0 1.365953732322882
0.3429699392547964 0 1.365041979300387
0.1375813720505806 0 1.360837512621595
1.026093530714721 0 1.366808745977256
0.4613838627359582 0 1.364820613998827
1.139996930251129 0 1.366400894434033
0.266507976020837 0 1.365968288632591
0.5416504609632423 0 1.364646994256917
0.9677513025988002 0 1.341481689168419
1.509395575451596 0 1.348892928888852
2.70315059522031 0 1.353321219863764
0.6200000000015725 0 1.365358983848567
1.90766100484836 0 1.359470402197014
2.66137639012672 0 1.361683297302889
1.855877761637583 0 1.364360156759454
0.1738831254547375 0 1.334977836206852
1.788051152350079 0 1.358426038825257
1.548085587039108 0 1.355851009725487
0.8229822221565861 0 1.367653574152409
1.716694332212978 0 1.355693307040204
0.7278352471620343 0 1.333048189689131
1.592697768093109 0 1.356912109332645
1.660000000002672 0 1.365358983848729
1.983618911209602 0 1.363490789508053
2.620983415849962 0 1.363615491557432
2.025844480884233 0 1.36207230737961
1.235838273480241 0 1.317966849685908
1.065282881074122 0 1.364860736059077
1.100575471111404 0 1.365750820407919
0.5816300434975582 0 1.364769579696355
0.5027479819325688 0 1.364151092472969
1.18000510005923 0 1.367672900032358
1.193828555569209 0 1.333958779603559
1.419326851856687 0 1.365310930722466
0.3824497052649785 0 1.36484611862955
1.299957105407668 0 1.364486464674572
1.319342486758047 0 1.327420066802821
1.259788162696778 0 1.357044154029968
1.751713935391753 0 1.36100858917183
0.42232360531699 0 1.36475510196921
1.379722614327866 0 1.365519132542963
2.107681943481611 0 1.362366359101792
2.067220629726841 0 1.362362794727859
2.147026016120365 0 1.36257164216247
2.745839856667316 0 1.37175313492413
0.6610945262292288 0 1.365729087423442
2.185521033014121 0 1.363473258275225
2.26188529650507 0 1.365649071216438
0.5341868299583397 0 1.323973084366818
2.581851501466653 0 1.365612383174677
0.456585028715938 0 1.324424608385096
0.6116596463088584 0 1.326443945888432
2.303111686971219 0 1.366282478366868
0.377523754070046 0 1.327694820147633
0.1000000000002637 0 1.367369813230152
0.1375015949628101 0 1.323004183373128
0.6880685452879542 0 1.331002169294528
0.1978427903651055 0 1.361513274668869
0.3063300830830796 0 1.364842577420994
0.06246246551824237 0 1.366806342801592
0.3354017186221189 0 1.328043023474964
0.2565678846227973 0 1.328832001455505
1.358375426008533 0 1.327505277051518
2.543443012206739 0 1.366380691461725
2.344248244108854 0 1.366488885244016
2.223495442730732 0 1.364850430416159
0.05620813717064406 0 1.324898412318891
0.9262974380649596 0 1.338794044587714
2.383402978766422 0 1.367293440278138
2.42352734431733 0 1.367463840554579
2.503750901545183 0 1.367288041594298
1.434464949862349 0 1.332025274259888
1.9450981234202 0 1.361244014421477
2.463943635640654 0 1.367693097371087
1.051641383035892 0 1.331307616283901
0.7422910258200668 0 1.36818205098274
1.129855147367948 0 1.313835494477893
0.7840011746228919 0 1.36699179021966
0.8873814327963737 0 1.3331860157608
1.825766287683126 0 1.356012984198685
0.8633176134314569 0 1.367376771644133
0.8073745212791001 0 1.334566393209192
1.626339060514734 0 1.361282981874256
0.9441541329901495 0 1.370002905374103
1.472728516456074 0 1.337899588475799
0.9881516822657421 0 1.370065359797646
0.228297908267305 0 1.370149783420044
1.010128114186621 0 1.337439469458358
1.122818594945865 0 1.342930471188134
2.775192719044566 0 1.379325536477747
0.02661894011180604 0 1.374738690050655
1.489093323217423 0 1.371655956626935
1.15693242837877 0 1.340096349647301
0.170814854034964 0 1.371595941324119
2.7411471316546 0 1.339637740487464
0.02636502936214981 0 1.318651096268431
1.199476713579485 0 1.302441181397904
1.692079438849792 0 1.369770985221189
1.880224713422564 0 1.349623031350786
1.569981563313742 0 1.373624136150444
$EndNodes
$Elements
29 6600 1 6600
2 1 2 421
1 330 125 126
2 1051 313 1123
3 1066 1043 1069
4 268 267 270
5 272 265 273
6 1037 1097 1099
7 1097 1074 1099
8 270 267 271
9 82 83 1073
10 82 1073 1107
11 331 126 2
12 1066 1069 1114
13 1086 1051 1123
14 72 1072 1158
15 72 73 1072
16 1065 120 1081
17 266 265 272
18 283 78 1151
19 64 65 1111
20 1092 1051 1129
21 1051 1092 1135
22 1045 1096 1101
23 1111 65 1131
24 262 1131 1149
25 78 283 1159
26 1131 66 1149
27 1043 1068 1069
28 1048 1063 1094
29 1072 1062 1158
30 1063 1048 1105
31 299 298 1096
32 81 82 1107
33 120 121 1081
34 1080 1039 1147
35 81 1107 1118
36 1076 1045 1101
37 1046 1070 1071
38 292 1112 1119
39 1039 1080 1148
40 80 81 1118
41 80 1118 1134
42 1072 73 1106
43 1066 1056 1133
44 1105 1048 1116
45 273 265 1122
46 1064 289 1126
47 1056 1062 1133
48 1113 1058 1121
49 1040 1099 1143
50 1049 1113 1121
51 289 1064 1152
52 1099 1040 1154
53 68 1069 1124
54 1062 1056 1158
55 1056 1066 1114
56 1052 1105 1116
57 1070 1046 1096
58 270 269 1155
59 93 1046 1071
60 1112 1059 1119
61 1069 1068 1124
62 1045 299 1096
63 92 93 1071
64 73 74 1106
65 120 1065 1164
66 86 1136 1142
67 313 312 1123
68 1047 1103 1104
69 65 66 1131
70 298 1070 1096
71 1128 1085 1138
72 1136 1061 1142
73 1139 1054 1146
74 1078 1139 1146
75 79 80 1134
76 275 1066 1133
77 1096 1046 1101
78 1034 1128 1138
79 275 274 1066
80 1081 121 1108
81 306 1041 1079
82 78 79 1151
83 1050 1103 1109
84 1103 1050 1104
85 79 1134 1151
86 1079 1041 1080
87 264 263 1068
88 1042 1076 1168
89 1098 1050 1109
90 121 122 1108
91 1132 1036 1146
92 307 306 1079
93 1070 1047 1071
94 274 273 1043
95 265 264 1122
96 297 1047 1070
97 92 1071 1104
98 1076 1042 1167
99 1154 1040 1160
100 320 1063 1105
101 272 271 1162
102 1089 1034 1132
103 68 69 1069
104 1040 1095 1160
105 277 1062 1072
106 1073 287 1107
107 1075 1045 1076
108 280 279 1117
109 1077 307 1079
110 300 1045 1075
111 1034 1089 1128
112 305 304 1074
113 325 1065 1081
114 308 307 1077
115 1080 1144 1148
116 278 277 1072
117 1080 1097 1144
118 1036 1077 1078
119 291 290 1061
120 322 321 1052
121 1041 305 1074
122 1089 1132 1146
123 301 300 1075
124 294 293 1055
125 1036 308 1077
126 300 299 1045
127 311 310 1034
128 320 319 1063
129 288 287 1073
130 306 305 1041
131 316 315 1053
132 326 325 1081
133 309 308 1036
134 314 313 1051
135 298 297 1070
136 318 317 1057
137 1039 1078 1147
138 297 296 1047
139 260 259 1067
140 303 302 1040
141 257 256 1049
142 277 276 1062
143 325 324 1065
144 1041 1074 1097
145 1071 1047 1104
146 97 98 1082
147 96 97 1042
148 98 99 1083
149 61 62 1058
150 99 100 1037
151 107 108 1033
152 108 109 1087
153 109 110 1035
154 106 107 1084
155 105 106 1088
156 93 94 1046
157 110 111 1091
158 90 91 1050
159 104 105 1054
160 102 103 1039
161 111 112 1038
162 112 113 1090
163 70 71 1056
164 113 114 1044
165 87 88 1059
166 118 119 1060
167 114 115 1094
168 117 118 1093
169 115 116 1048
170 1040 302 1095
171 84 85 1064
172 1085 1033 1086
173 1042 97 1082
174 1082 98 1083
175 1080 1041 1097
176 99 1037 1083
177 1033 108 1087
178 109 1035 1087
179 107 1033 1084
180 106 1084 1088
181 1035 110 1091
182 1054 105 1088
183 1078 1039 1139
184 111 1038 1091
185 1038 112 1090
186 113 1044 1090
187 302 301 1095
188 1044 114 1094
189 118 1060 1093
190 1084 1033 1085
191 301 1075 1095
192 115 1048 1094
193 1035 1091 1092
194 1054 1088 1089
195 1086 1033 1087
196 89 90 1098
197 1079 1080 1147
198 1102 1137 1141
199 90 1050 1098
200 1057 317 1102
201 1068 1043 1122
202 317 316 1102
203 1047 296 1103
204 1102 1053 1137
205 94 95 1101
206 280 1117 1127
207 274 1043 1066
208 318 1057 1100
209 319 318 1100
210 1063 319 1100
211 1083 1037 1099
212 1051 1086 1129
213 91 92 1104
214 1093 1060 1125
215 1052 321 1105
216 1058 1110 1121
217 292 291 1112
218 1093 1052 1116
219 267 266 1162
220 1069 69 1114
221 316 1053 1102
222 1046 94 1101
223 61 1058 1113
224 296 295 1103
225 327 326 1108
226 328 327 1120
227 89 1098 1115
228 1125 1060 1145
229 1050 91 1104
230 294 1055 1109
231 70 1056 1114
232 1059 88 1115
233 117 1093 1116
234 1048 116 1116
235 321 320 1105
236 278 1072 1106
237 1098 1055 1115
238 287 286 1107
239 279 278 1106
240 1055 1098 1109
241 67 1124 1149
242 1103 295 1109
243 1062 276 1133
244 1052 1093 1125
245 1034 310 1132
246 326 1081 1108
247 1053 1092 1137
248 295 294 1109
249 1101 95 1168
250 1067 259 1110
251 1110 258 1121
252 259 258 1110
253 261 260 1111
254 1110 1058 1140
255 1084 1085 1128
256 1089 1088 1128
257 260 1067 1111
258 1092 1053 1135
259 1035 1092 1129
260 291 1061 1112
261 314 1051 1135
262 283 282 1159
263 1078 1077 1147
264 1106 74 1117
265 1086 1087 1129
266 1059 1115 1119
267 281 280 1127
268 303 1040 1143
269 60 61 1113
270 293 292 1119
271 282 281 1153
272 87 1059 1136
273 1058 62 1140
274 104 1054 1139
275 1039 103 1139
276 1092 1091 1137
277 1076 1101 1168
278 85 86 1142
279 328 1120 1150
280 1037 100 1144
281 289 288 1126
282 102 1039 1148
283 322 1052 1125
284 67 68 1124
285 119 120 1164
286 96 1042 1168
287 1053 315 1135
288 282 1153 1159
289 1056 71 1158
290 84 1064 1161
291 1097 1037 1144
292 309 1036 1132
293 1124 263 1149
294 312 311 1138
295 1057 1102 1141
296 1057 1141 1157
297 329 328 1150
298 1113 1049 1130
299 1074 304 1143
300 1065 324 1145
301 1083 1099 1154
302 69 70 1114
303 74 75 1117
304 88 89 1115
305 116 117 1116
306 1 60 1156
307 1118 285 1134
308 281 1127 1153
309 1107 286 1118
310 257 1049 1121
311 329 1150 1163
312 256 26 1169
313 27 268 1155
314 1099 1074 1143
315 1059 1112 1136
316 286 285 1118
317 255 1 1156
318 66 67 1149
319 1065 1145 1164
320 26 254 1169
321 1068 263 1124
322 262 261 1131
323 1043 273 1122
324 1115 1055 1119
325 290 289 1152
326 122 123 1120
327 279 1106 1117
328 1100 1057 1157
329 1117 75 1127
330 1055 293 1119
331 1113 1130 1156
332 1100 1157 1166
333 268 270 1155
334 258 257 1121
335 1075 1076 1167
336 1112 1061 1136
337 264 1068 1122
338 327 1108 1120
339 1064 1126 1161
340 261 1111 1131
341 1085 1086 1123
342 288 1073 1126
343 323 322 1125
344 1094 1063 1166
345 75 76 1127
346 1088 1084 1128
347 254 255 1130
348 1123 312 1138
349 1087 1035 1129
350 285 284 1134
351 276 275 1133
352 310 309 1132
353 1067 1140 1165
354 330 329 1163
355 1108 122 1120
356 315 314 1135
357 323 1125 1145
358 1120 123 1150
359 1067 1110 1140
360 125 330 1163
361 1127 76 1153
362 86 87 1136
363 311 1034 1138
364 1091 1038 1137
365 103 104 1139
366 62 63 1140
367 1073 83 1161
368 64 1111 1165
369 1137 1038 1141
370 271 267 1162
371 1061 290 1152
372 1036 1078 1146
373 304 303 1143
374 324 323 1145
375 1038 1090 1141
376 1077 1079 1147
377 100 101 1144
378 1064 85 1142
379 1063 1100 1166
380 1144 101 1148
381 1054 1089 1146
382 101 102 1148
383 123 124 1150
384 1049 256 1169
385 284 283 1151
386 1140 63 1165
387 263 262 1149
388 1141 1090 1157
389 124 125 1163
390 1150 124 1163
391 76 77 1153
392 1082 1083 1154
393 1095 1075 1167
394 1153 77 1159
395 1082 1154 1160
396 1090 1044 1157
397 71 72 1158
398 77 78 1159
399 1145 1060 1164
400 1042 1082 1160
401 83 84 1161
402 1157 1044 1166
403 1134 284 1151
404 63 64 1165
405 95 96 1168
406 1060 119 1164
407 1044 1094 1166
408 269 27 1155
409 266 272 1162
410 60 1113 1156
411 1111 1067 1165
412 1085 1123 1138
413 1142 1061 1152
414 1130 255 1156
415 1130 1049 1169
416 1126 1073 1161
417 1064 1142 1152
418 254 1130 1169
419 1160 1095 1167
420 1042 1160 1167
421 331 330 126
2 2 2 116
422 1184 1171 1187
423 336 335 1202
424 268 340 1204
425 1191 336 1202
426 1172 1188 1190
427 1193 1174 1203
428 334 333 1206
429 1188 1172 1191
430 1187 1171 1206
431 1172 1190 1197
432 1193 1203 1211
433 337 336 1191
434 1189 1186 1194
435 1194 1186 1198
436 1172 337 1191
437 1171 1184 1202
438 1192 1193 1194
439 339 1197 1204
440 333 1176 1206
441 335 1171 1202
442 1171 334 1206
443 1197 1178 1204
444 1194 1193 1211
445 1170 1192 1194
446 1170 260 1192
447 1183 1181 1198
448 1197 1190 1210
449 1174 1193 1205
450 1185 1188 1191
451 1206 1176 1207
452 28 339 1204
453 1176 1199 1207
454 1175 1201 1207
455 1181 1196 1198
456 1179 1173 1180
457 1186 1183 1198
458 1170 1194 1198
459 258 259 1196
460 1203 1195 1210
461 257 1173 1179
462 1173 258 1196
463 1185 1191 1202
464 260 261 1192
465 1199 1175 1207
466 266 267 1195
467 1190 1203 1210
468 259 1170 1196
469 267 1178 1195
470 267 268 1178
471 1180 1173 1181
472 261 262 1177
473 1187 1206 1207
474 1196 1170 1198
475 1184 1185 1202
476 339 338 1197
477 1180 1181 1182
478 1181 1173 1196
479 333 332 1176
480 256 257 1179
481 338 337 1172
482 1188 1189 1190
483 1182 1184 1187
484 1182 1181 1183
485 257 258 1173
486 1188 1186 1189
487 1180 1182 1201
488 259 260 1170
489 335 334 1171
490 1174 266 1195
491 1185 1183 1186
492 1185 1186 1188
493 1182 1183 1184
494 1184 1183 1185
495 1182 1187 1201
496 265 266 1174
497 251 252 1175
498 250 251 1199
499 1174 1195 1203
500 252 253 1200
501 338 1172 1197
502 1192 1177 1193
503 251 1175 1199
504 1201 1175 1212
505 1175 252 1200
506 1193 1177 1205
507 1199 1176 1208
508 1200 1179 1212
509 261 1177 1192
510 265 1174 1205
511 1179 1200 1209
512 1190 1189 1203
513 1175 1200 1212
514 26 256 1209
515 1205 1177 1213
516 253 26 1209
517 1179 1180 1212
518 332 25 1208
519 25 250 1208
520 264 265 1205
521 1189 1194 1211
522 1195 1178 1210
523 262 263 1213
524 1201 1187 1207
525 1177 262 1213
526 1178 1197 1210
527 250 1199 1208
528 1176 332 1208
529 256 1179 1209
530 263 264 1213
531 1178 268 1204
532 264 1205 1213
533 1200 253 1209
534 1203 1189 1211
535 1180 1201 1212
536 268 27 340
537 340 28 1204
2 3 2 1427
538 319 1578 320
539 1589 1714 1424
540 1556 1557 1531
541 1222 1553 1526
542 1717 1758 1713
543 1557 1594 1531
544 1493 1741 1526
545 1586 1741 1493
546 279 1702 1238
547 1517 1766 1241
548 1234 1555 1519
549 1241 1776 1517
550 1245 1838 1522
551 1256 1758 1717
552 1694 1699 1454
553 1218 1745 1504
554 1522 1763 1245
555 1521 1524 1417
556 1265 1613 1252
557 1551 1613 1265
558 1424 1785 1589
559 1417 1522 1521
560 452 1563 453
561 1508 1767 1754
562 1625 1706 1478
563 1559 1746 1594
564 357 269 27
565 1249 1770 1552
566 1252 1613 270
567 320 1578 1241
568 1520 1538 1232
569 1526 1553 1527
570 1236 1812 1503
571 1503 1773 1236
572 1619 1680 1240
573 1246 1549 1548
574 1246 1548 1547
575 1525 1688 1225
576 1769 1789 1673
577 1799 1822 1686
578 473 1725 33
579 286 1723 287
580 1561 1563 1221
581 1362 1694 1582
582 1725 1791 33
583 1766 1790 322
584 1754 1767 1591
585 1232 1602 1520
586 1560 1561 1221
587 1268 1703 1550
588 1518 1790 1766
589 1582 1693 1362
590 1601 1770 1249
591 1584 1762 1691
592 1324 1599 1598
593 1570 1789 1769
594 1221 1563 452
595 1559 1594 1557
596 1616 1820 1779
597 1467 1689 1602
598 1233 1743 1690
599 357 1760 269
600 1706 1822 1481
601 278 1702 279
602 1362 1699 1694
603 1451 1822 1799
604 1591 1804 1754
605 1524 1725 1417
606 1779 1820 1428
607 1554 1849 1457
608 1539 1541 1235
609 1504 1815 1218
610 1504 1745 1627
611 1535 1788 1242
612 285 1576 286
613 1592 1804 1591
614 1564 1646 1412
615 1242 1811 1535
616 1524 1797 1254
617 1507 1833 1726
618 1544 1588 1545
619 1576 1723 286
620 1500 1694 1454
621 1247 1529 469
622 1575 1576 1239
623 1239 1727 1573
624 1363 1577 1569
625 319 1728 1578
626 468 1556 1247
627 1247 1530 1529
628 1257 1706 1625
629 1598 1720 1324
630 1526 1741 1222
631 1555 1748 1519
632 269 1252 270
633 1225 1749 1525
634 1726 1767 1507
635 1534 1849 1554
636 1478 1706 1481
637 1573 1575 1239
638 1619 1681 1680
639 1603 1777 1230
640 1541 1542 1235
641 1247 1556 1531
642 1604 1777 1603
643 1685 1822 1706
644 127 1686 128
645 1254 1819 1524
646 1655 1735 1607
647 1702 1795 1238
648 1551 1813 1613
649 1588 1778 1545
650 1216 1755 1572
651 1550 1703 1548
652 1239 1576 285
653 1691 1784 1584
654 1574 1697 1679
655 360 1791 1725
656 1698 1810 1797
657 1629 1759 1719
658 1594 1746 1278
659 331 1799 2
660 330 1544 1250
661 1607 1839 1655
662 1775 1802 426
663 1253 1583 1537
664 1759 1818 1719
665 1496 1811 1723
666 1569 1732 1363
667 1761 1777 1498
668 1563 1847 453
669 1451 1799 331
670 1678 1756 1496
671 1694 1808 1581
672 1248 1786 1457
673 1519 1809 1234
674 1544 1545 1250
675 1602 1689 1520
676 1610 1802 1775
677 1686 1822 1685
678 1550 1738 1268
679 1690 1743 1480
680 1467 1602 1479
681 1797 1810 1254
682 287 1723 1242
683 1522 1838 1523
684 269 1261 1252
685 1786 1805 1457
686 1496 1723 1678
687 1417 1725 473
688 1686 1823 128
689 1582 1694 1581
690 1561 1646 1564
691 1265 1843 1551
692 1572 1755 1489
693 1679 1756 1678
694 1622 1775 1227
695 1528 1761 1498
696 1573 1727 1473
697 1725 1819 360
698 1714 1753 1424
699 1521 1797 1524
700 294 1744 1708
701 1214 1808 1771
702 1240 1830 1619
703 1235 1708 1539
704 467 1556 468
705 1679 1697 1290
706 1221 1731 1560
707 1398 1750 1737
708 1412 1853 1564
709 1761 1806 456
710 1227 1824 1622
711 1537 1832 1253
712 1528 1786 1248
713 1417 1763 1522
714 1549 1550 1548
715 1574 1679 1575
716 1251 1788 1535
717 1500 1808 1694
718 301 1593 1236
719 450 1736 1731
720 300 1593 301
721 459 1849 460
722 1746 1751 1282
723 270 1613 271
724 1552 1719 1249
725 469 1529 470
726 329 1544 330
727 1532 1838 1529
728 1220 1800 1533
729 1529 1838 1245
730 1218 1601 431
731 291 1700 292
732 1570 1732 1569
733 1538 1758 1256
734 1600 1616 1223
735 1553 1752 1527
736 1561 1564 1563
737 1223 1615 1600
738 1518 1766 1517
739 1708 1744 1488
740 1715 1791 360
741 1530 1532 1529
742 460 1849 1534
743 1523 1838 1742
744 304 1724 1232
745 1566 1593 300
746 431 1601 432
747 1549 1551 1550
748 1593 1812 1236
749 1512 1722 1537
750 1742 1838 1532
751 292 1700 1214
752 1219 1802 1608
753 1232 1724 1602
754 1253 1584 1583
755 1229 1734 1587
756 1507 1767 1508
757 1562 1736 1616
758 1541 1543 1542
759 1737 1750 1585
760 1570 1769 1732
761 1247 1531 1530
762 1256 1807 1538
763 1579 1700 291
764 1528 1806 1761
765 536 1715 30
766 1543 1711 1673
767 1535 1828 1251
768 461 1741 462
769 1608 1802 1610
770 1560 1731 1562
771 1533 1825 1220
772 317 1555 1234
773 1688 1816 1225
774 457 1248 458
775 463 1586 1226
776 1771 1808 1500
777 1723 1811 1242
778 1541 1711 1543
779 1612 1748 1555
780 1258 1833 1533
781 325 1687 1255
782 1533 1800 1258
783 448 1615 1223
784 1502 1730 1721
785 423 1617 424
786 1726 1833 1258
787 1575 1678 1576
788 1559 1764 1751
789 472 1417 473
790 1731 1736 1562
791 274 1430 275
792 464 1565 465
793 284 1727 1239
794 271 1611 272
795 1248 1806 1528
796 299 1566 300
797 424 1617 1227
798 1538 1807 1232
799 1525 1749 1516
800 316 1612 1555
801 447 1615 448
802 1680 1681 1260
803 290 1579 291
804 1594 1772 1531
805 1548 1703 1459
806 328 1718 1244
807 1559 1751 1746
808 1590 1591 1215
809 1402 1614 1299
810 1762 1814 1691
811 1248 1457 458
812 419 1587 420
813 470 1529 1245
814 1571 1821 1542
815 1453 1778 1588
816 1564 1853 1604
817 281 1729 1259
818 470 1245 471
819 276 1246 277
820 1600 1615 1597
821 280 1729 281
822 1558 1764 1559
823 1584 1585 1583
824 1564 1603 1563
825 324 1687 325
826 1690 1846 1233
827 460 1534 1222
828 423 1782 1617
829 460 1222 461
830 1588 1785 1453
831 1299 1614 1301
832 1415 1618 1501
833 1595 1615 447
834 1457 1805 1554
835 1547 1793 1246
836 1603 1847 1563
837 441 1590 1215
838 455 1761 456
839 1246 1774 1549
840 1618 1619 1501
841 1255 1687 1607
842 315 1612 316
843 309 1705 310
844 1422 1491 1490
845 1499 1777 1604
846 1620 1621 1527
847 1449 1621 1291
848 1705 1743 310
849 1616 1736 1223
850 1597 1615 1595
851 1434 1842 1778
852 1565 1747 465
853 1250 1451 331
854 1543 1571 1542
855 330 1250 331
856 446 1595 447
857 1587 1739 420
858 468 1247 469
859 1397 1618 1415
860 1527 1621 1449
861 1547 1548 1459
862 326 1605 327
863 1510 1635 1622
864 1291 1621 1292
865 1510 1644 1635
866 1465 1631 1405
867 462 1741 1586
868 1295 1297 1296
869 1422 1490 1423
870 1297 1299 1298
871 1534 1554 1553
872 1415 1501 1478
873 1504 1627 1626
874 1395 1623 1398
875 1564 1604 1603
876 1513 1623 1436
877 327 1718 328
878 1297 1620 1402
879 1552 1624 1437
880 1398 1618 1397
881 1580 1582 1581
882 284 1239 285
883 1405 1665 1387
884 1342 1638 1632
885 1301 1422 1303
886 1295 1620 1297
887 1395 1398 1397
888 1415 1478 1434
889 1546 1629 1628
890 1590 1592 1591
891 1501 1625 1478
892 1504 1626 1438
893 1539 1708 1488
894 1635 1644 1373
895 292 1214 293
896 472 1763 1417
897 1394 1395 1393
898 462 1586 463
899 1251 1580 1579
900 1397 1415 1413
901 1297 1402 1299
902 1546 1628 1439
903 1580 1581 1579
904 1244 1588 1544
905 1301 1614 1422
906 1297 1298 1296
907 1631 1665 1405
908 1638 1664 1632
909 1386 1643 1464
910 1392 1393 1391
911 1537 1583 1513
912 1406 1637 1636
913 1394 1623 1395
914 1464 1643 1630
915 1624 1634 1437
916 1292 1295 1294
917 1395 1397 1396
918 1526 1527 1449
919 1721 1730 1483
920 415 1253 416
921 1244 1544 329
922 1299 1301 1300
923 1490 1528 1498
924 1626 1633 1438
925 1512 1513 1436
926 1478 1481 1434
927 1628 1641 1439
928 1383 1643 1386
929 1295 1296 1294
930 1632 1648 1342
931 1288 1636 1448
932 1392 1394 1393
933 1358 1634 1409
934 1251 1579 290
935 1639 1647 1508
936 1448 1636 1536
937 1493 1526 1449
938 1373 1651 1635
939 1299 1300 1298
940 1389 1392 1391
941 1369 1651 1373
942 1366 1633 1410
943 1292 1621 1295
944 323 1243 324
945 1352 1641 1380
946 1395 1396 1393
947 1448 1449 1291
948 1361 1633 1366
949 1419 1640 1506
950 1436 1623 1394
951 1409 1634 1624
952 1355 1634 1358
953 1224 1556 467
954 1311 1646 1313
955 1342 1648 1343
956 430 1218 431
957 1626 1627 1497
958 289 1251 290
959 1389 1391 1390
960 1512 1537 1513
961 1387 1665 1389
962 1336 1647 1639
963 1636 1637 1536
964 1330 1640 1419
965 1410 1633 1626
966 1567 1569 1568
967 1338 1639 1411
968 1320 1645 1428
969 1409 1492 1438
970 1386 1464 1405
971 1349 1641 1352
972 1412 1646 1311
973 1380 1641 1628
974 1288 1448 1291
975 1509 1514 1440
976 1358 1409 1360
977 281 1259 282
978 1492 1504 1438
979 1567 1570 1569
980 1237 1567 1566
981 1452 1552 1437
982 1431 1440 1382
983 1409 1438 1360
984 1415 1434 1413
985 439 1704 440
986 1340 1638 1342
987 1377 1644 1431
988 1288 1291 1289
989 1224 1557 1556
990 1464 1465 1405
991 1506 1533 1505
992 1431 1644 1510
993 279 1238 280
994 1569 1577 1568
995 1380 1452 1437
996 1448 1493 1449
997 1497 1608 1433
998 1410 1433 1368
999 1567 1568 1566
1000 1410 1497 1433
1001 1360 1633 1361
1002 1380 1437 1354
1003 1419 1505 1420
1004 1377 1431 1382
1005 1534 1553 1222
1006 328 1244 329
1007 1649 1652 1370
1008 1431 1509 1440
1009 1485 1652 1649
1010 301 1236 302
1011 1352 1380 1354
1012 1366 1410 1368
1013 1328 1640 1330
1014 1435 1436 1394
1015 1336 1639 1338
1016 1401 1469 1439
1017 1377 1382 1378
1018 1509 1617 1514
1019 1338 1411 1340
1020 1470 1489 1469
1021 1330 1419 1332
1022 1286 1636 1288
1023 1411 1638 1340
1024 1419 1506 1505
1025 1608 1610 1609
1026 287 1242 288
1027 1346 1401 1348
1028 1401 1439 1348
1029 304 1232 305
1030 1358 1360 1359
1031 1469 1546 1439
1032 1369 1373 1371
1033 1374 1377 1376
1034 1366 1368 1367
1035 432 1601 1249
1036 418 1229 419
1037 308 1231 309
1038 1320 1428 1322
1039 1470 1572 1489
1040 1382 1643 1383
1041 1505 1507 1420
1042 1354 1634 1355
1043 1419 1420 1332
1044 1352 1354 1353
1045 316 1555 317
1046 1438 1633 1360
1047 440 1704 1590
1048 1460 1561 1560
1049 1472 1574 1573
1050 1437 1634 1354
1051 1225 1612 315
1052 1255 1607 1606
1053 1387 1389 1388
1054 1397 1413 1396
1055 295 1235 296
1056 317 1234 318
1057 1270 1696 1271
1058 298 1237 299
1059 320 1241 321
1060 454 1230 455
1061 314 1225 315
1062 1628 1629 1452
1063 1355 1358 1357
1064 1237 1566 299
1065 1373 1644 1374
1066 1410 1626 1497
1067 306 1256 307
1068 1401 1470 1469
1069 1508 1647 1420
1070 1338 1340 1339
1071 1373 1374 1371
1072 1383 1386 1385
1073 1348 1641 1349
1074 1439 1641 1348
1075 1244 1589 1588
1076 1386 1405 1387
1077 1409 1624 1492
1078 432 1249 433
1079 1420 1647 1332
1080 1340 1342 1341
1081 1361 1366 1365
1082 443 1258 444
1083 1349 1352 1351
1084 1514 1630 1440
1085 1401 1648 1470
1086 1336 1338 1337
1087 311 1233 312
1088 1608 1609 1433
1089 1610 1622 1609
1090 1313 1646 1460
1091 1374 1644 1377
1092 1630 1709 1464
1093 1346 1348 1347
1094 1368 1369 1367
1095 1343 1648 1346
1096 1284 1406 1286
1097 1460 1560 1461
1098 1470 1648 1632
1099 1313 1460 1315
1100 1590 1704 1592
1101 1343 1346 1345
1102 1380 1628 1452
1103 1377 1378 1376
1104 1554 1752 1553
1105 1330 1332 1331
1106 1328 1330 1329
1107 1560 1562 1461
1108 1322 1324 1323
1109 1333 1336 1335
1110 1366 1367 1365
1111 1360 1361 1359
1112 1358 1359 1357
1113 1255 1606 1605
1114 1511 1512 1436
1115 1368 1651 1369
1116 1460 1646 1561
1117 1354 1355 1353
1118 1325 1328 1327
1119 1460 1461 1315
1120 1316 1645 1320
1121 1352 1353 1351
1122 1609 1651 1433
1123 1382 1383 1378
1124 1320 1322 1321
1125 1291 1292 1289
1126 1286 1288 1287
1127 1599 1600 1597
1128 1333 1647 1336
1129 1431 1510 1509
1130 1348 1349 1347
1131 1338 1339 1337
1132 325 1255 326
1133 1340 1341 1339
1134 1342 1343 1341
1135 427 1219 428
1136 1386 1387 1385
1137 1568 1593 1566
1138 1316 1320 1319
1139 441 1215 442
1140 1507 1508 1420
1141 1346 1347 1345
1142 1635 1651 1609
1143 1414 1642 1495
1144 1336 1337 1335
1145 1346 1648 1401
1146 1408 1662 1456
1147 1374 1376 1375
1148 1369 1371 1370
1149 1470 1632 1572
1150 1406 1636 1286
1151 1332 1333 1331
1152 1330 1331 1329
1153 440 1590 441
1154 435 1217 436
1155 445 1220 446
1156 1392 1435 1394
1157 1440 1643 1382
1158 1328 1329 1327
1159 1324 1325 1323
1160 1408 1456 1455
1161 1322 1323 1321
1162 463 1226 464
1163 1332 1647 1333
1164 1456 1655 1654
1165 1389 1390 1388
1166 1433 1651 1368
1167 1391 1424 1390
1168 1374 1375 1371
1169 1407 1652 1485
1170 1422 1614 1491
1171 1361 1365 1364
1172 1288 1289 1287
1173 1461 1645 1315
1174 1485 1487 1486
1175 1355 1357 1356
1176 1622 1635 1609
1177 421 1228 422
1178 1349 1351 1350
1179 294 1708 295
1180 1343 1345 1344
1181 451 1221 452
1182 1396 1682 1393
1183 1558 1559 1557
1184 1435 1511 1436
1185 1313 1315 1314
1186 1320 1321 1319
1187 1407 1485 1484
1188 438 1216 439
1189 424 1227 425
1190 1442 1525 1516
1191 448 1223 449
1192 1472 1666 1574
1193 1383 1385 1384
1194 1448 1536 1493
1195 129 1432 130
1196 1315 1645 1316
1197 1309 1412 1311
1198 1485 1649 1487
1199 1333 1335 1334
1200 1255 1605 326
1201 1220 1595 446
1202 1418 1477 1476
1203 1369 1370 1367
1204 1598 1599 1597
1205 1229 1587 419
1206 1376 1408 1375
1207 1349 1350 1347
1208 1355 1356 1353
1209 1315 1316 1314
1210 1456 1654 1455
1211 1325 1327 1326
1212 1381 1444 1326
1213 1343 1344 1341
1214 1466 1503 1444
1215 1381 1467 1466
1216 1339 1399 1337
1217 1361 1364 1359
1218 1596 1597 1595
1219 1630 1643 1440
1220 1226 1565 464
1221 1418 1658 1477
1222 1333 1334 1331
1223 1351 1400 1350
1224 1456 1674 1655
1225 1400 1441 1350
1226 1463 1540 1539
1227 1383 1384 1378
1228 1418 1421 1334
1229 1345 1404 1344
1230 1357 1372 1356
1231 1387 1388 1385
1232 1467 1479 1466
1233 1271 1696 1274
1234 1329 1653 1327
1235 1404 1446 1344
1236 1545 1768 1250
1237 1476 1520 1421
1238 1442 1515 1441
1239 1372 1443 1356
1240 1220 1596 1595
1241 1325 1326 1323
1242 1365 1407 1364
1243 1367 1652 1365
1244 1596 1598 1597
1245 1385 1650 1384
1246 1485 1486 1484
1247 1447 1468 1446
1248 1335 1418 1334
1249 1321 1363 1319
1250 466 1224 467
1251 1632 1664 1572
1252 1487 1578 1486
1253 1575 1679 1678
1254 359 1254 358
1255 1400 1442 1441
1256 1316 1319 1318
1257 1381 1466 1444
1258 1327 1381 1326
1259 1292 1294 1293
1260 1347 1656 1345
1261 1404 1447 1446
1262 1407 1445 1364
1263 1418 1476 1421
1264 1476 1538 1520
1265 1372 1458 1443
1266 1484 1519 1445
1267 1447 1480 1468
1268 1337 1658 1335
1269 1442 1516 1515
1270 1388 1650 1385
1271 1408 1455 1426
1272 1574 1575 1573
1273 1455 1654 1518
1274 1353 1657 1351
1275 1455 1518 1517
1276 1408 1426 1375
1277 1407 1484 1445
1278 1331 1661 1329
1279 1345 1656 1404
1280 1376 1662 1408
1281 1316 1318 1314
1282 1341 1660 1339
1283 1422 1423 1303
1284 1351 1657 1400
1285 1370 1652 1367
1286 1365 1652 1407
1287 1327 1653 1381
1288 1381 1653 1467
1289 1371 1668 1370
1290 1378 1662 1376
1291 1359 1659 1357
1292 1301 1302 1300
1293 1335 1658 1418
1294 1350 1656 1347
1295 1323 1663 1321
1296 1673 1789 1543
1297 1657 1669 1400
1298 1356 1657 1353
1299 1313 1314 1312
1300 1357 1659 1372
1301 1821 1854 1542
1302 1472 1573 1473
1303 1444 1663 1326
1304 1311 1313 1312
1305 1399 1658 1337
1306 1455 1517 1426
1307 1390 1429 1388
1308 1442 1669 1525
1309 1389 1665 1392
1310 1298 1693 1296
1311 1391 1682 1424
1312 1339 1660 1399
1313 1274 1427 1276
1314 1370 1668 1649
1315 1344 1660 1341
1316 1334 1661 1331
1317 1441 1656 1350
1318 1384 1662 1378
1319 1660 1675 1399
1320 1364 1659 1359
1321 1429 1650 1388
1322 1329 1661 1653
1323 1435 1631 1511
1324 1284 1286 1285
1325 1421 1661 1334
1326 1443 1657 1356
1327 1295 1621 1620
1328 1414 1495 1494
1329 1326 1663 1323
1330 1446 1660 1344
1331 1462 1500 1454
1332 1321 1663 1363
1333 1656 1671 1404
1334 1296 1642 1294
1335 1659 1677 1372
1336 1279 1282 1281
1337 1446 1675 1660
1338 1443 1669 1657
1339 1494 1496 1450
1340 1309 1311 1310
1341 1445 1659 1364
1342 1224 1558 1557
1343 1379 1454 1305
1344 1292 1293 1289
1345 1393 1682 1391
1346 1286 1287 1285
1347 1243 1687 324
1348 1375 1668 1371
1349 1414 1450 1293
1350 1662 1674 1456
1351 1441 1671 1656
1352 1362 1693 1298
1353 1403 1472 1471
1354 1287 1290 1285
1355 1282 1284 1283
1356 1294 1414 1293
1357 1392 1665 1435
1358 1311 1312 1310
1359 1445 1677 1659
1360 1435 1665 1631
1361 1400 1669 1442
1362 1426 1668 1375
1363 1515 1671 1441
1364 1312 1317 1310
1365 1307 1309 1308
1366 1384 1674 1662
1367 1520 1689 1421
1368 1309 1310 1308
1369 1468 1676 1675
1370 130 1684 131
1371 1650 1674 1384
1372 1404 1671 1447
1373 1432 1686 1685
1374 1289 1667 1287
1375 1414 1494 1450
1376 1540 1541 1539
1377 1294 1642 1414
1378 1453 1682 1396
1379 1372 1677 1458
1380 1468 1675 1446
1381 1318 1672 1314
1382 1463 1670 1540
1383 1495 1535 1494
1384 1301 1303 1302
1385 1284 1285 1283
1386 1490 1498 1423
1387 1282 1283 1281
1388 1519 1677 1445
1389 1314 1672 1312
1390 1471 1502 1416
1391 1304 1307 1306
1392 1432 1684 130
1393 1672 1673 1317
1394 1287 1667 1290
1395 1283 1666 1281
1396 1293 1667 1289
1397 1379 1462 1454
1398 1379 1463 1462
1399 1450 1667 1293
1400 1515 1690 1671
1401 1671 1690 1447
1402 1463 1539 1488
1403 449 1736 450
1404 1661 1689 1653
1405 1658 1683 1477
1406 1472 1473 1471
1407 1307 1308 1306
1408 1669 1688 1525
1409 1300 1362 1298
1410 1458 1688 1443
1411 1710 1712 1307
1412 1421 1689 1661
1413 1403 1666 1472
1414 1403 1416 1280
1415 1443 1688 1669
1416 133 1240 134
1417 1426 1695 1668
1418 1430 1774 275
1419 1399 1683 1658
1420 1312 1672 1317
1421 1617 1782 1514
1422 1447 1690 1480
1423 1230 1777 1761
1424 1676 1683 1675
1425 1653 1689 1467
1426 1306 1379 1305
1427 1281 1666 1403
1428 1463 1488 1462
1429 1413 1453 1396
1430 1668 1695 1649
1431 1649 1695 1487
1432 1675 1683 1399
1433 1308 1670 1306
1434 1234 1728 318
1435 131 1257 132
1436 134 1680 135
1437 1281 1403 1280
1438 1403 1471 1416
1439 1306 1670 1379
1440 1277 1692 1275
1441 1666 1697 1574
1442 1616 1779 1562
1443 1279 1281 1280
1444 1304 1305 1302
1445 136 1691 137
1446 1304 1306 1305
1447 1290 1697 1285
1448 1499 1712 1710
1449 1309 1712 1412
1450 1379 1670 1463
1451 135 1260 136
1452 1517 1695 1426
1453 1279 1280 1277
1454 1578 1776 1241
1455 1296 1693 1642
1456 1303 1304 1302
1457 1581 1700 1579
1458 1425 1459 1272
1459 1276 1278 1277
1460 1278 1279 1277
1461 1285 1697 1283
1462 1317 1711 1701
1463 1482 1547 1459
1464 1283 1697 1666
1465 1274 1696 1427
1466 1317 1701 1310
1467 1527 1752 1620
1468 131 1684 1257
1469 1276 1277 1275
1470 1670 1701 1540
1471 1244 1718 1589
1472 1308 1701 1670
1473 1454 1699 1305
1474 1432 1685 1684
1475 1749 1803 1516
1476 1274 1276 1275
1477 1416 1692 1280
1478 1310 1701 1308
1479 1302 1699 1300
1480 1722 1832 1537
1481 1280 1692 1277
1482 1701 1711 1540
1483 1240 1680 134
1484 1745 1757 1627
1485 1480 1743 1705
1486 1231 1705 309
1487 1216 1704 439
1488 1300 1699 1362
1489 1498 1499 1423
1490 293 1744 294
1491 1589 1718 1714
1492 1304 1710 1307
1493 1464 1709 1465
1494 1714 1718 1605
1495 295 1708 1235
1496 1305 1699 1302
1497 135 1680 1260
1498 1271 1274 1273
1499 1229 1836 1734
1500 1452 1719 1552
1501 1263 1474 1266
1502 1237 1821 1571
1503 1274 1275 1273
1504 1260 1691 136
1505 1328 1720 1640
1506 1673 1711 1317
1507 1465 1734 1631
1508 1459 1703 1272
1509 1324 1720 1325
1510 1307 1712 1309
1511 1425 1482 1459
1512 1499 1710 1423
1513 1502 1721 1416
1514 1423 1710 1303
1515 271 1613 1611
1516 1540 1711 1541
1517 1425 1483 1482
1518 1398 1737 1618
1519 1778 1842 1545
1520 1606 1714 1605
1521 1303 1710 1304
1522 1273 1425 1272
1523 1261 1698 1263
1524 1271 1272 1269
1525 1683 1713 1477
1526 311 1743 1233
1527 1263 1698 1474
1528 1676 1713 1683
1529 1256 1717 307
1530 1236 1733 302
1531 1482 1702 1547
1532 303 1724 304
1533 1578 1728 1486
1534 307 1717 308
1535 1692 1707 1275
1536 1269 1703 1268
1537 1271 1273 1272
1538 1605 1718 327
1539 1684 1706 1257
1540 1474 1521 1475
1541 1685 1706 1684
1542 1275 1707 1273
1543 1272 1703 1269
1544 1585 1750 1583
1545 1363 1732 1319
1546 1267 1270 1269
1547 1222 1741 461
1548 1273 1707 1425
1549 1554 1781 1752
1550 1623 1750 1398
1551 1262 1738 1265
1552 1425 1707 1483
1553 1474 1475 1266
1554 1600 1820 1616
1555 1270 1271 1269
1556 471 1763 472
1557 450 1731 451
1558 1583 1750 1513
1559 1522 1523 1475
1560 1602 1724 1479
1561 1245 1763 471
1562 308 1717 1231
1563 1692 1721 1707
1564 1429 1735 1650
1565 1654 1839 1243
1566 1674 1735 1655
1567 1629 1719 1452
1568 1521 1522 1475
1569 269 1760 1261
1570 1267 1268 1264
1571 314 1749 1225
1572 436 1740 437
1573 1325 1720 1328
1574 1604 1853 1499
1575 1253 1762 1584
1576 1612 1816 1748
1577 1740 1755 437
1578 1707 1721 1483
1579 1503 1812 1577
1580 418 1722 1229
1581 1267 1269 1268
1582 1262 1265 1252
1583 417 1722 418
1584 465 1747 466
1585 1261 1262 1252
1586 1508 1754 1639
1587 1363 1844 1577
1588 1264 1738 1262
1589 1589 1785 1588
1590 466 1747 1224
1591 1282 1751 1284
1592 1279 1746 1282
1593 1243 1790 1654
1594 1678 1723 1576
1595 442 1726 443
1596 1610 1775 1622
1597 1619 1737 1681
1598 443 1726 1258
1599 1416 1721 1692
1600 1290 1756 1679
1601 276 1774 1246
1602 1266 1267 1264
1603 1519 1748 1677
1604 1263 1266 1264
1605 1577 1844 1503
1606 1253 1832 416
1607 283 1727 284
1608 1496 1756 1450
1609 1390 1753 1429
1610 1215 1726 442
1611 1681 1737 1585
1612 1219 1757 428
1613 1238 1729 280
1614 318 1728 319
1615 1476 1758 1538
1616 415 1762 1253
1617 451 1731 1221
1618 1475 1716 1266
1619 1498 1777 1499
1620 289 1788 1251
1621 1267 1716 1270
1622 302 1733 303
1623 1319 1732 1318
1624 321 1766 322
1625 1278 1772 1594
1626 1667 1756 1290
1627 1552 1770 1624
1628 1523 1716 1475
1629 1238 1730 1729
1630 1716 1742 1270
1631 1614 1781 1491
1632 1700 1808 1214
1633 1655 1839 1654
1634 1713 1758 1477
1635 1242 1788 288
1636 1266 1716 1267
1637 1523 1742 1716
1638 1490 1786 1528
1639 435 1759 1217
1640 1631 1734 1511
1641 1720 1792 1640
1642 1542 1854 1235
1643 1618 1737 1619
1644 1263 1264 1262
1645 1650 1735 1674
1646 1572 1848 1216
1647 438 1755 1216
1648 1223 1736 449
1649 421 1739 1228
1650 1261 1263 1262
1651 420 1739 421
1652 1698 1797 1474
1653 1687 1839 1607
1654 1217 1740 436
1655 1794 1827 1637
1656 30 1715 344
1657 1215 1767 1726
1658 1582 1787 1693
1659 1489 1755 1740
1660 1487 1776 1578
1661 1617 1824 1227
1662 1270 1742 1696
1663 1672 1769 1673
1664 1228 1739 1709
1665 1645 1779 1428
1666 1727 1765 1473
1667 282 1765 283
1668 1488 1771 1462
1669 1562 1779 1461
1670 1276 1772 1278
1671 1214 1744 293
1672 458 1849 459
1673 1654 1790 1518
1674 310 1743 311
1675 1434 1778 1413
1676 425 1775 426
1677 1724 1733 1479
1678 1233 1803 312
1679 303 1733 1724
1680 1457 1849 458
1681 1598 1792 1720
1682 1625 1780 1257
1683 445 1800 1220
1684 430 1745 1218
1685 429 1745 430
1686 1630 1845 1709
1687 1260 1784 1691
1688 1638 1804 1664
1689 1224 1747 1558
1690 1524 1819 1725
1691 313 1749 314
1692 1324 1850 1599
1693 322 1790 323
1694 1622 1824 1510
1695 1677 1748 1458
1696 1513 1750 1623
1697 1517 1776 1695
1698 1664 1804 1592
1699 358 1810 357
1700 1682 1785 1424
1701 1278 1746 1279
1702 133 1780 1240
1703 1619 1830 1501
1704 1257 1780 132
1705 1261 1760 1698
1706 1268 1738 1264
1707 1471 1783 1502
1708 1580 1787 1582
1709 1781 1805 1491
1710 429 1757 1745
1711 1709 1845 1228
1712 1480 1796 1468
1713 1230 1847 1603
1714 1693 1787 1642
1715 1713 1841 1717
1716 1489 1801 1469
1717 1284 1751 1406
1718 1620 1752 1402
1719 306 1807 1256
1720 1772 1837 1531
1721 1577 1812 1568
1722 1705 1796 1480
1723 1484 1809 1519
1724 1432 1823 1686
1725 1732 1769 1318
1726 3 1823 129
1727 128 1823 3
1728 1509 1824 1617
1729 1606 1753 1714
1730 1533 1833 1505
1731 283 1765 1727
1732 1232 1807 305
1733 359 1819 1254
1734 1235 1854 296
1735 1639 1754 1411
1736 1704 1848 1592
1737 1751 1764 1406
1738 1503 1844 1444
1739 298 1821 1237
1740 1424 1753 1390
1741 1535 1811 1494
1742 437 1755 438
1743 4 1814 414
1744 428 1757 429
1745 1492 1815 1504
1746 1532 1798 1742
1747 1663 1844 1363
1748 1515 1846 1690
1749 1592 1848 1664
1750 1466 1773 1503
1751 1608 1817 1219
1752 1450 1756 1667
1753 434 1759 435
1754 137 1814 4
1755 1477 1758 1476
1756 1258 1800 444
1757 274 1831 1430
1758 1571 1834 1237
1759 1234 1809 1728
1760 1499 1853 1712
1761 1565 1827 1794
1762 454 1847 1230
1763 1744 1771 1488
1764 1482 1795 1702
1765 1430 1831 1611
1766 1406 1764 1637
1767 1230 1761 455
1768 414 1762 415
1769 1228 1782 422
1770 1259 1765 282
1771 1580 1828 1787
1772 417 1832 1722
1773 1530 1798 1532
1774 1249 1818 433
1775 1740 1801 1489
1776 1497 1817 1608
1777 1479 1773 1466
1778 1596 1792 1598
1779 1742 1798 1696
1780 1752 1781 1402
1781 1225 1816 1612
1782 1430 1829 1774
1783 1664 1848 1572
1784 1585 1784 1681
1785 1753 1840 1429
1786 1465 1826 1734
1787 313 1803 1749
1788 1591 1767 1215
1789 1246 1793 277
1790 1502 1852 1730
1791 1567 1834 1570
1792 1584 1784 1585
1793 1241 1766 321
1794 1611 1831 272
1795 1493 1835 1586
1796 1231 1796 1705
1797 1218 1815 1601
1798 1233 1846 1803
1799 1734 1836 1511
1800 1719 1818 1249
1801 1250 1768 1451
1802 1624 1770 1492
1803 1318 1769 1672
1804 1765 1783 1473
1805 1236 1773 1733
1806 1681 1784 1260
1807 272 1831 273
1808 1462 1771 1500
1809 1748 1816 1458
1810 1427 1772 1276
1811 1596 1825 1792
1812 1754 1804 1411
1813 1730 1795 1483
1814 1728 1809 1486
1815 1733 1773 1479
1816 277 1793 278
1817 1730 1852 1729
1818 275 1774 276
1819 1402 1781 1614
1820 1227 1775 425
1821 357 1810 1760
1822 1695 1776 1487
1823 1413 1778 1453
1824 1231 1841 1796
1825 1238 1795 1730
1826 1461 1779 1645
1827 127 1799 1686
1828 1734 1826 1587
1829 1251 1828 1580
1830 426 1802 427
1831 1780 1830 1240
1832 278 1793 1702
1833 434 1818 1759
1834 1481 1822 1768
1835 132 1780 133
1836 1565 1794 1747
1837 1586 1835 1226
1838 1611 1813 1430
1839 1606 1840 1753
1840 1491 1786 1490
1841 422 1782 423
1842 1530 1837 1798
1843 1551 1843 1550
1844 1642 1787 1495
1845 1473 1783 1471
1846 1543 1789 1571
1847 1322 1850 1324
1848 288 1788 289
1849 1220 1825 1596
1850 1214 1771 1744
1851 1453 1785 1682
1852 2 1799 127
1853 1545 1842 1768
1854 323 1790 1243
1855 1640 1792 1506
1856 1827 1835 1536
1857 1764 1794 1637
1858 456 1806 457
1859 1550 1843 1738
1860 1468 1796 1676
1861 273 1831 274
1862 1474 1797 1521
1863 1226 1835 1827
1864 444 1800 445
1865 1783 1852 1502
1866 1554 1805 1781
1867 1512 1836 1722
1868 1722 1836 1229
1869 1702 1793 1547
1870 1483 1795 1482
1871 1696 1798 1427
1872 1469 1801 1546
1873 1787 1828 1495
1874 1587 1826 1739
1875 312 1803 313
1876 427 1802 1219
1877 1411 1804 1638
1878 1429 1840 1735
1879 1491 1805 1786
1880 1627 1817 1497
1881 1709 1826 1465
1882 1792 1825 1506
1883 1570 1834 1789
1884 305 1807 306
1885 1531 1837 1530
1886 1549 1829 1551
1887 1486 1809 1484
1888 1259 1783 1765
1889 1801 1851 1546
1890 1217 1851 1801
1891 1581 1808 1700
1892 457 1806 1248
1893 1796 1841 1676
1894 1613 1813 1611
1895 1568 1812 1593
1896 1637 1827 1536
1897 1219 1817 1757
1898 1717 1841 1231
1899 1494 1811 1496
1900 433 1818 434
1901 1458 1816 1688
1902 33 1791 536
1903 1691 1814 137
1904 297 1821 298
1905 1599 1820 1600
1906 1798 1837 1427
1907 1237 1834 1567
1908 1428 1850 1322
1909 129 1823 1432
1910 1506 1825 1533
1911 1510 1824 1509
1912 1501 1830 1625
1913 360 1819 359
1914 1760 1810 1698
1915 1226 1827 1565
1916 1747 1794 1558
1917 1495 1828 1535
1918 414 1814 1762
1919 1739 1826 1709
1920 416 1832 417
1921 1601 1815 1770
1922 1505 1833 1507
1923 1735 1840 1607
1924 1536 1835 1493
1925 1511 1836 1512
1926 1217 1801 1740
1927 1607 1840 1606
1928 1546 1851 1629
1929 1243 1839 1687
1930 1514 1845 1630
1931 453 1847 454
1932 1712 1853 1412
1933 1481 1842 1434
1934 1444 1844 1663
1935 296 1854 297
1936 1516 1846 1515
1937 1625 1830 1780
1938 1558 1794 1764
1939 1676 1841 1713
1940 297 1854 1821
1941 1813 1829 1430
1942 1759 1851 1217
1943 1254 1810 358
1944 1216 1848 1704
1945 1803 1846 1516
1946 1228 1845 1782
1947 1757 1817 1627
1948 1738 1843 1265
1949 1551 1829 1813
1950 1729 1852 1259
1951 1774 1829 1549
1952 1259 1852 1783
1953 1770 1815 1492
1954 1768 1822 1451
1955 1629 1851 1759
1956 1427 1837 1772
1957 1768 1842 1481
1958 1782 1845 1514
1959 536 1791 1715
1960 1789 1834 1571
1961 1820 1850 1428
1962 1599 1850 1820
1963 344 1715 29
1964 29 1715 360
2 4 2 17
1965 340 27 1856
1966 342 341 1855
1967 358 359 1857
1968 343 342 1857
1969 357 341 1856
1970 360 29 1858
1971 358 342 1855
1972 1857 359 1858
1973 341 357 1855
1974 29 343 1858
1975 343 1857 1858
1976 342 358 1857
1977 359 360 1858
1978 27 357 1856
1979 341 28 1856
1980 357 358 1855
1981 28 340 1856
2 5 2 122
1982 1868 1877 1901
1983 249 332 1868
1984 1883 1868 1901
1985 1880 345 1882
1986 343 29 1896
1987 1867 1891 1896
1988 1884 1874 1889
1989 1868 332 1895
1990 1877 1868 1895
1991 1870 1871 1873
1992 1867 344 1880
1993 1891 1869 1896
1994 332 249 25
1995 1874 1864 1889
1996 347 1880 1882
1997 1873 1871 1884
1998 1875 1864 1878
1999 350 1861 1870
2000 1863 1884 1889
2001 1859 1892 1893
2002 1892 1885 1893
2003 1870 1861 1871
2004 1864 336 1889
2005 1863 1881 1885
2006 335 1864 1875
2007 1871 1874 1884
2008 1884 1863 1885
2009 1878 1864 1899
2010 349 350 1870
2011 1864 1874 1899
2012 334 335 1875
2013 1860 353 1888
2014 1859 343 1869
2015 338 339 1881
2016 1891 1867 1897
2017 1863 338 1881
2018 1869 343 1896
2019 332 333 1895
2020 1871 1861 1872
2021 1879 1865 1901
2022 337 338 1863
2023 353 354 1888
2024 1877 1876 1879
2025 1862 1875 1876
2026 348 349 1866
2027 1876 1875 1878
2028 333 334 1862
2029 1862 1876 1877
2030 1862 334 1875
2031 335 336 1864
2032 247 248 1883
2033 1866 349 1870
2034 248 1868 1883
2035 355 356 1865
2036 1866 1870 1873
2037 248 249 1868
2038 1871 1872 1874
2039 350 351 1861
2040 352 353 1860
2041 339 28 1890
2042 1876 1878 1886
2043 336 337 1889
2044 1866 1873 1892
2045 356 24 1900
2046 24 247 1900
2047 1869 1891 1902
2048 1872 1861 1887
2049 1865 1879 1898
2050 342 343 1859
2051 351 352 1887
2052 1866 1892 1902
2053 1873 1884 1885
2054 1886 1860 1888
2055 1886 1878 1894
2056 1861 351 1887
2057 1873 1885 1892
2058 1865 1900 1901
2059 1879 1876 1886
2060 1881 339 1890
2061 1862 1877 1895
2062 352 1860 1887
2063 1880 347 1897
2064 28 341 1890
2065 1859 1869 1892
2066 337 1863 1889
2067 1877 1879 1901
2068 347 348 1891
2069 1900 1883 1901
2070 1892 1869 1902
2071 348 1866 1902
2072 1879 1886 1888
2073 1867 1880 1897
2074 1891 348 1902
2075 1860 1886 1894
2076 354 355 1898
2077 1894 1878 1899
2078 1885 1881 1893
2079 333 1862 1895
2080 1865 356 1900
2081 1872 1887 1894
2082 1888 354 1898
2083 1872 1894 1899
2084 1881 1890 1893
2085 1887 1860 1894
2086 247 1883 1900
2087 1890 341 1903
2088 355 1865 1898
2089 1874 1872 1899
2090 342 1859 1903
2091 1879 1888 1898
2092 31 346 1882
2093 346 32 1882
2094 341 342 1903
2095 1893 1890 1903
2096 1859 1893 1903
2097 347 1891 1897
2098 30 345 1880
2099 29 1867 1896
2100 29 344 1867
2101 32 347 1882
2102 344 30 1880
2103 345 31 1882
2 6 2 102
2104 1921 1909 1922
2105 1917 1904 1919
2106 1912 347 1929
2107 1919 1904 1932
2108 1909 1921 1924
2109 1914 1908 1930
2110 372 371 1936
2111 1925 1922 1927
2112 1925 1911 1926
2113 347 32 1929
2114 1908 1914 1936
2115 35 371 372
2116 1913 1907 1925
2117 1926 1911 1928
2118 354 1907 1913
2119 1907 1922 1925
2120 1906 1926 1928
2121 1914 372 1936
2122 1908 1916 1919
2123 364 363 1927
2124 368 1910 1916
2125 1911 1925 1927
2126 1920 1921 1922
2127 365 1909 1924
2128 366 365 1924
2129 1908 1919 1930
2130 352 1905 1920
2131 1916 1910 1917
2132 369 368 1916
2133 1920 1905 1921
2134 350 1904 1923
2135 1906 1928 1933
2136 355 1913 1915
2137 1909 364 1927
2138 363 1911 1927
2139 1912 1919 1932
2140 353 352 1920
2141 351 350 1923
2142 1913 1925 1926
2143 1915 1913 1937
2144 1912 1929 1930
2145 1922 1909 1927
2146 1916 1917 1919
2147 1917 1910 1918
2148 356 355 1915
2149 1904 1917 1940
2150 373 372 1914
2151 355 354 1913
2152 1929 1914 1930
2153 1913 1926 1937
2154 363 362 1911
2155 1908 369 1916
2156 368 367 1910
2157 365 364 1909
2158 370 369 1908
2159 354 353 1907
2160 1905 351 1923
2161 1919 1912 1930
2162 348 347 1912
2163 352 351 1905
2164 350 349 1904
2165 1907 353 1920
2166 1907 1920 1922
2167 1911 362 1928
2168 244 245 1906
2169 366 1924 1931
2170 362 361 1928
2171 1918 1910 1931
2172 370 1908 1936
2173 367 366 1931
2174 1921 1905 1938
2175 361 23 1933
2176 32 373 1929
2177 23 244 1933
2178 373 1914 1929
2179 1918 1938 1940
2180 1910 367 1931
2181 1938 1923 1940
2182 24 356 1939
2183 1906 245 1934
2184 1935 1921 1938
2185 349 348 1932
2186 1904 349 1932
2187 1923 1904 1940
2188 246 24 1939
2189 348 1912 1932
2190 1926 1906 1937
2191 244 1906 1933
2192 1917 1918 1940
2193 1918 1931 1935
2194 1924 1921 1935
2195 356 1915 1939
2196 1928 361 1933
2197 245 246 1934
2198 371 370 1936
2199 1931 1924 1935
2200 1905 1923 1938
2201 1906 1934 1937
2202 1934 246 1939
2203 1918 1935 1938
2204 1934 1915 1937
2205 1915 1934 1939
2 7 2 77
2206 1941 1955 1959
2207 1955 1950 1959
2208 1949 1955 1960
2209 1955 1941 1960
2210 391 1943 1953
2211 401 400 1949
2212 1947 1942 1958
2213 1949 400 1955
2214 1946 396 1957
2215 361 243 23
2216 1942 1947 1964
2217 243 361 1948
2218 388 401 1949
2219 1943 1951 1953
2220 392 391 1953
2221 1958 1945 1961
2222 1944 1950 1954
2223 1950 398 1954
2224 40 401 388
2225 1952 1946 1957
2226 1943 1948 1962
2227 1947 1958 1961
2228 1948 1943 1963
2229 396 395 1957
2230 1952 367 1956
2231 1948 361 1962
2232 366 367 1952
2233 399 1950 1955
2234 1946 1952 1956
2235 363 1942 1951
2236 35 389 1960
2237 1950 1944 1959
2238 365 1945 1958
2239 389 388 1949
2240 397 396 1946
2241 394 393 1947
2242 391 390 1943
2243 399 398 1950
2244 398 397 1954
2245 1951 1942 1953
2246 370 371 1941
2247 371 35 1960
2248 363 364 1942
2249 362 363 1951
2250 368 369 1944
2251 365 366 1945
2252 1945 366 1952
2253 1944 1954 1956
2254 368 1944 1956
2255 1942 364 1958
2256 1951 1943 1962
2257 361 362 1962
2258 397 1946 1954
2259 395 394 1961
2260 242 243 1948
2261 400 399 1955
2262 367 368 1956
2263 1954 1946 1956
2264 1953 1942 1964
2265 369 370 1959
2266 1944 369 1959
2267 390 22 1963
2268 1957 395 1961
2269 364 365 1958
2270 1945 1952 1957
2271 370 1941 1959
2272 22 242 1963
2273 389 1949 1960
2274 393 392 1964
2275 1943 390 1963
2276 1941 371 1960
2277 392 1953 1964
2278 394 1947 1961
2279 362 1951 1962
2280 1945 1957 1961
2281 1947 393 1964
2282 242 1948 1963
2 8 2 57
2283 22 390 1976
2284 402 21 1976
2285 392 393 1971
2286 404 403 1973
2287 387 386 1965
2288 386 39 1965
2289 405 404 1971
2290 403 402 1975
2291 400 1966 1967
2292 400 401 1966
2293 390 391 1975
2294 21 241 1976
2295 1966 412 1967
2296 39 413 1965
2297 399 400 1967
2298 399 1967 1968
2299 401 40 1969
2300 393 394 1974
2301 406 405 1974
2302 412 411 1967
2303 1967 411 1968
2304 413 412 1966
2305 398 399 1968
2306 411 410 1968
2307 410 409 1970
2308 1965 1966 1969
2309 398 1968 1970
2310 1966 401 1969
2311 1968 410 1970
2312 1972 408 1977
2313 1970 409 1972
2314 392 404 1973
2315 397 398 1970
2316 409 408 1972
2317 40 387 1969
2318 395 407 1978
2319 390 402 1976
2320 407 395 1977
2321 1965 413 1966
2322 387 1965 1969
2323 402 390 1975
2324 396 1972 1977
2325 397 1970 1972
2326 393 405 1971
2327 394 395 1978
2328 396 397 1972
2329 407 406 1978
2330 404 392 1971
2331 394 406 1974
2332 408 407 1977
2333 403 391 1973
2334 395 396 1977
2335 405 393 1974
2336 406 394 1978
2337 391 403 1975
2338 391 392 1973
2339 241 22 1976
2 9 2 31
2340 381 40 380
2341 386 385 39
2342 374 32 346
2343 385 382 1979
2344 385 386 382
2345 381 37 1981
2346 36 35 377
2347 383 384 1979
2348 386 387 1980
2349 387 40 1981
2350 40 381 1981
2351 37 382 1980
2352 382 386 1980
2353 37 1980 1981
2354 1980 387 1981
2355 31 374 346
2356 35 372 377
2357 40 388 380
2358 388 389 379
2359 382 383 1979
2360 384 385 1979
2361 32 374 373
2362 36 389 35
2363 389 36 378
2364 384 383 38
2365 372 373 376
2366 372 376 377
2367 373 374 375
2368 373 375 376
2369 379 389 378
2370 380 388 379
2 10 2 26
2371 374 474 1982
2372 374 375 1984
2373 476 377 1987
2374 1985 477 1987
2375 477 476 1987
2376 536 30 1986
2377 30 345 1986
2378 377 36 1985
2379 475 375 1983
2380 31 1982 1986
2381 33 536 1982
2382 376 476 1983
2383 375 475 1984
2384 474 374 1984
2385 1982 536 1986
2386 36 537 1985
2387 377 1985 1987
2388 345 31 1986
2389 474 33 1982
2390 375 376 1983
2391 475 474 1984
2392 476 475 1983
2393 31 374 1982
2394 34 477 1985
2395 537 34 1985
2396 476 376 377
2 11 2 539
2397 2102 2103 2139
2398 2043 2042 2063
2399 2103 2009 2139
2400 2074 2108 2159
2401 2108 2034 2159
2402 2078 1999 2112
2403 2145 2119 2152
2404 2144 2060 2174
2405 2129 2025 2131
2406 2053 2045 2072
2407 1991 2088 2163
2408 2077 2078 2112
2409 2042 473 2162
2410 2061 2145 2152
2411 2044 2144 2174
2412 472 473 2042
2413 2088 2045 2163
2414 2043 2063 2090
2415 2029 460 2072
2416 2116 2150 2151
2417 2150 2033 2151
2418 2054 1991 2163
2419 1991 2054 2180
2420 2065 2064 2115
2421 459 460 2029
2422 2063 2042 2162
2423 500 501 2076
2424 463 464 2107
2425 2161 2068 2171
2426 2045 2029 2072
2427 2087 2030 2139
2428 2096 2122 2142
2429 2122 1995 2142
2430 2046 500 2076
2431 2077 2112 2193
2432 501 2018 2076
2433 2025 2104 2131
2434 2068 2067 2171
2435 2121 2052 2193
2436 2021 479 2059
2437 2078 2129 2131
2438 2047 463 2107
2439 2012 2084 2155
2440 2082 2148 2149
2441 2088 1991 2164
2442 2058 2038 2136
2443 2148 2031 2149
2444 2069 2061 2094
2445 2115 2064 2185
2446 2100 2019 2167
2447 2045 2053 2163
2448 2016 426 2074
2449 2014 2147 2153
2450 2030 2102 2139
2451 1992 484 2064
2452 2030 2087 2135
2453 2084 2012 2157
2454 2112 1998 2193
2455 464 2005 2107
2456 2147 2103 2153
2457 2028 2135 2156
2458 2068 1990 2145
2459 2107 2005 2115
2460 1999 2078 2131
2461 2059 2060 2144
2462 1992 2064 2065
2463 2055 457 2186
2464 474 473 33
2465 461 2002 2072
2466 2019 2100 2179
2467 432 2035 2092
2468 457 2154 2186
2469 460 461 2072
2470 431 432 2092
2471 2140 2008 2143
2472 426 427 2074
2473 473 474 2162
2474 2089 2104 2127
2475 456 457 2055
2476 1990 2119 2145
2477 2002 2053 2072
2478 499 500 2046
2479 1994 493 2073
2480 2135 2087 2156
2481 1998 2121 2193
2482 2104 2025 2127
2483 462 463 2047
2484 2033 2084 2151
2485 1996 2097 2183
2486 2089 2026 2128
2487 444 2001 2075
2488 2040 2114 2169
2489 419 420 2117
2490 2041 2108 2172
2491 496 2023 2095
2492 2076 2018 2077
2493 1996 2095 2097
2494 2075 2001 2089
2495 2114 2040 2168
2496 2115 2005 2188
2497 2054 2178 2180
2498 2075 2089 2128
2499 2091 2140 2143
2500 2054 2126 2178
2501 2076 2077 2193
2502 2093 2040 2169
2503 2012 2093 2157
2504 434 2011 2083
2505 2052 2076 2193
2506 479 480 2059
2507 2108 2041 2175
2508 2009 533 2086
2509 484 485 2064
2510 2062 431 2092
2511 476 477 2063
2512 495 496 2095
2513 439 2027 2091
2514 1989 472 2042
2515 2158 2123 2160
2516 2071 2165 2166
2517 2034 524 2109
2518 2061 2007 2094
2519 2070 2019 2071
2520 2032 419 2117
2521 2097 2057 2183
2522 430 431 2062
2523 524 525 2109
2524 2094 482 2118
2525 482 483 2118
2526 2069 2094 2118
2527 2052 2121 2192
2528 475 476 2063
2529 2017 2123 2158
2530 438 439 2091
2531 2110 2071 2166
2532 2030 417 2102
2533 2057 2097 2098
2534 2026 2089 2127
2535 493 494 2073
2536 1989 2042 2043
2537 471 472 1989
2538 2036 526 2099
2539 421 2019 2070
2540 1992 2065 2066
2541 510 2008 2106
2542 2040 2093 2170
2543 443 444 2075
2544 2095 2023 2096
2545 2024 451 2101
2546 492 1994 2133
2547 2079 2004 2080
2548 2081 438 2091
2549 433 434 2083
2550 414 415 2028
2551 491 492 2133
2552 2007 481 2094
2553 533 534 2086
2554 420 2070 2117
2555 509 510 2106
2556 436 2013 2105
2557 2056 2177 2183
2558 2100 2017 2158
2559 437 438 2081
2560 2069 2068 2145
2561 417 418 2102
2562 442 2004 2079
2563 2077 2018 2078
2564 2084 2033 2155
2565 490 491 2010
2566 2089 2001 2104
2567 440 441 2111
2568 441 2079 2111
2569 478 479 2021
2570 1990 2068 2161
2571 534 535 2003
2572 2062 2092 2093
2573 483 1992 2118
2574 447 448 2112
2575 1999 447 2112
2576 2104 2001 2120
2577 526 527 2099
2578 534 2003 2086
2579 451 452 2101
2580 469 470 2000
2581 2016 2159 2160
2582 2015 456 2055
2583 469 2000 2119
2584 2056 2055 2058
2585 435 436 2105
2586 2070 2071 2110
2587 2066 2065 2067
2588 2086 2003 2087
2589 467 468 1990
2590 480 2007 2059
2591 2093 2092 2157
2592 475 2063 2162
2593 2002 2048 2053
2594 2095 2096 2097
2595 2059 2007 2060
2596 488 489 1991
2597 492 493 1994
2598 464 465 2005
2599 496 497 2023
2600 468 469 2119
2601 494 495 1996
2602 2009 2103 2147
2603 2015 2055 2056
2604 428 429 2113
2605 2066 2067 2068
2606 2002 462 2047
2607 2044 2043 2189
2608 2053 2048 2054
2609 452 453 1995
2610 2140 2027 2141
2611 429 2020 2113
2612 480 481 2007
2613 481 482 2094
2614 485 1993 2064
2615 485 486 1993
2616 483 484 1992
2617 2002 2047 2048
2618 425 426 2016
2619 2049 2047 2107
2620 418 419 2032
2621 461 462 2002
2622 527 528 2039
2623 2099 2039 2100
2624 452 1995 2101
2625 420 421 2070
2626 527 2039 2099
2627 1996 495 2095
2628 1997 2050 2051
2629 519 520 2040
2630 532 533 2009
2631 2048 2047 2049
2632 503 504 2025
2633 525 2036 2109
2634 494 1996 2073
2635 450 451 2024
2636 523 524 2034
2637 525 526 2036
2638 501 502 2018
2639 521 522 2041
2640 510 511 2008
2641 441 442 2079
2642 513 514 2031
2643 418 2032 2102
2644 530 531 2014
2645 2066 2068 2069
2646 517 518 2012
2647 427 428 2022
2648 505 506 2026
2649 508 509 2006
2650 498 499 1997
2651 2006 509 2106
2652 2004 443 2075
2653 2011 435 2105
2654 434 435 2011
2655 416 417 2030
2656 515 516 2033
2657 432 433 2035
2658 2035 2083 2084
2659 2050 2046 2052
2660 2013 437 2081
2661 2035 433 2083
2662 423 424 2017
2663 1997 2046 2050
2664 446 447 1999
2665 442 443 2004
2666 505 2026 2127
2667 436 437 2013
2668 455 456 2015
2669 1997 499 2046
2670 448 449 1998
2671 427 2022 2074
2672 439 440 2027
2673 2052 2046 2076
2674 2013 2081 2082
2675 2063 477 2090
2676 444 445 2001
2677 2080 2004 2128
2678 2060 2007 2061
2679 2074 2022 2108
2680 421 422 2019
2681 429 430 2020
2682 2027 440 2111
2683 2102 2032 2103
2684 448 1998 2112
2685 2113 2020 2114
2686 2084 2083 2151
2687 2049 2107 2115
2688 2022 428 2113
2689 2020 430 2062
2690 2011 2105 2116
2691 2086 2087 2139
2692 2015 2056 2057
2693 424 425 2123
2694 2017 424 2123
2695 503 2025 2129
2696 2070 2110 2117
2697 458 459 1988
2698 2021 2059 2144
2699 1988 2037 2038
2700 449 450 2121
2701 1998 449 2121
2702 511 512 2124
2703 1992 2066 2118
2704 1989 2043 2044
2705 2016 2074 2159
2706 2038 2058 2186
2707 2093 2012 2170
2708 2028 415 2135
2709 445 446 2120
2710 2110 2014 2153
2711 446 1999 2120
2712 2041 2114 2168
2713 2048 2049 2126
2714 2066 2069 2118
2715 2078 2018 2129
2716 2061 2069 2145
2717 1990 468 2119
2718 2037 2045 2088
2719 2001 445 2120
2720 450 2024 2121
2721 2067 2005 2171
2722 488 1991 2180
2723 2018 502 2129
2724 2125 2080 2128
2725 2060 2061 2152
2726 2117 2110 2153
2727 506 507 2125
2728 2027 2111 2141
2729 2037 2029 2045
2730 1988 459 2029
2731 1997 2051 2130
2732 1988 2029 2037
2733 2101 1995 2122
2734 2125 507 2132
2735 2114 2041 2172
2736 425 2016 2123
2737 2144 2044 2189
2738 2008 511 2124
2739 140 139 2085
2740 2123 2016 2160
2741 2026 506 2125
2742 2091 2027 2140
2743 2053 2054 2163
2744 2054 2048 2126
2745 2017 2100 2167
2746 2104 2120 2131
2747 2080 2125 2132
2748 2025 504 2127
2749 504 505 2127
2750 2019 422 2167
2751 2062 2093 2169
2752 2099 2100 2158
2753 2111 2079 2134
2754 2058 2136 2190
2755 2082 2081 2143
2756 2004 2075 2128
2757 532 2009 2147
2758 2116 2105 2149
2759 2057 2056 2183
2760 2031 2116 2149
2761 502 503 2129
2762 497 498 2130
2763 1989 2044 2138
2764 2023 497 2130
2765 508 2006 2132
2766 2098 454 2182
2767 2124 512 2148
2768 2039 2165 2179
2769 2011 2116 2151
2770 2003 2085 2156
2771 2021 2090 2137
2772 498 1997 2130
2773 2008 2124 2143
2774 2120 1999 2131
2775 2122 2051 2181
2776 1991 489 2164
2777 2124 2082 2143
2778 2026 2125 2128
2779 2013 2082 2149
2780 2031 514 2150
2781 2010 491 2133
2782 2116 2031 2150
2783 507 508 2132
2784 2126 2049 2185
2785 513 2031 2148
2786 2034 2108 2175
2787 471 1989 2138
2788 2051 2050 2181
2789 2101 2122 2181
2790 521 2041 2168
2791 2082 2124 2148
2792 523 2034 2175
2793 2014 531 2147
2794 2033 516 2155
2795 2132 2006 2134
2796 2009 2086 2139
2797 2010 2088 2164
2798 2085 2003 2184
2799 457 458 2154
2800 517 2012 2155
2801 416 2030 2135
2802 2057 2098 2182
2803 2098 2097 2142
2804 2181 2050 2192
2805 2111 2134 2141
2806 2108 2022 2172
2807 1993 2126 2185
2808 2113 2114 2172
2809 2064 1993 2185
2810 515 2033 2150
2811 2114 2020 2169
2812 2097 2096 2142
2813 2014 2110 2166
2814 2012 518 2170
2815 2015 2057 2182
2816 2005 465 2171
2817 530 2014 2166
2818 2106 2140 2141
2819 2080 2132 2134
2820 519 2040 2170
2821 2079 2080 2134
2822 535 5 2184
2823 454 2098 2176
2824 458 1988 2154
2825 2040 520 2168
2826 2087 2003 2156
2827 2177 2073 2183
2828 470 471 2138
2829 2039 528 2165
2830 478 2021 2137
2831 2038 2037 2191
2832 4 414 2187
2833 477 34 2137
2834 2056 2058 2177
2835 415 416 2135
2836 2005 2067 2188
2837 490 2010 2164
2838 34 478 2137
2839 466 2161 2171
2840 2000 470 2138
2841 2106 2008 2140
2842 2041 522 2175
2843 423 2017 2167
2844 2085 139 2146
2845 1994 2073 2177
2846 2003 535 2184
2847 2083 2011 2151
2848 2096 2023 2173
2849 2050 2052 2192
2850 2103 2032 2153
2851 2138 2044 2174
2852 2006 2106 2141
2853 5 140 2184
2854 2085 2146 2156
2855 2165 2071 2179
2856 1993 486 2178
2857 2035 2084 2157
2858 454 455 2182
2859 138 4 2187
2860 2122 2096 2173
2861 2159 2109 2160
2862 2136 2038 2191
2863 1995 453 2176
2864 2134 2006 2141
2865 2105 2013 2149
2866 2081 2091 2143
2867 2126 1993 2178
2868 2090 477 2137
2869 2010 2133 2136
2870 2088 2010 2191
2871 467 1990 2161
2872 139 138 2146
2873 531 532 2147
2874 2036 2099 2158
2875 512 513 2148
2876 514 515 2150
2877 2177 2058 2190
2878 2092 2035 2157
2879 2090 2021 2189
2880 1988 2038 2154
2881 2100 2039 2179
2882 2165 529 2166
2883 2036 2158 2160
2884 516 517 2155
2885 2119 2000 2152
2886 2032 2117 2153
2887 2034 2109 2159
2888 2130 2051 2173
2889 474 475 2162
2890 2000 2138 2174
2891 2051 2122 2173
2892 414 2028 2187
2893 2109 2036 2160
2894 466 467 2161
2895 453 454 2176
2896 2024 2101 2181
2897 489 490 2164
2898 528 529 2165
2899 529 530 2166
2900 422 423 2167
2901 2146 2028 2156
2902 520 521 2168
2903 465 466 2171
2904 2071 2019 2179
2905 518 519 2170
2906 2020 2062 2169
2907 2067 2065 2188
2908 2022 2113 2172
2909 2058 2055 2186
2910 486 487 2178
2911 522 523 2175
2912 2142 1995 2176
2913 487 488 2180
2914 2024 2181 2192
2915 2073 1996 2183
2916 455 2015 2182
2917 2178 487 2180
2918 2049 2115 2185
2919 2065 2115 2188
2920 2136 2133 2190
2921 2037 2088 2191
2922 2043 2090 2189
2923 2121 2024 2192
2924 2023 2130 2173
2925 140 2085 2184
2926 2010 2136 2191
2927 2060 2152 2174
2928 1994 2177 2190
2929 2133 1994 2190
2930 2098 2142 2176
2931 2028 2146 2187
2932 2152 2000 2174
2933 2146 138 2187
2934 2021 2144 2189
2935 2154 2038 2186
2 12 2 362
2936 559 43 498
2937 2200 550 2228
2938 378 537 36
2939 555 494 2275
2940 573 574 2269
2941 2200 2228 2229
2942 2252 2235 2261
2943 2198 2252 2261
2944 2227 2205 2247
2945 533 532 2259
2946 2205 2227 2276
2947 493 2220 2275
2948 2227 2203 2276
2949 2288 505 2299
2950 478 34 2293
2951 493 492 2220
2952 572 573 2241
2953 572 2241 2243
2954 2239 2225 2264
2955 2238 2267 2273
2956 2241 573 2269
2957 565 2288 2299
2958 2204 2239 2264
2959 556 557 2309
2960 41 552 2303
2961 2267 2199 2273
2962 532 2236 2259
2963 517 2255 2286
2964 494 493 2275
2965 531 2207 2236
2966 2230 2229 2298
2967 2298 2229 2304
2968 550 551 2228
2969 42 553 2303
2970 571 572 2243
2971 44 561 2257
2972 2261 2235 2270
2973 571 2243 2249
2974 2197 2281 2285
2975 381 37 2246
2976 2225 2199 2264
2977 2235 2234 2270
2978 37 538 2246
2979 496 495 2309
2980 532 531 2236
2981 2254 522 2279
2982 551 41 2202
2983 2196 540 2231
2984 2228 2212 2229
2985 2207 2233 2236
2986 2210 2230 2298
2987 2247 2205 2259
2988 2230 2210 2278
2989 574 2226 2269
2990 2234 2231 2265
2991 584 2277 2282
2992 2201 2234 2265
2993 2226 514 2269
2994 2281 2239 2285
2995 2255 2218 2286
2996 2205 533 2259
2997 2199 2225 2273
2998 514 2226 2306
2999 2224 546 2232
3000 2284 478 2293
3001 554 2275 2280
3002 570 571 2249
3003 2277 2216 2282
3004 540 541 2231
3005 2198 478 2284
3006 2196 2231 2234
3007 2217 2254 2279
3008 2222 2197 2223
3009 545 546 2224
3010 547 2195 2232
3011 570 2249 2266
3012 492 2212 2220
3013 546 547 2232
3014 542 2197 2222
3015 2242 2207 2245
3016 2244 2235 2252
3017 479 478 2198
3018 2233 2207 2242
3019 483 2250 2262
3020 519 2213 2237
3021 555 556 2308
3022 2200 2229 2230
3023 2200 2230 2263
3024 2208 2242 2245
3025 2208 590 2242
3026 2232 2195 2238
3027 43 560 2296
3028 500 499 2296
3029 590 591 2242
3030 591 592 2233
3031 591 2233 2242
3032 2287 567 2289
3033 569 570 2266
3034 378 379 2209
3035 2250 2223 2262
3036 2275 2220 2280
3037 2196 2234 2235
3038 2199 486 2264
3039 567 568 2289
3040 2240 2208 2251
3041 520 519 2237
3042 378 2209 2302
3043 2222 2223 2265
3044 594 595 2227
3045 499 43 2296
3046 2196 2235 2244
3047 589 2208 2240
3048 492 491 2212
3049 2203 2227 2294
3050 2263 2230 2278
3051 489 488 2210
3052 487 486 2199
3053 568 2283 2289
3054 503 502 2295
3055 485 484 2204
3056 568 569 2283
3057 482 481 2201
3058 2219 2252 2284
3059 2241 512 2243
3060 502 501 2290
3061 503 2295 2297
3062 566 2287 2288
3063 2208 2245 2251
3064 2233 2206 2236
3065 2207 530 2245
3066 588 589 2240
3067 577 578 2218
3068 574 575 2226
3069 582 583 2217
3070 592 2206 2233
3071 585 586 2214
3072 2253 587 2258
3073 566 567 2287
3074 592 593 2206
3075 589 590 2208
3076 495 494 2308
3077 2223 2250 2265
3078 2232 2238 2273
3079 521 520 2215
3080 519 518 2213
3081 534 533 2205
3082 539 2196 2244
3083 2215 520 2237
3084 531 530 2207
3085 524 523 2216
3086 527 526 2211
3087 541 542 2222
3088 516 515 2221
3089 513 512 2241
3090 2225 2224 2273
3091 538 539 2244
3092 512 511 2243
3093 2260 580 2268
3094 502 2290 2295
3095 2194 545 2224
3096 539 540 2196
3097 544 545 2194
3098 549 550 2200
3099 2211 2253 2258
3100 542 543 2197
3101 569 2266 2283
3102 380 381 2219
3103 547 548 2195
3104 530 529 2245
3105 528 2248 2251
3106 2194 2225 2239
3107 541 2222 2231
3108 584 585 2277
3109 2194 2224 2225
3110 2248 2240 2251
3111 594 2227 2247
3112 487 2199 2267
3113 524 2216 2271
3114 2206 593 2247
3115 593 594 2247
3116 2243 511 2249
3117 505 504 2299
3118 588 2240 2258
3119 517 516 2255
3120 504 503 2297
3121 528 527 2248
3122 527 2211 2248
3123 142 141 2203
3124 523 522 2254
3125 504 2297 2299
3126 511 510 2249
3127 2234 2201 2270
3128 482 2201 2250
3129 2237 2260 2268
3130 2211 526 2256
3131 2240 2248 2258
3132 483 482 2250
3133 2217 583 2282
3134 529 528 2251
3135 2237 2213 2260
3136 2253 2211 2256
3137 587 588 2258
3138 514 513 2269
3139 2245 529 2251
3140 2206 2247 2259
3141 2214 586 2253
3142 538 2244 2246
3143 484 483 2262
3144 2252 2198 2284
3145 586 587 2253
3146 2249 510 2266
3147 543 544 2281
3148 2216 523 2254
3149 2212 2228 2292
3150 2218 578 2272
3151 2257 561 2305
3152 2271 2216 2277
3153 480 2261 2270
3154 516 2221 2255
3155 582 2217 2274
3156 2201 481 2270
3157 548 549 2263
3158 480 479 2261
3159 2238 2210 2267
3160 518 517 2286
3161 526 525 2256
3162 2202 2280 2292
3163 2246 2244 2252
3164 580 581 2268
3165 2254 2217 2282
3166 515 514 2306
3167 479 2198 2261
3168 2236 2206 2259
3169 535 534 2276
3170 522 521 2279
3171 579 580 2260
3172 544 2194 2281
3173 2195 548 2263
3174 2219 381 2246
3175 2226 575 2300
3176 577 2218 2291
3177 489 2210 2298
3178 485 2204 2264
3179 2274 2217 2279
3180 2204 484 2262
3181 2210 488 2267
3182 2218 2272 2286
3183 2248 2211 2258
3184 2223 2197 2285
3185 2214 2253 2256
3186 486 485 2264
3187 565 566 2288
3188 2229 2212 2304
3189 595 6 2294
3190 553 554 2280
3191 549 2200 2263
3192 2239 2204 2285
3193 5 535 2301
3194 510 509 2266
3195 488 487 2267
3196 2231 2222 2265
3197 2224 2232 2273
3198 2219 2246 2252
3199 2216 2254 2282
3200 2218 2255 2291
3201 557 496 2309
3202 554 555 2275
3203 2215 2237 2268
3204 6 142 2294
3205 513 2241 2269
3206 2197 543 2281
3207 494 555 2308
3208 2250 2201 2265
3209 2226 2300 2306
3210 525 524 2271
3211 481 480 2270
3212 578 579 2272
3213 581 582 2274
3214 379 380 2307
3215 141 5 2301
3216 2212 491 2304
3217 2210 2238 2278
3218 2227 595 2294
3219 2256 525 2271
3220 560 44 2257
3221 2220 2212 2292
3222 534 2205 2276
3223 2214 2256 2271
3224 2215 2274 2279
3225 2238 2195 2278
3226 2272 2213 2286
3227 2195 2263 2278
3228 585 2214 2277
3229 2280 2220 2292
3230 2255 2221 2291
3231 521 2215 2279
3232 583 584 2282
3233 2283 508 2289
3234 2194 2239 2281
3235 2266 509 2283
3236 579 2260 2272
3237 2291 2221 2300
3238 2293 34 2302
3239 509 508 2283
3240 490 2298 2304
3241 2260 2213 2272
3242 556 495 2308
3243 551 2202 2228
3244 2213 518 2286
3245 537 378 2302
3246 2287 506 2288
3247 2214 2271 2277
3248 2204 2262 2285
3249 507 506 2287
3250 2280 2202 2303
3251 506 505 2288
3252 507 2287 2289
3253 2215 2268 2274
3254 2268 581 2274
3255 561 562 2290
3256 2209 2293 2302
3257 508 507 2289
3258 576 577 2291
3259 562 563 2295
3260 535 2276 2301
3261 2295 563 2297
3262 2202 41 2303
3263 501 500 2305
3264 563 564 2297
3265 2262 2223 2285
3266 490 489 2298
3267 2290 562 2295
3268 564 565 2299
3269 495 556 2309
3270 2297 564 2299
3271 142 2203 2294
3272 2209 379 2307
3273 491 490 2304
3274 575 576 2300
3275 2209 2284 2293
3276 2228 2202 2292
3277 2221 515 2306
3278 576 2291 2300
3279 2203 141 2301
3280 2276 2203 2301
3281 561 2290 2305
3282 380 2219 2307
3283 2300 2221 2306
3284 560 2257 2296
3285 500 2257 2305
3286 2257 500 2296
3287 34 537 2302
3288 553 2280 2303
3289 2219 2284 2307
3290 2284 2209 2307
3291 2290 501 2305
3292 552 42 2303
3293 498 43 499
3294 496 558 497
3295 557 558 496
3296 497 559 498
3297 558 559 497
2 13 2 43
3298 538 37 2310
3299 545 602 546
3300 601 602 545
3301 542 599 543
3302 599 600 543
3303 599 542 2314
3304 38 596 2311
3305 600 544 543
3306 544 600 601
3307 544 601 545
3308 598 599 2314
3309 2311 596 2313
3310 382 383 2310
3311 597 2312 2313
3312 596 597 2313
3313 597 598 2312
3314 2312 598 2314
3315 383 38 2315
3316 539 538 2311
3317 539 2311 2313
3318 37 382 2310
3319 2312 540 2313
3320 38 2311 2315
3321 541 540 2312
3322 540 539 2313
3323 542 541 2314
3324 541 2312 2314
3325 2310 383 2315
3326 538 2310 2315
3327 2311 538 2315
3328 41 551 608
3329 45 551 607
3330 551 45 608
3331 546 603 547
3332 602 603 546
3333 547 604 548
3334 603 604 547
3335 548 605 549
3336 604 605 548
3337 606 550 549
3338 605 606 549
3339 551 550 607
3340 550 606 607
2 14 2 186
3341 2320 2351 2354
3342 2350 2320 2354
3343 2351 2330 2354
3344 606 2334 2378
3345 606 607 2334
3346 2345 2330 2351
3347 2349 2358 2359
3348 2358 2325 2359
3349 2330 2345 2376
3350 2342 2321 2349
3351 2344 2325 2364
3352 2337 2338 2340
3353 2325 2358 2364
3354 2342 2349 2359
3355 2324 2337 2340
3356 2350 2354 2371
3357 2366 2329 2368
3358 2332 2366 2368
3359 2318 2333 2347
3360 701 700 2362
3361 2336 2328 2348
3362 700 2333 2362
3363 2323 2335 2352
3364 2339 2324 2340
3365 607 45 609
3366 2346 2322 2370
3367 2360 2346 2370
3368 2333 2318 2362
3369 2335 2323 2353
3370 607 609 2334
3371 2324 2339 2341
3372 2326 2357 2367
3373 698 2336 2348
3374 2326 2356 2357
3375 2339 2327 2341
3376 2353 2323 2355
3377 2336 2353 2355
3378 410 411 2363
3379 2344 2329 2366
3380 2326 2352 2356
3381 2329 2344 2364
3382 2347 2333 2348
3383 2328 2336 2355
3384 2352 2335 2356
3385 2345 2346 2376
3386 2340 2338 2373
3387 413 39 2337
3388 2341 2327 2363
3389 39 2317 2337
3390 706 2331 2343
3391 703 2339 2340
3392 699 698 2348
3393 2327 701 2362
3394 2338 2331 2373
3395 2318 410 2363
3396 2321 2342 2350
3397 38 596 2360
3398 405 2323 2352
3399 708 2322 2345
3400 2322 707 2343
3401 411 2341 2363
3402 2328 2347 2348
3403 706 705 2331
3404 2320 2350 2377
3405 409 2318 2347
3406 703 702 2339
3407 708 707 2322
3408 596 2346 2360
3409 2331 2338 2372
3410 404 405 2352
3411 2345 2322 2346
3412 2357 2319 2367
3413 2320 710 2351
3414 408 409 2347
3415 696 2335 2353
3416 412 2324 2341
3417 694 693 2357
3418 707 706 2343
3419 710 709 2351
3420 697 696 2353
3421 709 708 2345
3422 715 2325 2344
3423 709 2345 2351
3424 702 2327 2339
3425 2337 2317 2338
3426 702 701 2327
3427 698 697 2336
3428 696 695 2335
3429 704 703 2340
3430 601 602 2349
3431 2346 596 2376
3432 2333 699 2348
3433 700 699 2333
3434 604 605 2329
3435 715 714 2325
3436 2321 601 2349
3437 600 601 2321
3438 718 717 2332
3439 597 598 2330
3440 713 712 2342
3441 711 710 2320
3442 2336 697 2353
3443 716 715 2344
3444 409 410 2318
3445 2368 606 2378
3446 2349 602 2358
3447 2330 598 2354
3448 598 599 2354
3449 407 408 2328
3450 412 413 2324
3451 406 407 2355
3452 403 404 2326
3453 2328 408 2347
3454 411 412 2341
3455 405 406 2323
3456 2335 695 2356
3457 2326 404 2352
3458 407 2328 2355
3459 2324 413 2337
3460 2323 406 2355
3461 695 694 2356
3462 716 2344 2366
3463 2329 605 2368
3464 718 2332 2369
3465 602 603 2358
3466 2331 705 2373
3467 714 713 2359
3468 2325 714 2359
3469 2356 694 2357
3470 713 2342 2359
3471 604 2329 2364
3472 239 240 2319
3473 2322 2343 2370
3474 384 38 2316
3475 2358 603 2364
3476 39 385 2317
3477 2332 717 2366
3478 2343 2331 2365
3479 609 610 2334
3480 704 2340 2373
3481 2321 2350 2371
3482 385 384 2361
3483 2327 2362 2363
3484 603 604 2364
3485 596 597 2376
3486 402 403 2367
3487 2362 2318 2363
3488 2369 2332 2378
3489 600 2321 2371
3490 2350 2342 2377
3491 711 2320 2377
3492 2354 599 2371
3493 2357 693 2375
3494 2342 712 2377
3495 717 716 2366
3496 21 402 2374
3497 384 2316 2361
3498 693 20 2375
3499 2316 38 2360
3500 403 2326 2367
3501 46 718 2369
3502 2317 385 2361
3503 240 21 2374
3504 605 606 2368
3505 20 239 2375
3506 2361 2316 2365
3507 2319 2357 2375
3508 2338 2317 2372
3509 610 46 2369
3510 2334 610 2369
3511 599 600 2371
3512 2365 2316 2370
3513 705 704 2373
3514 2334 2369 2378
3515 2316 2360 2370
3516 2361 2365 2372
3517 597 2330 2376
3518 2317 2361 2372
3519 712 711 2377
3520 402 2367 2374
3521 2365 2331 2372
3522 2319 240 2374
3523 2343 2365 2370
3524 239 2319 2375
3525 2367 2319 2374
3526 2332 2368 2378
2 15 2 162
3527 773 2383 2413
3528 767 766 2396
3529 2383 2400 2413
3530 767 2396 2425
3531 2386 699 2396
3532 611 718 46
3533 2380 2399 2408
3534 2379 2387 2406
3535 2408 2399 2412
3536 2394 2381 2407
3537 2396 766 2421
3538 2381 2394 2411
3539 2387 2379 2405
3540 2384 2414 2415
3541 699 700 2396
3542 2414 2383 2415
3543 2392 2379 2406
3544 718 611 2429
3545 774 773 2413
3546 2379 2392 2409
3547 2392 2399 2409
3548 2385 2395 2425
3549 2387 2397 2404
3550 2402 2422 2428
3551 2399 2392 2412
3552 2388 2402 2428
3553 2391 2393 2430
3554 2396 2385 2425
3555 2386 2396 2421
3556 2395 768 2425
3557 2393 2391 2427
3558 769 768 2395
3559 2380 2394 2407
3560 2397 2387 2405
3561 2394 2380 2408
3562 776 2390 2398
3563 2395 2385 2424
3564 713 714 2399
3565 717 718 2397
3566 707 2382 2400
3567 700 701 2385
3568 773 772 2383
3569 782 781 2392
3570 784 783 2387
3571 2389 769 2395
3572 776 775 2390
3573 698 699 2386
3574 762 761 2393
3575 777 776 2398
3576 779 778 2394
3577 770 769 2389
3578 700 2385 2396
3579 706 707 2400
3580 704 705 2384
3581 2386 2421 2422
3582 2380 713 2399
3583 712 713 2380
3584 710 711 2381
3585 693 694 2391
3586 707 708 2382
3587 696 697 2388
3588 715 716 2379
3589 2399 714 2409
3590 2402 2386 2422
3591 762 2393 2401
3592 2398 2381 2411
3593 763 762 2401
3594 771 2403 2415
3595 697 698 2402
3596 771 770 2403
3597 2388 697 2402
3598 698 2386 2402
3599 2397 718 2429
3600 717 2397 2405
3601 784 2387 2404
3602 2400 2383 2414
3603 782 2392 2406
3604 2388 2401 2426
3605 696 2388 2426
3606 2387 783 2406
3607 2426 2393 2427
3608 2403 2384 2415
3609 709 710 2431
3610 2401 2393 2426
3611 2384 705 2414
3612 706 2400 2414
3613 770 2389 2403
3614 2393 761 2430
3615 47 784 2404
3616 712 2380 2407
3617 2392 781 2412
3618 775 774 2417
3619 2381 711 2407
3620 777 2398 2411
3621 2394 778 2411
3622 779 2394 2408
3623 704 2384 2418
3624 2418 2389 2420
3625 715 2379 2409
3626 20 693 2419
3627 238 20 2419
3628 2379 716 2405
3629 2383 772 2415
3630 2389 2395 2420
3631 2410 709 2431
3632 708 709 2416
3633 2401 2388 2428
3634 612 47 2404
3635 2423 2391 2430
3636 2381 2398 2431
3637 2384 2403 2418
3638 2391 694 2427
3639 2403 2389 2418
3640 763 2401 2428
3641 2398 2390 2410
3642 2420 2395 2424
3643 2385 701 2424
3644 2419 2391 2423
3645 716 717 2405
3646 774 2413 2417
3647 783 782 2406
3648 711 712 2407
3649 714 715 2409
3650 780 779 2408
3651 2400 2382 2413
3652 2382 2416 2417
3653 778 777 2411
3654 781 780 2412
3655 2416 2390 2417
3656 780 2408 2412
3657 2422 764 2428
3658 709 2410 2416
3659 705 706 2414
3660 2382 708 2416
3661 772 771 2415
3662 703 2418 2420
3663 2390 775 2417
3664 612 2404 2429
3665 703 704 2418
3666 760 19 2423
3667 19 238 2423
3668 766 765 2421
3669 693 2391 2419
3670 702 703 2420
3671 2404 2397 2429
3672 695 2426 2427
3673 765 764 2422
3674 2421 765 2422
3675 768 767 2425
3676 701 702 2424
3677 695 696 2426
3678 764 763 2428
3679 761 760 2430
3680 694 695 2427
3681 710 2381 2431
3682 611 612 2429
3683 702 2420 2424
3684 760 2423 2430
3685 2410 2390 2416
3686 2413 2382 2417
3687 2398 2410 2431
3688 238 2419 2423
2 16 2 114
3689 833 832 2451
3690 849 848 2452
3691 836 835 2437
3692 237 760 2432
3693 829 828 2436
3694 836 2437 2440
3695 780 2441 2443
3696 2437 835 2444
3697 839 838 2439
3698 2441 847 2443
3699 782 783 2434
3700 2438 833 2451
3701 829 2436 2442
3702 834 833 2438
3703 2434 849 2452
3704 834 2438 2444
3705 839 2439 2447
3706 835 834 2444
3707 830 2442 2461
3708 2446 845 2456
3709 780 781 2441
3710 2443 846 2446
3711 845 844 2456
3712 2442 2433 2461
3713 613 48 2445
3714 847 846 2443
3715 830 829 2442
3716 832 2435 2451
3717 2434 783 2445
3718 846 845 2446
3719 48 850 2445
3720 762 763 2442
3721 782 2434 2452
3722 769 770 2440
3723 827 18 2457
3724 2437 769 2440
3725 784 613 2445
3726 837 836 2440
3727 2448 841 2454
3728 837 2440 2453
3729 841 840 2454
3730 2457 2432 2458
3731 844 2455 2456
3732 2436 762 2442
3733 848 2441 2452
3734 844 843 2455
3735 840 839 2447
3736 763 2433 2442
3737 840 2447 2454
3738 613 784 47
3739 2432 760 2450
3740 2436 828 2458
3741 768 2437 2444
3742 2433 2435 2461
3743 843 842 2449
3744 2435 2433 2460
3745 842 841 2448
3746 783 784 2445
3747 767 768 2444
3748 2441 781 2452
3749 842 2448 2449
3750 843 2449 2455
3751 2439 772 2447
3752 779 2443 2446
3753 832 831 2435
3754 848 847 2441
3755 850 849 2434
3756 850 2434 2445
3757 2439 838 2459
3758 771 772 2439
3759 763 764 2433
3760 761 762 2436
3761 768 769 2437
3762 779 780 2443
3763 778 779 2446
3764 781 782 2452
3765 766 767 2438
3766 2438 767 2444
3767 2440 770 2453
3768 772 773 2447
3769 2447 773 2454
3770 2432 2450 2458
3771 760 761 2450
3772 778 2446 2456
3773 765 766 2451
3774 765 2451 2460
3775 770 771 2453
3776 774 2448 2454
3777 774 775 2448
3778 2448 775 2449
3779 827 2457 2458
3780 2451 2435 2460
3781 775 776 2449
3782 2450 2436 2458
3783 766 2438 2451
3784 761 2436 2450
3785 2455 777 2456
3786 771 2439 2453
3787 773 774 2454
3788 2435 831 2461
3789 776 777 2455
3790 777 778 2456
3791 2449 776 2455
3792 837 2453 2459
3793 2433 764 2460
3794 236 237 2432
3795 838 837 2459
3796 828 827 2458
3797 831 830 2461
3798 764 765 2460
3799 18 236 2457
3800 236 2432 2457
3801 2453 2439 2459
3802 19 760 237
2 17 2 102
3803 235 18 2480
3804 17 235 2480
3805 913 2464 2465
3806 914 913 2465
3807 49 917 2462
3808 912 2463 2464
3809 614 49 2462
3810 915 914 2486
3811 2466 849 2481
3812 848 849 2466
3813 18 827 2480
3814 914 2465 2486
3815 894 17 2480
3816 2463 845 2464
3817 48 614 850
3818 850 614 2462
3819 844 2463 2467
3820 913 912 2464
3821 843 844 2467
3822 843 2467 2468
3823 842 843 2468
3824 840 2469 2478
3825 839 840 2478
3826 842 2468 2472
3827 841 842 2472
3828 844 845 2463
3829 840 841 2469
3830 2469 841 2472
3831 849 850 2462
3832 2463 911 2467
3833 912 911 2463
3834 2464 846 2465
3835 839 2478 2485
3836 838 839 2485
3837 836 837 2475
3838 845 846 2464
3839 916 915 2466
3840 846 847 2465
3841 837 2473 2475
3842 911 910 2467
3843 2462 917 2481
3844 917 916 2481
3845 2467 910 2468
3846 836 2475 2476
3847 835 836 2476
3848 834 2477 2482
3849 837 838 2473
3850 847 848 2486
3851 2473 838 2485
3852 910 909 2468
3853 849 2462 2481
3854 908 2469 2472
3855 908 907 2469
3856 828 2470 2471
3857 828 829 2470
3858 2466 915 2486
3859 834 835 2477
3860 833 834 2482
3861 2470 895 2471
3862 829 830 2474
3863 2468 909 2472
3864 896 895 2470
3865 827 828 2471
3866 832 833 2484
3867 848 2466 2486
3868 2477 901 2482
3869 909 908 2472
3870 895 894 2471
3871 905 904 2473
3872 833 2482 2484
3873 905 2473 2485
3874 835 2476 2477
3875 897 896 2474
3876 2469 907 2478
3877 2470 829 2474
3878 904 903 2475
3879 2475 903 2476
3880 831 832 2483
3881 2483 832 2484
3882 903 902 2476
3883 830 831 2479
3884 902 901 2477
3885 896 2470 2474
3886 907 906 2478
3887 898 897 2479
3888 897 2474 2479
3889 2474 830 2479
3890 899 2483 2484
3891 901 900 2482
3892 2479 831 2483
3893 2473 904 2475
3894 2476 902 2477
3895 899 898 2483
3896 898 2479 2483
3897 900 899 2484
3898 2482 900 2484
3899 906 905 2485
3900 2478 906 2485
3901 916 2466 2481
3902 827 2471 2480
3903 2465 847 2486
3904 2471 894 2480
2 18 2 38
3905 48 619 618
3906 608 552 2490
3907 552 42 2491
3908 52 46 2488
3909 53 2489 2490
3910 623 610 2487
3911 609 624 2487
3912 610 623 2488
3913 624 609 2489
3914 625 2490 2491
3915 42 625 2491
3916 2490 552 2491
3917 45 608 2490
3918 625 53 2490
3919 609 45 2489
3920 46 610 2488
3921 619 613 51
3922 623 52 2488
3923 610 609 2487
3924 624 623 2487
3925 552 608 41
3926 2489 45 2490
3927 52 622 46
3928 622 611 46
3929 613 47 51
3930 47 620 51
3931 620 47 612
3932 613 619 48
3933 48 618 614
3934 50 49 614
3935 49 50 617
3936 615 49 617
3937 618 50 614
3938 53 624 2489
3939 611 621 612
3940 622 621 611
3941 621 620 612
3942 616 615 617
2 19 2 47
3943 721 720 2499
3944 558 559 2502
3945 2495 2493 2498
3946 2493 2495 2500
3947 559 2497 2502
3948 2499 720 2503
3949 626 2496 2497
3950 2493 721 2499
3951 42 553 2504
3952 626 627 2496
3953 2497 559 2505
3954 2494 554 2501
3955 554 555 2501
3956 2498 2493 2499
3957 2494 2499 2503
3958 2495 558 2502
3959 725 627 54
3960 627 725 2496
3961 553 554 2494
3962 2500 2495 2502
3963 2499 2494 2501
3964 2498 2499 2501
3965 553 2494 2503
3966 557 2495 2498
3967 719 42 2504
3968 553 2503 2504
3969 556 557 2498
3970 557 558 2495
3971 555 556 2501
3972 2496 2492 2497
3973 724 2492 2496
3974 724 723 2492
3975 723 722 2500
3976 722 721 2493
3977 626 2497 2505
3978 2492 723 2500
3979 722 2493 2500
3980 725 724 2496
3981 2492 2500 2502
3982 556 2498 2501
3983 2497 2492 2502
3984 720 719 2503
3985 43 626 2505
3986 559 43 2505
3987 2503 719 2504
3988 719 625 42
3989 719 53 625
2 20 2 50
3990 791 2508 2512
3991 725 54 2512
3992 792 628 55
3993 54 628 2512
3994 2508 791 2519
3995 628 792 2512
3996 792 791 2512
3997 2509 723 2514
3998 723 2509 2515
3999 785 52 623
4000 2516 2510 2518
4001 787 2516 2518
4002 2508 725 2512
4003 790 789 2509
4004 720 721 2510
4005 786 785 2511
4006 2506 720 2510
4007 724 725 2508
4008 719 720 2506
4009 721 722 2507
4010 721 2507 2510
4011 785 623 2520
4012 2511 2506 2516
4013 2506 2511 2513
4014 786 2511 2516
4015 719 2506 2513
4016 2506 2510 2516
4017 722 723 2515
4018 53 719 2513
4019 723 724 2514
4020 788 787 2518
4021 790 2509 2519
4022 2509 789 2517
4023 624 53 2513
4024 2511 785 2520
4025 791 790 2519
4026 789 788 2517
4027 724 2508 2514
4028 787 786 2516
4029 2507 722 2515
4030 2517 788 2518
4031 624 2513 2520
4032 2510 2507 2518
4033 2507 2517 2518
4034 2509 2514 2519
4035 2515 2509 2517
4036 623 624 2520
4037 2513 2511 2520
4038 2507 2515 2517
4039 2514 2508 2519
2 21 2 79
4040 2523 2525 2529
4041 2528 2537 2538
4042 2537 2526 2538
4043 2525 852 2529
4044 2530 790 2533
4045 789 790 2530
4046 629 630 631
4047 629 631 2527
4048 858 637 638
4049 791 2532 2533
4050 858 857 637
4051 859 858 638
4052 639 859 638
4053 2525 2523 2541
4054 792 2527 2532
4055 790 791 2533
4056 51 620 851
4057 791 792 2532
4058 860 859 639
4059 636 637 2540
4060 640 860 639
4061 853 2525 2526
4062 631 632 2527
4063 2532 633 2533
4064 634 635 2530
4065 852 851 2529
4066 788 789 2534
4067 860 640 56
4068 2521 2528 2538
4069 787 788 2524
4070 2522 854 2526
4071 2521 786 2528
4072 855 854 2522
4073 787 2524 2528
4074 853 852 2525
4075 854 853 2526
4076 786 787 2528
4077 851 620 2529
4078 620 621 2529
4079 2522 2526 2537
4080 785 786 2521
4081 789 2530 2534
4082 856 855 2535
4083 621 622 2523
4084 637 857 2540
4085 632 633 2532
4086 52 785 2531
4087 785 2521 2531
4088 856 2535 2539
4089 2534 635 2536
4090 621 2523 2529
4091 634 2530 2533
4092 622 52 2531
4093 2524 788 2534
4094 2526 2525 2538
4095 855 2522 2535
4096 633 634 2533
4097 2523 622 2531
4098 2527 632 2532
4099 2527 792 2542
4100 2530 635 2534
4101 2524 2534 2536
4102 2528 2524 2537
4103 2531 2521 2541
4104 55 629 2542
4105 857 856 2540
4106 629 2527 2542
4107 635 2535 2536
4108 635 636 2539
4109 792 55 2542
4110 2523 2531 2541
4111 2524 2536 2537
4112 2535 635 2539
4113 2535 2522 2536
4114 2538 2525 2541
4115 2536 2522 2537
4116 2539 636 2540
4117 2521 2538 2541
4118 856 2539 2540
2 22 2 209
4119 57 861 650
4120 149 893 11
4121 931 2543 2557
4122 893 149 2588
4123 641 642 2591
4124 922 921 2547
4125 643 644 2590
4126 2582 645 2584
4127 918 618 2573
4128 954 2568 2569
4129 949 948 2548
4130 918 50 618
4131 955 2569 2577
4132 956 955 2577
4133 2548 948 2556
4134 2567 944 2571
4135 953 952 2549
4136 2544 923 2550
4137 933 2570 2575
4138 955 954 2569
4139 2549 952 2554
4140 945 944 2567
4141 922 2547 2550
4142 920 919 2546
4143 932 931 2557
4144 946 945 2559
4145 934 933 2575
4146 949 2548 2551
4147 2559 945 2567
4148 953 2549 2568
4149 947 2555 2556
4150 854 855 2550
4151 950 949 2551
4152 948 947 2556
4153 950 2551 2552
4154 942 2563 2572
4155 650 861 2543
4156 2571 943 2572
4157 954 953 2568
4158 951 950 2552
4159 932 2557 2570
4160 947 946 2555
4161 951 2552 2554
4162 944 943 2571
4163 943 942 2572
4164 2555 946 2559
4165 852 853 2553
4166 618 619 2573
4167 933 932 2570
4168 952 951 2554
4169 2562 940 2564
4170 941 940 2562
4171 2564 939 2566
4172 888 889 2578
4173 2546 919 2573
4174 938 2561 2566
4175 940 939 2564
4176 935 934 2574
4177 942 941 2563
4178 939 938 2566
4179 2578 889 2580
4180 941 2562 2563
4181 2574 934 2575
4182 937 2560 2561
4183 926 2583 2587
4184 936 935 2558
4185 938 937 2561
4186 2547 921 2553
4187 962 961 2576
4188 56 641 2591
4189 920 2546 2553
4190 961 960 2579
4191 2543 862 2557
4192 2576 961 2579
4193 645 646 2587
4194 2579 960 2581
4195 2558 935 2574
4196 960 959 2581
4197 2547 854 2550
4198 936 2558 2560
4199 937 936 2560
4200 923 2544 2592
4201 647 927 646
4202 2581 959 2594
4203 855 2544 2550
4204 2546 2573 2586
4205 928 648 2565
4206 648 928 647
4207 853 2547 2553
4208 648 649 2565
4209 2546 852 2553
4210 957 956 2585
4211 923 922 2550
4212 928 927 647
4213 645 2583 2584
4214 926 925 2583
4215 2576 893 2588
4216 644 2582 2590
4217 956 2577 2585
4218 2568 885 2569
4219 921 920 2553
4220 642 643 2591
4221 919 918 2573
4222 878 879 2556
4223 857 2584 2589
4224 879 2548 2556
4225 882 883 2554
4226 883 2549 2554
4227 925 924 2545
4228 2551 881 2552
4229 2552 882 2554
4230 880 881 2551
4231 2560 868 2561
4232 861 862 2543
4233 877 878 2555
4234 881 882 2552
4235 883 884 2549
4236 879 880 2548
4237 2548 880 2551
4238 851 852 2546
4239 853 854 2547
4240 855 856 2544
4241 2555 878 2556
4242 646 927 2587
4243 858 859 2582
4244 877 2555 2559
4245 862 863 2557
4246 866 867 2558
4247 867 868 2560
4248 870 2564 2566
4249 876 877 2559
4250 2570 864 2575
4251 2558 867 2560
4252 865 866 2574
4253 868 869 2561
4254 2563 873 2572
4255 875 2567 2571
4256 2561 869 2566
4257 871 872 2562
4258 2584 2545 2589
4259 859 860 2590
4260 872 873 2563
4261 887 888 2585
4262 875 876 2567
4263 871 2562 2564
4264 870 871 2564
4265 869 870 2566
4266 2557 863 2570
4267 874 2571 2572
4268 866 2558 2574
4269 2562 872 2563
4270 884 885 2568
4271 885 886 2569
4272 876 2559 2567
4273 863 864 2570
4274 2549 884 2568
4275 874 875 2571
4276 873 874 2572
4277 931 930 2593
4278 888 2578 2585
4279 860 643 2590
4280 864 865 2575
4281 892 893 2576
4282 858 2582 2584
4283 886 887 2577
4284 927 926 2587
4285 649 929 2565
4286 889 890 2594
4287 865 2574 2575
4288 958 957 2578
4289 851 2546 2586
4290 643 860 2591
4291 892 2576 2579
4292 924 923 2592
4293 891 892 2579
4294 2543 931 2593
4295 958 2578 2580
4296 2569 886 2577
4297 891 2579 2581
4298 959 958 2580
4299 12 962 2588
4300 890 891 2581
4301 650 2543 2593
4302 925 2545 2583
4303 2580 889 2594
4304 856 857 2589
4305 930 650 2593
4306 149 12 2588
4307 51 851 2586
4308 619 51 2586
4309 2578 957 2585
4310 857 858 2584
4311 860 56 2591
4312 2582 859 2590
4313 644 645 2582
4314 2545 924 2592
4315 2573 619 2586
4316 959 2580 2594
4317 2544 856 2589
4318 2577 887 2585
4319 962 2576 2588
4320 2583 2545 2584
4321 890 2581 2594
4322 2589 2545 2592
4323 2544 2589 2592
4324 929 928 2565
4325 2583 645 2587
4326 650 929 649
4327 930 929 650
2 23 2 195
4328 800 801 2618
4329 862 861 2609
4330 801 2604 2618
4331 867 866 2608
4332 797 798 2623
4333 798 2613 2623
4334 862 2609 2614
4335 798 799 2613
4336 2625 816 2636
4337 864 863 2611
4338 799 2608 2613
4339 2608 800 2618
4340 2608 866 2613
4341 651 652 2615
4342 2611 863 2614
4343 2609 861 2628
4344 2599 2625 2636
4345 652 793 2615
4346 867 2608 2618
4347 825 2596 2612
4348 813 2607 2626
4349 10 147 826
4350 864 2611 2623
4351 795 796 2614
4352 2607 813 2643
4353 2611 797 2623
4354 793 652 58
4355 796 2611 2614
4356 863 862 2614
4357 2615 2609 2628
4358 826 147 2649
4359 2595 818 2616
4360 2609 795 2614
4361 2638 882 2640
4362 818 819 2616
4363 824 825 2612
4364 2634 822 2635
4365 2601 2622 2646
4366 2622 2601 2647
4367 2633 892 2639
4368 810 2610 2617
4369 2603 2638 2640
4370 148 11 2642
4371 2612 2633 2639
4372 2647 2601 2648
4373 793 794 2615
4374 2601 2620 2648
4375 2620 2645 2648
4376 2620 2600 2645
4377 825 826 2596
4378 879 2619 2654
4379 2619 879 2652
4380 2598 2634 2635
4381 804 805 2620
4382 805 2600 2620
4383 809 810 2617
4384 2612 2596 2633
4385 2605 824 2612
4386 811 812 2619
4387 794 2609 2615
4388 11 893 2642
4389 866 865 2613
4390 819 820 2597
4391 890 889 2598
4392 817 818 2595
4393 868 867 2618
4394 881 880 2607
4395 875 874 2602
4396 823 824 2605
4397 884 883 2599
4398 799 800 2608
4399 810 811 2610
4400 819 2597 2616
4401 803 804 2601
4402 805 806 2600
4403 808 809 2606
4404 796 797 2611
4405 801 802 2604
4406 794 795 2609
4407 814 815 2603
4408 2610 811 2619
4409 2606 809 2617
4410 886 2629 2630
4411 2601 804 2620
4412 2613 865 2623
4413 889 888 2621
4414 865 864 2623
4415 2598 889 2621
4416 2621 888 2632
4417 870 869 2622
4418 2618 2604 2651
4419 2627 2621 2632
4420 2596 826 2649
4421 815 816 2625
4422 2602 874 2624
4423 2629 2616 2630
4424 874 873 2624
4425 812 813 2626
4426 2600 806 2641
4427 2624 2600 2641
4428 2653 877 2655
4429 816 817 2636
4430 2644 2606 2650
4431 884 2599 2631
4432 2599 883 2638
4433 822 823 2635
4434 2627 821 2634
4435 808 2606 2644
4436 2602 2624 2641
4437 861 57 2628
4438 2631 2599 2636
4439 877 876 2655
4440 651 2615 2628
4441 882 881 2640
4442 2607 880 2654
4443 2604 802 2646
4444 2621 2627 2634
4445 2619 812 2626
4446 820 821 2627
4447 2595 2616 2629
4448 2622 2604 2646
4449 2652 878 2653
4450 2603 815 2625
4451 2602 2641 2644
4452 803 2601 2646
4453 2625 2599 2638
4454 2604 2622 2651
4455 2622 869 2651
4456 2600 2624 2645
4457 870 2622 2647
4458 868 2618 2651
4459 876 875 2650
4460 878 877 2653
4461 2597 820 2627
4462 886 885 2629
4463 2624 873 2645
4464 893 892 2633
4465 813 814 2643
4466 2626 2607 2654
4467 2598 2621 2634
4468 890 2598 2637
4469 887 886 2630
4470 2617 2653 2655
4471 876 2650 2655
4472 891 890 2637
4473 57 651 2628
4474 2617 2610 2653
4475 891 2637 2639
4476 2616 2597 2630
4477 885 884 2631
4478 879 878 2652
4479 888 887 2632
4480 892 891 2639
4481 821 822 2634
4482 823 2605 2635
4483 2602 2644 2650
4484 2597 2627 2632
4485 817 2595 2636
4486 2603 2625 2638
4487 2605 2612 2639
4488 2637 2605 2639
4489 883 882 2638
4490 2610 2652 2653
4491 2595 2631 2636
4492 881 2607 2640
4493 2619 2626 2654
4494 806 807 2641
4495 814 2603 2643
4496 2645 872 2648
4497 807 808 2644
4498 873 872 2645
4499 871 870 2647
4500 802 803 2646
4501 872 871 2648
4502 871 2647 2648
4503 875 2602 2650
4504 869 868 2651
4505 2630 2597 2632
4506 887 2630 2632
4507 880 879 2654
4508 2610 2619 2652
4509 2606 2617 2655
4510 147 148 2649
4511 2598 2635 2637
4512 2595 2629 2631
4513 2629 885 2631
4514 2641 807 2644
4515 2650 2606 2655
4516 2635 2605 2637
4517 148 2642 2649
4518 2633 2596 2642
4519 893 2633 2642
4520 2603 2640 2643
4521 2640 2607 2643
4522 2642 2596 2649
2 24 2 214
4523 2656 2662 2694
4524 2662 2656 2719
4525 759 145 2662
4526 2686 2695 2700
4527 2695 2659 2700
4528 9 145 759
4529 654 59 726
4530 818 2678 2715
4531 2678 818 2723
4532 740 2691 2710
4533 2679 2666 2698
4534 2666 793 2698
4535 2689 755 2692
4536 2657 2687 2690
4537 2687 2656 2690
4538 2691 2670 2710
4539 2658 2689 2692
4540 2680 2666 2720
4541 2666 2680 2707
4542 2660 2696 2703
4543 2714 2671 2717
4544 759 2662 2719
4545 2696 2665 2703
4546 2661 2683 2713
4547 2669 2714 2717
4548 2668 752 2677
4549 2683 2661 2716
4550 751 2668 2678
4551 2656 2687 2719
4552 2697 820 2704
4553 752 753 2677
4554 726 727 2679
4555 750 751 2678
4556 2677 2697 2704
4557 2663 2681 2722
4558 2663 2676 2718
4559 2681 2663 2718
4560 654 726 2721
4561 793 58 2698
4562 755 756 2692
4563 802 2702 2706
4564 736 737 2682
4565 2684 2657 2690
4566 806 805 2685
4567 751 752 2668
4568 753 2664 2677
4569 2675 750 2678
4570 2674 736 2682
4571 745 746 2676
4572 749 750 2675
4573 728 729 2680
4574 747 748 2681
4575 735 736 2674
4576 753 754 2664
4577 741 742 2671
4578 732 733 2665
4579 2699 803 2706
4580 756 757 2657
4581 2670 806 2685
4582 2689 2658 2693
4583 2676 2663 2711
4584 2678 2668 2715
4585 826 825 2656
4586 823 822 2658
4587 796 795 2659
4588 794 793 2666
4589 798 797 2660
4590 812 811 2661
4591 801 800 2667
4592 814 813 2663
4593 816 815 2673
4594 807 806 2670
4595 805 804 2672
4596 810 809 2669
4597 2666 2679 2720
4598 743 744 2683
4599 2702 2674 2706
4600 2673 2681 2724
4601 730 2686 2700
4602 2661 2676 2711
4603 2658 822 2693
4604 740 741 2691
4605 824 823 2684
4606 730 731 2686
4607 800 799 2688
4608 2665 733 2701
4609 823 2658 2684
4610 805 2672 2685
4611 818 817 2723
4612 2683 2669 2717
4613 758 759 2719
4614 2657 757 2687
4615 735 2674 2705
4616 2676 2661 2713
4617 145 146 2662
4618 2682 2699 2706
4619 2681 748 2724
4620 807 2670 2712
4621 757 758 2687
4622 2724 2675 2725
4623 743 2683 2717
4624 728 2680 2720
4625 2688 2665 2701
4626 2679 727 2720
4627 2657 2684 2692
4628 2667 800 2688
4629 817 816 2725
4630 2683 744 2713
4631 2671 742 2717
4632 2664 754 2689
4633 2688 799 2703
4634 10 826 2694
4635 2674 2702 2705
4636 754 755 2689
4637 825 824 2690
4638 794 2666 2707
4639 732 2665 2696
4640 814 2663 2722
4641 749 2675 2724
4642 2723 817 2725
4643 2676 746 2718
4644 798 2660 2703
4645 146 10 2694
4646 747 2681 2718
4647 2659 2680 2700
4648 796 2659 2695
4649 2656 825 2690
4650 824 2684 2690
4651 2670 2691 2712
4652 2680 2659 2707
4653 2682 737 2708
4654 2668 2677 2704
4655 2660 2686 2696
4656 2684 2658 2692
4657 802 801 2702
4658 741 2671 2691
4659 2681 2673 2722
4660 812 2661 2711
4661 726 2679 2721
4662 804 803 2699
4663 2665 2688 2703
4664 756 2657 2692
4665 822 821 2693
4666 820 819 2704
4667 2686 731 2696
4668 2660 797 2695
4669 2661 811 2716
4670 2669 809 2714
4671 810 2669 2716
4672 745 2676 2713
4673 826 2656 2694
4674 2669 2683 2716
4675 2686 2660 2695
4676 2673 815 2722
4677 2663 813 2711
4678 2680 729 2700
4679 2667 2701 2705
4680 739 740 2710
4681 2659 795 2707
4682 2664 2689 2693
4683 2677 2664 2697
4684 2664 2693 2697
4685 2693 821 2697
4686 2667 2688 2701
4687 738 739 2709
4688 2662 146 2694
4689 797 796 2695
4690 731 732 2696
4691 821 820 2697
4692 737 738 2708
4693 2712 2671 2714
4694 2673 2724 2725
4695 2672 804 2699
4696 2674 2682 2706
4697 58 653 2698
4698 729 730 2700
4699 2709 739 2710
4700 733 734 2701
4701 799 798 2703
4702 801 2667 2702
4703 2708 738 2709
4704 2699 2682 2708
4705 734 735 2705
4706 803 802 2706
4707 795 794 2707
4708 2691 2671 2712
4709 2701 734 2705
4710 813 812 2711
4711 808 807 2712
4712 744 745 2713
4713 809 808 2714
4714 819 818 2715
4715 811 810 2716
4716 742 743 2717
4717 2672 2708 2709
4718 746 747 2718
4719 2702 2667 2705
4720 2685 2709 2710
4721 2685 2672 2709
4722 2670 2685 2710
4723 727 728 2720
4724 808 2712 2714
4725 2675 2678 2723
4726 815 814 2722
4727 748 749 2724
4728 653 654 2721
4729 816 2673 2725
4730 2687 758 2719
4731 2698 653 2721
4732 2675 2723 2725
4733 2672 2699 2708
4734 2704 819 2715
4735 2668 2704 2715
4736 2679 2698 2721
2 25 2 280
4737 743 742 2742
4738 2793 672 2797
4739 745 2793 2797
4740 757 756 661
4741 595 143 2787
4742 9 759 658
4743 742 2740 2742
4744 8 9 658
4745 660 757 661
4746 2744 2743 2758
4747 2727 2744 2758
4748 2783 2737 2796
4749 561 657 44
4750 758 757 660
4751 2769 2750 2772
4752 658 759 659
4753 743 2742 2761
4754 659 758 660
4755 661 756 2806
4756 2765 2758 2766
4757 685 684 2773
4758 759 758 659
4759 2729 2747 2767
4760 2750 2749 2772
4761 584 585 2777
4762 2726 2765 2766
4763 586 587 2741
4764 2726 2749 2765
4765 2747 2783 2796
4766 2749 2726 2772
4767 2769 2728 2779
4768 657 561 2751
4769 561 562 2751
4770 586 2741 2745
4771 663 754 2808
4772 2747 2746 2767
4773 755 662 2806
4774 7 692 2787
4775 2751 562 2809
4776 752 665 2805
4777 656 657 2751
4778 2788 2754 2790
4779 665 752 2804
4780 683 682 2745
4781 585 2745 2777
4782 2758 2743 2766
4783 595 2787 2800
4784 2750 2769 2779
4785 728 2735 2746
4786 674 673 2761
4787 2741 683 2745
4788 684 2741 2773
4789 2760 584 2777
4790 579 676 2807
4791 2755 589 2771
4792 2755 685 2773
4793 2730 2788 2790
4794 676 579 2803
4795 2730 656 2751
4796 585 586 2745
4797 729 728 2746
4798 588 589 2755
4799 583 584 2760
4800 2741 587 2773
4801 2731 575 2752
4802 592 2785 2786
4803 2739 563 2753
4804 583 2760 2774
4805 673 672 2793
4806 567 568 2743
4807 2747 2729 2783
4808 2740 741 2756
4809 2744 2727 2780
4810 686 2755 2771
4811 2746 2735 2767
4812 575 576 2752
4813 2748 733 2757
4814 2761 673 2793
4815 746 745 2797
4816 2728 2764 2779
4817 727 726 2754
4818 2767 2735 2775
4819 2764 2770 2776
4820 730 2734 2780
4821 741 740 2756
4822 734 733 2748
4823 2764 2728 2770
4824 562 563 2739
4825 2735 727 2754
4826 2743 568 2766
4827 742 741 2740
4828 2728 573 2770
4829 563 564 2753
4830 2738 2782 2784
4831 733 732 2757
4832 571 2769 2772
4833 675 2762 2807
4834 740 2738 2756
4835 2749 2748 2765
4836 564 2729 2753
4837 738 2736 2759
4838 564 565 2729
4839 582 583 2774
4840 573 574 2770
4841 739 738 2759
4842 2734 2746 2747
4843 2757 2727 2758
4844 2733 2748 2749
4845 2734 729 2746
4846 569 570 2726
4847 730 729 2734
4848 732 2727 2757
4849 732 731 2727
4850 2733 734 2748
4851 738 737 2736
4852 728 727 2735
4853 735 734 2733
4854 2733 2749 2750
4855 740 739 2738
4856 566 567 2737
4857 2770 2731 2776
4858 576 577 2732
4859 572 573 2728
4860 574 575 2731
4861 576 2732 2752
4862 572 2728 2769
4863 2745 682 2777
4864 686 685 2755
4865 2735 2754 2775
4866 2738 739 2759
4867 2782 2752 2784
4868 2737 2743 2744
4869 577 578 2762
4870 747 2791 2792
4871 2737 567 2743
4872 681 680 2760
4873 736 735 2768
4874 684 683 2741
4875 588 2755 2773
4876 2785 689 2786
4877 2736 2763 2764
4878 735 2733 2768
4879 2762 578 2807
4880 675 674 2742
4881 2748 2757 2765
4882 2736 737 2763
4883 731 730 2780
4884 737 736 2763
4885 2753 2767 2775
4886 2757 2758 2765
4887 744 743 2761
4888 2754 726 2790
4889 748 747 2792
4890 747 746 2791
4891 568 569 2766
4892 2753 2729 2767
4893 749 748 2794
4894 2732 577 2762
4895 587 588 2773
4896 2742 674 2761
4897 569 2726 2766
4898 2733 2750 2768
4899 2763 736 2768
4900 2726 570 2772
4901 748 2792 2794
4902 2760 680 2774
4903 2732 2781 2784
4904 2787 692 2800
4905 566 2737 2783
4906 571 572 2769
4907 591 592 2786
4908 2739 2753 2775
4909 2736 2764 2776
4910 574 2731 2770
4911 581 582 2789
4912 2731 2752 2782
4913 589 590 2771
4914 687 686 2771
4915 570 571 2772
4916 582 2774 2789
4917 682 681 2777
4918 726 59 2790
4919 565 566 2783
4920 2738 2759 2782
4921 590 591 2778
4922 2729 565 2783
4923 676 675 2807
4924 687 2771 2778
4925 655 656 2730
4926 580 581 2799
4927 2732 2762 2781
4928 667 666 2802
4929 562 2739 2809
4930 680 679 2774
4931 593 594 2795
4932 2771 590 2778
4933 2795 594 2800
4934 753 752 2805
4935 2802 666 2804
4936 2759 2736 2776
4937 2737 2744 2796
4938 688 687 2778
4939 681 2760 2777
4940 2742 2740 2801
4941 580 2799 2803
4942 2781 2756 2784
4943 2752 2732 2784
4944 2727 731 2780
4945 2764 2763 2779
4946 2791 746 2797
4947 2740 2756 2781
4948 59 655 2790
4949 2780 2734 2796
4950 2768 2750 2779
4951 2763 2768 2779
4952 744 2761 2793
4953 668 667 2798
4954 581 2789 2799
4955 666 665 2804
4956 594 595 2800
4957 690 689 2785
4958 2756 2738 2784
4959 2776 2731 2782
4960 2762 675 2801
4961 579 580 2803
4962 2774 679 2789
4963 592 593 2785
4964 664 663 2808
4965 689 688 2786
4966 2744 2780 2796
4967 2791 670 2792
4968 2778 591 2786
4969 679 678 2789
4970 2730 2751 2809
4971 2759 2776 2782
4972 671 670 2791
4973 756 755 2806
4974 688 2778 2786
4975 670 669 2792
4976 691 2795 2800
4977 745 744 2793
4978 2798 667 2802
4979 2739 2775 2788
4980 2775 2754 2788
4981 750 749 2798
4982 669 668 2794
4983 655 2730 2790
4984 691 690 2795
4985 2734 2747 2796
4986 2781 2762 2801
4987 672 671 2797
4988 2792 669 2794
4989 2788 2730 2809
4990 143 7 2787
4991 675 2742 2801
4992 2789 678 2799
4993 692 691 2800
4994 678 677 2799
4995 2799 677 2803
4996 751 2802 2804
4997 751 750 2802
4998 671 2791 2797
4999 677 676 2803
5000 754 753 2808
5001 578 579 2807
5002 690 2785 2795
5003 752 751 2804
5004 662 661 2806
5005 665 664 2805
5006 2785 593 2795
5007 750 2798 2802
5008 749 2794 2798
5009 2740 2781 2801
5010 2794 668 2798
5011 2739 2788 2809
5012 753 2805 2808
5013 2805 664 2808
5014 595 6 143
5015 662 755 663
5016 755 754 663
2 26 2 38
5017 658 692 2810
5018 144 8 2810
5019 692 7 2810
5020 8 658 2810
5021 7 144 2810
5022 659 691 658
5023 691 692 658
5024 660 690 659
5025 690 691 659
5026 661 689 660
5027 689 690 660
5028 662 688 661
5029 688 689 661
5030 687 662 663
5031 687 688 662
5032 664 686 663
5033 686 687 663
5034 665 685 664
5035 685 686 664
5036 666 684 665
5037 684 685 665
5038 666 667 683
5039 684 666 683
5040 667 668 682
5041 667 682 683
5042 668 669 681
5043 668 681 682
5044 669 670 680
5045 669 680 681
5046 670 671 679
5047 670 679 680
5048 671 672 678
5049 671 678 679
5050 672 673 677
5051 672 677 678
5052 673 674 676
5053 673 676 677
5054 674 675 676
2 27 2 53
5055 657 656 2813
5056 651 57 641
5057 652 651 56
5058 44 657 2817
5059 653 58 630
5060 58 652 2812
5061 641 648 642
5062 626 560 44
5063 648 641 2814
5064 654 653 629
5065 640 630 2812
5066 630 58 2812
5067 641 57 2814
5068 654 629 2816
5069 626 44 2817
5070 652 56 2812
5071 628 655 2811
5072 59 55 2811
5073 54 656 2815
5074 656 54 2813
5075 627 657 2813
5076 655 628 2815
5077 55 59 2816
5078 657 627 2817
5079 626 43 560
5080 54 627 2813
5081 628 54 2815
5082 55 628 2811
5083 629 55 2816
5084 59 654 2816
5085 655 59 2811
5086 627 626 2817
5087 639 638 632
5088 636 635 634
5089 637 636 634
5090 647 643 642
5091 648 647 642
5092 643 646 644
5093 646 643 647
5094 644 646 645
5095 656 655 2815
5096 56 640 2812
5097 56 651 641
5098 57 650 2814
5099 629 653 630
5100 630 640 631
5101 631 639 632
5102 640 639 631
5103 638 633 632
5104 637 634 633
5105 638 637 633
5106 649 648 2814
5107 650 649 2814
2 28 2 1110
5108 3199 2915 3200
5109 2884 2945 3150
5110 2932 3060 3145
5111 3062 2851 3109
5112 2906 2925 3202
5113 2835 2979 2991
5114 2820 3173 3228
5115 937 2868 3035
5116 3030 3125 3223
5117 3179 2916 3193
5118 2884 2944 2945
5119 3086 3041 3217
5120 3041 3086 3262
5121 3060 3062 3145
5122 2954 3014 3095
5123 1025 1024 3119
5124 3222 2827 3224
5125 959 960 3106
5126 3000 2922 3156
5127 2968 2837 3135
5128 2979 2835 3005
5129 2851 3062 3117
5130 3063 2824 3129
5131 3080 3140 3141
5132 2968 3222 3224
5133 2999 2997 3087
5134 2944 2884 3098
5135 3125 2898 3223
5136 3150 2945 3264
5137 3161 2833 3204
5138 3140 3080 3176
5139 2908 3179 3193
5140 2824 3105 3129
5141 2859 3065 3122
5142 2827 929 3224
5143 936 937 3035
5144 2837 2968 3224
5145 2925 3189 3202
5146 2867 2926 3276
5147 2997 3001 3087
5148 3095 3014 3235
5149 2926 2867 3163
5150 3125 3030 3214
5151 3173 2820 3200
5152 3004 2833 3161
5153 2994 3000 3156
5154 3001 2871 3087
5155 2825 2949 3098
5156 2947 2897 3108
5157 3105 3057 3129
5158 2949 2944 3098
5159 616 617 3199
5160 3122 3076 3236
5161 3200 2915 3201
5162 3059 2830 3114
5163 3076 3122 3230
5164 2821 959 3106
5165 2829 3014 3130
5166 1024 2824 3119
5167 3236 3076 3242
5168 3192 3031 3195
5169 3076 3075 3242
5170 2897 2947 3106
5171 3122 3065 3124
5172 2937 2935 3107
5173 3204 2833 3281
5174 2986 2984 3094
5175 2871 3001 3097
5176 2922 3000 3276
5177 2821 2946 3107
5178 50 918 2915
5179 2830 3059 3136
5180 960 2897 3106
5181 3000 2867 3276
5182 2830 3136 3178
5183 49 615 3238
5184 2870 916 2924
5185 3035 2868 3220
5186 2948 3144 3216
5187 3144 2948 3279
5188 3081 2990 3082
5189 3147 3146 3153
5190 3210 2924 3268
5191 2989 2986 3094
5192 3177 3064 3185
5193 2994 2993 3000
5194 2909 3147 3153
5195 2824 3063 3119
5196 1022 1021 3155
5197 3136 3058 3178
5198 2924 917 3190
5199 1025 3119 3177
5200 3119 3064 3177
5201 3062 3109 3145
5202 2835 2991 3203
5203 3131 2831 3187
5204 3020 3031 3192
5205 2946 2821 3106
5206 3111 3209 3233
5207 3043 3046 3112
5208 980 979 3097
5209 989 2916 3179
5210 3146 2864 3153
5211 2915 918 3102
5212 2946 2937 3107
5213 3059 3114 3117
5214 3178 3058 3194
5215 2831 3131 3260
5216 3055 3053 3117
5217 2853 912 2993
5218 2999 3087 3284
5219 2949 2825 3118
5220 916 917 2924
5221 3058 3065 3194
5222 2925 2906 3215
5223 2924 3267 3268
5224 932 2857 3003
5225 3033 2828 3142
5226 3057 3105 3155
5227 3002 2875 3097
5228 3032 2864 3146
5229 2875 3002 3249
5230 2865 2992 3133
5231 3034 2875 3249
5232 2853 2993 2994
5233 985 984 2925
5234 3019 3017 3132
5235 2829 3130 3229
5236 3114 2851 3117
5237 3034 2921 3152
5238 929 930 3224
5239 2847 3175 3183
5240 3209 3021 3233
5241 617 2915 3199
5242 917 49 3238
5243 3227 3031 3232
5244 3003 2857 3066
5245 3147 2909 3288
5246 3134 2841 3159
5247 967 966 3148
5248 979 2871 3097
5249 2980 2979 3005
5250 2983 2980 3005
5251 956 957 3037
5252 2990 3081 3245
5253 3183 3175 3271
5254 3158 3037 3164
5255 3155 2854 3197
5256 2863 3227 3232
5257 3078 3081 3082
5258 3048 3045 3124
5259 2960 3092 3229
5260 3107 3158 3164
5261 3082 2990 3083
5262 2972 2971 3066
5263 3092 2960 3266
5264 1021 2854 3155
5265 2839 3148 3191
5266 2926 3163 3181
5267 3118 2942 3138
5268 3107 2935 3158
5269 2987 3126 3165
5270 3085 3086 3087
5271 3042 3043 3112
5272 3046 3050 3112
5273 2858 3036 3128
5274 907 908 3157
5275 3062 3055 3117
5276 3053 3059 3117
5277 3068 2850 3091
5278 3105 1022 3155
5279 2927 2822 2928
5280 2854 1020 3042
5281 2875 980 3097
5282 2880 999 3068
5283 990 3179 3281
5284 915 916 2870
5285 2864 3032 3148
5286 977 2879 3085
5287 3075 3100 3242
5288 919 2838 3102
5289 2918 3067 3196
5290 2839 967 3148
5291 984 2844 2925
5292 2882 2878 3173
5293 3065 2859 3194
5294 985 2925 3215
5295 3126 2987 3291
5296 3034 3152 3250
5297 3036 3118 3128
5298 3102 3103 3201
5299 987 986 2910
5300 2833 3004 3237
5301 3023 3019 3132
5302 3017 3115 3132
5303 2855 974 3090
5304 2852 3089 3157
5305 931 932 3003
5306 3078 3077 3081
5307 2854 3042 3112
5308 3066 2971 3247
5309 2842 3110 3111
5310 2992 2865 3256
5311 912 913 2993
5312 954 2927 3109
5313 2947 3108 3279
5314 2899 3103 3244
5315 969 968 3115
5316 2854 3112 3197
5317 989 988 2916
5318 3001 3002 3097
5319 955 2822 2927
5320 2822 956 3037
5321 939 2874 3093
5322 3132 2839 3191
5323 2948 2947 3279
5324 3163 2870 3181
5325 3045 3047 3124
5326 1010 2846 3077
5327 2949 3118 3138
5328 3065 3048 3124
5329 2983 3005 3035
5330 3036 2942 3118
5331 3015 2866 3016
5332 3077 2846 3081
5333 2876 3088 3123
5334 2988 2990 3245
5335 3173 2878 3228
5336 3085 2879 3086
5337 3100 3075 3251
5338 919 920 2838
5339 953 954 3109
5340 978 977 3085
5341 915 2870 3163
5342 3091 2850 3092
5343 3118 2825 3128
5344 908 2852 3157
5345 2989 3094 3231
5346 3006 2872 3007
5347 2833 990 3281
5348 3103 2899 3252
5349 2927 2928 3145
5350 999 998 3068
5351 2828 3033 3216
5352 3021 3169 3213
5353 3060 2932 3265
5354 2911 3210 3268
5355 2907 3150 3264
5356 943 2869 3139
5357 1003 1002 3151
5358 1029 2825 3098
5359 2909 3180 3288
5360 1002 2831 3151
5361 2915 3102 3201
5362 2860 3125 3214
5363 966 2864 3148
5364 3037 957 3164
5365 984 983 2844
5366 968 2839 3115
5367 3006 3008 3110
5368 2954 3095 3218
5369 3102 2838 3103
5370 974 973 3090
5371 970 2866 3015
5372 3014 2829 3235
5373 2867 914 3163
5374 3110 3008 3111
5375 2866 969 3115
5376 3169 3021 3209
5377 2870 2924 3210
5378 1020 1019 3042
5379 903 3006 3110
5380 2848 3139 3140
5381 3040 3041 3262
5382 941 2848 3104
5383 2939 2948 3116
5384 904 2872 3006
5385 945 2840 3099
5386 2910 3096 3269
5387 2876 907 3157
5388 938 939 3093
5389 3092 2850 3127
5390 2853 2994 2995
5391 918 919 3102
5392 2821 3107 3164
5393 3134 3159 3248
5394 2830 951 3114
5395 2840 946 3121
5396 3069 2845 3070
5397 2928 2932 3145
5398 975 2855 3120
5399 910 911 3166
5400 3184 3143 3198
5401 3094 2984 3220
5402 2876 3123 3154
5403 3123 3009 3154
5404 946 947 3121
5405 3088 2876 3157
5406 2928 2822 2929
5407 902 903 3110
5408 2850 997 3127
5409 615 3225 3238
5410 1011 1010 3077
5411 942 943 3139
5412 3036 2858 3185
5413 2938 2939 3116
5414 3196 3067 3286
5415 1014 2845 3069
5416 2869 3101 3139
5417 2836 897 3113
5418 911 2853 3166
5419 1030 1029 3098
5420 951 952 3114
5421 2886 2911 3219
5422 3071 3143 3162
5423 3016 2866 3017
5424 2896 2900 3161
5425 3109 2927 3145
5426 3089 3088 3157
5427 993 2832 3095
5428 896 2836 3084
5429 905 906 3154
5430 3211 3221 3257
5431 3003 3066 3247
5432 940 941 3104
5433 2848 3140 3275
5434 2872 905 3154
5435 944 945 3099
5436 2945 2941 3033
5437 3006 3007 3008
5438 3007 2872 3009
5439 2879 976 3120
5440 913 914 2867
5441 3115 2839 3132
5442 2939 2947 2948
5443 960 961 2897
5444 2972 3066 3182
5445 2892 2882 3173
5446 2938 2937 2939
5447 1023 1022 3105
5448 897 898 3113
5449 3028 3226 3234
5450 3016 3017 3018
5451 2936 2937 2938
5452 2944 2941 2945
5453 2940 2938 2941
5454 2928 2929 2930
5455 3069 3070 3071
5456 996 2829 3127
5457 3011 3009 3123
5458 2941 2938 3116
5459 1031 1030 2884
5460 2929 2822 3037
5461 913 2867 2993
5462 2871 3085 3087
5463 2860 232 3125
5464 2993 2867 3000
5465 2912 3181 3210
5466 3009 2872 3154
5467 3041 3039 3088
5468 3041 3088 3089
5469 233 234 2898
5470 2884 1030 3098
5471 3018 3019 3020
5472 2995 2994 2996
5473 2842 3111 3192
5474 3016 3018 3021
5475 3020 3022 3031
5476 3039 3011 3123
5477 3033 2941 3116
5478 3018 3017 3019
5479 2939 2946 2947
5480 977 976 2879
5481 233 2898 3125
5482 1007 2841 3165
5483 2871 978 3085
5484 2936 2938 2940
5485 1032 1031 3150
5486 973 2849 3090
5487 976 975 3120
5488 973 972 2849
5489 979 978 2871
5490 3020 3019 3022
5491 3088 3039 3123
5492 3257 2910 3269
5493 3056 3063 3129
5494 2936 2935 2937
5495 981 980 2875
5496 970 969 2866
5497 3017 2866 3115
5498 2934 2935 2936
5499 926 927 2885
5500 975 974 2855
5501 2930 2929 2931
5502 3067 2838 3286
5503 966 965 2864
5504 968 967 2839
5505 2928 2930 2932
5506 3040 3039 3041
5507 1009 1008 3126
5508 3143 2861 3162
5509 954 955 2927
5510 911 912 2853
5511 994 993 3095
5512 2933 2931 2934
5513 3054 3056 3129
5514 3211 2916 3221
5515 2851 953 3109
5516 2970 2973 3131
5517 2930 2931 2933
5518 3052 3054 3057
5519 941 942 2848
5520 3121 2859 3122
5521 971 970 3015
5522 3057 3054 3129
5523 955 956 2822
5524 3063 3064 3119
5525 2955 2957 3130
5526 2869 3099 3100
5527 2934 2931 2935
5528 2940 2941 2944
5529 3056 3061 3063
5530 3014 2955 3130
5531 3022 3023 3024
5532 1000 999 2880
5533 2869 3100 3101
5534 3024 3025 3026
5535 2992 2976 3133
5536 3063 3061 3064
5537 2933 2934 2942
5538 2874 940 3104
5539 2868 3093 3094
5540 2844 983 3152
5541 2969 2970 3131
5542 932 933 2857
5543 952 953 2851
5544 943 944 2869
5545 232 233 3125
5546 2923 150 3280
5547 2982 2985 3134
5548 1028 1027 3128
5549 952 2851 3114
5550 947 2859 3121
5551 2985 2986 2987
5552 2943 2942 3036
5553 3038 3011 3039
5554 3054 3055 3056
5555 2964 2965 2966
5556 3056 3060 3061
5557 934 935 2835
5558 922 923 2862
5559 231 232 2860
5560 2961 2963 2964
5561 1027 2858 3128
5562 947 948 2859
5563 2976 2978 3133
5564 2981 2982 3134
5565 3071 3070 3072
5566 2957 2960 3130
5567 945 946 2840
5568 939 940 2874
5569 997 996 3127
5570 3052 3053 3054
5571 2939 2937 2946
5572 937 938 2868
5573 924 925 2847
5574 2964 2963 2965
5575 950 951 2830
5576 2868 938 3093
5577 2869 944 3099
5578 2982 2984 2985
5579 3140 3101 3141
5580 2978 2980 2981
5581 2957 2959 2960
5582 3050 3051 3052
5583 964 963 2909
5584 2960 2959 2961
5585 2900 2903 3161
5586 930 931 2837
5587 2978 2981 3133
5588 2995 2997 2998
5589 2964 2966 3091
5590 1019 1018 2834
5591 2961 2962 2963
5592 928 929 2827
5593 958 959 2821
5594 3056 3055 3060
5595 2825 1028 3128
5596 2933 2942 2943
5597 1015 1014 3069
5598 3046 3049 3050
5599 2987 2986 2988
5600 2970 2972 2973
5601 1029 1028 2825
5602 3054 3053 3055
5603 2981 2980 2982
5604 998 2850 3068
5605 2985 2984 2986
5606 2966 2967 2969
5607 2965 2963 2968
5608 996 995 2829
5609 2975 2976 2992
5610 3052 3051 3053
5611 2961 2959 2962
5612 2969 2967 2970
5613 962 2923 3293
5614 2973 2974 2975
5615 1017 1016 2861
5616 2966 2965 2967
5617 3026 3027 3028
5618 998 997 2850
5619 993 992 2832
5620 2930 2933 3137
5621 1012 1011 2873
5622 2988 2989 2990
5623 3050 3049 3051
5624 1021 1020 2854
5625 1007 1006 2841
5626 1014 1013 2845
5627 3072 3070 3073
5628 2846 1009 3126
5629 2932 2930 3137
5630 2982 2983 2984
5631 1005 1004 2865
5632 2970 2967 2971
5633 1010 1009 2846
5634 1027 1026 2858
5635 2978 2979 2980
5636 3071 3072 3074
5637 991 990 2833
5638 3022 3019 3023
5639 2965 2968 3135
5640 1024 1023 2824
5641 2982 2980 2983
5642 2957 2958 2959
5643 2873 3078 3079
5644 2973 2972 2974
5645 2933 2943 3137
5646 971 3015 3188
5647 2976 2977 2978
5648 2837 931 3003
5649 3060 3055 3062
5650 3058 3048 3065
5651 2967 2965 3135
5652 2936 2940 3138
5653 1019 2834 3042
5654 2988 2986 2989
5655 2824 1023 3105
5656 2970 2971 2972
5657 3046 3048 3049
5658 3043 3045 3046
5659 1002 1001 2831
5660 3024 3023 3025
5661 3038 3039 3040
5662 3045 3044 3047
5663 2975 2974 2976
5664 3053 3051 3059
5665 3043 2834 3044
5666 2942 2934 3138
5667 2971 2967 3135
5668 3080 3078 3082
5669 2873 1011 3077
5670 3007 3009 3010
5671 3074 3075 3076
5672 2979 2977 2991
5673 2978 2977 2979
5674 3079 3078 3080
5675 3033 3142 3264
5676 2873 3077 3078
5677 3074 3072 3075
5678 3042 2834 3043
5679 3046 3045 3048
5680 3049 3048 3058
5681 2976 2974 2977
5682 3043 3044 3045
5683 908 909 2852
5684 904 905 2872
5685 3051 3049 3136
5686 3026 3025 3027
5687 2940 2949 3138
5688 903 904 3006
5689 3049 3058 3136
5690 896 897 2836
5691 3069 3071 3162
5692 3028 3029 3030
5693 3059 3051 3136
5694 901 902 2842
5695 3139 3101 3140
5696 906 907 2876
5697 898 899 2863
5698 972 971 3188
5699 3094 3093 3231
5700 2947 2946 3106
5701 924 2847 3160
5702 898 2863 3113
5703 2842 902 3110
5704 2998 2997 2999
5705 3010 3009 3011
5706 2957 2956 2958
5707 923 924 3160
5708 895 896 3084
5709 2934 2936 3138
5710 3028 3027 3029
5711 3010 3012 3013
5712 2848 942 3139
5713 2995 2996 2997
5714 3047 3184 3198
5715 3012 3011 3038
5716 3027 3025 3032
5717 1016 1015 3162
5718 2954 2955 3014
5719 2955 2956 2957
5720 1015 3069 3162
5721 3010 3011 3012
5722 3001 2996 3002
5723 3071 3074 3143
5724 2940 2944 2949
5725 2996 2994 3156
5726 958 2821 3164
5727 2955 2953 2956
5728 153 154 2828
5729 3207 2999 3217
5730 2997 2996 3001
5731 152 153 3144
5732 154 155 3142
5733 3029 3146 3147
5734 2864 965 3153
5735 151 152 2883
5736 2935 2931 3158
5737 155 156 2907
5738 3057 3155 3197
5739 2975 2992 3151
5740 2895 2892 2905
5741 3027 3032 3146
5742 3029 3027 3146
5743 1031 2884 3150
5744 2951 2953 2954
5745 2918 2901 3067
5746 2954 2953 2955
5747 965 964 3153
5748 3002 2996 3156
5749 2956 2953 3149
5750 964 2909 3153
5751 2842 3192 3195
5752 2953 2952 3149
5753 3068 3091 3239
5754 3008 3007 3168
5755 3170 3079 3174
5756 1006 1005 3159
5757 3089 3207 3217
5758 1013 1012 3170
5759 2951 2904 2952
5760 3030 3223 3226
5761 2841 1006 3159
5762 3148 3032 3191
5763 950 2830 3178
5764 2845 1013 3170
5765 153 2828 3144
5766 2828 154 3142
5767 906 2876 3154
5768 2862 3160 3171
5769 2929 3037 3158
5770 2951 2952 2953
5771 2883 152 3144
5772 2873 3079 3170
5773 2950 3218 3290
5774 155 2907 3142
5775 3007 3010 3168
5776 2931 2929 3158
5777 1018 1017 3172
5778 3126 1008 3165
5779 2834 1018 3172
5780 3026 3028 3234
5781 2853 2995 3166
5782 3082 3083 3176
5783 2875 3034 3250
5784 3087 3086 3284
5785 1026 1025 3177
5786 2862 923 3160
5787 150 2923 3287
5788 1005 2865 3159
5789 2952 3167 3171
5790 2858 1026 3177
5791 2903 2950 3004
5792 2861 1016 3162
5793 991 2833 3237
5794 2950 2904 2951
5795 1017 2861 3172
5796 2923 3108 3293
5797 2995 2998 3166
5798 3168 3013 3169
5799 230 231 3180
5800 2925 2844 3189
5801 957 958 3164
5802 1008 1007 3165
5803 922 2862 3196
5804 3080 3082 3176
5805 2845 3170 3174
5806 2943 3036 3185
5807 2991 2977 3182
5808 2974 2972 3182
5809 2880 3068 3239
5810 3028 3030 3226
5811 3010 3013 3168
5812 2858 3177 3185
5813 2900 2902 2903
5814 2859 948 3194
5815 1012 2873 3170
5816 2903 2904 2950
5817 3073 3070 3174
5818 2857 933 3203
5819 3108 2923 3280
5820 2905 2892 3173
5821 3140 3176 3275
5822 3070 2845 3174
5823 3112 3050 3197
5824 3135 2837 3247
5825 2847 925 3175
5826 3149 2952 3171
5827 925 926 3175
5828 2883 3108 3280
5829 2956 3149 3183
5830 3044 2834 3172
5831 3089 2852 3207
5832 926 2885 3175
5833 2922 2921 3034
5834 2903 2902 2904
5835 3023 3132 3191
5836 2905 3173 3200
5837 3050 3052 3197
5838 2952 2904 3167
5839 2838 920 3286
5840 2903 3004 3161
5841 3025 3023 3191
5842 2914 2920 2926
5843 2902 2901 2918
5844 909 910 3186
5845 3172 2861 3184
5846 3108 2897 3293
5847 949 950 3178
5848 983 982 3152
5849 3127 2829 3229
5850 914 915 3163
5851 2923 962 3287
5852 3143 3074 3198
5853 2902 2918 3167
5854 2904 2902 3167
5855 910 3166 3186
5856 3100 3099 3242
5857 2886 2888 2911
5858 231 2860 3180
5859 2920 2921 2922
5860 3121 3122 3236
5861 2959 2958 3205
5862 2852 909 3186
5863 3111 3008 3209
5864 2943 3185 3243
5865 2905 3200 3201
5866 3033 3116 3216
5867 2977 2974 3182
5868 3044 3172 3184
5869 1001 1000 3187
5870 2900 2901 2902
5871 2831 1001 3187
5872 2832 992 3237
5873 3047 3044 3184
5874 2958 2956 3183
5875 3206 2827 3222
5876 3005 2835 3240
5877 990 989 3179
5878 3218 2832 3290
5879 949 3178 3194
5880 2911 2912 3210
5881 2829 995 3235
5882 934 2835 3203
5883 2900 2899 2901
5884 2861 3143 3184
5885 3113 2863 3241
5886 2849 972 3188
5887 1000 2880 3187
5888 3080 3141 3273
5889 617 50 2915
5890 2896 2895 2899
5891 2896 2899 2900
5892 2920 2919 2921
5893 894 895 3208
5894 3029 3147 3214
5895 2914 2926 3181
5896 2885 927 3277
5897 2846 3126 3245
5898 2891 2882 2892
5899 2968 2963 3222
5900 2950 2951 3218
5901 3016 3021 3213
5902 3171 3160 3255
5903 3166 2998 3186
5904 3031 3022 3232
5905 3018 3020 3233
5906 3219 2911 3268
5907 3032 3025 3191
5908 948 949 3194
5909 2958 3183 3271
5910 900 901 3195
5911 234 17 3258
5912 2852 3186 3207
5913 17 894 3258
5914 901 2842 3195
5915 3185 3064 3243
5916 3052 3057 3197
5917 2894 2896 3204
5918 921 922 3196
5919 2914 2919 2920
5920 615 616 2818
5921 3091 2966 3239
5922 2841 3134 3246
5923 3074 3076 3198
5924 994 3095 3235
5925 2908 2894 3204
5926 2863 3232 3241
5927 987 2910 3221
5928 2919 2913 3189
5929 2945 3033 3264
5930 2868 3094 3220
5931 2896 3161 3204
5932 961 962 3293
5933 2983 3035 3220
5934 3141 3073 3273
5935 3120 3040 3262
5936 3091 3092 3266
5937 2914 2913 2919
5938 3195 3031 3227
5939 2879 3120 3262
5940 3181 2870 3210
5941 2981 3134 3248
5942 2912 2914 3181
5943 2865 1004 3256
5944 2887 2877 2893
5945 933 934 3203
5946 3189 2913 3202
5947 2911 2888 2912
5948 3186 2998 3207
5949 2894 2895 2896
5950 3168 3169 3209
5951 3131 2973 3260
5952 2863 899 3227
5953 963 16 3253
5954 2838 3067 3244
5955 16 230 3253
5956 3075 3072 3251
5957 3149 3171 3255
5958 2960 2961 3266
5959 2964 3091 3266
5960 2901 2899 3244
5961 2962 2959 3205
5962 3151 2831 3260
5963 2998 2999 3207
5964 2891 2894 2908
5965 936 3035 3240
5966 2975 3151 3260
5967 13 1032 3254
5968 2894 2892 2895
5969 2912 2913 2914
5970 2883 3144 3279
5971 2835 935 3240
5972 3206 2885 3277
5973 150 151 3280
5974 2856 2826 2878
5975 3130 2960 3229
5976 156 13 3254
5977 2881 2890 2917
5978 2890 2882 2891
5979 3171 3167 3259
5980 3275 3083 3285
5981 3152 982 3250
5982 895 3084 3208
5983 2912 2888 2913
5984 3020 3192 3233
5985 2916 988 3221
5986 2881 2878 2882
5987 3188 3015 3213
5988 3079 3080 3273
5989 3116 2948 3216
5990 3015 3016 3213
5991 900 3195 3227
5992 2857 3203 3272
5993 3134 2985 3246
5994 2818 616 2819
5995 3095 2832 3218
5996 3101 3100 3278
5997 981 2875 3250
5998 2962 3206 3222
5999 2880 3239 3292
6000 3008 3168 3209
6001 2891 2892 2894
6002 2881 2882 2890
6003 2890 2891 3193
6004 3282 3012 3283
6005 2906 2893 3096
6006 3093 2874 3231
6007 3201 3103 3252
6008 2886 2887 2888
6009 2891 2908 3193
6010 2887 2893 2906
6011 2843 2826 2856
6012 3064 3061 3243
6013 2898 3208 3223
6014 3124 3047 3230
6015 3030 3029 3214
6016 2920 2922 3276
6017 2843 2856 2877
6018 3041 3089 3217
6019 2823 2819 2826
6020 2862 3171 3259
6021 3188 3213 3263
6022 3193 2916 3211
6023 2962 3205 3206
6024 2856 2878 2881
6025 2886 2877 2887
6026 2823 2826 2843
6027 3205 2885 3206
6028 3103 2838 3244
6029 3090 3282 3283
6030 2843 2877 2886
6031 3176 3083 3275
6032 3144 2828 3216
6033 3226 2836 3234
6034 3084 2836 3226
6035 986 985 3261
6036 2951 2954 3218
6037 2818 2819 2823
6038 3223 3084 3226
6039 2899 2895 3252
6040 2910 986 3261
6041 2984 2983 3220
6042 985 3215 3261
6043 921 3196 3286
6044 988 987 3221
6045 1003 3151 3256
6046 3151 2992 3256
6047 3073 3141 3278
6048 2818 2823 2889
6049 2963 2962 3222
6050 3024 3026 3241
6051 3073 3174 3273
6052 930 2837 3224
6053 2905 3201 3252
6054 2836 3113 3234
6055 3243 3061 3265
6056 3066 2857 3272
6057 3169 3013 3263
6058 3179 2908 3281
6059 3099 2840 3242
6060 2888 2887 3202
6061 3192 3111 3233
6062 3096 2910 3261
6063 2913 2888 3202
6064 3122 3124 3230
6065 3092 3127 3229
6066 899 900 3227
6067 2819 616 2820
6068 2865 3133 3248
6069 3156 2922 3249
6070 2887 2906 3202
6071 2840 3121 3236
6072 2837 3003 3247
6073 3022 3024 3232
6074 3021 3018 3233
6075 3035 3005 3240
6076 3263 3013 3282
6077 3203 2991 3272
6078 2881 2917 3212
6079 995 994 3235
6080 935 936 3240
6081 3270 3231 3285
6082 2855 3090 3283
6083 992 991 3237
6084 3213 3169 3263
6085 3198 3076 3230
6086 2827 3206 3277
6087 2893 2877 3212
6088 2919 3189 3274
6089 3047 3198 3230
6090 2966 2969 3239
6091 1032 3150 3254
6092 2832 3237 3290
6093 3245 3126 3291
6094 3061 3060 3265
6095 2917 2890 3211
6096 3189 2844 3274
6097 962 12 3287
6098 3165 2841 3246
6099 3150 2907 3254
6100 2840 3236 3242
6101 3159 2865 3248
6102 3196 2862 3259
6103 2985 2987 3246
6104 3283 3038 3289
6105 2890 3193 3211
6106 3081 2846 3245
6107 2878 2826 3228
6108 3120 2855 3289
6109 3067 2901 3244
6110 3108 2883 3279
6111 3013 3012 3282
6112 2855 3283 3289
6113 3221 2910 3257
6114 3231 2874 3285
6115 3104 3275 3285
6116 3137 2943 3243
6117 2906 3096 3215
6118 3086 3217 3284
6119 2893 3212 3269
6120 928 2827 3277
6121 2987 3165 3246
6122 2844 3152 3274
6123 3104 2848 3275
6124 3212 2917 3269
6125 2877 2856 3212
6126 2856 2881 3212
6127 3083 2990 3270
6128 2971 3135 3247
6129 3100 3251 3278
6130 3133 2981 3248
6131 3239 2969 3292
6132 982 981 3250
6133 3175 2885 3271
6134 2908 3204 3281
6135 3182 3066 3272
6136 3208 3084 3223
6137 230 3180 3253
6138 12 150 3287
6139 3152 2921 3274
6140 3086 2879 3262
6141 3072 3073 3251
6142 3002 3156 3249
6143 3232 3024 3241
6144 3137 3243 3265
6145 3225 3190 3238
6146 2843 2886 3219
6147 2922 3034 3249
6148 2909 963 3253
6149 3183 3149 3255
6150 2898 234 3258
6151 3214 3147 3288
6152 615 2818 3225
6153 1004 1003 3256
6154 2973 2975 3260
6155 2907 156 3254
6156 2990 2989 3270
6157 3040 3120 3289
6158 3012 3038 3283
6159 2961 2964 3266
6160 2932 3137 3265
6161 3205 2958 3271
6162 3160 2847 3255
6163 2823 2843 3219
6164 2897 961 3293
6165 2918 3196 3259
6166 2991 3182 3272
6167 920 921 3286
6168 2895 2905 3252
6169 2849 3263 3282
6170 927 928 3277
6171 3180 2909 3253
6172 2826 2819 3228
6173 3142 2907 3264
6174 3141 3101 3278
6175 2885 3205 3271
6176 3090 2849 3282
6177 3038 3040 3289
6178 894 3208 3258
6179 2874 3104 3285
6180 3131 3187 3292
6181 3187 2880 3292
6182 2969 3131 3292
6183 2987 2988 3291
6184 3026 3234 3241
6185 3167 2918 3259
6186 151 2883 3280
6187 2847 3183 3255
6188 2889 2823 3219
6189 3174 3079 3273
6190 2921 2919 3274
6191 2924 3190 3267
6192 2849 3188 3263
6193 2820 616 3199
6194 3004 2950 3290
6195 2926 2920 3276
6196 2820 3199 3200
6197 2818 2889 3225
6198 3234 3113 3241
6199 3096 2893 3269
6200 3180 2860 3288
6201 2819 2820 3228
6202 3208 2898 3258
6203 3217 2999 3284
6204 2917 3211 3257
6205 2860 3214 3288
6206 3215 3096 3261
6207 2989 3231 3270
6208 3190 917 3238
6209 3083 3270 3285
6210 2889 3219 3268
6211 3237 3004 3290
6212 2917 3257 3269
6213 3267 2889 3268
6214 3251 3073 3278
6215 2988 3245 3291
6216 3225 2889 3267
6217 3190 3225 3267
2 29 2 383
6218 190 3322 3330
6219 1032 157 3311
6220 182 183 3392
6221 1003 1004 3395
6222 3366 3314 3373
6223 160 161 3323
6224 3317 3352 3363
6225 3340 3296 3341
6226 3352 3300 3363
6227 183 184 3329
6228 3325 181 3411
6229 3315 3303 3368
6230 180 181 3325
6231 3303 3315 3367
6232 3347 3314 3366
6233 3347 3300 3352
6234 3300 3347 3366
6235 3296 3340 3387
6236 1011 1012 3385
6237 3317 3299 3343
6238 1004 1005 3335
6239 3299 3317 3363
6240 3295 3339 3350
6241 3329 184 3351
6242 3320 3343 3361
6243 3335 1005 3410
6244 183 3329 3392
6245 189 190 3330
6246 3343 3299 3361
6247 3323 161 3326
6248 3348 3297 3349
6249 3336 1013 3338
6250 1004 3335 3395
6251 995 996 3349
6252 178 3336 3338
6253 196 197 3350
6254 3314 3371 3373
6255 3371 3304 3373
6256 3297 3348 3350
6257 3339 3295 3345
6258 181 3327 3411
6259 3303 3372 3379
6260 3297 995 3349
6261 3353 3301 3375
6262 3302 3320 3361
6263 3303 3367 3372
6264 3320 3302 3342
6265 185 3332 3351
6266 3304 3319 3374
6267 3319 3304 3371
6268 3306 3374 3399
6269 1012 3336 3385
6270 1012 1013 3336
6271 3374 3319 3399
6272 3387 3316 3400
6273 3322 190 3404
6274 3340 3316 3387
6275 3324 3342 3364
6276 184 185 3351
6277 3342 3302 3364
6278 3328 3315 3368
6279 160 3323 3357
6280 177 178 3338
6281 3315 3328 3406
6282 197 3295 3350
6283 3348 196 3350
6284 3357 3311 3402
6285 3358 3305 3369
6286 3390 3310 3394
6287 3331 3390 3394
6288 3307 3353 3375
6289 1005 3332 3410
6290 3324 3305 3358
6291 3308 3358 3369
6292 1029 3326 3337
6293 177 3338 3355
6294 1029 1030 3326
6295 3305 3324 3364
6296 1030 3323 3326
6297 3398 3321 3400
6298 3325 1011 3385
6299 3327 182 3392
6300 1006 1007 3351
6301 176 177 3355
6302 3321 987 3400
6303 14 159 3402
6304 3354 176 3355
6305 175 176 3354
6306 3339 3297 3350
6307 1028 1029 3337
6308 204 3396 3398
6309 3330 1002 3334
6310 3307 3346 3353
6311 174 175 3356
6312 3391 3312 3393
6313 161 162 3326
6314 175 3354 3356
6315 170 3365 3377
6316 159 3357 3402
6317 3334 1003 3395
6318 3396 3321 3398
6319 3326 162 3337
6320 3301 3349 3375
6321 3349 996 3375
6322 189 3330 3412
6323 3365 1021 3377
6324 173 174 3359
6325 174 3356 3359
6326 180 3325 3385
6327 1007 3329 3351
6328 3309 3391 3393
6329 3333 3310 3388
6330 3388 3310 3390
6331 3401 3389 3405
6332 3313 3346 3384
6333 3332 1006 3351
6334 1009 3327 3392
6335 1028 3337 3362
6336 1019 1020 3360
6337 172 173 3378
6338 3333 3308 3369
6339 3389 3294 3405
6340 3360 1020 3365
6341 1027 1028 3362
6342 3346 3307 3384
6343 980 981 3333
6344 3313 3384 3397
6345 162 163 3337
6346 1001 1002 3330
6347 967 3306 3328
6348 3309 3331 3394
6349 1032 3311 3407
6350 971 3366 3373
6351 980 3333 3369
6352 3308 3333 3388
6353 1014 1015 3355
6354 3331 3309 3393
6355 3338 1014 3355
6356 3327 1009 3411
6357 985 3380 3391
6358 188 3334 3395
6359 1020 1021 3365
6360 173 3359 3378
6361 3346 193 3353
6362 3330 3334 3412
6363 202 3316 3340
6364 3318 200 3341
6365 202 203 3316
6366 214 3320 3342
6367 3320 215 3343
6368 219 3314 3347
6369 199 3318 3344
6370 3295 3344 3345
6371 3301 3348 3349
6372 201 3340 3341
6373 201 202 3340
6374 178 179 3336
6375 977 978 3364
6376 3313 192 3346
6377 3324 213 3342
6378 186 187 3335
6379 181 182 3327
6380 216 3317 3343
6381 205 206 3312
6382 191 192 3313
6383 3301 195 3348
6384 219 220 3314
6385 3295 198 3344
6386 212 213 3324
6387 221 222 3319
6388 207 208 3331
6389 218 219 3347
6390 214 215 3320
6391 994 3297 3339
6392 210 211 3308
6393 216 217 3317
6394 224 225 3315
6395 199 200 3318
6396 194 195 3301
6397 197 198 3295
6398 192 193 3346
6399 200 201 3341
6400 213 214 3342
6401 215 216 3343
6402 195 196 3348
6403 198 199 3344
6404 989 990 3296
6405 218 3347 3352
6406 3317 217 3352
6407 978 3305 3364
6408 1002 1003 3334
6409 976 977 3302
6410 993 994 3339
6411 969 970 3304
6412 972 973 3300
6413 163 164 3362
6414 966 967 3328
6415 986 987 3321
6416 964 965 3303
6417 1030 1031 3323
6418 991 992 3294
6419 978 979 3305
6420 981 982 3310
6421 974 975 3299
6422 994 995 3297
6423 967 968 3306
6424 1000 1001 3322
6425 193 194 3353
6426 983 984 3309
6427 997 998 3307
6428 1010 1011 3325
6429 1005 1006 3332
6430 981 3310 3333
6431 1013 1014 3338
6432 1007 1008 3329
6433 3337 163 3362
6434 3322 1001 3330
6435 169 170 3377
6436 985 986 3380
6437 1015 1016 3354
6438 217 218 3352
6439 1015 3354 3355
6440 164 165 3376
6441 194 3301 3353
6442 212 3324 3358
6443 3308 211 3358
6444 973 974 3363
6445 167 3382 3386
6446 3300 973 3363
6447 159 160 3357
6448 3305 979 3369
6449 1018 1019 3378
6450 1016 1017 3356
6451 3332 185 3410
6452 3376 165 3383
6453 3354 1016 3356
6454 3328 3306 3370
6455 211 212 3358
6456 975 976 3361
6457 3299 975 3361
6458 3383 166 3386
6459 168 169 3381
6460 1017 1018 3359
6461 3303 965 3368
6462 3315 225 3367
6463 169 3377 3381
6464 165 166 3383
6465 1019 3360 3378
6466 3314 220 3371
6467 171 172 3360
6468 221 3319 3371
6469 969 3304 3374
6470 988 3387 3400
6471 226 227 3372
6472 3341 3296 3401
6473 3294 3345 3405
6474 3356 1017 3359
6475 976 3302 3361
6476 974 3299 3363
6477 963 964 3379
6478 3302 977 3364
6479 171 3360 3365
6480 983 3309 3394
6481 166 167 3386
6482 3306 968 3374
6483 167 168 3382
6484 179 180 3385
6485 972 3300 3366
6486 170 171 3365
6487 210 3308 3388
6488 1026 1027 3376
6489 971 972 3366
6490 1008 1009 3392
6491 3360 172 3378
6492 3345 3294 3409
6493 3331 208 3390
6494 225 226 3367
6495 168 3381 3382
6496 3334 188 3412
6497 3312 206 3393
6498 3397 3322 3404
6499 207 3331 3393
6500 996 997 3375
6501 3372 3298 3379
6502 965 966 3368
6503 966 3328 3368
6504 3310 982 3394
6505 228 229 3298
6506 979 980 3369
6507 1000 3322 3397
6508 220 221 3371
6509 187 188 3395
6510 1027 3362 3376
6511 3380 3312 3391
6512 970 971 3373
6513 3304 970 3373
6514 3362 164 3376
6515 968 969 3374
6516 205 3312 3396
6517 997 3307 3375
6518 3382 1024 3386
6519 203 204 3398
6520 1021 1022 3377
6521 222 223 3399
6522 3345 3344 3405
6523 3357 3323 3407
6524 3323 1031 3407
6525 3311 3357 3407
6526 185 186 3410
6527 190 191 3404
6528 964 3303 3379
6529 223 224 3406
6530 1026 3376 3383
6531 1022 1023 3381
6532 986 3321 3380
6533 3307 998 3384
6534 3377 1022 3381
6535 988 989 3387
6536 3339 3345 3409
6537 989 3296 3387
6538 3359 1018 3378
6539 3367 226 3372
6540 1025 3383 3386
6541 1023 1024 3382
6542 1025 1026 3383
6543 990 991 3389
6544 998 999 3384
6545 3336 179 3385
6546 3296 990 3389
6547 1009 1010 3411
6548 3381 1023 3382
6549 993 3339 3409
6550 227 15 3403
6551 3328 3370 3406
6552 16 963 3408
6553 1024 1025 3386
6554 223 3370 3399
6555 3294 992 3409
6556 3370 223 3406
6557 209 210 3388
6558 3312 3380 3396
6559 209 3388 3390
6560 3370 3306 3399
6561 3309 984 3391
6562 208 209 3390
6563 991 3294 3389
6564 984 985 3391
6565 3329 1008 3392
6566 229 16 3408
6567 206 207 3393
6568 15 228 3403
6569 982 983 3394
6570 3384 999 3397
6571 188 189 3412
6572 157 158 3311
6573 3335 187 3395
6574 3316 3398 3400
6575 963 3379 3408
6576 3372 227 3403
6577 3313 3397 3404
6578 204 205 3396
6579 999 1000 3397
6580 3298 3372 3403
6581 3316 203 3398
6582 3380 3321 3396
6583 3319 222 3399
6584 3379 3298 3408
6585 3318 3341 3401
6586 987 988 3400
6587 3318 3401 3405
6588 3344 3318 3405
6589 1031 1032 3407
6590 191 3313 3404
6591 224 3315 3406
6592 992 993 3409
6593 186 3335 3410
6594 1010 3325 3411
6595 3296 3389 3401
6596 158 14 3402
6597 228 3298 3403
6598 3311 158 3402
6599 3298 229 3408
6600 1032 13 157
$EndElements
