*     * ... PVT property file for CO2
  127   51
  .100000E+06  .500000E+06  .900000E+06  .130000E+07  .170000E+07
  .210000E+07  .250000E+07  .290000E+07  .330000E+07  .370000E+07
  .377691E+07  .397629E+07  .418340E+07  .439848E+07  .462179E+07
  .485364E+07  .509434E+07  .534425E+07  .560376E+07  .587331E+07
  .615337E+07  .644448E+07  .674724E+07  .706231E+07  .739045E+07
  .760000E+07  .800000E+07  .840000E+07  .880000E+07  .920000E+07
  .960000E+07  .100000E+08  .104000E+08  .108000E+08  .112000E+08
  .116000E+08  .120000E+08  .124000E+08  .128000E+08  .132000E+08
  .136000E+08  .140000E+08  .144000E+08  .148000E+08  .152000E+08
  .156000E+08  .160000E+08  .164000E+08  .168000E+08  .172000E+08
  .176000E+08  .180000E+08  .184000E+08  .188000E+08  .192000E+08
  .196000E+08  .200000E+08  .204000E+08  .208000E+08  .212000E+08
  .216000E+08  .220000E+08  .224000E+08  .228000E+08  .232000E+08
  .236000E+08  .240000E+08  .244000E+08  .248000E+08  .252000E+08
  .256000E+08  .260000E+08  .264000E+08  .268000E+08  .272000E+08
  .276000E+08  .280000E+08  .284000E+08  .288000E+08  .292000E+08
  .296000E+08  .300000E+08  .304000E+08  .308000E+08  .312000E+08
  .316000E+08  .320000E+08  .324000E+08  .328000E+08  .332000E+08
  .336000E+08  .340000E+08  .344000E+08  .348000E+08  .352000E+08
  .356000E+08  .360000E+08  .364000E+08  .368000E+08  .372000E+08
  .376000E+08  .380000E+08  .384000E+08  .388000E+08  .392000E+08
  .396000E+08  .400000E+08  .404000E+08  .408000E+08  .412000E+08
  .416000E+08  .420000E+08  .424000E+08  .428000E+08  .432000E+08
  .436000E+08  .440000E+08  .444000E+08  .448000E+08  .452000E+08
  .456000E+08  .460000E+08  .464000E+08  .468000E+08  .472000E+08
  .476000E+08  .600000E+08
  .304000E+01  .504000E+01  .704000E+01  .904000E+01  .110400E+02
  .130400E+02  .150400E+02  .170400E+02  .190400E+02  .210400E+02
  .230400E+02  .250400E+02  .270400E+02  .290400E+02  .310400E+02
  .330400E+02  .350400E+02  .370400E+02  .390400E+02  .410400E+02
  .430400E+02  .450400E+02  .470400E+02  .490400E+02  .510400E+02
  .530400E+02  .550400E+02  .570400E+02  .590400E+02  .610400E+02
  .630400E+02  .650400E+02  .670400E+02  .690400E+02  .710400E+02
  .730400E+02  .750400E+02  .770400E+02  .790400E+02  .810400E+02
  .830400E+02  .850400E+02  .870400E+02  .890400E+02  .910400E+02
  .930400E+02  .950400E+02  .970400E+02  .990400E+02  .101040E+03
  .103040E+03
  .192928E+01  .191506E+01  .190103E+01  .188742E+01  .187377E+01
  .186053E+01  .184725E+01  .183437E+01  .182166E+01  .180890E+01
  .179653E+01  .178432E+01  .177227E+01  .176037E+01  .174863E+01
  .173710E+01  .172554E+01  .171413E+01  .170320E+01  .169207E+01
  .168108E+01  .167056E+01  .165992E+01  .164949E+01  .163918E+01
  .162901E+01  .161895E+01  .160901E+01  .159919E+01  .158949E+01
  .158007E+01  .157059E+01  .156122E+01  .155196E+01  .154280E+01
  .153391E+01  .152496E+01  .151611E+01  .150753E+01  .149887E+01
  .149032E+01  .148202E+01  .147364E+01  .146536E+01  .145733E+01
  .144923E+01  .144138E+01  .143344E+01  .142576E+01  .141799E+01
  .141047E+01
  .138952E-04  .139937E-04  .140922E-04  .141908E-04  .142894E-04
  .143879E-04  .144864E-04  .145850E-04  .146835E-04  .147819E-04
  .148803E-04  .149787E-04  .150770E-04  .151752E-04  .152734E-04
  .153714E-04  .154694E-04  .155674E-04  .156652E-04  .157629E-04
  .158605E-04  .159580E-04  .160555E-04  .161527E-04  .162499E-04
  .163470E-04  .164439E-04  .165407E-04  .166374E-04  .167339E-04
  .168303E-04  .169266E-04  .170227E-04  .171186E-04  .172145E-04
  .173101E-04  .174057E-04  .175010E-04  .175962E-04  .176913E-04
  .177862E-04  .178809E-04  .179755E-04  .180699E-04  .181642E-04
  .182583E-04  .183522E-04  .184459E-04  .185395E-04  .186329E-04
  .187262E-04
  .789902E+06  .791571E+06  .793243E+06  .794918E+06  .796597E+06
  .798278E+06  .799963E+06  .801650E+06  .803341E+06  .805035E+06
  .806732E+06  .808432E+06  .810135E+06  .811842E+06  .813551E+06
  .815264E+06  .816981E+06  .818700E+06  .820423E+06  .822149E+06
  .823878E+06  .825611E+06  .827347E+06  .829086E+06  .830828E+06
  .832574E+06  .834323E+06  .836076E+06  .837831E+06  .839591E+06
  .841353E+06  .843119E+06  .844888E+06  .846660E+06  .848436E+06
  .850215E+06  .851998E+06  .853784E+06  .855573E+06  .857366E+06
  .859162E+06  .860962E+06  .862765E+06  .864571E+06  .866381E+06
  .868194E+06  .870010E+06  .871830E+06  .873653E+06  .875480E+06
  .877310E+06
  .990977E+01  .983042E+01  .975381E+01  .967640E+01  .960168E+01
  .952789E+01  .945499E+01  .938297E+01  .931357E+01  .924327E+01
  .917554E+01  .910863E+01  .904251E+01  .897718E+01  .891436E+01
  .885098E+01  .878958E+01  .872757E+01  .866761E+01  .860833E+01
  .854975E+01  .849315E+01  .843589E+01  .838060E+01  .832461E+01
  .827058E+01  .821715E+01  .816432E+01  .811208E+01  .806041E+01
  .800932E+01  .795878E+01  .791011E+01  .786066E+01  .781306E+01
  .776465E+01  .771808E+01  .767202E+01  .762644E+01  .758002E+01
  .753541E+01  .749126E+01  .744758E+01  .740567E+01  .736289E+01
  .732054E+01  .727862E+01  .723845E+01  .719738E+01  .715671E+01
  .711778E+01
  .139613E-04  .140597E-04  .141580E-04  .142564E-04  .143548E-04
  .144532E-04  .145515E-04  .146499E-04  .147482E-04  .148465E-04
  .149448E-04  .150430E-04  .151411E-04  .152392E-04  .153373E-04
  .154352E-04  .155331E-04  .156309E-04  .157286E-04  .158262E-04
  .159237E-04  .160211E-04  .161184E-04  .162156E-04  .163126E-04
  .164096E-04  .165064E-04  .166031E-04  .166997E-04  .167961E-04
  .168924E-04  .169885E-04  .170846E-04  .171804E-04  .172762E-04
  .173717E-04  .174672E-04  .175625E-04  .176576E-04  .177525E-04
  .178473E-04  .179420E-04  .180365E-04  .181308E-04  .182250E-04
  .183190E-04  .184128E-04  .185065E-04  .186000E-04  .186933E-04
  .187865E-04
  .785418E+06  .787162E+06  .788905E+06  .790651E+06  .792397E+06
  .794144E+06  .795892E+06  .797642E+06  .799392E+06  .801145E+06
  .802899E+06  .804654E+06  .806412E+06  .808171E+06  .809932E+06
  .811695E+06  .813460E+06  .815227E+06  .816996E+06  .818768E+06
  .820541E+06  .822317E+06  .824095E+06  .825876E+06  .827659E+06
  .829445E+06  .831233E+06  .833023E+06  .834816E+06  .836612E+06
  .838411E+06  .840212E+06  .842015E+06  .843822E+06  .845631E+06
  .847443E+06  .849257E+06  .851075E+06  .852895E+06  .854719E+06
  .856545E+06  .858373E+06  .860205E+06  .862039E+06  .863877E+06
  .865718E+06  .867561E+06  .869407E+06  .871257E+06  .873110E+06
  .874965E+06
  .183630E+02  .182015E+02  .180451E+02  .178905E+02  .177375E+02
  .175896E+02  .174433E+02  .173020E+02  .171614E+02  .170249E+02
  .168899E+02  .167581E+02  .166277E+02  .165004E+02  .163744E+02
  .162509E+02  .161288E+02  .160107E+02  .158939E+02  .157783E+02
  .156639E+02  .155534E+02  .154440E+02  .153359E+02  .152288E+02
  .151229E+02  .150207E+02  .149196E+02  .148195E+02  .147205E+02
  .146225E+02  .145255E+02  .144321E+02  .143397E+02  .142456E+02
  .141551E+02  .140655E+02  .139794E+02  .138916E+02  .138047E+02
  .137212E+02  .136386E+02  .135542E+02  .134732E+02  .133931E+02
  .133137E+02  .132351E+02  .131579E+02  .130822E+02  .130058E+02
  .129315E+02
  .140402E-04  .141380E-04  .142359E-04  .143338E-04  .144317E-04
  .145297E-04  .146276E-04  .147256E-04  .148235E-04  .149215E-04
  .150194E-04  .151172E-04  .152150E-04  .153128E-04  .154105E-04
  .155081E-04  .156057E-04  .157031E-04  .158006E-04  .158979E-04
  .159951E-04  .160922E-04  .161892E-04  .162862E-04  .163830E-04
  .164796E-04  .165762E-04  .166727E-04  .167690E-04  .168652E-04
  .169613E-04  .170572E-04  .171530E-04  .172487E-04  .173442E-04
  .174396E-04  .175348E-04  .176299E-04  .177248E-04  .178196E-04
  .179142E-04  .180087E-04  .181030E-04  .181971E-04  .182911E-04
  .183850E-04  .184786E-04  .185721E-04  .186655E-04  .187587E-04
  .188517E-04
  .780700E+06  .782531E+06  .784358E+06  .786184E+06  .788009E+06
  .789831E+06  .791652E+06  .793471E+06  .795290E+06  .797108E+06
  .798926E+06  .800743E+06  .802561E+06  .804379E+06  .806197E+06
  .808015E+06  .809834E+06  .811653E+06  .813473E+06  .815294E+06
  .817117E+06  .818939E+06  .820763E+06  .822589E+06  .824416E+06
  .826245E+06  .828075E+06  .829906E+06  .831739E+06  .833574E+06
  .835411E+06  .837250E+06  .839090E+06  .840932E+06  .842778E+06
  .844624E+06  .846473E+06  .848323E+06  .850176E+06  .852032E+06
  .853889E+06  .855748E+06  .857611E+06  .859475E+06  .861342E+06
  .863211E+06  .865083E+06  .866957E+06  .868834E+06  .870713E+06
  .872595E+06
  .273632E+02  .271005E+02  .268437E+02  .265893E+02  .263440E+02
  .261044E+02  .258672E+02  .256389E+02  .254129E+02  .251958E+02
  .249808E+02  .247678E+02  .245603E+02  .243582E+02  .241614E+02
  .239671E+02  .237741E+02  .235883E+02  .234042E+02  .232220E+02
  .230468E+02  .228706E+02  .227015E+02  .225314E+02  .223655E+02
  .222039E+02  .220439E+02  .218880E+02  .217337E+02  .215809E+02
  .214295E+02  .212822E+02  .211390E+02  .209945E+02  .208540E+02
  .207149E+02  .205797E+02  .204432E+02  .203106E+02  .201819E+02
  .200518E+02  .199255E+02  .198005E+02  .196766E+02  .195538E+02
  .194349E+02  .193170E+02  .192003E+02  .190846E+02  .189700E+02
  .188565E+02
  .141339E-04  .142309E-04  .143279E-04  .144249E-04  .145221E-04
  .146193E-04  .147164E-04  .148137E-04  .149109E-04  .150082E-04
  .151054E-04  .152026E-04  .152998E-04  .153969E-04  .154941E-04
  .155911E-04  .156881E-04  .157851E-04  .158820E-04  .159788E-04
  .160756E-04  .161722E-04  .162688E-04  .163652E-04  .164616E-04
  .165579E-04  .166540E-04  .167501E-04  .168460E-04  .169418E-04
  .170375E-04  .171331E-04  .172285E-04  .173238E-04  .174190E-04
  .175141E-04  .176090E-04  .177037E-04  .177983E-04  .178928E-04
  .179871E-04  .180813E-04  .181753E-04  .182692E-04  .183629E-04
  .184565E-04  .185499E-04  .186431E-04  .187362E-04  .188291E-04
  .189219E-04
  .775707E+06  .777639E+06  .779565E+06  .781487E+06  .783401E+06
  .785310E+06  .787216E+06  .789116E+06  .791013E+06  .792905E+06
  .794795E+06  .796684E+06  .798570E+06  .800453E+06  .802333E+06
  .804212E+06  .806092E+06  .807968E+06  .809845E+06  .811721E+06
  .813595E+06  .815471E+06  .817344E+06  .819220E+06  .821095E+06
  .822969E+06  .824845E+06  .826720E+06  .828596E+06  .830473E+06
  .832352E+06  .834231E+06  .836110E+06  .837991E+06  .839873E+06
  .841757E+06  .843641E+06  .845528E+06  .847415E+06  .849303E+06
  .851194E+06  .853086E+06  .854980E+06  .856876E+06  .858774E+06
  .860673E+06  .862574E+06  .864477E+06  .866382E+06  .868290E+06
  .870200E+06
  .370258E+02  .366277E+02  .362395E+02  .358609E+02  .354987E+02
  .351395E+02  .347965E+02  .344563E+02  .341256E+02  .338044E+02
  .334925E+02  .331849E+02  .328883E+02  .325943E+02  .323094E+02
  .320295E+02  .317555E+02  .314891E+02  .312251E+02  .309687E+02
  .307198E+02  .304732E+02  .302288E+02  .299918E+02  .297569E+02
  .295293E+02  .293039E+02  .290856E+02  .288694E+02  .286551E+02
  .284479E+02  .282427E+02  .280392E+02  .278429E+02  .276483E+02
  .274555E+02  .272644E+02  .270802E+02  .268977E+02  .267169E+02
  .265376E+02  .263600E+02  .261904E+02  .260211E+02  .258533E+02
  .256870E+02  .255247E+02  .253665E+02  .252071E+02  .250518E+02
  .248977E+02
  .142458E-04  .143412E-04  .144367E-04  .145323E-04  .146282E-04
  .147240E-04  .148200E-04  .149160E-04  .150121E-04  .151083E-04
  .152045E-04  .153007E-04  .153969E-04  .154931E-04  .155893E-04
  .156855E-04  .157817E-04  .158779E-04  .159739E-04  .160700E-04
  .161660E-04  .162620E-04  .163578E-04  .164536E-04  .165493E-04
  .166450E-04  .167405E-04  .168360E-04  .169313E-04  .170265E-04
  .171217E-04  .172167E-04  .173116E-04  .174065E-04  .175012E-04
  .175957E-04  .176901E-04  .177844E-04  .178786E-04  .179726E-04
  .180665E-04  .181602E-04  .182539E-04  .183474E-04  .184407E-04
  .185338E-04  .186269E-04  .187198E-04  .188125E-04  .189050E-04
  .189974E-04
  .770376E+06  .772434E+06  .774480E+06  .776515E+06  .778536E+06
  .780550E+06  .782551E+06  .784547E+06  .786535E+06  .788515E+06
  .790487E+06  .792456E+06  .794417E+06  .796375E+06  .798327E+06
  .800276E+06  .802221E+06  .804162E+06  .806102E+06  .808038E+06
  .809970E+06  .811901E+06  .813832E+06  .815760E+06  .817688E+06
  .819613E+06  .821537E+06  .823460E+06  .825383E+06  .827306E+06
  .829227E+06  .831149E+06  .833072E+06  .834993E+06  .836914E+06
  .838837E+06  .840761E+06  .842683E+06  .844607E+06  .846532E+06
  .848459E+06  .850386E+06  .852313E+06  .854241E+06  .856171E+06
  .858103E+06  .860035E+06  .861968E+06  .863903E+06  .865840E+06
  .867778E+06
  .474864E+02  .469080E+02  .463528E+02  .458144E+02  .452926E+02
  .447875E+02  .442988E+02  .438267E+02  .433710E+02  .429252E+02
  .424892E+02  .420695E+02  .416529E+02  .412525E+02  .408683E+02
  .404822E+02  .401120E+02  .397500E+02  .393961E+02  .390504E+02
  .387126E+02  .383776E+02  .380558E+02  .377366E+02  .374253E+02
  .371217E+02  .368259E+02  .365325E+02  .362469E+02  .359636E+02
  .356878E+02  .354144E+02  .351485E+02  .348900E+02  .346338E+02
  .343797E+02  .341329E+02  .338882E+02  .336508E+02  .334154E+02
  .331820E+02  .329557E+02  .327314E+02  .325090E+02  .322936E+02
  .320801E+02  .318684E+02  .316636E+02  .314606E+02  .312594E+02
  .310598E+02
  .143798E-04  .144727E-04  .145659E-04  .146593E-04  .147530E-04
  .148468E-04  .149409E-04  .150352E-04  .151296E-04  .152241E-04
  .153187E-04  .154134E-04  .155081E-04  .156030E-04  .156980E-04
  .157928E-04  .158878E-04  .159828E-04  .160777E-04  .161727E-04
  .162677E-04  .163625E-04  .164574E-04  .165523E-04  .166470E-04
  .167418E-04  .168365E-04  .169311E-04  .170257E-04  .171201E-04
  .172145E-04  .173088E-04  .174030E-04  .174971E-04  .175911E-04
  .176850E-04  .177788E-04  .178724E-04  .179660E-04  .180594E-04
  .181527E-04  .182459E-04  .183390E-04  .184319E-04  .185247E-04
  .186174E-04  .187099E-04  .188023E-04  .188946E-04  .189867E-04
  .190786E-04
  .764634E+06  .766849E+06  .769040E+06  .771212E+06  .773366E+06
  .775503E+06  .777624E+06  .779730E+06  .781821E+06  .783902E+06
  .785973E+06  .788032E+06  .790085E+06  .792127E+06  .794158E+06
  .796188E+06  .798207E+06  .800221E+06  .802229E+06  .804232E+06
  .806231E+06  .808227E+06  .810216E+06  .812203E+06  .814187E+06
  .816167E+06  .818144E+06  .820120E+06  .822093E+06  .824065E+06
  .826035E+06  .828004E+06  .829971E+06  .831936E+06  .833901E+06
  .835866E+06  .837829E+06  .839793E+06  .841755E+06  .843718E+06
  .845682E+06  .847644E+06  .849607E+06  .851571E+06  .853534E+06
  .855498E+06  .857463E+06  .859427E+06  .861393E+06  .863360E+06
  .865329E+06
  .589593E+02  .581363E+02  .573494E+02  .565922E+02  .558710E+02
  .551730E+02  .545047E+02  .538595E+02  .532309E+02  .526319E+02
  .520429E+02  .514769E+02  .509275E+02  .504009E+02  .498778E+02
  .493797E+02  .488882E+02  .484106E+02  .479468E+02  .474968E+02
  .470553E+02  .466273E+02  .462078E+02  .457967E+02  .453938E+02
  .450043E+02  .446178E+02  .442446E+02  .438795E+02  .435173E+02
  .431682E+02  .428218E+02  .424833E+02  .421527E+02  .418298E+02
  .415095E+02  .411970E+02  .408868E+02  .405896E+02  .402895E+02
  .400021E+02  .397119E+02  .394344E+02  .391539E+02  .388859E+02
  .386150E+02  .383566E+02  .380951E+02  .378409E+02  .375886E+02
  .373437E+02
  .145422E-04  .146310E-04  .147205E-04  .148104E-04  .149008E-04
  .149916E-04  .150829E-04  .151744E-04  .152662E-04  .153583E-04
  .154506E-04  .155431E-04  .156358E-04  .157288E-04  .158217E-04
  .159149E-04  .160081E-04  .161014E-04  .161947E-04  .162882E-04
  .163817E-04  .164752E-04  .165688E-04  .166623E-04  .167558E-04
  .168494E-04  .169429E-04  .170364E-04  .171299E-04  .172233E-04
  .173167E-04  .174100E-04  .175032E-04  .175964E-04  .176895E-04
  .177825E-04  .178755E-04  .179683E-04  .180611E-04  .181537E-04
  .182463E-04  .183387E-04  .184311E-04  .185233E-04  .186155E-04
  .187074E-04  .187994E-04  .188911E-04  .189827E-04  .190742E-04
  .191656E-04
  .758364E+06  .760780E+06  .763158E+06  .765506E+06  .767820E+06
  .770110E+06  .772373E+06  .774613E+06  .776836E+06  .779035E+06
  .781222E+06  .783390E+06  .785544E+06  .787681E+06  .789812E+06
  .791926E+06  .794033E+06  .796130E+06  .798217E+06  .800295E+06
  .802366E+06  .804429E+06  .806487E+06  .808539E+06  .810586E+06
  .812626E+06  .814664E+06  .816696E+06  .818723E+06  .820749E+06
  .822769E+06  .824788E+06  .826804E+06  .828817E+06  .830827E+06
  .832836E+06  .834844E+06  .836850E+06  .838853E+06  .840857E+06
  .842858E+06  .844860E+06  .846859E+06  .848861E+06  .850859E+06
  .852859E+06  .854856E+06  .856856E+06  .858855E+06  .860854E+06
  .862853E+06
  .717517E+02  .705740E+02  .694634E+02  .684199E+02  .674183E+02
  .664587E+02  .655537E+02  .646781E+02  .638318E+02  .630306E+02
  .622556E+02  .615099E+02  .607935E+02  .600937E+02  .594231E+02
  .587743E+02  .581420E+02  .575240E+02  .569305E+02  .563513E+02
  .557965E+02  .552454E+02  .547187E+02  .541956E+02  .536966E+02
  .532012E+02  .527195E+02  .522515E+02  .517869E+02  .513436E+02
  .509061E+02  .504769E+02  .500559E+02  .496484E+02  .492438E+02
  .488526E+02  .484642E+02  .480891E+02  .477167E+02  .473523E+02
  .469958E+02  .466471E+02  .463010E+02  .459627E+02  .456321E+02
  .453041E+02  .449836E+02  .446708E+02  .443604E+02  .440575E+02
  .437569E+02
  .147422E-04  .148244E-04  .149078E-04  .149924E-04  .150777E-04
  .151637E-04  .152507E-04  .153381E-04  .154260E-04  .155146E-04
  .156036E-04  .156930E-04  .157828E-04  .158728E-04  .159632E-04
  .160539E-04  .161447E-04  .162357E-04  .163269E-04  .164183E-04
  .165099E-04  .166015E-04  .166933E-04  .167850E-04  .168770E-04
  .169689E-04  .170609E-04  .171529E-04  .172449E-04  .173370E-04
  .174291E-04  .175211E-04  .176131E-04  .177051E-04  .177970E-04
  .178890E-04  .179808E-04  .180727E-04  .181644E-04  .182561E-04
  .183477E-04  .184393E-04  .185307E-04  .186220E-04  .187133E-04
  .188045E-04  .188956E-04  .189866E-04  .190774E-04  .191682E-04
  .192588E-04
  .751400E+06  .754088E+06  .756714E+06  .759282E+06  .761806E+06
  .764291E+06  .766730E+06  .769139E+06  .771520E+06  .773866E+06
  .776188E+06  .778485E+06  .780758E+06  .783016E+06  .785251E+06
  .787470E+06  .789675E+06  .791867E+06  .794044E+06  .796209E+06
  .798359E+06  .800503E+06  .802634E+06  .804760E+06  .806873E+06
  .808982E+06  .811083E+06  .813177E+06  .815268E+06  .817348E+06
  .819425E+06  .821498E+06  .823567E+06  .825630E+06  .827691E+06
  .829747E+06  .831802E+06  .833851E+06  .835900E+06  .837946E+06
  .839990E+06  .842031E+06  .844071E+06  .846110E+06  .848146E+06
  .850183E+06  .852218E+06  .854251E+06  .856284E+06  .858316E+06
  .860348E+06
  .864057E+02  .846909E+02  .830908E+02  .816057E+02  .802111E+02
  .788947E+02  .776442E+02  .764723E+02  .753417E+02  .742774E+02
  .732544E+02  .722729E+02  .713453E+02  .704468E+02  .695772E+02
  .687400E+02  .679323E+02  .671598E+02  .664020E+02  .656793E+02
  .649712E+02  .642878E+02  .636187E+02  .629743E+02  .623544E+02
  .617385E+02  .611469E+02  .605695E+02  .600060E+02  .594565E+02
  .589210E+02  .583992E+02  .578810E+02  .573867E+02  .568959E+02
  .564187E+02  .559550E+02  .554946E+02  .550476E+02  .546038E+02
  .541836E+02  .537562E+02  .533420E+02  .529411E+02  .525430E+02
  .521478E+02  .517657E+02  .513941E+02  .510226E+02  .506640E+02
  .503081E+02
  .149957E-04  .150665E-04  .151397E-04  .152151E-04  .152923E-04
  .153711E-04  .154511E-04  .155325E-04  .156147E-04  .156981E-04
  .157822E-04  .158671E-04  .159528E-04  .160389E-04  .161255E-04
  .162127E-04  .163002E-04  .163882E-04  .164764E-04  .165651E-04
  .166540E-04  .167431E-04  .168324E-04  .169220E-04  .170118E-04
  .171016E-04  .171916E-04  .172817E-04  .173720E-04  .174623E-04
  .175526E-04  .176431E-04  .177334E-04  .178240E-04  .179145E-04
  .180050E-04  .180956E-04  .181860E-04  .182766E-04  .183669E-04
  .184575E-04  .185478E-04  .186381E-04  .187285E-04  .188187E-04
  .189088E-04  .189989E-04  .190890E-04  .191789E-04  .192689E-04
  .193587E-04
  .743453E+06  .746528E+06  .749504E+06  .752385E+06  .755188E+06
  .757925E+06  .760603E+06  .763221E+06  .765798E+06  .768325E+06
  .770815E+06  .773272E+06  .775689E+06  .778081E+06  .780449E+06
  .782791E+06  .785111E+06  .787408E+06  .789690E+06  .791949E+06
  .794197E+06  .796428E+06  .798647E+06  .800852E+06  .803042E+06
  .805227E+06  .807398E+06  .809560E+06  .811714E+06  .813860E+06
  .815998E+06  .818129E+06  .820257E+06  .822374E+06  .824488E+06
  .826596E+06  .828698E+06  .830799E+06  .832893E+06  .834987E+06
  .837071E+06  .839158E+06  .841240E+06  .843318E+06  .845394E+06
  .847471E+06  .849543E+06  .851611E+06  .853681E+06  .855747E+06
  .857813E+06
  .103898E+03  .101246E+03  .988511E+02  .966765E+02  .946747E+02
  .928341E+02  .911063E+02  .895038E+02  .879904E+02  .865662E+02
  .852192E+02  .839373E+02  .827083E+02  .815569E+02  .804464E+02
  .793772E+02  .783551E+02  .773787E+02  .764275E+02  .755220E+02
  .746415E+02  .737963E+02  .729761E+02  .721808E+02  .714103E+02
  .706647E+02  .699437E+02  .692372E+02  .685451E+02  .678877E+02
  .672344E+02  .666054E+02  .659906E+02  .653898E+02  .648031E+02
  .642302E+02  .636713E+02  .631262E+02  .625949E+02  .620773E+02
  .615631E+02  .610625E+02  .605756E+02  .600918E+02  .596216E+02
  .591647E+02  .587110E+02  .582706E+02  .578332E+02  .574091E+02
  .569878E+02
  .153325E-04  .153813E-04  .154359E-04  .154954E-04  .155588E-04
  .156256E-04  .156948E-04  .157666E-04  .158403E-04  .159158E-04
  .159929E-04  .160712E-04  .161505E-04  .162312E-04  .163127E-04
  .163950E-04  .164780E-04  .165619E-04  .166461E-04  .167311E-04
  .168164E-04  .169023E-04  .169885E-04  .170751E-04  .171620E-04
  .172492E-04  .173367E-04  .174244E-04  .175121E-04  .176003E-04
  .176885E-04  .177769E-04  .178654E-04  .179540E-04  .180427E-04
  .181315E-04  .182203E-04  .183093E-04  .183982E-04  .184873E-04
  .185762E-04  .186652E-04  .187542E-04  .188431E-04  .189321E-04
  .190211E-04  .191100E-04  .191989E-04  .192877E-04  .193765E-04
  .194652E-04
  .734003E+06  .737705E+06  .741211E+06  .744552E+06  .747758E+06
  .750843E+06  .753836E+06  .756736E+06  .759565E+06  .762326E+06
  .765027E+06  .767678E+06  .770285E+06  .772840E+06  .775361E+06
  .777850E+06  .780305E+06  .782729E+06  .785131E+06  .787504E+06
  .789858E+06  .792189E+06  .794502E+06  .796799E+06  .799079E+06
  .801343E+06  .803593E+06  .805832E+06  .808062E+06  .810274E+06
  .812481E+06  .814676E+06  .816863E+06  .819041E+06  .821213E+06
  .823377E+06  .825534E+06  .827685E+06  .829830E+06  .831968E+06
  .834104E+06  .836235E+06  .838360E+06  .840484E+06  .842603E+06
  .844717E+06  .846829E+06  .848938E+06  .851045E+06  .853148E+06
  .855251E+06
 -.907662E+03  .104821E+03  .102220E+03  .998628E+02  .977138E+02
  .957251E+02  .938971E+02  .921817E+02  .905791E+02  .890654E+02
  .876407E+02  .862930E+02  .850102E+02  .837925E+02  .826277E+02
  .815062E+02  .804357E+02  .794109E+02  .784318E+02  .774779E+02
  .765696E+02  .756763E+02  .748283E+02  .740053E+02  .731971E+02
  .724238E+02  .716754E+02  .709415E+02  .702322E+02  .695475E+02
  .688669E+02  .682209E+02  .675790E+02  .669613E+02  .663578E+02
  .657580E+02  .651824E+02  .646207E+02  .640728E+02  .635285E+02
  .630081E+02  .624912E+02  .619879E+02  .614879E+02  .610015E+02
  .605285E+02  .600689E+02  .596125E+02  .591591E+02  .587293E+02
  .582922E+02
  .950583E-04  .154536E-04  .155031E-04  .155582E-04  .156179E-04
  .156813E-04  .157481E-04  .158173E-04  .158889E-04  .159623E-04
  .160375E-04  .161143E-04  .161924E-04  .162717E-04  .163520E-04
  .164331E-04  .165151E-04  .165978E-04  .166814E-04  .167654E-04
  .168501E-04  .169350E-04  .170206E-04  .171066E-04  .171927E-04
  .172794E-04  .173663E-04  .174534E-04  .175408E-04  .176285E-04
  .177161E-04  .178042E-04  .178922E-04  .179804E-04  .180688E-04
  .181570E-04  .182456E-04  .183341E-04  .184228E-04  .185114E-04
  .186001E-04  .186888E-04  .187776E-04  .188662E-04  .189548E-04
  .190435E-04  .191323E-04  .192209E-04  .193094E-04  .193981E-04
  .194865E-04
  .509909E+06  .735806E+06  .739445E+06  .742902E+06  .746204E+06
  .749381E+06  .752441E+06  .755411E+06  .758297E+06  .761113E+06
  .763863E+06  .766555E+06  .769197E+06  .771792E+06  .774347E+06
  .776867E+06  .779352E+06  .781805E+06  .784226E+06  .786627E+06
  .788999E+06  .791357E+06  .793687E+06  .796001E+06  .798302E+06
  .800583E+06  .802849E+06  .805104E+06  .807345E+06  .809573E+06
  .811795E+06  .814001E+06  .816202E+06  .818391E+06  .820573E+06
  .822751E+06  .824919E+06  .827079E+06  .829233E+06  .831385E+06
  .833527E+06  .835667E+06  .837801E+06  .839934E+06  .842062E+06
  .844184E+06  .846302E+06  .848419E+06  .850535E+06  .852643E+06
  .854754E+06
  .909824E+03 -.894806E+03  .111605E+03  .108673E+03  .106041E+03
  .103652E+03  .101457E+03  .994325E+02  .975560E+02  .958032E+02
  .941625E+02  .926099E+02  .911457E+02  .897580E+02  .884346E+02
  .871765E+02  .859745E+02  .848286E+02  .837284E+02  .826637E+02
  .816447E+02  .806713E+02  .797230E+02  .788101E+02  .779222E+02
  .770694E+02  .762416E+02  .754387E+02  .746605E+02  .739070E+02
  .731681E+02  .724537E+02  .717639E+02  .710781E+02  .704168E+02
  .697798E+02  .691468E+02  .685379E+02  .679431E+02  .673520E+02
  .667850E+02  .662215E+02  .656821E+02  .651461E+02  .646238E+02
  .641049E+02  .636098E+02  .631179E+02  .626293E+02  .621541E+02
  .616923E+02
  .956087E-04  .917982E-04  .156977E-04  .157382E-04  .157858E-04
  .158391E-04  .158970E-04  .159586E-04  .160236E-04  .160913E-04
  .161614E-04  .162333E-04  .163071E-04  .163825E-04  .164591E-04
  .165371E-04  .166161E-04  .166961E-04  .167770E-04  .168585E-04
  .169408E-04  .170239E-04  .171074E-04  .171914E-04  .172758E-04
  .173607E-04  .174460E-04  .175316E-04  .176176E-04  .177038E-04
  .177902E-04  .178769E-04  .179639E-04  .180508E-04  .181380E-04
  .182255E-04  .183129E-04  .184006E-04  .184883E-04  .185759E-04
  .186638E-04  .187516E-04  .188396E-04  .189275E-04  .190155E-04
  .191034E-04  .191915E-04  .192794E-04  .193673E-04  .194552E-04
  .195431E-04
  .509639E+06  .514974E+06  .734538E+06  .738354E+06  .741957E+06
  .745385E+06  .748672E+06  .751834E+06  .754890E+06  .757854E+06
  .760738E+06  .763555E+06  .766308E+06  .769006E+06  .771656E+06
  .774261E+06  .776825E+06  .779350E+06  .781843E+06  .784310E+06
  .786746E+06  .789154E+06  .791542E+06  .793908E+06  .796256E+06
  .798584E+06  .800895E+06  .803191E+06  .805471E+06  .807738E+06
  .809995E+06  .812238E+06  .814469E+06  .816695E+06  .818909E+06
  .821111E+06  .823309E+06  .825497E+06  .827678E+06  .829856E+06
  .832023E+06  .834189E+06  .836344E+06  .838498E+06  .840647E+06
  .842794E+06  .844931E+06  .847068E+06  .849204E+06  .851335E+06
  .853461E+06
  .911986E+03  .897196E+03 -.881268E+03  .118884E+03  .115562E+03
  .112602E+03  .109941E+03  .107520E+03  .105292E+03  .103221E+03
  .101309E+03  .995075E+02  .978293E+02  .962385E+02  .947354E+02
  .933008E+02  .919471E+02  .906495E+02  .894078E+02  .882221E+02
  .870922E+02  .859978E+02  .849491E+02  .839357E+02  .829577E+02
  .820150E+02  .810973E+02  .802148E+02  .793572E+02  .785347E+02
  .777267E+02  .769436E+02  .761850E+02  .754410E+02  .747215E+02
  .740163E+02  .733355E+02  .726689E+02  .720165E+02  .713883E+02
  .707640E+02  .701638E+02  .695674E+02  .689950E+02  .684261E+02
  .678711E+02  .673297E+02  .667918E+02  .662777E+02  .657669E+02
  .652696E+02
  .961632E-04  .923793E-04  .885340E-04  .159586E-04  .159881E-04
  .160265E-04  .160723E-04  .161238E-04  .161798E-04  .162395E-04
  .163029E-04  .163687E-04  .164372E-04  .165076E-04  .165799E-04
  .166536E-04  .167290E-04  .168055E-04  .168831E-04  .169618E-04
  .170415E-04  .171218E-04  .172030E-04  .172848E-04  .173671E-04
  .174501E-04  .175334E-04  .176172E-04  .177015E-04  .177862E-04
  .178711E-04  .179563E-04  .180419E-04  .181275E-04  .182135E-04
  .182996E-04  .183860E-04  .184724E-04  .185590E-04  .186458E-04
  .187326E-04  .188196E-04  .189065E-04  .189937E-04  .190807E-04
  .191679E-04  .192551E-04  .193422E-04  .194295E-04  .195167E-04
  .196039E-04
  .509373E+06  .514661E+06  .520173E+06  .733106E+06  .737124E+06
  .740895E+06  .744463E+06  .747865E+06  .751132E+06  .754286E+06
  .757332E+06  .760297E+06  .763179E+06  .765997E+06  .768754E+06
  .771462E+06  .774115E+06  .776729E+06  .779304E+06  .781841E+06
  .784343E+06  .786819E+06  .789266E+06  .791689E+06  .794089E+06
  .796468E+06  .798829E+06  .801170E+06  .803496E+06  .805802E+06
  .808097E+06  .810379E+06  .812648E+06  .814907E+06  .817154E+06
  .819392E+06  .821619E+06  .823837E+06  .826049E+06  .828250E+06
  .830448E+06  .832635E+06  .834820E+06  .836995E+06  .839169E+06
  .841336E+06  .843499E+06  .845660E+06  .847811E+06  .849962E+06
  .852108E+06
  .914261E+03  .899698E+03  .884112E+03 -.867160E+03  .126716E+03
  .122930E+03  .119614E+03  .116633E+03  .113932E+03  .111468E+03
  .109207E+03  .107103E+03  .105144E+03  .103307E+03  .101580E+03
  .999504E+02  .984049E+02  .969355E+02  .955423E+02  .942051E+02
  .929339E+02  .917084E+02  .905387E+02  .894147E+02  .883261E+02
  .872830E+02  .862752E+02  .852925E+02  .843552E+02  .834429E+02
  .825555E+02  .817031E+02  .808654E+02  .800525E+02  .792744E+02
  .785006E+02  .777615E+02  .770368E+02  .763263E+02  .756403E+02
  .749684E+02  .743107E+02  .736670E+02  .730373E+02  .724317E+02
  .718298E+02  .712418E+02  .706675E+02  .701070E+02  .695602E+02
  .690168E+02
  .967515E-04  .929931E-04  .891943E-04  .853016E-04  .162390E-04
  .162548E-04  .162827E-04  .163193E-04  .163627E-04  .164121E-04
  .164663E-04  .165243E-04  .165856E-04  .166497E-04  .167164E-04
  .167852E-04  .168558E-04  .169281E-04  .170019E-04  .170769E-04
  .171533E-04  .172305E-04  .173088E-04  .173879E-04  .174677E-04
  .175483E-04  .176295E-04  .177111E-04  .177935E-04  .178762E-04
  .179593E-04  .180430E-04  .181268E-04  .182109E-04  .182956E-04
  .183802E-04  .184653E-04  .185505E-04  .186358E-04  .187214E-04
  .188072E-04  .188930E-04  .189789E-04  .190649E-04  .191512E-04
  .192373E-04  .193236E-04  .194099E-04  .194963E-04  .195828E-04
  .196691E-04
  .509096E+06  .514338E+06  .519784E+06  .525497E+06  .731493E+06
  .735743E+06  .739692E+06  .743419E+06  .746960E+06  .750343E+06
  .753592E+06  .756733E+06  .759776E+06  .762736E+06  .765622E+06
  .768442E+06  .771205E+06  .773916E+06  .776578E+06  .779201E+06
  .781782E+06  .784332E+06  .786846E+06  .789332E+06  .791794E+06
  .794228E+06  .796640E+06  .799036E+06  .801406E+06  .803761E+06
  .806100E+06  .808421E+06  .810732E+06  .813029E+06  .815308E+06
  .817584E+06  .819842E+06  .822093E+06  .824336E+06  .826568E+06
  .828792E+06  .831010E+06  .833221E+06  .835426E+06  .837620E+06
  .839813E+06  .842000E+06  .844181E+06  .846357E+06  .848528E+06
  .850698E+06
  .916423E+03  .902201E+03  .887070E+03  .870573E+03 -.852370E+03
  .135161E+03  .130834E+03  .127064E+03  .123736E+03  .120737E+03
  .118019E+03  .115519E+03  .113203E+03  .111066E+03  .109062E+03
  .107191E+03  .105414E+03  .103743E+03  .102158E+03  .100654E+03
  .992218E+02  .978450E+02  .965342E+02  .952791E+02  .940697E+02
  .929058E+02  .917875E+02  .907146E+02  .896669E+02  .886646E+02
  .876873E+02  .867452E+02  .858381E+02  .849458E+02  .840884E+02
  .832558E+02  .824377E+02  .816443E+02  .808755E+02  .801311E+02
  .794011E+02  .786854E+02  .779839E+02  .773066E+02  .766435E+02
  .759944E+02  .753592E+02  .747380E+02  .741307E+02  .735371E+02
  .729574E+02
  .973147E-04  .936123E-04  .898877E-04  .860575E-04  .820835E-04
  .165420E-04  .165411E-04  .165553E-04  .165812E-04  .166157E-04
  .166574E-04  .167046E-04  .167564E-04  .168126E-04  .168719E-04
  .169343E-04  .169990E-04  .170660E-04  .171350E-04  .172057E-04
  .172780E-04  .173514E-04  .174262E-04  .175021E-04  .175790E-04
  .176566E-04  .177352E-04  .178146E-04  .178944E-04  .179750E-04
  .180560E-04  .181375E-04  .182197E-04  .183020E-04  .183849E-04
  .184681E-04  .185514E-04  .186351E-04  .187191E-04  .188034E-04
  .188879E-04  .189724E-04  .190571E-04  .191421E-04  .192271E-04
  .193123E-04  .193975E-04  .194828E-04  .195682E-04  .196537E-04
  .197393E-04
  .508837E+06  .514019E+06  .519385E+06  .525011E+06  .530966E+06
  .729685E+06  .734197E+06  .738364E+06  .742257E+06  .745942E+06
  .749447E+06  .752810E+06  .756052E+06  .759181E+06  .762221E+06
  .765177E+06  .768068E+06  .770891E+06  .773659E+06  .776375E+06
  .779045E+06  .781677E+06  .784269E+06  .786826E+06  .789354E+06
  .791854E+06  .794326E+06  .796772E+06  .799200E+06  .801604E+06
  .803991E+06  .806360E+06  .808709E+06  .811048E+06  .813370E+06
  .815678E+06  .817977E+06  .820264E+06  .822539E+06  .824802E+06
  .827057E+06  .829305E+06  .831546E+06  .833777E+06  .836001E+06
  .838219E+06  .840431E+06  .842637E+06  .844838E+06  .847033E+06
  .849223E+06
  .918698E+03  .904818E+03  .889914E+03  .873873E+03  .856352E+03
 -.836784E+03  .144317E+03  .139322E+03  .135039E+03  .131309E+03
  .127948E+03  .124936E+03  .122179E+03  .119657E+03  .117299E+03
  .115113E+03  .113075E+03  .111162E+03  .109336E+03  .107636E+03
  .106002E+03  .104454E+03  .102972E+03  .101576E+03  .100221E+03
  .989261E+02  .976870E+02  .964934E+02  .953353E+02  .942225E+02
  .931551E+02  .921129E+02  .911159E+02  .901439E+02  .891968E+02
  .882848E+02  .873976E+02  .865250E+02  .856872E+02  .848741E+02
  .840754E+02  .833013E+02  .825416E+02  .818062E+02  .810851E+02
  .803883E+02  .796955E+02  .790269E+02  .783723E+02  .777316E+02
  .771049E+02
  .979123E-04  .942653E-04  .905609E-04  .867962E-04  .829240E-04
  .788662E-04  .168718E-04  .168496E-04  .168475E-04  .168606E-04
  .168839E-04  .169165E-04  .169558E-04  .170011E-04  .170507E-04
  .171046E-04  .171620E-04  .172225E-04  .172851E-04  .173506E-04
  .174176E-04  .174866E-04  .175570E-04  .176292E-04  .177023E-04
  .177767E-04  .178521E-04  .179285E-04  .180056E-04  .180835E-04
  .181622E-04  .182414E-04  .183213E-04  .184017E-04  .184825E-04
  .185638E-04  .186455E-04  .187273E-04  .188097E-04  .188925E-04
  .189753E-04  .190585E-04  .191419E-04  .192255E-04  .193093E-04
  .193933E-04  .194773E-04  .195616E-04  .196460E-04  .197304E-04
  .198150E-04
  .508568E+06  .513691E+06  .519007E+06  .524548E+06  .530378E+06
  .536604E+06  .727650E+06  .732474E+06  .736881E+06  .740961E+06
  .744812E+06  .748454E+06  .751936E+06  .755275E+06  .758506E+06
  .761631E+06  .764665E+06  .767619E+06  .770515E+06  .773338E+06
  .776114E+06  .778839E+06  .781522E+06  .784155E+06  .786760E+06
  .789330E+06  .791866E+06  .794375E+06  .796862E+06  .799324E+06
  .801760E+06  .804180E+06  .806577E+06  .808958E+06  .811326E+06
  .813676E+06  .816012E+06  .818339E+06  .820650E+06  .822948E+06
  .825239E+06  .827518E+06  .829789E+06  .832050E+06  .834304E+06
  .836548E+06  .838789E+06  .841020E+06  .843245E+06  .845465E+06
  .847679E+06
  .920973E+03  .907321E+03  .892759E+03  .877172E+03  .860107E+03
  .841335E+03 -.820060E+03  .154274E+03  .148490E+03  .143592E+03
  .139355E+03  .135619E+03  .132273E+03  .129225E+03  .126431E+03
  .123860E+03  .121482E+03  .119249E+03  .117163E+03  .115202E+03
  .113367E+03  .111598E+03  .109935E+03  .108358E+03  .106847E+03
  .105381E+03  .104001E+03  .102667E+03  .101398E+03  .100160E+03
  .989717E+02  .978291E+02  .967219E+02  .956498E+02  .946229E+02
  .936110E+02  .926441E+02  .917022E+02  .907851E+02  .898927E+02
  .890251E+02  .881821E+02  .873536E+02  .865597E+02  .857701E+02
  .850151E+02  .842743E+02  .835477E+02  .828353E+02  .821370E+02
  .814628E+02
  .985146E-04  .948954E-04  .912405E-04  .875430E-04  .837262E-04
  .797805E-04  .755967E-04  .172334E-04  .171846E-04  .171621E-04
  .171588E-04  .171697E-04  .171915E-04  .172215E-04  .172584E-04
  .173012E-04  .173490E-04  .174005E-04  .174557E-04  .175140E-04
  .175754E-04  .176383E-04  .177038E-04  .177711E-04  .178400E-04
  .179099E-04  .179817E-04  .180544E-04  .181285E-04  .182032E-04
  .182789E-04  .183555E-04  .184327E-04  .185106E-04  .185893E-04
  .186682E-04  .187479E-04  .188280E-04  .189085E-04  .189894E-04
  .190706E-04  .191521E-04  .192339E-04  .193161E-04  .193983E-04
  .194810E-04  .195638E-04  .196468E-04  .197298E-04  .198130E-04
  .198965E-04
  .508303E+06  .513381E+06  .518634E+06  .524091E+06  .529830E+06
  .535907E+06  .542470E+06  .725367E+06  .730546E+06  .735229E+06
  .739538E+06  .743557E+06  .747349E+06  .750961E+06  .754422E+06
  .757749E+06  .760961E+06  .764082E+06  .767116E+06  .770073E+06
  .772957E+06  .775796E+06  .778574E+06  .781301E+06  .783988E+06
  .786644E+06  .789254E+06  .791835E+06  .794381E+06  .796906E+06
  .799403E+06  .801876E+06  .804328E+06  .806761E+06  .809170E+06
  .811570E+06  .813947E+06  .816311E+06  .818662E+06  .821000E+06
  .823326E+06  .825640E+06  .827946E+06  .830237E+06  .832525E+06
  .834799E+06  .837065E+06  .839326E+06  .841580E+06  .843828E+06
  .846066E+06
  .923363E+03  .909938E+03  .895603E+03  .880358E+03  .863975E+03
  .845885E+03  .825635E+03 -.802198E+03  .165163E+03  .158385E+03
  .152775E+03  .147974E+03  .143782E+03  .140042E+03  .136664E+03
  .133610E+03  .130794E+03  .128182E+03  .125756E+03  .123496E+03
  .121361E+03  .119352E+03  .117469E+03  .115671E+03  .113959E+03
  .112333E+03  .110792E+03  .109297E+03  .107867E+03  .106504E+03
  .105185E+03  .103912E+03  .102704E+03  .101522E+03  .100380E+03
  .992779E+02  .982111E+02  .971793E+02  .961725E+02  .952006E+02
  .942535E+02  .933413E+02  .924438E+02  .915708E+02  .907225E+02
  .898988E+02  .890894E+02  .883045E+02  .875339E+02  .867876E+02
  .860555E+02
  .991524E-04  .955600E-04  .919267E-04  .882716E-04  .845629E-04
  .807077E-04  .766611E-04  .722959E-04  .176334E-04  .175497E-04
  .175024E-04  .174797E-04  .174752E-04  .174838E-04  .175029E-04
  .175310E-04  .175657E-04  .176060E-04  .176513E-04  .177008E-04
  .177537E-04  .178098E-04  .178689E-04  .179302E-04  .179935E-04
  .180588E-04  .181261E-04  .181945E-04  .182643E-04  .183356E-04
  .184078E-04  .184810E-04  .185555E-04  .186305E-04  .187063E-04
  .187828E-04  .188600E-04  .189378E-04  .190161E-04  .190949E-04
  .191741E-04  .192539E-04  .193339E-04  .194143E-04  .194950E-04
  .195760E-04  .196572E-04  .197388E-04  .198204E-04  .199024E-04
  .199846E-04
  .508030E+06  .513062E+06  .518266E+06  .523655E+06  .529274E+06
  .535220E+06  .541588E+06  .548574E+06  .722798E+06  .728410E+06
  .733402E+06  .737954E+06  .742171E+06  .746134E+06  .749889E+06
  .753462E+06  .756897E+06  .760210E+06  .763416E+06  .766526E+06
  .769560E+06  .772521E+06  .775411E+06  .778249E+06  .781037E+06
  .783776E+06  .786467E+06  .789129E+06  .791754E+06  .794343E+06
  .796906E+06  .799443E+06  .801947E+06  .804434E+06  .806900E+06
  .809345E+06  .811772E+06  .814181E+06  .816576E+06  .818954E+06
  .821320E+06  .823669E+06  .826010E+06  .828339E+06  .830657E+06
  .832964E+06  .835265E+06  .837554E+06  .839837E+06  .842110E+06
  .844377E+06
  .925638E+03  .912441E+03  .898561E+03  .883657E+03  .867729E+03
  .850323E+03  .830982E+03  .809024E+03 -.782857E+03  .177154E+03
  .169138E+03  .162654E+03  .157193E+03  .152466E+03  .148298E+03
  .144557E+03  .141186E+03  .138079E+03  .135236E+03  .132598E+03
  .130125E+03  .127817E+03  .125654E+03  .123616E+03  .121664E+03
  .119838E+03  .118097E+03  .116422E+03  .114832E+03  .113307E+03
  .111828E+03  .110435E+03  .109087E+03  .107784E+03  .106526E+03
  .105314E+03  .104127E+03  .103005E+03  .101909E+03  .100837E+03
  .998051E+02  .987932E+02  .978262E+02  .968739E+02  .959464E+02
  .950535E+02  .941753E+02  .933215E+02  .924923E+02  .916774E+02
  .908870E+02
  .997649E-04  .962015E-04  .926474E-04  .890345E-04  .853849E-04
  .816244E-04  .776989E-04  .735321E-04  .689251E-04  .180804E-04
  .179513E-04  .178723E-04  .178260E-04  .178025E-04  .177961E-04
  .178026E-04  .178198E-04  .178447E-04  .178771E-04  .179152E-04
  .179578E-04  .180049E-04  .180558E-04  .181099E-04  .181663E-04
  .182258E-04  .182874E-04  .183506E-04  .184159E-04  .184827E-04
  .185505E-04  .186202E-04  .186909E-04  .187626E-04  .188353E-04
  .189088E-04  .189829E-04  .190583E-04  .191341E-04  .192103E-04
  .192874E-04  .193647E-04  .194428E-04  .195212E-04  .195999E-04
  .196792E-04  .197586E-04  .198385E-04  .199187E-04  .199990E-04
  .200797E-04
  .507773E+06  .512761E+06  .517889E+06  .523211E+06  .528741E+06
  .534559E+06  .540754E+06  .547461E+06  .554983E+06  .719899E+06
  .726028E+06  .731384E+06  .736212E+06  .740653E+06  .744794E+06
  .748702E+06  .752408E+06  .755964E+06  .759376E+06  .762671E+06
  .765872E+06  .768980E+06  .772007E+06  .774964E+06  .777868E+06
  .780706E+06  .783495E+06  .786246E+06  .788950E+06  .791617E+06
  .794258E+06  .796855E+06  .799427E+06  .801973E+06  .804496E+06
  .806995E+06  .809479E+06  .811932E+06  .814372E+06  .816798E+06
  .819205E+06  .821601E+06  .823977E+06  .826345E+06  .828701E+06
  .831042E+06  .833375E+06  .835698E+06  .838011E+06  .840316E+06
  .842612E+06
  .928027E+03  .915057E+03  .901405E+03  .886956E+03  .871370E+03
  .854646E+03  .836101E+03  .815395E+03  .791276E+03 -.761696E+03
  .190446E+03  .180872E+03  .173317E+03  .167080E+03  .161745E+03
  .157071E+03  .152931E+03  .149193E+03  .145777E+03  .142665E+03
  .139776E+03  .137111E+03  .134610E+03  .132254E+03  .130044E+03
  .127958E+03  .125978E+03  .124102E+03  .122313E+03  .120608E+03
  .118969E+03  .117395E+03  .115907E+03  .114464E+03  .113066E+03
  .111733E+03  .110446E+03  .109184E+03  .107987E+03  .106816E+03
  .105689E+03  .104587E+03  .103510E+03  .102478E+03  .101471E+03
  .100509E+03  .995565E+02  .986235E+02  .977253E+02  .968415E+02
  .959822E+02
  .100413E-03  .968781E-04  .933473E-04  .898057E-04  .861916E-04
  .825300E-04  .787085E-04  .747086E-04  .703678E-04  .654579E-04
  .185859E-04  .183965E-04  .182769E-04  .182014E-04  .181554E-04
  .181306E-04  .181225E-04  .181267E-04  .181407E-04  .181636E-04
  .181930E-04  .182288E-04  .182692E-04  .183137E-04  .183621E-04
  .184138E-04  .184683E-04  .185255E-04  .185849E-04  .186463E-04
  .187094E-04  .187741E-04  .188407E-04  .189084E-04  .189771E-04
  .190473E-04  .191185E-04  .191901E-04  .192631E-04  .193367E-04
  .194111E-04  .194859E-04  .195613E-04  .196374E-04  .197140E-04
  .197915E-04  .198690E-04  .199468E-04  .200252E-04  .201038E-04
  .201827E-04
  .507509E+06  .512452E+06  .517533E+06  .522774E+06  .528233E+06
  .533924E+06  .539966E+06  .546437E+06  .553571E+06  .561767E+06
  .716619E+06  .723372E+06  .729158E+06  .734297E+06  .738982E+06
  .743327E+06  .747396E+06  .751251E+06  .754933E+06  .758454E+06
  .761853E+06  .765132E+06  .768320E+06  .771427E+06  .774456E+06
  .777417E+06  .780320E+06  .783166E+06  .785966E+06  .788719E+06
  .791436E+06  .794118E+06  .796757E+06  .799371E+06  .801959E+06
  .804516E+06  .807049E+06  .809567E+06  .812055E+06  .814528E+06
  .816981E+06  .819420E+06  .821846E+06  .824253E+06  .826647E+06
  .829022E+06  .831391E+06  .833751E+06  .836096E+06  .838435E+06
  .840763E+06
  .930416E+03  .917674E+03  .904363E+03  .890142E+03  .875124E+03
  .858855E+03  .841107E+03  .821425E+03  .799012E+03  .772390E+03
 -.737918E+03  .205336E+03  .193701E+03  .184864E+03  .177699E+03
  .171654E+03  .166417E+03  .161795E+03  .157673E+03  .153930E+03
  .150509E+03  .147351E+03  .144436E+03  .141724E+03  .139177E+03
  .136794E+03  .134535E+03  .132421E+03  .130393E+03  .128469E+03
  .126650E+03  .124896E+03  .123208E+03  .121605E+03  .120067E+03
  .118595E+03  .117167E+03  .115785E+03  .114448E+03  .113176E+03
  .111929E+03  .110727E+03  .109571E+03  .108439E+03  .107332E+03
  .106270E+03  .105233E+03  .104241E+03  .103253E+03  .102290E+03
  .101371E+03
  .101068E-03  .975610E-04  .940825E-04  .905584E-04  .870335E-04
  .834238E-04  .797110E-04  .758427E-04  .717246E-04  .671869E-04
  .618113E-04  .191662E-04  .188933E-04  .187224E-04  .186104E-04
  .185369E-04  .184905E-04  .184643E-04  .184541E-04  .184558E-04
  .184675E-04  .184873E-04  .185142E-04  .185471E-04  .185847E-04
  .186270E-04  .186728E-04  .187225E-04  .187745E-04  .188294E-04
  .188869E-04  .189461E-04  .190069E-04  .190699E-04  .191344E-04
  .192004E-04  .192675E-04  .193357E-04  .194048E-04  .194754E-04
  .195465E-04  .196185E-04  .196915E-04  .197649E-04  .198388E-04
  .199136E-04  .199888E-04  .200649E-04  .201410E-04  .202174E-04
  .202947E-04
  .507249E+06  .512149E+06  .517168E+06  .522358E+06  .527716E+06
  .533316E+06  .539207E+06  .545481E+06  .552292E+06  .559926E+06
  .569082E+06  .712880E+06  .720426E+06  .726704E+06  .732200E+06
  .737159E+06  .741723E+06  .745979E+06  .749984E+06  .753793E+06
  .757436E+06  .760942E+06  .764321E+06  .767593E+06  .770777E+06
  .773876E+06  .776907E+06  .779865E+06  .782774E+06  .785629E+06
  .788431E+06  .791196E+06  .793926E+06  .796614E+06  .799268E+06
  .801890E+06  .804488E+06  .807062E+06  .809613E+06  .812134E+06
  .814642E+06  .817127E+06  .819593E+06  .822045E+06  .824485E+06
  .826905E+06  .829314E+06  .831703E+06  .834089E+06  .836464E+06
  .838821E+06
  .932919E+03  .920405E+03  .907207E+03  .893441E+03  .878765E+03
  .863065E+03  .845999E+03  .827227E+03  .806294E+03  .781947E+03
  .752026E+03 -.710614E+03  .222112E+03  .207816E+03  .197390E+03
  .189115E+03  .182259E+03  .176368E+03  .171229E+03  .166646E+03
  .162520E+03  .158773E+03  .155327E+03  .152163E+03  .149202E+03
  .146464E+03  .143870E+03  .141439E+03  .139153E+03  .136991E+03
  .134914E+03  .132961E+03  .131074E+03  .129291E+03  .127574E+03
  .125922E+03  .124354E+03  .122832E+03  .121355E+03  .119943E+03
  .118576E+03  .117274E+03  .115998E+03  .114746E+03  .113559E+03
  .112397E+03  .111260E+03  .110168E+03  .109101E+03  .108058E+03
  .107060E+03
  .101759E-03  .982804E-04  .947965E-04  .913466E-04  .878599E-04
  .843295E-04  .807059E-04  .769535E-04  .730298E-04  .687765E-04
  .639541E-04  .579173E-04  .198407E-04  .194534E-04  .192156E-04
  .190579E-04  .189513E-04  .188788E-04  .188320E-04  .188040E-04
  .187910E-04  .187902E-04  .187991E-04  .188166E-04  .188404E-04
  .188708E-04  .189056E-04  .189451E-04  .189887E-04  .190358E-04
  .190853E-04  .191381E-04  .191928E-04  .192501E-04  .193091E-04
  .193698E-04  .194326E-04  .194965E-04  .195614E-04  .196279E-04
  .196955E-04  .197644E-04  .198340E-04  .199040E-04  .199755E-04
  .200475E-04  .201199E-04  .201932E-04  .202670E-04  .203413E-04
  .204164E-04
  .506983E+06  .511838E+06  .516824E+06  .521935E+06  .527223E+06
  .532716E+06  .538477E+06  .544575E+06  .551106E+06  .558305E+06
  .566593E+06  .577121E+06  .708630E+06  .717147E+06  .724008E+06
  .729913E+06  .735173E+06  .739979E+06  .744428E+06  .748607E+06
  .752562E+06  .756328E+06  .759943E+06  .763418E+06  .766786E+06
  .770045E+06  .773226E+06  .776325E+06  .779351E+06  .782314E+06
  .785230E+06  .788086E+06  .790906E+06  .793675E+06  .796410E+06
  .799112E+06  .801774E+06  .804412E+06  .807026E+06  .809610E+06
  .812172E+06  .814704E+06  .817223E+06  .819729E+06  .822207E+06
  .824672E+06  .827125E+06  .829560E+06  .831982E+06  .834394E+06
  .836787E+06
  .935308E+03  .923021E+03  .910165E+03  .896740E+03  .882406E+03
  .867160E+03  .850778E+03  .832916E+03  .813120E+03  .790594E+03
  .763858E+03  .730068E+03 -.677962E+03  .241283E+03  .223404E+03
  .210983E+03  .201425E+03  .193601E+03  .186984E+03  .181233E+03
  .176172E+03  .171626E+03  .167517E+03  .163746E+03  .160296E+03
  .157087E+03  .154100E+03  .151315E+03  .148693E+03  .146216E+03
  .143882E+03  .141672E+03  .139566E+03  .137546E+03  .135630E+03
  .133798E+03  .132051E+03  .130370E+03  .128733E+03  .127181E+03
  .125675E+03  .124233E+03  .122816E+03  .121464E+03  .120158E+03
  .118896E+03  .117659E+03  .116467E+03  .115300E+03  .114177E+03
  .113079E+03
  .102425E-03  .989764E-04  .955465E-04  .921436E-04  .886962E-04
  .852226E-04  .816925E-04  .780617E-04  .742789E-04  .702524E-04
  .658162E-04  .606781E-04  .536284E-04  .206414E-04  .200906E-04
  .197642E-04  .195504E-04  .194026E-04  .192994E-04  .192275E-04
  .191798E-04  .191498E-04  .191346E-04  .191307E-04  .191371E-04
  .191513E-04  .191724E-04  .191997E-04  .192321E-04  .192687E-04
  .193095E-04  .193539E-04  .194013E-04  .194511E-04  .195037E-04
  .195586E-04  .196158E-04  .196746E-04  .197346E-04  .197967E-04
  .198600E-04  .199248E-04  .199902E-04  .200571E-04  .201250E-04
  .201939E-04  .202634E-04  .203338E-04  .204047E-04  .204765E-04
  .205489E-04
  .506733E+06  .511545E+06  .516472E+06  .521519E+06  .526739E+06
  .532143E+06  .537775E+06  .543701E+06  .550011E+06  .556860E+06
  .564537E+06  .573605E+06  .586261E+06  .703751E+06  .713508E+06
  .721065E+06  .727421E+06  .733023E+06  .738087E+06  .742756E+06
  .747107E+06  .751214E+06  .755113E+06  .758848E+06  .762429E+06
  .765890E+06  .769242E+06  .772496E+06  .775667E+06  .778767E+06
  .781796E+06  .784764E+06  .787680E+06  .790553E+06  .793375E+06
  .796156E+06  .798896E+06  .801605E+06  .804289E+06  .806935E+06
  .809558E+06  .812152E+06  .814732E+06  .817283E+06  .819814E+06
  .822324E+06  .824822E+06  .827301E+06  .829767E+06  .832215E+06
  .834652E+06
  .937811E+03  .925752E+03  .913123E+03  .899926E+03  .886046E+03
  .871256E+03  .855442E+03  .838263E+03  .819491E+03  .798557E+03
  .774324E+03  .745086E+03  .706290E+03 -.635867E+03  .263247E+03
  .240638E+03  .225832E+03  .214688E+03  .205768E+03  .198294E+03
  .191887E+03  .186274E+03  .181252E+03  .176744E+03  .172631E+03
  .168857E+03  .165381E+03  .162147E+03  .159114E+03  .156303E+03
  .153635E+03  .151110E+03  .148748E+03  .146471E+03  .144337E+03
  .142287E+03  .140323E+03  .138442E+03  .136647E+03  .134916E+03
  .133250E+03  .131648E+03  .130112E+03  .128620E+03  .127194E+03
  .125792E+03  .124455E+03  .123143E+03  .121876E+03  .120634E+03
  .119456E+03
  .103129E-03  .997096E-04  .963043E-04  .929216E-04  .895426E-04
  .861276E-04  .826698E-04  .791210E-04  .754678E-04  .716445E-04
  .675153E-04  .629100E-04  .573549E-04  .486195E-04  .216033E-04
  .208204E-04  .203807E-04  .200942E-04  .198969E-04  .197560E-04
  .196553E-04  .195840E-04  .195341E-04  .195022E-04  .194841E-04
  .194775E-04  .194809E-04  .194921E-04  .195100E-04  .195347E-04
  .195639E-04  .195976E-04  .196361E-04  .196772E-04  .197224E-04
  .197700E-04  .198201E-04  .198725E-04  .199272E-04  .199836E-04
  .200417E-04  .201015E-04  .201630E-04  .202255E-04  .202897E-04
  .203544E-04  .204207E-04  .204875E-04  .205553E-04  .206237E-04
  .206935E-04
  .506477E+06  .511246E+06  .516127E+06  .521125E+06  .526263E+06
  .531579E+06  .537101E+06  .542892E+06  .549004E+06  .555550E+06
  .562746E+06  .570936E+06  .581018E+06  .597375E+06  .698206E+06
  .709497E+06  .717838E+06  .724724E+06  .730695E+06  .736052E+06
  .740945E+06  .745487E+06  .749760E+06  .753800E+06  .757655E+06
  .761352E+06  .764909E+06  .768351E+06  .771695E+06  .774937E+06
  .778107E+06  .781208E+06  .784234E+06  .787215E+06  .790131E+06
  .793005E+06  .795837E+06  .798630E+06  .801384E+06  .804106E+06
  .806797E+06  .809459E+06  .812092E+06  .814703E+06  .817286E+06
  .819855E+06  .822398E+06  .824928E+06  .827438E+06  .829937E+06
  .832410E+06
  .940314E+03  .928482E+03  .916195E+03  .903225E+03  .889687E+03
  .875352E+03  .859993E+03  .843610E+03  .825748E+03  .805952E+03
  .783767E+03  .757714E+03  .725631E+03  .680692E+03 -.468000E+03
  .288570E+03  .259718E+03  .241957E+03  .229008E+03  .218817E+03
  .210414E+03  .203220E+03  .197002E+03  .191459E+03  .186496E+03
  .182005E+03  .177889E+03  .174110E+03  .170611E+03  .167331E+03
  .164272E+03  .161415E+03  .158700E+03  .156148E+03  .153739E+03
  .151433E+03  .149232E+03  .147134E+03  .145140E+03  .143211E+03
  .141386E+03  .139606E+03  .137911E+03  .136260E+03  .134674E+03
  .133152E+03  .131676E+03  .130244E+03  .128857E+03  .127515E+03
  .126217E+03
  .103839E-03  .100450E-03  .970997E-04  .937364E-04  .903994E-04
  .870447E-04  .836374E-04  .801980E-04  .766578E-04  .729664E-04
  .690918E-04  .648589E-04  .600632E-04  .540156E-04  .322000E-04
  .227776E-04  .216627E-04  .210732E-04  .206979E-04  .204400E-04
  .202554E-04  .201191E-04  .200205E-04  .199476E-04  .198960E-04
  .198616E-04  .198405E-04  .198312E-04  .198314E-04  .198391E-04
  .198540E-04  .198755E-04  .199016E-04  .199327E-04  .199682E-04
  .200070E-04  .200488E-04  .200938E-04  .201417E-04  .201915E-04
  .202441E-04  .202981E-04  .203542E-04  .204117E-04  .204708E-04
  .205315E-04  .205934E-04  .206564E-04  .207204E-04  .207855E-04
  .208517E-04
  .506227E+06  .510954E+06  .515776E+06  .520725E+06  .525796E+06
  .531025E+06  .536455E+06  .542097E+06  .548032E+06  .554353E+06
  .561157E+06  .568729E+06  .577506E+06  .588849E+06  .636640E+06
  .691939E+06  .705105E+06  .714359E+06  .721812E+06  .728189E+06
  .733845E+06  .738998E+06  .743739E+06  .748186E+06  .752380E+06
  .756364E+06  .760179E+06  .763841E+06  .767375E+06  .770807E+06
  .774137E+06  .777375E+06  .780545E+06  .783640E+06  .786670E+06
  .789650E+06  .792580E+06  .795463E+06  .798300E+06  .801104E+06
  .803863E+06  .806599E+06  .809299E+06  .811976E+06  .814625E+06
  .817246E+06  .819847E+06  .822427E+06  .824988E+06  .827530E+06
  .830053E+06
  .941953E+03  .930230E+03  .918034E+03  .905211E+03  .891912E+03
  .877830E+03  .862809E+03  .846848E+03  .829482E+03  .810400E+03
  .789136E+03  .764721E+03  .735371E+03  .697171E+03  .635713E+03
  .351704E+03  .290293E+03  .263894E+03  .246703E+03  .233887E+03
  .223667E+03  .215193E+03  .207964E+03  .201592E+03  .196001E+03
  .190929E+03  .186358E+03  .182161E+03  .178301E+03  .174719E+03
  .171376E+03  .168253E+03  .165312E+03  .162552E+03  .159935E+03
  .157461E+03  .155090E+03  .152843E+03  .150699E+03  .148659E+03
  .146683E+03  .144811E+03  .142985E+03  .141242E+03  .139564E+03
  .137951E+03  .136382E+03  .134859E+03  .133399E+03  .131985E+03
  .130615E+03
  .104308E-03  .100928E-03  .975800E-04  .942313E-04  .909283E-04
  .876056E-04  .842432E-04  .808588E-04  .773785E-04  .737754E-04
  .700072E-04  .659698E-04  .614809E-04  .561612E-04  .486532E-04
  .258598E-04  .229536E-04  .219321E-04  .213548E-04  .209765E-04
  .207111E-04  .205189E-04  .203771E-04  .202696E-04  .201919E-04
  .201342E-04  .200947E-04  .200689E-04  .200551E-04  .200510E-04
  .200551E-04  .200667E-04  .200843E-04  .201077E-04  .201358E-04
  .201684E-04  .202042E-04  .202438E-04  .202865E-04  .203322E-04
  .203799E-04  .204304E-04  .204823E-04  .205365E-04  .205925E-04
  .206502E-04  .207090E-04  .207691E-04  .208307E-04  .208935E-04
  .209573E-04
  .506066E+06  .510770E+06  .515569E+06  .520488E+06  .525515E+06
  .530695E+06  .536061E+06  .541622E+06  .547461E+06  .553642E+06
  .560265E+06  .567520E+06  .575763E+06  .585783E+06  .600512E+06
  .671128E+06  .694224E+06  .706336E+06  .715252E+06  .722562E+06
  .728878E+06  .734503E+06  .739624E+06  .744386E+06  .748820E+06
  .753028E+06  .757020E+06  .760846E+06  .764523E+06  .768074E+06
  .771517E+06  .774861E+06  .778121E+06  .781300E+06  .784413E+06
  .787461E+06  .790460E+06  .793404E+06  .796301E+06  .799151E+06
  .801971E+06  .804745E+06  .807497E+06  .810213E+06  .812900E+06
  .815559E+06  .818197E+06  .820815E+06  .823407E+06  .825979E+06
  .828532E+06
  .944904E+03  .933383E+03  .921543E+03  .909079E+03  .895989E+03
  .882426E+03  .867929E+03  .852650E+03  .836128E+03  .818206E+03
  .798575E+03  .776464E+03  .750830E+03  .719975E+03  .679386E+03
  .613718E+03  .423355E+03  .326410E+03  .290670E+03  .268947E+03
  .253386E+03  .241257E+03  .231328E+03  .222983E+03  .215723E+03
  .209355E+03  .203648E+03  .198527E+03  .193846E+03  .189568E+03
  .185604E+03  .181918E+03  .178470E+03  .175262E+03  .172233E+03
  .169366E+03  .166661E+03  .164097E+03  .161657E+03  .159339E+03
  .157105E+03  .154994E+03  .152948E+03  .150985E+03  .149106E+03
  .147292E+03  .145562E+03  .143876E+03  .142235E+03  .140678E+03
  .139146E+03
  .105159E-03  .101797E-03  .985051E-04  .952051E-04  .919078E-04
  .886580E-04  .853588E-04  .820599E-04  .786820E-04  .752211E-04
  .716513E-04  .678812E-04  .638094E-04  .592874E-04  .538911E-04
  .462843E-04  .302113E-04  .247482E-04  .231696E-04  .223403E-04
  .218157E-04  .214521E-04  .211876E-04  .209915E-04  .208414E-04
  .207277E-04  .206407E-04  .205763E-04  .205290E-04  .204966E-04
  .204759E-04  .204653E-04  .204631E-04  .204692E-04  .204816E-04
  .204995E-04  .205227E-04  .205505E-04  .205823E-04  .206179E-04
  .206562E-04  .206982E-04  .207423E-04  .207888E-04  .208377E-04
  .208885E-04  .209416E-04  .209961E-04  .210517E-04  .211096E-04
  .211681E-04
  .505783E+06  .510445E+06  .515183E+06  .520035E+06  .525009E+06
  .530094E+06  .535356E+06  .540785E+06  .546458E+06  .552415E+06
  .558721E+06  .565525E+06  .573038E+06  .581613E+06  .592168E+06
  .607916E+06  .653836E+06  .685104E+06  .699751E+06  .709967E+06
  .718089E+06  .724984E+06  .731063E+06  .736535E+06  .741580E+06
  .746267E+06  .750683E+06  .754857E+06  .758845E+06  .762662E+06
  .766344E+06  .769905E+06  .773361E+06  .776715E+06  .779988E+06
  .783190E+06  .786321E+06  .789389E+06  .792403E+06  .795364E+06
  .798286E+06  .801156E+06  .803996E+06  .806800E+06  .809567E+06
  .812306E+06  .815011E+06  .817695E+06  .820358E+06  .822989E+06
  .825607E+06
  .947703E+03  .936532E+03  .924742E+03  .912633E+03  .900054E+03
  .886700E+03  .872874E+03  .857966E+03  .842278E+03  .825351E+03
  .806878E+03  .786550E+03  .763560E+03  .736986E+03  .704716E+03
  .662141E+03  .595444E+03  .462849E+03  .362094E+03  .317794E+03
  .291504E+03  .273073E+03  .258977E+03  .247606E+03  .238080E+03
  .229902E+03  .222765E+03  .216402E+03  .210698E+03  .205537E+03
  .200806E+03  .196466E+03  .192430E+03  .188680E+03  .185168E+03
  .181874E+03  .178779E+03  .175845E+03  .173072E+03  .170441E+03
  .167932E+03  .165526E+03  .163242E+03  .161042E+03  .158945E+03
  .156931E+03  .154982E+03  .153117E+03  .151316E+03  .149579E+03
  .147886E+03
  .105975E-03  .102676E-03  .993585E-04  .961114E-04  .928977E-04
  .896512E-04  .864538E-04  .831797E-04  .799121E-04  .765744E-04
  .731353E-04  .695742E-04  .658024E-04  .617464E-04  .572108E-04
  .517994E-04  .444339E-04  .330236E-04  .267102E-04  .245227E-04
  .234056E-04  .227122E-04  .222378E-04  .218945E-04  .216368E-04
  .214395E-04  .212873E-04  .211680E-04  .210758E-04  .210055E-04
  .209522E-04  .209140E-04  .208875E-04  .208715E-04  .208644E-04
  .208651E-04  .208728E-04  .208862E-04  .209051E-04  .209287E-04
  .209564E-04  .209876E-04  .210226E-04  .210603E-04  .211012E-04
  .211447E-04  .211901E-04  .212380E-04  .212878E-04  .213395E-04
  .213924E-04
  .505522E+06  .510129E+06  .514839E+06  .519628E+06  .524517E+06
  .529547E+06  .534690E+06  .540034E+06  .545550E+06  .551314E+06
  .557389E+06  .563844E+06  .570838E+06  .578566E+06  .587462E+06
  .598489E+06  .614653E+06  .646968E+06  .677079E+06  .693624E+06
  .704984E+06  .713870E+06  .721309E+06  .727796E+06  .733615E+06
  .738932E+06  .743851E+06  .748469E+06  .752825E+06  .756963E+06
  .760926E+06  .764728E+06  .768403E+06  .771959E+06  .775414E+06
  .778776E+06  .782055E+06  .785264E+06  .788405E+06  .791485E+06
  .794513E+06  .797496E+06  .800428E+06  .803323E+06  .806176E+06
  .808993E+06  .811782E+06  .814536E+06  .817264E+06  .819964E+06
  .822646E+06
  .950502E+03  .939527E+03  .928087E+03  .916179E+03  .903804E+03
  .890960E+03  .877344E+03  .863105E+03  .848091E+03  .831846E+03
  .814518E+03  .795498E+03  .774478E+03  .750808E+03  .723188E+03
  .689742E+03  .645962E+03  .581219E+03  .480429E+03  .392483E+03
  .343655E+03  .313570E+03  .292525E+03  .276556E+03  .263719E+03
  .253062E+03  .243975E+03  .236078E+03  .229103E+03  .222822E+03
  .217158E+03  .211998E+03  .207266E+03  .202885E+03  .198816E+03
  .195023E+03  .191476E+03  .188117E+03  .184976E+03  .181977E+03
  .179156E+03  .176458E+03  .173882E+03  .171447E+03  .169095E+03
  .166846E+03  .164680E+03  .162617E+03  .160618E+03  .158702E+03
  .156851E+03
  .106800E-03  .103521E-03  .100262E-03  .970272E-04  .938233E-04
  .906552E-04  .874589E-04  .842805E-04  .810966E-04  .778301E-04
  .745332E-04  .711178E-04  .675690E-04  .638295E-04  .597752E-04
  .552629E-04  .499321E-04  .430729E-04  .344122E-04  .285490E-04
  .259152E-04  .245172E-04  .236497E-04  .230583E-04  .226287E-04
  .223064E-04  .220586E-04  .218653E-04  .217132E-04  .215915E-04
  .214960E-04  .214213E-04  .213640E-04  .213208E-04  .212898E-04
  .212693E-04  .212581E-04  .212540E-04  .212578E-04  .212667E-04
  .212819E-04  .213013E-04  .213250E-04  .213533E-04  .213845E-04
  .214191E-04  .214563E-04  .214967E-04  .215392E-04  .215842E-04
  .216312E-04
  .505268E+06  .509837E+06  .514490E+06  .519233E+06  .524073E+06
  .529015E+06  .534102E+06  .539324E+06  .544709E+06  .550333E+06
  .556187E+06  .562381E+06  .568987E+06  .576139E+06  .584103E+06
  .593281E+06  .604641E+06  .620614E+06  .645832E+06  .671353E+06
  .688419E+06  .700550E+06  .710037E+06  .717936E+06  .724803E+06
  .730924E+06  .736489E+06  .741621E+06  .746411E+06  .750936E+06
  .755224E+06  .759315E+06  .763237E+06  .767018E+06  .770673E+06
  .774217E+06  .777660E+06  .781024E+06  .784301E+06  .787517E+06
  .790660E+06  .793752E+06  .796793E+06  .799777E+06  .802724E+06
  .805630E+06  .808501E+06  .811330E+06  .814133E+06  .816902E+06
  .819645E+06
  .953152E+03  .942371E+03  .931127E+03  .919569E+03  .907395E+03
  .894905E+03  .881797E+03  .867920E+03  .853423E+03  .838003E+03
  .821355E+03  .803629E+03  .784067E+03  .762512E+03  .738015E+03
  .709660E+03  .675277E+03  .631287E+03  .570454E+03  .489625E+03
  .415674E+03  .366676E+03  .334351E+03  .311250E+03  .293617E+03
  .279519E+03  .267818E+03  .257870E+03  .249219E+03  .241600E+03
  .234824E+03  .228662E+03  .223078E+03  .217957E+03  .213263E+03
  .208879E+03  .204769E+03  .200972E+03  .197371E+03  .194007E+03
  .190812E+03  .187786E+03  .184900E+03  .182175E+03  .179551E+03
  .177069E+03  .174669E+03  .172372E+03  .170177E+03  .168066E+03
  .166018E+03
  .107588E-03  .104332E-03  .101092E-03  .979131E-04  .947209E-04
  .915980E-04  .884752E-04  .853285E-04  .822021E-04  .790436E-04
  .758114E-04  .725556E-04  .691659E-04  .656564E-04  .619273E-04
  .579216E-04  .534625E-04  .483174E-04  .420969E-04  .351994E-04
  .300731E-04  .272480E-04  .256321E-04  .246042E-04  .238966E-04
  .233831E-04  .229953E-04  .226954E-04  .224587E-04  .222705E-04
  .221206E-04  .219986E-04  .219015E-04  .218242E-04  .217644E-04
  .217176E-04  .216820E-04  .216584E-04  .216426E-04  .216357E-04
  .216352E-04  .216410E-04  .216519E-04  .216684E-04  .216887E-04
  .217137E-04  .217416E-04  .217729E-04  .218076E-04  .218450E-04
  .218846E-04
  .505035E+06  .509567E+06  .514180E+06  .518865E+06  .523659E+06
  .528533E+06  .533529E+06  .538673E+06  .543954E+06  .549422E+06
  .555133E+06  .561078E+06  .567392E+06  .574123E+06  .581460E+06
  .589607E+06  .599026E+06  .610529E+06  .625881E+06  .646711E+06
  .668044E+06  .684479E+06  .696856E+06  .706716E+06  .714967E+06
  .722116E+06  .728486E+06  .734265E+06  .739593E+06  .744555E+06
  .749210E+06  .753637E+06  .757848E+06  .761881E+06  .765752E+06
  .769501E+06  .773140E+06  .776659E+06  .780098E+06  .783444E+06
  .786721E+06  .789931E+06  .793083E+06  .796172E+06  .799218E+06
  .802210E+06  .805166E+06  .808081E+06  .810956E+06  .813798E+06
  .816613E+06
  .955803E+03  .945215E+03  .934166E+03  .922804E+03  .910979E+03
  .898690E+03  .885936E+03  .872567E+03  .858431E+03  .843676E+03
  .827852E+03  .810956E+03  .792685E+03  .772584E+03  .750461E+03
  .725483E+03  .696399E+03  .661690E+03  .618247E+03  .562270E+03
  .495166E+03  .432657E+03  .386195E+03  .353147E+03  .328765E+03
  .309901E+03  .294744E+03  .282123E+03  .271397E+03  .262076E+03
  .253857E+03  .246553E+03  .239975E+03  .233971E+03  .228504E+03
  .223461E+03  .218766E+03  .214419E+03  .210345E+03  .206505E+03
  .202939E+03  .199531E+03  .196321E+03  .193269E+03  .190348E+03
  .187577E+03  .184946E+03  .182417E+03  .179989E+03  .177664E+03
  .175422E+03
  .108385E-03  .105152E-03  .101931E-03  .987687E-04  .956280E-04
  .925144E-04  .894331E-04  .863552E-04  .832575E-04  .801826E-04
  .770506E-04  .738809E-04  .706391E-04  .672769E-04  .638020E-04
  .601360E-04  .561771E-04  .518427E-04  .469460E-04  .413932E-04
  .357129E-04  .312688E-04  .284551E-04  .267030E-04  .255473E-04
  .247376E-04  .241447E-04  .236929E-04  .233417E-04  .230624E-04
  .228379E-04  .226570E-04  .225101E-04  .223896E-04  .222928E-04
  .222145E-04  .221513E-04  .221025E-04  .220650E-04  .220372E-04
  .220199E-04  .220090E-04  .220056E-04  .220083E-04  .220159E-04
  .220289E-04  .220469E-04  .220686E-04  .220939E-04  .221227E-04
  .221543E-04
  .504809E+06  .509305E+06  .513879E+06  .518523E+06  .523255E+06
  .528082E+06  .533008E+06  .538058E+06  .543260E+06  .548600E+06
  .554151E+06  .559927E+06  .565986E+06  .572420E+06  .579283E+06
  .586746E+06  .595076E+06  .604624E+06  .616116E+06  .630607E+06
  .648422E+06  .666573E+06  .681824E+06  .694028E+06  .704007E+06
  .712451E+06  .719797E+06  .726358E+06  .732309E+06  .737793E+06
  .742900E+06  .747689E+06  .752220E+06  .756541E+06  .760667E+06
  .764634E+06  .768470E+06  .772175E+06  .775774E+06  .779283E+06
  .782689E+06  .786030E+06  .789296E+06  .792499E+06  .795650E+06
  .798743E+06  .801782E+06  .804780E+06  .807738E+06  .810657E+06
  .813542E+06
  .958456E+03  .947911E+03  .937055E+03  .925887E+03  .914407E+03
  .902466E+03  .889914E+03  .876898E+03  .863268E+03  .849024E+03
  .833866E+03  .817790E+03  .800497E+03  .781685E+03  .761349E+03
  .738625E+03  .713132E+03  .683775E+03  .648968E+03  .606893E+03
  .555877E+03  .498685E+03  .445100E+03  .402222E+03  .369719E+03
  .344825E+03  .325156E+03  .309175E+03  .295832E+03  .284412E+03
  .274540E+03  .265804E+03  .258015E+03  .251023E+03  .244641E+03
  .238832E+03  .233444E+03  .228478E+03  .223859E+03  .219549E+03
  .215511E+03  .211707E+03  .208098E+03  .204724E+03  .201470E+03
  .198413E+03  .195515E+03  .192698E+03  .190051E+03  .187495E+03
  .185041E+03
  .109191E-03  .105937E-03  .102737E-03  .995933E-04  .965063E-04
  .934405E-04  .903663E-04  .873265E-04  .842932E-04  .812746E-04
  .782196E-04  .751432E-04  .720067E-04  .687814E-04  .654955E-04
  .620482E-04  .584372E-04  .545819E-04  .503874E-04  .458025E-04
  .408725E-04  .360710E-04  .321985E-04  .295067E-04  .277013E-04
  .264578E-04  .255644E-04  .249001E-04  .243906E-04  .239893E-04
  .236707E-04  .234114E-04  .231998E-04  .230271E-04  .228837E-04
  .227666E-04  .226692E-04  .225903E-04  .225266E-04  .224761E-04
  .224370E-04  .224077E-04  .223864E-04  .223742E-04  .223671E-04
  .223674E-04  .223736E-04  .223832E-04  .223988E-04  .224179E-04
  .224405E-04
  .504590E+06  .509064E+06  .513601E+06  .518205E+06  .522879E+06
  .527642E+06  .532519E+06  .537498E+06  .542603E+06  .547841E+06
  .553261E+06  .558874E+06  .564736E+06  .570910E+06  .577414E+06
  .584415E+06  .592010E+06  .600439E+06  .610069E+06  .621378E+06
  .634942E+06  .650571E+06  .666343E+06  .680305E+06  .692040E+06
  .701925E+06  .710425E+06  .717886E+06  .724564E+06  .730649E+06
  .736241E+06  .741459E+06  .746360E+06  .750987E+06  .755400E+06
  .759611E+06  .763669E+06  .767574E+06  .771352E+06  .775016E+06
  .778579E+06  .782053E+06  .785452E+06  .788765E+06  .792029E+06
  .795220E+06  .798351E+06  .801448E+06  .804483E+06  .807482E+06
  .810441E+06
  .960965E+03  .950609E+03  .939944E+03  .928969E+03  .917683E+03
  .905938E+03  .893733E+03  .881067E+03  .867939E+03  .854051E+03
  .839403E+03  .823991E+03  .807518E+03  .789979E+03  .770928E+03
  .750060E+03  .727038E+03  .701183E+03  .671704E+03  .637397E+03
  .597126E+03  .550727E+03  .501109E+03  .454416E+03  .415237E+03
  .384044E+03  .359222E+03  .339207E+03  .322711E+03  .308803E+03
  .296883E+03  .286466E+03  .277292E+03  .269098E+03  .261736E+03
  .255018E+03  .248869E+03  .243215E+03  .237982E+03  .233131E+03
  .228588E+03  .224315E+03  .220313E+03  .216544E+03  .212970E+03
  .209592E+03  .206372E+03  .203309E+03  .200367E+03  .197545E+03
  .194881E+03
  .109961E-03  .106731E-03  .103552E-03  .100427E-03  .973555E-04
  .943028E-04  .912741E-04  .882745E-04  .853084E-04  .823180E-04
  .793151E-04  .763111E-04  .732625E-04  .701869E-04  .670284E-04
  .637686E-04  .603935E-04  .568549E-04  .531144E-04  .491161E-04
  .448590E-04  .404761E-04  .363438E-04  .329330E-04  .304072E-04
  .286098E-04  .273153E-04  .263620E-04  .256403E-04  .250789E-04
  .246345E-04  .242754E-04  .239836E-04  .237435E-04  .235457E-04
  .233801E-04  .232423E-04  .231278E-04  .230328E-04  .229551E-04
  .228912E-04  .228392E-04  .227988E-04  .227681E-04  .227456E-04
  .227310E-04  .227228E-04  .227208E-04  .227236E-04  .227310E-04
  .227443E-04
  .504390E+06  .508830E+06  .513331E+06  .517896E+06  .522528E+06
  .527248E+06  .532060E+06  .536970E+06  .541982E+06  .547142E+06
  .552457E+06  .557937E+06  .563634E+06  .569560E+06  .575801E+06
  .582424E+06  .589510E+06  .597209E+06  .605707E+06  .615301E+06
  .626323E+06  .638995E+06  .652942E+06  .666920E+06  .679689E+06
  .690819E+06  .700469E+06  .708901E+06  .716380E+06  .723123E+06
  .729276E+06  .734967E+06  .740265E+06  .745246E+06  .749951E+06
  .754438E+06  .758729E+06  .762848E+06  .766819E+06  .770654E+06
  .774378E+06  .778003E+06  .781530E+06  .784972E+06  .788341E+06
  .791639E+06  .794877E+06  .798057E+06  .801191E+06  .804279E+06
  .807311E+06
  .963331E+03  .953163E+03  .942687E+03  .931902E+03  .920808E+03
  .909404E+03  .897543E+03  .885077E+03  .872297E+03  .858910E+03
  .844767E+03  .829864E+03  .814201E+03  .797480E+03  .779550E+03
  .760113E+03  .739052E+03  .715696E+03  .689704E+03  .660328E+03
  .626887E+03  .588776E+03  .546505E+03  .502751E+03  .461617E+03
  .425879E+03  .396300E+03  .372017E+03  .351995E+03  .335252E+03
  .320970E+03  .308668E+03  .297899E+03  .288329E+03  .279810E+03
  .272080E+03  .265066E+03  .258657E+03  .252740E+03  .247279E+03
  .242161E+03  .237425E+03  .232957E+03  .228759E+03  .224794E+03
  .221060E+03  .217521E+03  .214139E+03  .210953E+03  .207886E+03
  .204939E+03
  .110693E-03  .107490E-03  .104334E-03  .101229E-03  .981750E-04
  .951741E-04  .921916E-04  .891987E-04  .862698E-04  .833423E-04
  .803944E-04  .774376E-04  .744825E-04  .714873E-04  .684442E-04
  .653263E-04  .621437E-04  .588313E-04  .553900E-04  .517823E-04
  .480047E-04  .440849E-04  .401705E-04  .365550E-04  .335300E-04
  .311797E-04  .294249E-04  .281130E-04  .271207E-04  .263554E-04
  .257509E-04  .252683E-04  .248764E-04  .245530E-04  .242869E-04
  .240633E-04  .238766E-04  .237203E-04  .235884E-04  .234783E-04
  .233847E-04  .233085E-04  .232446E-04  .231928E-04  .231511E-04
  .231193E-04  .230957E-04  .230788E-04  .230697E-04  .230655E-04
  .230662E-04
  .504207E+06  .508615E+06  .513081E+06  .517609E+06  .522202E+06
  .526864E+06  .531613E+06  .536474E+06  .541416E+06  .546480E+06
  .551694E+06  .557066E+06  .562604E+06  .568362E+06  .574375E+06
  .580706E+06  .587390E+06  .594567E+06  .602327E+06  .610850E+06
  .620328E+06  .630976E+06  .642828E+06  .655463E+06  .668020E+06
  .679745E+06  .690250E+06  .699572E+06  .707852E+06  .715278E+06
  .722028E+06  .728212E+06  .733940E+06  .739302E+06  .744334E+06
  .749112E+06  .753657E+06  .758000E+06  .762176E+06  .766197E+06
  .770098E+06  .773866E+06  .777539E+06  .781116E+06  .784610E+06
  .788021E+06  .791362E+06  .794646E+06  .797860E+06  .801029E+06
  .804153E+06
  .965848E+03  .955721E+03  .945432E+03  .934836E+03  .923932E+03
  .912720E+03  .901053E+03  .888930E+03  .876496E+03  .863457E+03
  .849813E+03  .835414E+03  .820406E+03  .804494E+03  .787380E+03
  .769209E+03  .749535E+03  .728245E+03  .704742E+03  .678763E+03
  .649783E+03  .617423E+03  .581527E+03  .543050E+03  .503992E+03
  .467179E+03  .434552E+03  .406721E+03  .383251E+03  .363538E+03
  .346736E+03  .332308E+03  .319739E+03  .308696E+03  .298846E+03
  .290041E+03  .282060E+03  .274753E+03  .268086E+03  .261946E+03
  .256259E+03  .250952E+03  .245987E+03  .241365E+03  .237011E+03
  .232888E+03  .228997E+03  .225299E+03  .221795E+03  .218448E+03
  .215258E+03
  .111480E-03  .108257E-03  .105124E-03  .102039E-03  .990031E-04
  .960173E-04  .930473E-04  .900985E-04  .872088E-04  .843153E-04
  .814264E-04  .785209E-04  .756372E-04  .727292E-04  .697602E-04
  .667740E-04  .637185E-04  .606031E-04  .573751E-04  .540430E-04
  .505921E-04  .470404E-04  .434388E-04  .399383E-04  .367348E-04
  .340162E-04  .318389E-04  .301495E-04  .288444E-04  .278345E-04
  .270373E-04  .264017E-04  .258863E-04  .254649E-04  .251146E-04
  .248238E-04  .245787E-04  .243705E-04  .241954E-04  .240472E-04
  .239217E-04  .238149E-04  .237246E-04  .236500E-04  .235879E-04
  .235364E-04  .234951E-04  .234623E-04  .234378E-04  .234201E-04
  .234088E-04
  .504019E+06  .508406E+06  .512839E+06  .517331E+06  .521885E+06
  .526506E+06  .531212E+06  .536008E+06  .540882E+06  .545875E+06
  .550991E+06  .556260E+06  .561667E+06  .567263E+06  .573104E+06
  .579179E+06  .585574E+06  .592325E+06  .599558E+06  .607350E+06
  .615838E+06  .625149E+06  .635394E+06  .646473E+06  .658047E+06
  .669509E+06  .680329E+06  .690227E+06  .699179E+06  .707240E+06
  .714568E+06  .721265E+06  .727445E+06  .733187E+06  .738576E+06
  .743645E+06  .748459E+06  .753057E+06  .757449E+06  .761668E+06
  .765735E+06  .769675E+06  .773498E+06  .777204E+06  .780817E+06
  .784349E+06  .787800E+06  .791183E+06  .794497E+06  .797755E+06
  .800958E+06
  .968081E+03  .958282E+03  .948034E+03  .937625E+03  .926909E+03
  .915887E+03  .904413E+03  .892629E+03  .880537E+03  .867843E+03
  .854547E+03  .840793E+03  .826141E+03  .810882E+03  .794721E+03
  .777510E+03  .759099E+03  .739191E+03  .717673E+03  .694245E+03
  .668425E+03  .640058E+03  .608990E+03  .575289E+03  .540055E+03
  .504840E+03  .471641E+03  .441728E+03  .415627E+03  .393129E+03
  .373872E+03  .357251E+03  .342791E+03  .330106E+03  .318865E+03
  .308812E+03  .299762E+03  .291568E+03  .284084E+03  .277198E+03
  .270838E+03  .264966E+03  .259471E+03  .254354E+03  .249542E+03
  .245034E+03  .240755E+03  .236707E+03  .232889E+03  .229227E+03
  .225758E+03
  .112185E-03  .109033E-03  .105881E-03  .102818E-03  .998012E-04
  .968320E-04  .938761E-04  .909734E-04  .881248E-04  .852674E-04
  .824096E-04  .795884E-04  .767236E-04  .738828E-04  .710214E-04
  .681280E-04  .651954E-04  .621985E-04  .591465E-04  .560272E-04
  .528139E-04  .495326E-04  .462121E-04  .429054E-04  .397506E-04
  .368833E-04  .344265E-04  .324083E-04  .307950E-04  .295141E-04
  .284995E-04  .276857E-04  .270260E-04  .264859E-04  .260388E-04
  .256651E-04  .253510E-04  .250860E-04  .248607E-04  .246682E-04
  .245035E-04  .243638E-04  .242435E-04  .241417E-04  .240549E-04
  .239823E-04  .239208E-04  .238698E-04  .238290E-04  .237955E-04
  .237703E-04
  .503858E+06  .508204E+06  .512616E+06  .517073E+06  .521591E+06
  .526172E+06  .530836E+06  .535571E+06  .540380E+06  .545303E+06
  .550345E+06  .555495E+06  .560818E+06  .566281E+06  .571934E+06
  .577811E+06  .583947E+06  .590404E+06  .597220E+06  .604467E+06
  .612261E+06  .620666E+06  .629759E+06  .639589E+06  .649995E+06
  .660695E+06  .671247E+06  .681299E+06  .690632E+06  .699203E+06
  .707026E+06  .714201E+06  .720818E+06  .726956E+06  .732690E+06
  .738082E+06  .743177E+06  .748012E+06  .752628E+06  .757055E+06
  .761314E+06  .765415E+06  .769391E+06  .773243E+06  .776992E+06
  .780639E+06  .784207E+06  .787696E+06  .791106E+06  .794462E+06
  .797751E+06
  .970465E+03  .960704E+03  .950640E+03  .940416E+03  .929743E+03
  .918909E+03  .907768E+03  .896321E+03  .884278E+03  .871926E+03
  .859119E+03  .845712E+03  .831703E+03  .816946E+03  .801437E+03
  .785030E+03  .767576E+03  .749072E+03  .729041E+03  .707479E+03
  .684125E+03  .658754E+03  .631142E+03  .601428E+03  .569902E+03
  .537515E+03  .505519E+03  .475240E+03  .447720E+03  .423261E+03
  .401799E+03  .383122E+03  .366774E+03  .352429E+03  .339703E+03
  .328378E+03  .318198E+03  .309016E+03  .300650E+03  .292989E+03
  .285925E+03  .279420E+03  .273364E+03  .267721E+03  .262417E+03
  .257453E+03  .252791E+03  .248396E+03  .244231E+03  .240257E+03
  .236513E+03
  .112943E-03  .109774E-03  .106647E-03  .103605E-03  .100569E-03
  .976177E-04  .947136E-04  .918575E-04  .889840E-04  .861659E-04
  .833732E-04  .805805E-04  .777955E-04  .749983E-04  .721989E-04
  .693823E-04  .665377E-04  .636800E-04  .607554E-04  .577885E-04
  .547702E-04  .517028E-04  .485942E-04  .454952E-04  .424641E-04
  .396055E-04  .370186E-04  .347760E-04  .329043E-04  .313707E-04
  .301249E-04  .291175E-04  .282952E-04  .276210E-04  .270610E-04
  .265941E-04  .262008E-04  .258688E-04  .255855E-04  .253432E-04
  .251346E-04  .249564E-04  .248023E-04  .246699E-04  .245551E-04
  .244572E-04  .243741E-04  .243038E-04  .242444E-04  .241941E-04
  .241541E-04
  .503692E+06  .508019E+06  .512399E+06  .516823E+06  .521318E+06
  .525862E+06  .530470E+06  .535145E+06  .539926E+06  .544782E+06
  .549735E+06  .554809E+06  .560010E+06  .565366E+06  .570884E+06
  .576594E+06  .582530E+06  .588701E+06  .595202E+06  .602049E+06
  .609308E+06  .617045E+06  .625334E+06  .634187E+06  .643592E+06
  .653396E+06  .663358E+06  .673176E+06  .682564E+06  .691384E+06
  .699582E+06  .707151E+06  .714161E+06  .720665E+06  .726744E+06
  .732441E+06  .737816E+06  .742903E+06  .747749E+06  .752381E+06
  .756831E+06  .761106E+06  .765238E+06  .769239E+06  .773128E+06
  .776908E+06  .780587E+06  .784178E+06  .787692E+06  .791141E+06
  .794513E+06
  .972712E+03  .962990E+03  .953108E+03  .943066E+03  .932579E+03
  .921931E+03  .910978E+03  .899720E+03  .888012E+03  .875998E+03
  .863532E+03  .850469E+03  .836807E+03  .822690E+03  .807826E+03
  .792069E+03  .775562E+03  .758012E+03  .739271E+03  .719227E+03
  .697730E+03  .674594E+03  .649669E+03  .623023E+03  .594651E+03
  .565208E+03  .535278E+03  .505958E+03  .478207E+03  .452691E+03
  .429786E+03  .409425E+03  .391396E+03  .375410E+03  .361271E+03
  .348616E+03  .337281E+03  .327048E+03  .317736E+03  .309272E+03
  .301474E+03  .294269E+03  .287621E+03  .281421E+03  .275631E+03
  .270216E+03  .265139E+03  .260363E+03  .255816E+03  .251533E+03
  .247480E+03
  .113665E-03  .110479E-03  .107378E-03  .104361E-03  .101345E-03
  .984119E-04  .955237E-04  .926812E-04  .898522E-04  .870741E-04
  .843166E-04  .815544E-04  .787953E-04  .760738E-04  .733409E-04
  .705815E-04  .678320E-04  .650558E-04  .622461E-04  .594049E-04
  .565317E-04  .536251E-04  .506926E-04  .477681E-04  .448750E-04
  .420963E-04  .394889E-04  .371349E-04  .350804E-04  .333349E-04
  .318827E-04  .306822E-04  .296904E-04  .288677E-04  .281859E-04
  .276128E-04  .271308E-04  .267219E-04  .263722E-04  .260743E-04
  .258166E-04  .255936E-04  .254019E-04  .252350E-04  .250904E-04
  .249655E-04  .248579E-04  .247656E-04  .246849E-04  .246170E-04
  .245600E-04
  .503541E+06  .507850E+06  .512200E+06  .516592E+06  .521052E+06
  .525559E+06  .530128E+06  .534763E+06  .539482E+06  .544273E+06
  .549158E+06  .554159E+06  .559283E+06  .564516E+06  .569903E+06
  .575476E+06  .581219E+06  .587188E+06  .593418E+06  .599940E+06
  .606796E+06  .614037E+06  .621714E+06  .629838E+06  .638444E+06
  .647433E+06  .656710E+06  .666053E+06  .675237E+06  .684075E+06
  .692427E+06  .700256E+06  .707569E+06  .714402E+06  .720778E+06
  .726773E+06  .732415E+06  .737754E+06  .742834E+06  .747669E+06
  .752307E+06  .756768E+06  .761058E+06  .765210E+06  .769233E+06
  .773138E+06  .776934E+06  .780634E+06  .784258E+06  .787796E+06
  .791259E+06
  .974826E+03  .965283E+03  .955581E+03  .945579E+03  .935416E+03
  .924952E+03  .914185E+03  .903115E+03  .891597E+03  .879917E+03
  .867644E+03  .854921E+03  .841747E+03  .828119E+03  .813750E+03
  .798637E+03  .782778E+03  .766171E+03  .748381E+03  .729693E+03
  .709634E+03  .688346E+03  .665572E+03  .641233E+03  .615545E+03
  .588649E+03  .561053E+03  .533338E+03  .506308E+03  .480697E+03
  .457022E+03  .435436E+03  .416092E+03  .398779E+03  .383207E+03
  .369309E+03  .356851E+03  .345580E+03  .335333E+03  .325965E+03
  .317405E+03  .309545E+03  .302237E+03  .295485E+03  .289178E+03
  .283280E+03  .277754E+03  .272566E+03  .267640E+03  .263016E+03
  .258618E+03
  .114350E-03  .111193E-03  .108119E-03  .105083E-03  .102129E-03
  .992147E-04  .963424E-04  .935136E-04  .906960E-04  .879596E-04
  .852079E-04  .824794E-04  .797780E-04  .771077E-04  .744192E-04
  .717225E-04  .690270E-04  .663417E-04  .636092E-04  .608885E-04
  .581259E-04  .553597E-04  .525752E-04  .497845E-04  .470315E-04
  .443457E-04  .417850E-04  .394000E-04  .372443E-04  .353504E-04
  .337241E-04  .323432E-04  .311879E-04  .302199E-04  .294025E-04
  .287173E-04  .281395E-04  .276470E-04  .272251E-04  .268617E-04
  .265494E-04  .262800E-04  .260443E-04  .258407E-04  .256626E-04
  .255073E-04  .253722E-04  .252550E-04  .251518E-04  .250638E-04
  .249873E-04
  .503404E+06  .507687E+06  .512007E+06  .516380E+06  .520794E+06
  .525265E+06  .529796E+06  .534389E+06  .539066E+06  .543795E+06
  .548631E+06  .553563E+06  .558594E+06  .563728E+06  .569011E+06
  .574452E+06  .580056E+06  .585831E+06  .591856E+06  .598094E+06
  .604638E+06  .611475E+06  .618668E+06  .626252E+06  .634208E+06
  .642532E+06  .651143E+06  .659937E+06  .668746E+06  .677395E+06
  .685734E+06  .693692E+06  .701190E+06  .708244E+06  .714898E+06
  .721144E+06  .727026E+06  .732598E+06  .737895E+06  .742948E+06
  .747773E+06  .752397E+06  .756857E+06  .761152E+06  .765311E+06
  .769346E+06  .773264E+06  .777078E+06  .780807E+06  .784441E+06
  .788002E+06
  .977089E+03  .967583E+03  .958060E+03  .948096E+03  .938115E+03
  .927833E+03  .917250E+03  .906364E+03  .895176E+03  .883543E+03
  .871604E+03  .859360E+03  .846525E+03  .833240E+03  .819360E+03
  .804740E+03  .789666E+03  .773705E+03  .756855E+03  .739114E+03
  .720334E+03  .700477E+03  .679396E+03  .657051E+03  .633438E+03
  .608772E+03  .583267E+03  .557356E+03  .531620E+03  .506569E+03
  .482788E+03  .460719E+03  .440441E+03  .421961E+03  .405356E+03
  .390340E+03  .376700E+03  .364420E+03  .353248E+03  .343059E+03
  .333710E+03  .325128E+03  .317169E+03  .309834E+03  .302978E+03
  .296602E+03  .290596E+03  .284999E+03  .279700E+03  .274700E+03
  .269962E+03
  .115090E-03  .111916E-03  .108867E-03  .105815E-03  .102883E-03
  .999882E-04  .971333E-04  .943196E-04  .915487E-04  .887892E-04
  .860775E-04  .834145E-04  .807430E-04  .780985E-04  .754579E-04
  .728026E-04  .701909E-04  .675555E-04  .649083E-04  .622605E-04
  .596025E-04  .569427E-04  .542762E-04  .516141E-04  .489717E-04
  .463862E-04  .438879E-04  .415211E-04  .393315E-04  .373468E-04
  .355914E-04  .340713E-04  .327651E-04  .316492E-04  .307081E-04
  .299072E-04  .292212E-04  .286392E-04  .281393E-04  .277089E-04
  .273360E-04  .270132E-04  .267305E-04  .264859E-04  .262704E-04
  .260828E-04  .259169E-04  .257732E-04  .256463E-04  .255354E-04
  .254384E-04
  .503263E+06  .507528E+06  .511820E+06  .516173E+06  .520555E+06
  .524992E+06  .529486E+06  .534041E+06  .538660E+06  .543362E+06
  .548135E+06  .552981E+06  .557940E+06  .562999E+06  .568183E+06
  .573517E+06  .578966E+06  .584600E+06  .590429E+06  .596462E+06
  .602731E+06  .609254E+06  .616069E+06  .623199E+06  .630659E+06
  .638427E+06  .646478E+06  .654739E+06  .663096E+06  .671441E+06
  .679629E+06  .687538E+06  .695117E+06  .702336E+06  .709145E+06
  .715592E+06  .721712E+06  .727493E+06  .732990E+06  .738226E+06
  .743235E+06  .748031E+06  .752650E+06  .757090E+06  .761390E+06
  .765547E+06  .769592E+06  .773513E+06  .777343E+06  .781079E+06
  .784734E+06
  .979220E+03  .969891E+03  .960404E+03  .950620E+03  .940677E+03
  .930575E+03  .920174E+03  .909472E+03  .898469E+03  .887164E+03
  .875556E+03  .863502E+03  .851003E+03  .838056E+03  .824659E+03
  .810671E+03  .795945E+03  .780766E+03  .764704E+03  .747756E+03
  .730062E+03  .711370E+03  .691677E+03  .670944E+03  .649097E+03
  .626276E+03  .602622E+03  .578423E+03  .554111E+03  .530048E+03
  .506742E+03  .484558E+03  .463864E+03  .444738E+03  .427257E+03
  .411283E+03  .396746E+03  .383505E+03  .371420E+03  .360402E+03
  .350271E+03  .340976E+03  .332409E+03  .324426E+03  .317027E+03
  .310142E+03  .303698E+03  .297623E+03  .291917E+03  .286582E+03
  .281471E+03
  .115792E-03  .112647E-03  .109582E-03  .106554E-03  .103605E-03
  .100732E-03  .978959E-04  .950988E-04  .923422E-04  .896277E-04
  .869564E-04  .842992E-04  .816606E-04  .790448E-04  .764556E-04
  .738709E-04  .712725E-04  .687170E-04  .661392E-04  .635505E-04
  .609825E-04  .584082E-04  .558397E-04  .532839E-04  .507441E-04
  .482481E-04  .458193E-04  .434911E-04  .413025E-04  .392768E-04
  .374425E-04  .358088E-04  .343811E-04  .331426E-04  .320785E-04
  .311623E-04  .303758E-04  .296992E-04  .291153E-04  .286120E-04
  .281739E-04  .277939E-04  .274628E-04  .271708E-04  .269156E-04
  .266919E-04  .264949E-04  .263201E-04  .261663E-04  .260329E-04
  .259126E-04
  .503136E+06  .507375E+06  .511650E+06  .515972E+06  .520335E+06
  .524739E+06  .529198E+06  .533716E+06  .538296E+06  .542940E+06
  .547651E+06  .552450E+06  .557341E+06  .562328E+06  .567415E+06
  .572626E+06  .577990E+06  .583467E+06  .589131E+06  .594989E+06
  .601027E+06  .607294E+06  .613801E+06  .620566E+06  .627615E+06
  .634934E+06  .642510E+06  .650299E+06  .658221E+06  .666205E+06
  .674137E+06  .681924E+06  .689463E+06  .696713E+06  .703629E+06
  .710223E+06  .716493E+06  .722456E+06  .728137E+06  .733548E+06
  .738728E+06  .743685E+06  .748444E+06  .753040E+06  .757471E+06
  .761755E+06  .765909E+06  .769955E+06  .773890E+06  .777714E+06
  .781468E+06
  .981223E+03  .972068E+03  .962618E+03  .953010E+03  .943244E+03
  .933321E+03  .922960E+03  .912579E+03  .901759E+03  .890639E+03
  .879217E+03  .867494E+03  .855326E+03  .842714E+03  .829655E+03
  .816148E+03  .802051E+03  .787220E+03  .771937E+03  .755773E+03
  .739011E+03  .721365E+03  .702796E+03  .683300E+03  .662913E+03
  .641702E+03  .619665E+03  .597016E+03  .574112E+03  .551170E+03
  .528621E+03  .506828E+03  .486084E+03  .466681E+03  .448552E+03
  .431918E+03  .416568E+03  .402505E+03  .389662E+03  .377896E+03
  .366994E+03  .357012E+03  .347807E+03  .339218E+03  .331283E+03
  .323858E+03  .316944E+03  .310432E+03  .304361E+03  .298585E+03
  .293178E+03
  .116458E-03  .113343E-03  .110263E-03  .107262E-03  .104336E-03
  .101484E-03  .986300E-04  .958864E-04  .931443E-04  .904421E-04
  .877812E-04  .851629E-04  .825588E-04  .799734E-04  .774108E-04
  .748746E-04  .723433E-04  .697994E-04  .672978E-04  .647752E-04
  .622847E-04  .597910E-04  .572995E-04  .548206E-04  .523684E-04
  .499595E-04  .476005E-04  .453193E-04  .431523E-04  .411145E-04
  .392356E-04  .375315E-04  .360081E-04  .346687E-04  .334898E-04
  .324703E-04  .315813E-04  .308113E-04  .301459E-04  .295686E-04
  .290609E-04  .286207E-04  .282362E-04  .278956E-04  .275981E-04
  .273345E-04  .271028E-04  .268966E-04  .267163E-04  .265541E-04
  .264126E-04
  .503021E+06  .507236E+06  .511494E+06  .515788E+06  .520121E+06
  .524493E+06  .528931E+06  .533399E+06  .537940E+06  .542543E+06
  .547212E+06  .551949E+06  .556773E+06  .561691E+06  .566705E+06
  .571819E+06  .577058E+06  .582449E+06  .587955E+06  .593647E+06
  .599486E+06  .605527E+06  .611783E+06  .618266E+06  .624978E+06
  .631915E+06  .639090E+06  .646471E+06  .653994E+06  .661622E+06
  .669263E+06  .676835E+06  .684261E+06  .691458E+06  .698422E+06
  .705083E+06  .711472E+06  .717572E+06  .723387E+06  .728941E+06
  .734280E+06  .739383E+06  .744282E+06  .749015E+06  .753570E+06
  .757983E+06  .762251E+06  .766404E+06  .770429E+06  .774367E+06
  .778197E+06
  .983237E+03  .974117E+03  .964840E+03  .955407E+03  .945817E+03
  .935932E+03  .925888E+03  .915548E+03  .904909E+03  .893972E+03
  .882874E+03  .871337E+03  .859358E+03  .847216E+03  .834491E+03
  .821321E+03  .807705E+03  .793500E+03  .778705E+03  .763317E+03
  .747195E+03  .730334E+03  .712876E+03  .694498E+03  .675341E+03
  .655367E+03  .634715E+03  .613527E+03  .591945E+03  .570183E+03
  .548527E+03  .527337E+03  .506902E+03  .487441E+03  .469102E+03
  .451961E+03  .436023E+03  .421364E+03  .407771E+03  .395321E+03
  .383800E+03  .373139E+03  .363341E+03  .354171E+03  .345670E+03
  .337747E+03  .330368E+03  .323425E+03  .316884E+03  .310780E+03
  .304971E+03
  .117133E-03  .114004E-03  .110953E-03  .107977E-03  .105075E-03
  .102206E-03  .994095E-04  .966469E-04  .939205E-04  .912320E-04
  .886147E-04  .860050E-04  .834076E-04  .808840E-04  .783495E-04
  .758376E-04  .733521E-04  .708721E-04  .684038E-04  .659529E-04
  .635036E-04  .610640E-04  .586609E-04  .562571E-04  .538803E-04
  .515333E-04  .492391E-04  .470170E-04  .448827E-04  .428553E-04
  .409561E-04  .392073E-04  .376196E-04  .361950E-04  .349288E-04
  .338112E-04  .328285E-04  .319733E-04  .312213E-04  .305686E-04
  .299950E-04  .294909E-04  .290514E-04  .286601E-04  .283160E-04
  .280118E-04  .277435E-04  .275041E-04  .272906E-04  .271033E-04
  .269345E-04
  .502911E+06  .507110E+06  .511342E+06  .515610E+06  .519913E+06
  .524266E+06  .528658E+06  .533104E+06  .537608E+06  .542172E+06
  .546784E+06  .551477E+06  .556255E+06  .561087E+06  .566030E+06
  .571070E+06  .576211E+06  .581477E+06  .586873E+06  .592405E+06
  .598101E+06  .603967E+06  .609985E+06  .616217E+06  .622647E+06
  .629290E+06  .636128E+06  .643141E+06  .650309E+06  .657595E+06
  .664942E+06  .672274E+06  .679521E+06  .686624E+06  .693536E+06
  .700225E+06  .706673E+06  .712847E+06  .718786E+06  .724459E+06
  .729910E+06  .735149E+06  .740169E+06  .745027E+06  .749708E+06
  .754233E+06  .758609E+06  .762863E+06  .767004E+06  .771021E+06
  .774952E+06
  .985262E+03  .976313E+03  .967072E+03  .957812E+03  .948258E+03
  .938548E+03  .928543E+03  .918380E+03  .907921E+03  .897303E+03
  .886248E+03  .875034E+03  .863381E+03  .851427E+03  .839032E+03
  .826335E+03  .813054E+03  .799328E+03  .785016E+03  .770255E+03
  .754765E+03  .738822E+03  .722005E+03  .704627E+03  .686545E+03
  .667723E+03  .648299E+03  .628273E+03  .607927E+03  .587261E+03
  .566559E+03  .546179E+03  .526193E+03  .506962E+03  .488559E+03
  .471275E+03  .454971E+03  .439794E+03  .425677E+03  .412622E+03
  .400490E+03  .389284E+03  .378862E+03  .369155E+03  .360147E+03
  .351732E+03  .343858E+03  .336488E+03  .329554E+03  .323055E+03
  .316883E+03
  .117817E-03  .114718E-03  .111651E-03  .108702E-03  .105783E-03
  .102937E-03  .100123E-03  .973800E-04  .946707E-04  .920304E-04
  .893930E-04  .868253E-04  .842656E-04  .817472E-04  .792436E-04
  .767854E-04  .743222E-04  .718853E-04  .694545E-04  .670582E-04
  .646561E-04  .622977E-04  .599260E-04  .575935E-04  .552860E-04
  .530052E-04  .507736E-04  .485949E-04  .465016E-04  .444922E-04
  .425918E-04  .408262E-04  .391917E-04  .377068E-04  .363641E-04
  .351718E-04  .341065E-04  .331669E-04  .323375E-04  .316095E-04
  .309664E-04  .304018E-04  .299022E-04  .294593E-04  .290687E-04
  .287216E-04  .284128E-04  .281386E-04  .278935E-04  .276762E-04
  .274805E-04
  .502804E+06  .506980E+06  .511196E+06  .515437E+06  .519722E+06
  .524044E+06  .528417E+06  .532830E+06  .537298E+06  .541810E+06
  .546397E+06  .551032E+06  .555749E+06  .560535E+06  .565410E+06
  .570359E+06  .575424E+06  .580591E+06  .585883E+06  .591283E+06
  .596841E+06  .602515E+06  .608383E+06  .614395E+06  .620582E+06
  .626958E+06  .633503E+06  .640225E+06  .647074E+06  .654056E+06
  .661118E+06  .668184E+06  .675238E+06  .682195E+06  .689029E+06
  .695664E+06  .702118E+06  .708344E+06  .714346E+06  .720112E+06
  .725667E+06  .731001E+06  .736145E+06  .741110E+06  .745895E+06
  .750526E+06  .755014E+06  .759364E+06  .763596E+06  .767706E+06
  .771724E+06
  .987298E+03  .978383E+03  .969313E+03  .960088E+03  .950571E+03
  .941033E+03  .931203E+03  .921216E+03  .910934E+03  .900494E+03
  .889621E+03  .878588E+03  .867257E+03  .855488E+03  .843420E+03
  .831052E+03  .818103E+03  .804851E+03  .791017E+03  .776737E+03
  .762011E+03  .746557E+03  .730653E+03  .714018E+03  .696755E+03
  .678931E+03  .660582E+03  .641634E+03  .622299E+03  .602717E+03
  .582959E+03  .563380E+03  .543980E+03  .525118E+03  .506937E+03
  .489584E+03  .473133E+03  .457658E+03  .443165E+03  .429655E+03
  .416991E+03  .405246E+03  .394352E+03  .384167E+03  .374623E+03
  .365722E+03  .357411E+03  .349620E+03  .342296E+03  .335406E+03
  .328877E+03
  .118511E-03  .115397E-03  .112359E-03  .109394E-03  .106460E-03
  .103638E-03  .100845E-03  .981214E-04  .954291E-04  .928041E-04
  .901796E-04  .876231E-04  .851028E-04  .825909E-04  .801197E-04
  .776905E-04  .752523E-04  .728616E-04  .704714E-04  .681106E-04
  .657823E-04  .634472E-04  .611537E-04  .588654E-04  .566036E-04
  .543819E-04  .522081E-04  .500770E-04  .480148E-04  .460362E-04
  .441458E-04  .423734E-04  .407114E-04  .391825E-04  .377875E-04
  .365262E-04  .353925E-04  .343805E-04  .334803E-04  .326827E-04
  .319709E-04  .313428E-04  .307883E-04  .302941E-04  .298525E-04
  .294602E-04  .291117E-04  .288007E-04  .285225E-04  .282738E-04
  .280497E-04
  .502702E+06  .506863E+06  .511055E+06  .515279E+06  .519547E+06
  .523841E+06  .528182E+06  .532563E+06  .536996E+06  .541472E+06
  .546020E+06  .550614E+06  .555272E+06  .560012E+06  .564822E+06
  .569702E+06  .574696E+06  .579766E+06  .584957E+06  .590253E+06
  .595656E+06  .601215E+06  .606890E+06  .612733E+06  .618731E+06
  .624877E+06  .631171E+06  .637629E+06  .644219E+06  .650917E+06
  .657712E+06  .664533E+06  .671379E+06  .678172E+06  .684874E+06
  .691444E+06  .697856E+06  .704082E+06  .710110E+06  .715929E+06
  .721563E+06  .726987E+06  .732210E+06  .737262E+06  .742155E+06
  .746886E+06  .751465E+06  .755907E+06  .760224E+06  .764425E+06
  .768525E+06
  .989212E+03  .980330E+03  .971429E+03  .962238E+03  .953027E+03
  .943526E+03  .933869E+03  .923919E+03  .913813E+03  .903549E+03
  .892991E+03  .882138E+03  .870988E+03  .859542E+03  .847659E+03
  .835615E+03  .822995E+03  .810074E+03  .796712E+03  .782908E+03
  .768660E+03  .753828E+03  .738550E+03  .722684E+03  .706230E+03
  .689220E+03  .671722E+03  .653771E+03  .635435E+03  .616786E+03
  .597961E+03  .579104E+03  .560426E+03  .542000E+03  .524181E+03
  .506972E+03  .490517E+03  .474891E+03  .460097E+03  .446210E+03
  .433234E+03  .421027E+03  .409666E+03  .399010E+03  .389061E+03
  .379750E+03  .371007E+03  .362764E+03  .355074E+03  .347796E+03
  .340949E+03
  .119168E-03  .116040E-03  .113032E-03  .110053E-03  .107186E-03
  .104347E-03  .101576E-03  .988350E-04  .961612E-04  .935525E-04
  .909747E-04  .884296E-04  .859188E-04  .834436E-04  .809775E-04
  .785786E-04  .761670E-04  .737996E-04  .714531E-04  .691308E-04
  .668361E-04  .645505E-04  .623002E-04  .600679E-04  .578588E-04
  .556818E-04  .535495E-04  .514683E-04  .494476E-04  .474955E-04
  .456254E-04  .438483E-04  .421792E-04  .406175E-04  .391855E-04
  .378730E-04  .366815E-04  .356063E-04  .346381E-04  .337734E-04
  .330040E-04  .323139E-04  .317018E-04  .311539E-04  .306660E-04
  .302303E-04  .298399E-04  .294884E-04  .291766E-04  .288949E-04
  .286429E-04
  .502611E+06  .506757E+06  .510926E+06  .515135E+06  .519367E+06
  .523642E+06  .527954E+06  .532315E+06  .536715E+06  .541155E+06
  .545651E+06  .550206E+06  .554822E+06  .559501E+06  .564265E+06
  .569079E+06  .574003E+06  .579000E+06  .584095E+06  .589289E+06
  .594586E+06  .600013E+06  .605550E+06  .611224E+06  .617041E+06
  .622999E+06  .629090E+06  .635312E+06  .641656E+06  .648112E+06
  .654656E+06  .661262E+06  .667886E+06  .674513E+06  .681062E+06
  .687528E+06  .693870E+06  .700064E+06  .706099E+06  .711952E+06
  .717610E+06  .723100E+06  .728398E+06  .733532E+06  .738496E+06
  .743303E+06  .747968E+06  .752506E+06  .756900E+06  .761185E+06
  .765355E+06
  .991138E+03  .982423E+03  .973555E+03  .964533E+03  .955357E+03
  .945891E+03  .936405E+03  .926628E+03  .916695E+03  .906470E+03
  .896088E+03  .885413E+03  .874579E+03  .863313E+03  .851751E+03
  .839891E+03  .827734E+03  .815139E+03  .802245E+03  .788773E+03
  .774998E+03  .760644E+03  .745984E+03  .730741E+03  .714913E+03
  .698776E+03  .682017E+03  .664912E+03  .647426E+03  .629628E+03
  .611587E+03  .593514E+03  .575480E+03  .557696E+03  .540235E+03
  .523310E+03  .506923E+03  .491289E+03  .476411E+03  .462292E+03
  .449007E+03  .436487E+03  .424735E+03  .413683E+03  .403334E+03
  .393618E+03  .384467E+03  .375882E+03  .367795E+03  .360205E+03
  .352990E+03
  .119834E-03  .116738E-03  .113715E-03  .110763E-03  .107880E-03
  .105026E-03  .102277E-03  .995571E-04  .969016E-04  .942755E-04
  .917133E-04  .891819E-04  .867133E-04  .842471E-04  .818163E-04
  .794222E-04  .770660E-04  .747234E-04  .724225E-04  .701174E-04
  .678592E-04  .656052E-04  .634025E-04  .612115E-04  .590373E-04
  .569214E-04  .548243E-04  .527845E-04  .507984E-04  .488742E-04
  .470191E-04  .452527E-04  .435776E-04  .420081E-04  .405436E-04
  .391945E-04  .379521E-04  .368246E-04  .358031E-04  .348792E-04
  .340507E-04  .333056E-04  .326381E-04  .320385E-04  .315023E-04
  .310214E-04  .305884E-04  .302005E-04  .298514E-04  .295391E-04
  .292553E-04
  .502524E+06  .506649E+06  .510802E+06  .514986E+06  .519202E+06
  .523460E+06  .527743E+06  .532073E+06  .536441E+06  .540860E+06
  .545321E+06  .549838E+06  .554399E+06  .559036E+06  .563738E+06
  .568507E+06  .573344E+06  .578271E+06  .583272E+06  .588389E+06
  .593584E+06  .598905E+06  .604309E+06  .609845E+06  .615518E+06
  .621283E+06  .627199E+06  .633220E+06  .639356E+06  .645597E+06
  .651932E+06  .658321E+06  .664752E+06  .671180E+06  .677587E+06
  .683925E+06  .690188E+06  .696322E+06  .702318E+06  .708169E+06
  .713850E+06  .719370E+06  .724722E+06  .729915E+06  .734945E+06
  .739825E+06  .744567E+06  .749168E+06  .753644E+06  .757992E+06
  .762242E+06
  .992945E+03  .984395E+03  .975560E+03  .966571E+03  .957562E+03
  .948265E+03  .938814E+03  .929208E+03  .919446E+03  .909395E+03
  .899187E+03  .888687E+03  .878030E+03  .866943E+03  .855698E+03
  .844157E+03  .832184E+03  .819913E+03  .807343E+03  .794337E+03
  .781031E+03  .767148E+03  .752962E+03  .738197E+03  .723127E+03
  .707612E+03  .691548E+03  .675211E+03  .658426E+03  .641401E+03
  .624136E+03  .606769E+03  .589442E+03  .572154E+03  .555187E+03
  .538613E+03  .522434E+03  .506933E+03  .491972E+03  .477765E+03
  .464316E+03  .451556E+03  .439489E+03  .428118E+03  .417444E+03
  .407328E+03  .397844E+03  .388922E+03  .380494E+03  .372561E+03
  .365054E+03
  .120464E-03  .117400E-03  .114363E-03  .111398E-03  .108543E-03
  .105713E-03  .102950E-03  .100251E-03  .976154E-04  .950068E-04
  .924602E-04  .899424E-04  .874858E-04  .850298E-04  .826359E-04
  .802751E-04  .779222E-04  .756068E-04  .733300E-04  .710691E-04
  .688504E-04  .666308E-04  .644581E-04  .622925E-04  .601778E-04
  .580959E-04  .560359E-04  .540359E-04  .520750E-04  .501789E-04
  .483464E-04  .465909E-04  .449233E-04  .433392E-04  .418595E-04
  .404834E-04  .392037E-04  .380360E-04  .369611E-04  .359880E-04
  .351088E-04  .343121E-04  .335920E-04  .329434E-04  .323614E-04
  .318333E-04  .313600E-04  .309342E-04  .305493E-04  .302031E-04
  .298898E-04
  .502446E+06  .506551E+06  .510690E+06  .514859E+06  .519051E+06
  .523283E+06  .527548E+06  .531849E+06  .536186E+06  .540572E+06
  .544998E+06  .549478E+06  .554001E+06  .558598E+06  .563241E+06
  .567947E+06  .572738E+06  .577597E+06  .582527E+06  .587550E+06
  .592647E+06  .597865E+06  .603163E+06  .608589E+06  .614100E+06
  .619722E+06  .625476E+06  .631318E+06  .637281E+06  .643329E+06
  .649465E+06  .655664E+06  .661898E+06  .668167E+06  .674413E+06
  .680618E+06  .686777E+06  .692824E+06  .698785E+06  .704604E+06
  .710274E+06  .715805E+06  .721191E+06  .726424E+06  .731500E+06
  .736447E+06  .741245E+06  .745907E+06  .750447E+06  .754864E+06
  .759172E+06
  .994898E+03  .986248E+03  .977577E+03  .968754E+03  .959777E+03
  .950648E+03  .941365E+03  .931795E+03  .922203E+03  .912323E+03
  .902287E+03  .891962E+03  .881344E+03  .870570E+03  .859503E+03
  .848142E+03  .836486E+03  .824535E+03  .812287E+03  .799606E+03
  .786626E+03  .773210E+03  .759493E+03  .745337E+03  .730742E+03
  .715843E+03  .700363E+03  .684682E+03  .668659E+03  .652330E+03
  .635762E+03  .619025E+03  .602327E+03  .585669E+03  .569122E+03
  .552896E+03  .537062E+03  .521692E+03  .506860E+03  .492637E+03
  .479026E+03  .466101E+03  .453863E+03  .442245E+03  .431250E+03
  .420880E+03  .411067E+03  .401813E+03  .393119E+03  .384846E+03
  .376996E+03
  .121151E-03  .118028E-03  .115021E-03  .112084E-03  .109214E-03
  .106410E-03  .103669E-03  .100954E-03  .983375E-04  .957464E-04
  .932154E-04  .907114E-04  .882361E-04  .858210E-04  .834358E-04
  .810820E-04  .787612E-04  .764746E-04  .742233E-04  .719846E-04
  .697852E-04  .676037E-04  .654648E-04  .633486E-04  .612582E-04
  .592153E-04  .571839E-04  .552168E-04  .532959E-04  .514260E-04
  .496149E-04  .478693E-04  .462086E-04  .446286E-04  .431319E-04
  .417326E-04  .404304E-04  .392244E-04  .381135E-04  .370963E-04
  .361662E-04  .353220E-04  .345577E-04  .338632E-04  .332339E-04
  .326658E-04  .321507E-04  .316856E-04  .312676E-04  .308861E-04
  .305393E-04
  .502366E+06  .506464E+06  .510582E+06  .514729E+06  .518904E+06
  .523111E+06  .527349E+06  .531631E+06  .535937E+06  .540291E+06
  .544683E+06  .549127E+06  .553627E+06  .558169E+06  .562771E+06
  .567435E+06  .572163E+06  .576956E+06  .581818E+06  .586769E+06
  .591793E+06  .596913E+06  .602109E+06  .607406E+06  .612807E+06
  .618291E+06  .623908E+06  .629597E+06  .635381E+06  .641258E+06
  .647218E+06  .653248E+06  .659310E+06  .665402E+06  .671510E+06
  .677589E+06  .683622E+06  .689588E+06  .695469E+06  .701243E+06
  .706904E+06  .712430E+06  .717815E+06  .723070E+06  .728189E+06
  .733167E+06  .738018E+06  .742737E+06  .747321E+06  .751803E+06
  .756180E+06
  .996734E+03  .988247E+03  .979607E+03  .970816E+03  .961872E+03
  .952908E+03  .943659E+03  .934388E+03  .924832E+03  .915121E+03
  .905123E+03  .894969E+03  .884659E+03  .874059E+03  .863169E+03
  .852120E+03  .840644E+03  .829009E+03  .817080E+03  .804720E+03
  .792063E+03  .779108E+03  .765719E+03  .752030E+03  .737904E+03
  .723477E+03  .708747E+03  .693577E+03  .678137E+03  .662426E+03
  .646480E+03  .630434E+03  .614290E+03  .598187E+03  .582124E+03
  .566311E+03  .550819E+03  .535650E+03  .521015E+03  .506846E+03
  .493215E+03  .480196E+03  .467789E+03  .455999E+03  .444757E+03
  .434136E+03  .424068E+03  .414555E+03  .405528E+03  .396990E+03
  .388871E+03
  .121801E-03  .118709E-03  .115689E-03  .112738E-03  .109854E-03
  .107076E-03  .104321E-03  .101665E-03  .990329E-04  .964603E-04
  .939131E-04  .914250E-04  .889947E-04  .865910E-04  .842156E-04
  .818978E-04  .795827E-04  .773261E-04  .751018E-04  .728868E-04
  .707080E-04  .685666E-04  .664418E-04  .643577E-04  .622950E-04
  .602759E-04  .583011E-04  .563532E-04  .544562E-04  .526101E-04
  .508185E-04  .490961E-04  .474404E-04  .458632E-04  .443605E-04
  .429481E-04  .416266E-04  .403903E-04  .392507E-04  .381957E-04
  .372250E-04  .363378E-04  .355286E-04  .347921E-04  .341190E-04
  .335097E-04  .329560E-04  .324545E-04  .319980E-04  .315841E-04
  .312066E-04
  .502296E+06  .506374E+06  .510478E+06  .514610E+06  .518771E+06
  .522953E+06  .527175E+06  .531419E+06  .535707E+06  .540030E+06
  .544402E+06  .548812E+06  .553262E+06  .557766E+06  .562328E+06
  .566934E+06  .571618E+06  .576348E+06  .581143E+06  .586025E+06
  .590978E+06  .596002E+06  .601120E+06  .606315E+06  .611610E+06
  .616984E+06  .622441E+06  .628005E+06  .633649E+06  .639376E+06
  .645180E+06  .651036E+06  .656947E+06  .662884E+06  .668847E+06
  .674794E+06  .680708E+06  .686584E+06  .692375E+06  .698092E+06
  .703713E+06  .709219E+06  .714604E+06  .719863E+06  .725006E+06
  .730014E+06  .734898E+06  .739655E+06  .744298E+06  .748824E+06
  .753249E+06
  .998456E+03  .989998E+03  .981520E+03  .972891E+03  .964111E+03
  .955179E+03  .946095E+03  .936858E+03  .927336E+03  .917793E+03
  .907963E+03  .897980E+03  .887841E+03  .877414E+03  .866831E+03
  .855824E+03  .844660E+03  .833338E+03  .821589E+03  .809546E+03
  .797208E+03  .784575E+03  .771645E+03  .758418E+03  .744756E+03
  .730796E+03  .716535E+03  .701836E+03  .686972E+03  .671840E+03
  .656508E+03  .641010E+03  .625414E+03  .609858E+03  .594275E+03
  .578872E+03  .563719E+03  .548886E+03  .534377E+03  .520331E+03
  .506750E+03  .493707E+03  .481274E+03  .469313E+03  .457967E+03
  .447098E+03  .436847E+03  .427079E+03  .417793E+03  .408992E+03
  .400679E+03
  .122415E-03  .119312E-03  .116323E-03  .113401E-03  .110544E-03
  .107751E-03  .105019E-03  .102348E-03  .997013E-04  .971485E-04
  .946190E-04  .921469E-04  .897308E-04  .873396E-04  .850039E-04
  .826666E-04  .803861E-04  .781611E-04  .759399E-04  .737508E-04
  .715951E-04  .694737E-04  .673879E-04  .653385E-04  .633063E-04
  .613138E-04  .593617E-04  .574328E-04  .555644E-04  .537426E-04
  .519755E-04  .502660E-04  .486203E-04  .470505E-04  .455462E-04
  .441245E-04  .427871E-04  .415349E-04  .403628E-04  .392769E-04
  .382717E-04  .373471E-04  .365029E-04  .357238E-04  .350155E-04
  .343640E-04  .337751E-04  .332361E-04  .327443E-04  .322970E-04
  .318918E-04
  .502234E+06  .506300E+06  .510385E+06  .514496E+06  .518634E+06
  .522800E+06  .526996E+06  .531223E+06  .535493E+06  .539787E+06
  .544127E+06  .548504E+06  .552919E+06  .557387E+06  .561895E+06
  .566476E+06  .571102E+06  .575771E+06  .580521E+06  .585336E+06
  .590219E+06  .595172E+06  .600195E+06  .605291E+06  .610483E+06
  .615752E+06  .621099E+06  .626550E+06  .632060E+06  .637648E+06
  .643302E+06  .649019E+06  .654785E+06  .660575E+06  .666401E+06
  .672222E+06  .678022E+06  .683785E+06  .689506E+06  .695154E+06
  .700724E+06  .706196E+06  .711550E+06  .716812E+06  .721947E+06
  .726983E+06  .731882E+06  .736674E+06  .741357E+06  .745926E+06
  .750380E+06
  .100019E+04  .991896E+03  .983448E+03  .974850E+03  .966230E+03
  .957330E+03  .948409E+03  .939205E+03  .929849E+03  .920471E+03
  .910809E+03  .900994E+03  .890892E+03  .880636E+03  .870224E+03
  .859524E+03  .848668E+03  .837389E+03  .825952E+03  .814223E+03
  .802201E+03  .789886E+03  .777276E+03  .764370E+03  .751168E+03
  .737669E+03  .723737E+03  .709640E+03  .695245E+03  .680685E+03
  .665858E+03  .650901E+03  .635847E+03  .620766E+03  .605657E+03
  .590659E+03  .575840E+03  .561273E+03  .547026E+03  .533171E+03
  .519710E+03  .506713E+03  .494184E+03  .482193E+03  .470744E+03
  .459769E+03  .449269E+03  .439317E+03  .429845E+03  .420855E+03
  .412279E+03
  .123039E-03  .119969E-03  .116967E-03  .114032E-03  .111203E-03
  .108396E-03  .105689E-03  .103004E-03  .100378E-03  .978450E-04
  .953332E-04  .928770E-04  .904441E-04  .880664E-04  .857427E-04
  .834438E-04  .811983E-04  .789528E-04  .767620E-04  .746002E-04
  .724688E-04  .703689E-04  .683018E-04  .662686E-04  .642702E-04
  .623076E-04  .603626E-04  .584750E-04  .566257E-04  .548324E-04
  .530817E-04  .513895E-04  .497580E-04  .481927E-04  .466907E-04
  .452633E-04  .439130E-04  .426418E-04  .414511E-04  .403417E-04
  .393086E-04  .383524E-04  .374681E-04  .366564E-04  .359126E-04
  .352277E-04  .345982E-04  .340255E-04  .335018E-04  .330244E-04
  .325866E-04
  .502175E+06  .506223E+06  .510295E+06  .514392E+06  .518509E+06
  .522660E+06  .526832E+06  .531042E+06  .535285E+06  .539550E+06
  .543859E+06  .548204E+06  .552598E+06  .557031E+06  .561502E+06
  .566029E+06  .570597E+06  .575241E+06  .579929E+06  .584680E+06
  .589496E+06  .594379E+06  .599331E+06  .604352E+06  .609446E+06
  .614613E+06  .619877E+06  .625197E+06  .630595E+06  .636049E+06
  .641579E+06  .647161E+06  .652789E+06  .658451E+06  .664146E+06
  .669848E+06  .675541E+06  .681209E+06  .686836E+06  .692404E+06
  .697910E+06  .703335E+06  .708675E+06  .713911E+06  .719038E+06
  .724068E+06  .728998E+06  .733808E+06  .738512E+06  .743105E+06
  .747603E+06
  .100195E+04  .993680E+03  .985390E+03  .976823E+03  .968234E+03
  .959494E+03  .950604E+03  .941563E+03  .932371E+03  .923026E+03
  .913530E+03  .903881E+03  .893947E+03  .883859E+03  .873618E+03
  .863089E+03  .852406E+03  .841434E+03  .830173E+03  .818754E+03
  .806912E+03  .794911E+03  .782617E+03  .770163E+03  .757282E+03
  .744105E+03  .730766E+03  .716996E+03  .703198E+03  .688968E+03
  .674675E+03  .660186E+03  .645600E+03  .630988E+03  .616348E+03
  .601751E+03  .587333E+03  .573027E+03  .559041E+03  .545375E+03
  .532032E+03  .519150E+03  .506665E+03  .494645E+03  .483094E+03
  .472014E+03  .461406E+03  .451343E+03  .441687E+03  .432441E+03
  .423674E+03
  .123675E-03  .120591E-03  .117621E-03  .114672E-03  .111830E-03
  .109050E-03  .106330E-03  .103668E-03  .101064E-03  .985156E-04
  .960226E-04  .935833E-04  .911656E-04  .888015E-04  .864898E-04
  .842013E-04  .819649E-04  .797531E-04  .775676E-04  .754345E-04
  .733049E-04  .712286E-04  .691824E-04  .671888E-04  .652053E-04
  .632552E-04  .613587E-04  .594776E-04  .576684E-04  .558764E-04
  .541500E-04  .524708E-04  .508498E-04  .492926E-04  .477968E-04
  .463668E-04  .450131E-04  .437250E-04  .425179E-04  .413867E-04
  .403270E-04  .393456E-04  .384322E-04  .375879E-04  .368085E-04
  .360900E-04  .354288E-04  .348264E-04  .342700E-04  .337573E-04
  .332904E-04
  .502120E+06  .506155E+06  .510209E+06  .514293E+06  .518395E+06
  .522524E+06  .526681E+06  .530867E+06  .535083E+06  .539330E+06
  .543610E+06  .547923E+06  .552285E+06  .556683E+06  .561118E+06
  .565607E+06  .570136E+06  .574722E+06  .579368E+06  .584057E+06
  .588827E+06  .593643E+06  .598525E+06  .603454E+06  .608473E+06
  .613563E+06  .618704E+06  .623941E+06  .629208E+06  .634575E+06
  .639979E+06  .645444E+06  .650952E+06  .656491E+06  .662061E+06
  .667649E+06  .673226E+06  .678804E+06  .684341E+06  .689834E+06
  .695279E+06  .700645E+06  .705942E+06  .711152E+06  .716271E+06
  .721297E+06  .726225E+06  .731036E+06  .735759E+06  .740392E+06
  .744916E+06
  .100372E+04  .995481E+03  .987220E+03  .978810E+03  .970251E+03
  .961543E+03  .952812E+03  .943932E+03  .934772E+03  .925590E+03
  .916127E+03  .906642E+03  .896875E+03  .886954E+03  .876880E+03
  .866522E+03  .856008E+03  .845208E+03  .834253E+03  .823009E+03
  .811609E+03  .799786E+03  .787805E+03  .775533E+03  .763101E+03
  .750376E+03  .737358E+03  .724044E+03  .710570E+03  .696799E+03
  .683001E+03  .668940E+03  .654819E+03  .640602E+03  .626360E+03
  .612159E+03  .598069E+03  .584159E+03  .570430E+03  .556951E+03
  .543793E+03  .531027E+03  .518584E+03  .506605E+03  .495022E+03
  .483908E+03  .473194E+03  .463020E+03  .453183E+03  .443820E+03
  .434866E+03
  .124321E-03  .121225E-03  .118241E-03  .115323E-03  .112467E-03
  .109674E-03  .106979E-03  .104341E-03  .101722E-03  .991947E-04
  .966869E-04  .942657E-04  .918641E-04  .895145E-04  .872159E-04
  .849388E-04  .827124E-04  .805092E-04  .783565E-04  .762284E-04
  .741504E-04  .720751E-04  .700510E-04  .680555E-04  .661106E-04
  .641952E-04  .623104E-04  .604572E-04  .586549E-04  .568848E-04
  .551819E-04  .535147E-04  .519074E-04  .503540E-04  .488604E-04
  .474312E-04  .460705E-04  .447813E-04  .435598E-04  .424086E-04
  .413296E-04  .403242E-04  .393824E-04  .385113E-04  .377014E-04
  .369542E-04  .362611E-04  .356285E-04  .350390E-04  .344995E-04
  .340027E-04
  .502068E+06  .506091E+06  .510133E+06  .514197E+06  .518286E+06
  .522401E+06  .526535E+06  .530696E+06  .534895E+06  .539116E+06
  .543378E+06  .547662E+06  .551991E+06  .556356E+06  .560757E+06
  .565210E+06  .569701E+06  .574248E+06  .578835E+06  .583482E+06
  .588171E+06  .592940E+06  .597755E+06  .602636E+06  .607562E+06
  .612557E+06  .617621E+06  .622756E+06  .627942E+06  .633202E+06
  .638490E+06  .643849E+06  .649242E+06  .654676E+06  .660139E+06
  .665617E+06  .671097E+06  .676563E+06  .682014E+06  .687434E+06
  .692807E+06  .698117E+06  .703373E+06  .708544E+06  .713642E+06
  .718647E+06  .723573E+06  .728386E+06  .733128E+06  .737767E+06
  .742315E+06
  .100538E+04  .997298E+03  .989066E+03  .980686E+03  .972284E+03
  .963733E+03  .955033E+03  .946183E+03  .937184E+03  .928034E+03
  .918734E+03  .909411E+03  .899808E+03  .890052E+03  .880014E+03
  .869823E+03  .859478E+03  .848980E+03  .838196E+03  .827125E+03
  .815898E+03  .804515E+03  .792844E+03  .780883E+03  .768631E+03
  .756221E+03  .743519E+03  .730657E+03  .717502E+03  .704320E+03
  .690844E+03  .677207E+03  .663443E+03  .649619E+03  .635836E+03
  .622028E+03  .608263E+03  .594676E+03  .581202E+03  .567977E+03
  .555003E+03  .542349E+03  .530018E+03  .518079E+03  .506534E+03
  .495385E+03  .484635E+03  .474353E+03  .464473E+03  .454928E+03
  .445857E+03
  .124931E-03  .121868E-03  .118872E-03  .115941E-03  .113114E-03
  .110347E-03  .107638E-03  .104986E-03  .102389E-03  .998478E-04
  .973596E-04  .949563E-04  .925709E-04  .902358E-04  .879208E-04
  .856560E-04  .834406E-04  .812736E-04  .791282E-04  .770060E-04
  .749329E-04  .729077E-04  .709071E-04  .689323E-04  .669848E-04
  .650861E-04  .632156E-04  .613935E-04  .596006E-04  .578733E-04
  .561749E-04  .545227E-04  .529202E-04  .513738E-04  .498928E-04
  .484672E-04  .471018E-04  .458074E-04  .445737E-04  .434104E-04
  .423135E-04  .412852E-04  .403215E-04  .394243E-04  .385896E-04
  .378139E-04  .370936E-04  .364308E-04  .358172E-04  .352456E-04
  .347230E-04
  .502023E+06  .506030E+06  .510059E+06  .514111E+06  .518180E+06
  .522274E+06  .526393E+06  .530539E+06  .534713E+06  .538917E+06
  .543152E+06  .547406E+06  .551705E+06  .556037E+06  .560418E+06
  .564836E+06  .569290E+06  .573783E+06  .578331E+06  .582936E+06
  .587583E+06  .592271E+06  .597021E+06  .601833E+06  .606711E+06
  .611634E+06  .616625E+06  .621663E+06  .626770E+06  .631904E+06
  .637110E+06  .642366E+06  .647666E+06  .652999E+06  .658347E+06
  .663720E+06  .669106E+06  .674477E+06  .679846E+06  .685184E+06
  .690489E+06  .695744E+06  .700947E+06  .706081E+06  .711143E+06
  .716130E+06  .721039E+06  .725852E+06  .730582E+06  .735241E+06
  .739797E+06
  .100706E+04  .999007E+03  .990803E+03  .982578E+03  .974204E+03
  .965682E+03  .957139E+03  .948320E+03  .939479E+03  .930489E+03
  .921348E+03  .912058E+03  .902617E+03  .892896E+03  .883152E+03
  .873127E+03  .862949E+03  .852618E+03  .842003E+03  .831234E+03
  .820179E+03  .808969E+03  .797472E+03  .785819E+03  .774009E+03
  .761910E+03  .749520E+03  .736973E+03  .724266E+03  .711268E+03
  .698244E+03  .684927E+03  .671583E+03  .658180E+03  .644785E+03
  .631299E+03  .617922E+03  .604588E+03  .591434E+03  .578460E+03
  .565668E+03  .553194E+03  .540973E+03  .529142E+03  .517634E+03
  .506452E+03  .495734E+03  .485345E+03  .475355E+03  .465766E+03
  .456580E+03
  .125553E-03  .122478E-03  .119470E-03  .116569E-03  .113730E-03
  .110951E-03  .108268E-03  .105603E-03  .103030E-03  .100510E-03
  .980409E-04  .956229E-04  .932545E-04  .909045E-04  .886338E-04
  .863814E-04  .841769E-04  .820195E-04  .798824E-04  .777923E-04
  .757240E-04  .737027E-04  .717047E-04  .697534E-04  .678482E-04
  .659674E-04  .641125E-04  .623039E-04  .605408E-04  .588046E-04
  .571310E-04  .554841E-04  .538974E-04  .523645E-04  .508914E-04
  .494646E-04  .481042E-04  .468000E-04  .455629E-04  .443894E-04
  .432762E-04  .422322E-04  .412476E-04  .403305E-04  .394714E-04
  .386672E-04  .379252E-04  .372318E-04  .365892E-04  .359948E-04
  .354461E-04
  .501981E+06  .505977E+06  .509994E+06  .514029E+06  .518085E+06
  .522165E+06  .526263E+06  .530395E+06  .534545E+06  .538724E+06
  .542931E+06  .547168E+06  .551437E+06  .555751E+06  .560086E+06
  .564469E+06  .568889E+06  .573344E+06  .577854E+06  .582402E+06
  .587007E+06  .591653E+06  .596358E+06  .601106E+06  .605897E+06
  .610751E+06  .615670E+06  .620634E+06  .625644E+06  .630723E+06
  .635827E+06  .641001E+06  .646201E+06  .651431E+06  .656679E+06
  .661964E+06  .667247E+06  .672541E+06  .677818E+06  .683077E+06
  .688316E+06  .693505E+06  .698658E+06  .703742E+06  .708770E+06
  .713738E+06  .718616E+06  .723430E+06  .728163E+06  .732813E+06
  .737376E+06
  .100876E+04  .100073E+04  .992684E+03  .984486E+03  .976141E+03
  .967774E+03  .959260E+03  .950597E+03  .941786E+03  .932827E+03
  .923845E+03  .914714E+03  .905305E+03  .895746E+03  .886164E+03
  .876303E+03  .866290E+03  .856125E+03  .845677E+03  .835077E+03
  .824322E+03  .813283E+03  .802090E+03  .790741E+03  .779105E+03
  .767182E+03  .755234E+03  .742997E+03  .730603E+03  .718050E+03
  .705208E+03  .692339E+03  .679445E+03  .666393E+03  .653215E+03
  .640113E+03  .627054E+03  .614038E+03  .601133E+03  .588407E+03
  .575862E+03  .563500E+03  .551455E+03  .539731E+03  .528261E+03
  .517182E+03  .506428E+03  .496069E+03  .486039E+03  .476339E+03
  .467039E+03
  .126186E-03  .123099E-03  .120122E-03  .117208E-03  .114356E-03
  .111603E-03  .108907E-03  .106266E-03  .103679E-03  .101145E-03
  .986972E-04  .962978E-04  .939150E-04  .915813E-04  .893254E-04
  .870863E-04  .848937E-04  .827469E-04  .806188E-04  .785366E-04
  .764994E-04  .744828E-04  .725112E-04  .705839E-04  .686787E-04
  .667970E-04  .649803E-04  .631871E-04  .614374E-04  .597306E-04
  .580484E-04  .564261E-04  .548613E-04  .533360E-04  .518536E-04
  .504355E-04  .490752E-04  .477702E-04  .465250E-04  .453431E-04
  .442214E-04  .431568E-04  .421583E-04  .412222E-04  .403394E-04
  .395180E-04  .387493E-04  .380355E-04  .373687E-04  .367464E-04
  .361711E-04
  .501942E+06  .505927E+06  .509928E+06  .513950E+06  .517993E+06
  .522054E+06  .526138E+06  .530247E+06  .534382E+06  .538545E+06
  .542726E+06  .546936E+06  .551188E+06  .555471E+06  .559775E+06
  .564125E+06  .568510E+06  .572930E+06  .577402E+06  .581912E+06
  .586460E+06  .591064E+06  .595708E+06  .600393E+06  .605138E+06
  .609945E+06  .614775E+06  .619668E+06  .624606E+06  .629588E+06
  .634637E+06  .639710E+06  .644806E+06  .649948E+06  .655131E+06
  .660318E+06  .665516E+06  .670722E+06  .675924E+06  .681107E+06
  .686269E+06  .691410E+06  .696500E+06  .701536E+06  .706531E+06
  .711454E+06  .716317E+06  .721102E+06  .725823E+06  .730477E+06
  .735047E+06
  .101036E+04  .100248E+04  .994457E+03  .986287E+03  .978094E+03
  .969755E+03  .961269E+03  .952761E+03  .943980E+03  .935177E+03
  .926352E+03  .917252E+03  .908002E+03  .898603E+03  .889054E+03
  .879355E+03  .869505E+03  .859503E+03  .849222E+03  .838916E+03
  .828329E+03  .817460E+03  .806566E+03  .795388E+03  .783925E+03
  .772438E+03  .760664E+03  .748734E+03  .736648E+03  .724406E+03
  .712006E+03  .699450E+03  .686736E+03  .673997E+03  .661266E+03
  .648478E+03  .635733E+03  .622964E+03  .610373E+03  .597827E+03
  .585527E+03  .573408E+03  .561472E+03  .549853E+03  .538487E+03
  .527443E+03  .516789E+03  .506392E+03  .496322E+03  .486648E+03
  .477304E+03
  .126785E-03  .123731E-03  .120741E-03  .117815E-03  .114992E-03
  .112227E-03  .109518E-03  .106902E-03  .104302E-03  .101790E-03
  .993621E-04  .969487E-04  .945837E-04  .922662E-04  .899954E-04
  .877705E-04  .855907E-04  .834553E-04  .813373E-04  .792892E-04
  .772588E-04  .752477E-04  .733037E-04  .713792E-04  .694756E-04
  .676363E-04  .658182E-04  .640421E-04  .623075E-04  .606139E-04
  .589607E-04  .573473E-04  .557733E-04  .542545E-04  .527926E-04
  .513778E-04  .500197E-04  .487088E-04  .474641E-04  .462689E-04
  .451406E-04  .440691E-04  .430518E-04  .420976E-04  .411974E-04
  .403540E-04  .395697E-04  .388306E-04  .381396E-04  .374994E-04
  .369023E-04
  .501910E+06  .505881E+06  .509870E+06  .513880E+06  .517905E+06
  .521953E+06  .526024E+06  .530111E+06  .534232E+06  .538370E+06
  .542526E+06  .546720E+06  .550944E+06  .555198E+06  .559483E+06
  .563802E+06  .568153E+06  .572539E+06  .576975E+06  .581432E+06
  .585941E+06  .590505E+06  .595090E+06  .599732E+06  .604433E+06
  .609155E+06  .613938E+06  .618763E+06  .623630E+06  .628540E+06
  .633493E+06  .638490E+06  .643532E+06  .648595E+06  .653674E+06
  .658780E+06  .663894E+06  .669028E+06  .674145E+06  .679268E+06
  .684357E+06  .689424E+06  .694467E+06  .699458E+06  .704408E+06
  .709301E+06  .714120E+06  .718893E+06  .723602E+06  .728232E+06
  .732794E+06
  .101198E+04  .100412E+04  .996126E+03  .988106E+03  .979940E+03
  .971629E+03  .963295E+03  .954815E+03  .946189E+03  .937540E+03
  .928744E+03  .919674E+03  .910582E+03  .901341E+03  .891951E+03
  .882412E+03  .872723E+03  .862756E+03  .852766E+03  .842496E+03
  .832075E+03  .821501E+03  .810774E+03  .799895E+03  .788733E+03
  .777416E+03  .765945E+03  .754319E+03  .742408E+03  .730472E+03
  .718380E+03  .706132E+03  .693728E+03  .681430E+03  .668977E+03
  .656401E+03  .643967E+03  .631509E+03  .619162E+03  .606859E+03
  .594802E+03  .582858E+03  .571095E+03  .559582E+03  .548386E+03
  .537376E+03  .526754E+03  .516388E+03  .506346E+03  .496630E+03
  .487174E+03
  .127395E-03  .124329E-03  .121328E-03  .118433E-03  .115598E-03
  .112820E-03  .110138E-03  .107510E-03  .104934E-03  .102444E-03
  .100002E-03  .975754E-04  .952292E-04  .929288E-04  .906737E-04
  .884629E-04  .862958E-04  .841446E-04  .820637E-04  .799991E-04
  .779771E-04  .759971E-04  .740585E-04  .721608E-04  .702815E-04
  .684432E-04  .666455E-04  .648877E-04  .631502E-04  .614715E-04
  .598313E-04  .582292E-04  .566648E-04  .551703E-04  .537107E-04
  .522894E-04  .509355E-04  .496277E-04  .483784E-04  .471780E-04
  .460444E-04  .449611E-04  .439321E-04  .429607E-04  .420497E-04
  .411845E-04  .403796E-04  .396208E-04  .389111E-04  .382479E-04
  .376239E-04
  .501880E+06  .505840E+06  .509819E+06  .513813E+06  .517826E+06
  .521862E+06  .525913E+06  .529987E+06  .534085E+06  .538201E+06
  .542342E+06  .546520E+06  .550716E+06  .554942E+06  .559198E+06
  .563485E+06  .567804E+06  .572171E+06  .576557E+06  .580993E+06
  .585465E+06  .589973E+06  .594519E+06  .599102E+06  .603741E+06
  .608419E+06  .613138E+06  .617896E+06  .622715E+06  .627556E+06
  .632437E+06  .637361E+06  .642328E+06  .647292E+06  .652299E+06
  .657343E+06  .662377E+06  .667430E+06  .672477E+06  .677530E+06
  .682548E+06  .687557E+06  .692543E+06  .697489E+06  .702382E+06
  .707245E+06  .712037E+06  .716783E+06  .721467E+06  .726087E+06
  .730656E+06
  .101361E+04  .100579E+04  .997815E+03  .989821E+03  .981804E+03
  .973520E+03  .965337E+03  .956885E+03  .948411E+03  .939790E+03
  .931023E+03  .922234E+03  .913172E+03  .904087E+03  .894729E+03
  .885348E+03  .875818E+03  .866012E+03  .856183E+03  .846076E+03
  .835818E+03  .825537E+03  .814977E+03  .804135E+03  .793270E+03
  .782251E+03  .770951E+03  .759625E+03  .748017E+03  .736253E+03
  .724465E+03  .712523E+03  .700555E+03  .688433E+03  .676156E+03
  .663987E+03  .651827E+03  .639611E+03  .627506E+03  .615510E+03
  .603627E+03  .591856E+03  .580332E+03  .568922E+03  .557829E+03
  .546920E+03  .536329E+03  .525993E+03  .515979E+03  .506289E+03
  .496858E+03
  .128017E-03  .124939E-03  .121927E-03  .119020E-03  .116214E-03
  .113424E-03  .110769E-03  .108127E-03  .105575E-03  .103071E-03
  .100617E-03  .982435E-04  .958831E-04  .935998E-04  .913302E-04
  .891344E-04  .869809E-04  .848419E-04  .827720E-04  .807169E-04
  .787033E-04  .767548E-04  .748217E-04  .729058E-04  .710525E-04
  .692380E-04  .674411E-04  .657034E-04  .639838E-04  .623023E-04
  .606769E-04  .590877E-04  .575515E-04  .560498E-04  .545824E-04
  .531801E-04  .518284E-04  .505181E-04  .492658E-04  .480688E-04
  .469246E-04  .458307E-04  .447976E-04  .438098E-04  .428831E-04
  .420027E-04  .411776E-04  .403996E-04  .396715E-04  .389908E-04
  .383500E-04
  .501854E+06  .505803E+06  .509771E+06  .513753E+06  .517751E+06
  .521773E+06  .525806E+06  .529867E+06  .533944E+06  .538045E+06
  .542171E+06  .546314E+06  .550494E+06  .554692E+06  .558931E+06
  .563188E+06  .567476E+06  .571810E+06  .576162E+06  .580563E+06
  .584998E+06  .589453E+06  .593959E+06  .598519E+06  .603099E+06
  .607717E+06  .612391E+06  .617085E+06  .621838E+06  .626631E+06
  .631444E+06  .636297E+06  .641169E+06  .646082E+06  .651037E+06
  .655987E+06  .660950E+06  .665937E+06  .670916E+06  .675888E+06
  .680851E+06  .685805E+06  .690721E+06  .695625E+06  .700476E+06
  .705298E+06  .710064E+06  .714784E+06  .719443E+06  .724040E+06
  .728587E+06
  .101515E+04  .100735E+04  .999524E+03  .991556E+03  .983565E+03
  .975430E+03  .967273E+03  .958971E+03  .950524E+03  .942055E+03
  .933316E+03  .924555E+03  .915647E+03  .906717E+03  .897515E+03
  .888165E+03  .878793E+03  .869146E+03  .859475E+03  .849530E+03
  .839561E+03  .829315E+03  .818918E+03  .808369E+03  .797670E+03
  .786818E+03  .775814E+03  .764657E+03  .753347E+03  .741884E+03
  .730397E+03  .718626E+03  .706962E+03  .695013E+03  .683171E+03
  .671305E+03  .659287E+03  .647409E+03  .635542E+03  .623719E+03
  .612074E+03  .600540E+03  .589120E+03  .577946E+03  .566887E+03
  .556144E+03  .545586E+03  .535346E+03  .525360E+03  .515629E+03
  .506222E+03
  .128606E-03  .125517E-03  .122537E-03  .119618E-03  .116800E-03
  .114039E-03  .111371E-03  .108754E-03  .106189E-03  .103709E-03
  .101241E-03  .988548E-04  .965138E-04  .942483E-04  .919951E-04
  .897851E-04  .876460E-04  .855199E-04  .834617E-04  .814171E-04
  .794377E-04  .774724E-04  .755463E-04  .736590E-04  .718100E-04
  .699989E-04  .682251E-04  .664884E-04  .647882E-04  .631243E-04
  .615147E-04  .599216E-04  .583985E-04  .568913E-04  .554503E-04
  .540565E-04  .526929E-04  .513929E-04  .501389E-04  .489328E-04
  .477861E-04  .466894E-04  .456405E-04  .446496E-04  .437018E-04
  .428128E-04  .419680E-04  .411766E-04  .404303E-04  .397270E-04
  .390697E-04
  .501833E+06  .505772E+06  .509726E+06  .513697E+06  .517683E+06
  .521689E+06  .525709E+06  .529750E+06  .533814E+06  .537893E+06
  .542004E+06  .546133E+06  .550288E+06  .554460E+06  .558670E+06
  .562910E+06  .567168E+06  .571470E+06  .575790E+06  .580156E+06
  .584541E+06  .588975E+06  .593443E+06  .597948E+06  .602488E+06
  .607064E+06  .611678E+06  .616329E+06  .621018E+06  .625745E+06
  .630491E+06  .635296E+06  .640099E+06  .644962E+06  .649822E+06
  .654698E+06  .659615E+06  .664519E+06  .669434E+06  .674353E+06
  .679250E+06  .684137E+06  .689012E+06  .693849E+06  .698673E+06
  .703442E+06  .708182E+06  .712863E+06  .717499E+06  .722087E+06
  .726612E+06
  .101671E+04  .100893E+04  .100125E+04  .993311E+03  .985346E+03
  .977358E+03  .969227E+03  .960951E+03  .952653E+03  .944211E+03
  .935624E+03  .926891E+03  .918135E+03  .909234E+03  .900186E+03
  .890991E+03  .881649E+03  .872284E+03  .862646E+03  .852859E+03
  .843049E+03  .832964E+03  .822729E+03  .812470E+03  .801934E+03
  .791247E+03  .780537E+03  .769547E+03  .758532E+03  .747366E+03
  .736048E+03  .724577E+03  .713082E+03  .701434E+03  .689893E+03
  .678199E+03  .666482E+03  .654873E+03  .643210E+03  .631624E+03
  .620148E+03  .608784E+03  .597598E+03  .586525E+03  .575633E+03
  .564989E+03  .554528E+03  .544384E+03  .534426E+03  .524721E+03
  .515338E+03
  .129207E-03  .126106E-03  .123158E-03  .120227E-03  .117397E-03
  .114663E-03  .111983E-03  .109354E-03  .106813E-03  .104320E-03
  .101874E-03  .994748E-04  .971531E-04  .948744E-04  .926382E-04
  .904439E-04  .882908E-04  .862059E-04  .841328E-04  .820994E-04
  .801301E-04  .781737E-04  .762554E-04  .743978E-04  .725538E-04
  .707467E-04  .689971E-04  .672620E-04  .655824E-04  .639371E-04
  .623258E-04  .607481E-04  .592215E-04  .577270E-04  .562974E-04
  .548976E-04  .535431E-04  .522473E-04  .509892E-04  .497822E-04
  .486274E-04  .475225E-04  .464719E-04  .454665E-04  .445105E-04
  .436077E-04  .427496E-04  .419454E-04  .411813E-04  .404608E-04
  .397873E-04
  .501814E+06  .505743E+06  .509684E+06  .513644E+06  .517619E+06
  .521608E+06  .525616E+06  .529644E+06  .533688E+06  .537753E+06
  .541842E+06  .545956E+06  .550087E+06  .554243E+06  .558426E+06
  .562638E+06  .566879E+06  .571137E+06  .575438E+06  .579772E+06
  .584123E+06  .588521E+06  .592954E+06  .597404E+06  .601906E+06
  .606442E+06  .610997E+06  .615606E+06  .620233E+06  .624896E+06
  .629597E+06  .634335E+06  .639091E+06  .643885E+06  .648674E+06
  .653501E+06  .658345E+06  .663182E+06  .668039E+06  .672894E+06
  .677740E+06  .682575E+06  .687386E+06  .692184E+06  .696955E+06
  .701686E+06  .706388E+06  .711032E+06  .715645E+06  .720211E+06
  .724715E+06
  .101817E+04  .101054E+04  .100288E+04  .995086E+03  .987146E+03
  .979183E+03  .971077E+03  .962949E+03  .954677E+03  .946261E+03
  .937823E+03  .929240E+03  .920512E+03  .911762E+03  .902867E+03
  .893825E+03  .884638E+03  .875303E+03  .865822E+03  .856192E+03
  .846414E+03  .836614E+03  .826539E+03  .816440E+03  .806067E+03
  .795669E+03  .784995E+03  .774297E+03  .763448E+03  .752447E+03
  .741424E+03  .730248E+03  .718922E+03  .707571E+03  .696198E+03
  .684802E+03  .673384E+03  .661944E+03  .650483E+03  .639163E+03
  .627921E+03  .616724E+03  .605704E+03  .594798E+03  .584071E+03
  .573524E+03  .563160E+03  .553045E+03  .543180E+03  .533567E+03
  .524142E+03
  .129775E-03  .126708E-03  .123748E-03  .120847E-03  .118005E-03
  .115259E-03  .112567E-03  .109964E-03  .107411E-03  .104906E-03
  .102483E-03  .100104E-03  .977692E-04  .955090E-04  .932898E-04
  .911110E-04  .889721E-04  .868725E-04  .848118E-04  .827896E-04
  .808052E-04  .788829E-04  .769724E-04  .751216E-04  .732834E-04
  .715029E-04  .697355E-04  .680239E-04  .663460E-04  .647016E-04
  .631091E-04  .615485E-04  .600196E-04  .585393E-04  .571060E-04
  .557180E-04  .543739E-04  .530723E-04  .518117E-04  .506089E-04
  .494541E-04  .483419E-04  .472840E-04  .462713E-04  .453082E-04
  .443922E-04  .435213E-04  .426991E-04  .419232E-04  .411915E-04
  .404965E-04
  .501800E+06  .505718E+06  .509648E+06  .513595E+06  .517558E+06
  .521535E+06  .525531E+06  .529542E+06  .533572E+06  .537625E+06
  .541693E+06  .545784E+06  .549899E+06  .554031E+06  .558188E+06
  .562372E+06  .566583E+06  .570824E+06  .575094E+06  .579395E+06
  .583728E+06  .588077E+06  .592474E+06  .596888E+06  .601351E+06
  .605832E+06  .610365E+06  .614915E+06  .619500E+06  .624121E+06
  .628759E+06  .633433E+06  .638143E+06  .642870E+06  .647613E+06
  .652371E+06  .657144E+06  .661932E+06  .666735E+06  .671523E+06
  .676306E+06  .681091E+06  .685851E+06  .690599E+06  .695321E+06
  .700014E+06  .704679E+06  .709301E+06  .713878E+06  .718409E+06
  .722907E+06
  .101978E+04  .101217E+04  .100442E+04  .996763E+03  .988848E+03
  .981029E+03  .972948E+03  .964845E+03  .956719E+03  .948450E+03
  .940038E+03  .931482E+03  .922903E+03  .914181E+03  .905435E+03
  .896423E+03  .887387E+03  .878206E+03  .868878E+03  .859404E+03
  .849783E+03  .840014E+03  .830222E+03  .820157E+03  .810069E+03
  .799831E+03  .789445E+03  .778909E+03  .768224E+03  .757514E+03
  .746655E+03  .735645E+03  .724612E+03  .713556E+03  .702350E+03
  .691121E+03  .679998E+03  .668726E+03  .657560E+03  .646407E+03
  .635331E+03  .624365E+03  .613510E+03  .602768E+03  .592139E+03
  .581754E+03  .571486E+03  .561465E+03  .551627E+03  .542040E+03
  .532704E+03
  .130401E-03  .127322E-03  .124307E-03  .121438E-03  .118584E-03
  .115866E-03  .113162E-03  .110548E-03  .108019E-03  .105537E-03
  .103100E-03  .100709E-03  .983942E-04  .961212E-04  .939197E-04
  .917279E-04  .896048E-04  .875196E-04  .854721E-04  .834618E-04
  .814882E-04  .795509E-04  .776735E-04  .758072E-04  .739987E-04
  .722238E-04  .704823E-04  .687739E-04  .670984E-04  .654750E-04
  .638829E-04  .623219E-04  .608097E-04  .593446E-04  .579082E-04
  .565167E-04  .551845E-04  .538780E-04  .526272E-04  .514186E-04
  .502579E-04  .491466E-04  .480823E-04  .470632E-04  .460873E-04
  .451652E-04  .442821E-04  .434481E-04  .426552E-04  .419072E-04
  .412018E-04
  .501788E+06  .505696E+06  .509618E+06  .513552E+06  .517504E+06
  .521466E+06  .525450E+06  .529449E+06  .533461E+06  .537493E+06
  .541547E+06  .545624E+06  .549717E+06  .553834E+06  .557965E+06
  .562134E+06  .566318E+06  .570530E+06  .574771E+06  .579040E+06
  .583340E+06  .587671E+06  .592019E+06  .596413E+06  .600824E+06
  .605268E+06  .609744E+06  .614255E+06  .618800E+06  .623361E+06
  .627956E+06  .632587E+06  .637233E+06  .641895E+06  .646592E+06
  .651304E+06  .656009E+06  .660750E+06  .665483E+06  .670222E+06
  .674958E+06  .679682E+06  .684394E+06  .689093E+06  .693778E+06
  .698424E+06  .703053E+06  .707640E+06  .712195E+06  .716706E+06
  .721170E+06
  .102129E+04  .101370E+04  .100609E+04  .998344E+03  .990571E+03
  .982775E+03  .974838E+03  .966760E+03  .958658E+03  .950535E+03
  .942148E+03  .933739E+03  .925308E+03  .916613E+03  .907894E+03
  .899032E+03  .890146E+03  .880994E+03  .871819E+03  .862498E+03
  .853031E+03  .843418E+03  .833781E+03  .823874E+03  .813943E+03
  .803864E+03  .793637E+03  .783262E+03  .772863E+03  .762316E+03
  .751619E+03  .740899E+03  .730156E+03  .719265E+03  .708223E+03
  .697287E+03  .686329E+03  .675349E+03  .664349E+03  .653328E+03
  .642513E+03  .631711E+03  .621019E+03  .610375E+03  .599972E+03
  .589684E+03  .579510E+03  .569582E+03  .559837E+03  .550340E+03
  .541029E+03
  .130996E-03  .127905E-03  .124921E-03  .121998E-03  .119174E-03
  .116445E-03  .113768E-03  .111141E-03  .108601E-03  .106142E-03
  .103693E-03  .101323E-03  .990281E-04  .967422E-04  .945280E-04
  .923532E-04  .902457E-04  .881472E-04  .861135E-04  .841158E-04
  .821536E-04  .802267E-04  .783587E-04  .765005E-04  .746993E-04
  .729307E-04  .711946E-04  .694907E-04  .678391E-04  .662181E-04
  .646275E-04  .630859E-04  .615915E-04  .601250E-04  .586866E-04
  .573091E-04  .559738E-04  .546791E-04  .534238E-04  .522068E-04
  .510521E-04  .499354E-04  .488657E-04  .478344E-04  .468595E-04
  .459256E-04  .450309E-04  .441858E-04  .433820E-04  .426236E-04
  .419026E-04
  .501780E+06  .505678E+06  .509589E+06  .513514E+06  .517453E+06
  .521404E+06  .525372E+06  .529359E+06  .533359E+06  .537372E+06
  .541413E+06  .545469E+06  .549539E+06  .553641E+06  .557758E+06
  .561901E+06  .566058E+06  .570254E+06  .574466E+06  .578706E+06
  .582974E+06  .587273E+06  .591587E+06  .595947E+06  .600323E+06
  .604731E+06  .609170E+06  .613643E+06  .618131E+06  .622652E+06
  .627206E+06  .631776E+06  .636361E+06  .640979E+06  .645632E+06
  .650279E+06  .654939E+06  .659612E+06  .664298E+06  .668997E+06
  .673669E+06  .678346E+06  .683011E+06  .687675E+06  .692301E+06
  .696911E+06  .701506E+06  .706059E+06  .710581E+06  .715059E+06
  .719504E+06
  .102271E+04  .101526E+04  .100768E+04  .100007E+04  .992316E+03
  .984544E+03  .976631E+03  .968695E+03  .960617E+03  .952518E+03
  .944276E+03  .936012E+03  .927607E+03  .919058E+03  .910367E+03
  .901652E+03  .892794E+03  .883792E+03  .874768E+03  .865599E+03
  .856284E+03  .846825E+03  .837219E+03  .827590E+03  .817691E+03
  .807769E+03  .797700E+03  .787608E+03  .777368E+03  .766980E+03
  .756570E+03  .746011E+03  .735304E+03  .724700E+03  .713948E+03
  .703175E+03  .692379E+03  .681563E+03  .670853E+03  .660123E+03
  .649374E+03  .638766E+03  .628236E+03  .617753E+03  .607446E+03
  .597316E+03  .587301E+03  .577401E+03  .567747E+03  .558340E+03
  .549052E+03
  .131557E-03  .128500E-03  .125505E-03  .122612E-03  .119776E-03
  .117035E-03  .114346E-03  .111745E-03  .109193E-03  .106722E-03
  .104296E-03  .101947E-03  .996392E-04  .973720E-04  .951449E-04
  .929869E-04  .908663E-04  .887828E-04  .867629E-04  .847778E-04
  .828270E-04  .809104E-04  .790276E-04  .772017E-04  .753850E-04
  .736235E-04  .718934E-04  .702156E-04  .685678E-04  .669498E-04
  .653808E-04  .638402E-04  .623281E-04  .608796E-04  .594575E-04
  .580783E-04  .567408E-04  .554435E-04  .542006E-04  .529948E-04
  .518248E-04  .507073E-04  .496332E-04  .485971E-04  .476110E-04
  .466724E-04  .457729E-04  .449110E-04  .440970E-04  .433287E-04
  .425925E-04
  .501776E+06  .505663E+06  .509564E+06  .513477E+06  .517405E+06
  .521346E+06  .525303E+06  .529272E+06  .533261E+06  .537262E+06
  .541283E+06  .545318E+06  .549374E+06  .553453E+06  .557555E+06
  .561673E+06  .565815E+06  .569984E+06  .574167E+06  .578378E+06
  .582616E+06  .586882E+06  .591179E+06  .595490E+06  .599847E+06
  .604219E+06  .608623E+06  .613041E+06  .617491E+06  .621974E+06
  .626470E+06  .631000E+06  .635562E+06  .640119E+06  .644710E+06
  .649313E+06  .653930E+06  .658559E+06  .663179E+06  .667811E+06
  .672454E+06  .677080E+06  .681699E+06  .686317E+06  .690909E+06
  .695474E+06  .700023E+06  .704556E+06  .709045E+06  .713491E+06
  .717917E+06
  .102415E+04  .101673E+04  .100917E+04  .100169E+04  .993967E+03
  .986217E+03  .978444E+03  .970531E+03  .962596E+03  .954520E+03
  .946422E+03  .938182E+03  .929801E+03  .921398E+03  .912853E+03
  .904165E+03  .895454E+03  .886601E+03  .877604E+03  .868584E+03
  .859299E+03  .849990E+03  .840537E+03  .831061E+03  .821440E+03
  .811673E+03  .801760E+03  .791700E+03  .781617E+03  .771512E+03
  .761259E+03  .750860E+03  .740438E+03  .729994E+03  .719403E+03
  .708916E+03  .698281E+03  .687626E+03  .677077E+03  .666508E+03
  .656047E+03  .645567E+03  .635165E+03  .624905E+03  .614692E+03
  .604656E+03  .594734E+03  .584990E+03  .575426E+03  .566044E+03
  .556844E+03
  .132133E-03  .129065E-03  .126059E-03  .123197E-03  .120349E-03
  .117597E-03  .114935E-03  .112323E-03  .109795E-03  .107313E-03
  .104909E-03  .102547E-03  .100227E-03  .979796E-04  .957705E-04
  .935997E-04  .914953E-04  .894267E-04  .873934E-04  .854215E-04
  .834573E-04  .815523E-04  .796801E-04  .778639E-04  .760786E-04
  .743241E-04  .726001E-04  .709066E-04  .692639E-04  .676700E-04
  .661040E-04  .645656E-04  .630733E-04  .616254E-04  .602031E-04
  .588402E-04  .575011E-04  .562018E-04  .549567E-04  .537481E-04
  .525898E-04  .514651E-04  .503837E-04  .493506E-04  .483537E-04
  .474046E-04  .464949E-04  .456291E-04  .448053E-04  .440216E-04
  .432762E-04
  .501774E+06  .505653E+06  .509544E+06  .513446E+06  .517364E+06
  .521294E+06  .525236E+06  .529195E+06  .533166E+06  .537155E+06
  .541157E+06  .545179E+06  .549221E+06  .553278E+06  .557357E+06
  .561460E+06  .565577E+06  .569719E+06  .573887E+06  .578069E+06
  .582290E+06  .586527E+06  .590792E+06  .595072E+06  .599380E+06
  .603718E+06  .608086E+06  .612485E+06  .616899E+06  .621326E+06
  .625784E+06  .630274E+06  .634778E+06  .639295E+06  .643844E+06
  .648386E+06  .652960E+06  .657546E+06  .662123E+06  .666712E+06
  .671289E+06  .675876E+06  .680457E+06  .685019E+06  .689578E+06
  .694110E+06  .698627E+06  .703115E+06  .707574E+06  .712001E+06
  .716396E+06
  .102563E+04  .101822E+04  .101080E+04  .100323E+04  .995642E+03
  .987914E+03  .980163E+03  .972390E+03  .964477E+03  .956542E+03
  .948467E+03  .940251E+03  .932013E+03  .923634E+03  .915233E+03
  .906691E+03  .898006E+03  .889299E+03  .880449E+03  .871457E+03
  .862321E+03  .853163E+03  .843860E+03  .834414E+03  .824944E+03
  .815330E+03  .805571E+03  .795789E+03  .785861E+03  .775911E+03
  .765816E+03  .755574E+03  .745309E+03  .735023E+03  .724715E+03
  .714387E+03  .703912E+03  .693541E+03  .683151E+03  .672741E+03
  .662439E+03  .652118E+03  .641905E+03  .631708E+03  .621716E+03
  .611772E+03  .602006E+03  .592352E+03  .582878E+03  .573520E+03
  .564408E+03
  .132723E-03  .129643E-03  .126668E-03  .123753E-03  .120935E-03
  .118171E-03  .115498E-03  .112912E-03  .110372E-03  .107913E-03
  .105497E-03  .103124E-03  .100825E-03  .985651E-04  .963748E-04
  .942212E-04  .921041E-04  .900510E-04  .880320E-04  .860469E-04
  .840953E-04  .822020E-04  .803404E-04  .785101E-04  .767341E-04
  .749879E-04  .732713E-04  .716054E-04  .699678E-04  .683783E-04
  .668159E-04  .652804E-04  .637903E-04  .623441E-04  .609402E-04
  .595774E-04  .582378E-04  .569536E-04  .557067E-04  .544960E-04
  .533353E-04  .522079E-04  .511270E-04  .500804E-04  .490870E-04
  .481279E-04  .472148E-04  .463394E-04  .455061E-04  .447073E-04
  .439532E-04
  .501776E+06  .505645E+06  .509526E+06  .513420E+06  .517325E+06
  .521245E+06  .525176E+06  .529120E+06  .533079E+06  .537051E+06
  .541041E+06  .545050E+06  .549073E+06  .553116E+06  .557173E+06
  .561252E+06  .565355E+06  .569471E+06  .573612E+06  .577778E+06
  .581971E+06  .586178E+06  .590413E+06  .594675E+06  .598951E+06
  .603256E+06  .607591E+06  .611939E+06  .616316E+06  .620707E+06
  .625128E+06  .629580E+06  .634046E+06  .638523E+06  .643013E+06
  .647515E+06  .652048E+06  .656572E+06  .661107E+06  .665653E+06
  .670188E+06  .674732E+06  .679264E+06  .683800E+06  .688304E+06
  .692805E+06  .697279E+06  .701736E+06  .706163E+06  .710573E+06
  .714938E+06
  .102713E+04  .101974E+04  .101234E+04  .100479E+04  .997225E+03
  .989634E+03  .982021E+03  .974154E+03  .966379E+03  .958466E+03
  .950414E+03  .942339E+03  .934125E+03  .925888E+03  .917511E+03
  .909111E+03  .900571E+03  .891890E+03  .883186E+03  .874220E+03
  .865352E+03  .856221E+03  .847067E+03  .837771E+03  .828451E+03
  .818989E+03  .809382E+03  .799752E+03  .789978E+03  .780059E+03
  .770241E+03  .760155E+03  .750170E+03  .740040E+03  .729889E+03
  .719592E+03  .709399E+03  .699186E+03  .688953E+03  .678700E+03
  .668554E+03  .658390E+03  .648334E+03  .638387E+03  .628456E+03
  .618667E+03  .608991E+03  .599428E+03  .590042E+03  .580836E+03
  .571746E+03
  .133327E-03  .130235E-03  .127248E-03  .124321E-03  .121492E-03
  .118757E-03  .116110E-03  .113474E-03  .110960E-03  .108489E-03
  .106062E-03  .103711E-03  .101400E-03  .991599E-04  .969576E-04
  .948220E-04  .927215E-04  .906558E-04  .886518E-04  .866539E-04
  .847414E-04  .828346E-04  .809841E-04  .791641E-04  .773973E-04
  .756594E-04  .739502E-04  .722909E-04  .706590E-04  .690544E-04
  .675163E-04  .659843E-04  .645156E-04  .630711E-04  .616684E-04
  .602891E-04  .589666E-04  .576822E-04  .564345E-04  .552226E-04
  .540605E-04  .529312E-04  .518483E-04  .508097E-04  .498034E-04
  .488417E-04  .479193E-04  .470348E-04  .461927E-04  .453912E-04
  .446227E-04
  .501780E+06  .505641E+06  .509512E+06  .513396E+06  .517292E+06
  .521199E+06  .525116E+06  .529053E+06  .532997E+06  .536957E+06
  .540935E+06  .544926E+06  .548936E+06  .552958E+06  .557002E+06
  .561058E+06  .565137E+06  .569239E+06  .573354E+06  .577505E+06
  .581658E+06  .585849E+06  .590054E+06  .594286E+06  .598531E+06
  .602803E+06  .607104E+06  .611418E+06  .615761E+06  .620134E+06
  .624502E+06  .628917E+06  .633326E+06  .637765E+06  .642216E+06
  .646698E+06  .651171E+06  .655655E+06  .660150E+06  .664655E+06
  .669148E+06  .673651E+06  .678142E+06  .682619E+06  .687098E+06
  .691557E+06  .696000E+06  .700427E+06  .704825E+06  .709192E+06
  .713541E+06
  .102854E+04  .102118E+04  .101379E+04  .100638E+04  .998834E+03
  .991378E+03  .983671E+03  .975941E+03  .968188E+03  .960412E+03
  .952383E+03  .944447E+03  .936256E+03  .928159E+03  .919805E+03
  .911430E+03  .903032E+03  .894494E+03  .885815E+03  .877114E+03
  .868152E+03  .859287E+03  .850161E+03  .841012E+03  .831841E+03
  .822528E+03  .813071E+03  .803471E+03  .793970E+03  .784204E+03
  .774415E+03  .764605E+03  .754774E+03  .744798E+03  .734801E+03
  .724784E+03  .714746E+03  .704564E+03  .694610E+03  .684514E+03
  .674523E+03  .664514E+03  .654612E+03  .644694E+03  .635011E+03
  .625281E+03  .615758E+03  .606283E+03  .596985E+03  .587865E+03
  .578861E+03
  .133900E-03  .130797E-03  .127799E-03  .124903E-03  .122062E-03
  .119355E-03  .116658E-03  .114049E-03  .111522E-03  .109076E-03
  .106637E-03  .104307E-03  .101984E-03  .997640E-04  .975496E-04
  .954021E-04  .933188E-04  .912691E-04  .892526E-04  .872956E-04
  .853440E-04  .834751E-04  .816113E-04  .798020E-04  .780451E-04
  .763161E-04  .746148E-04  .729413E-04  .713371E-04  .697381E-04
  .681852E-04  .666769E-04  .652118E-04  .637701E-04  .623696E-04
  .610092E-04  .596874E-04  .583868E-04  .571553E-04  .559428E-04
  .547797E-04  .536491E-04  .525646E-04  .515101E-04  .505124E-04
  .495385E-04  .486140E-04  .477209E-04  .468704E-04  .460608E-04
  .452843E-04
  .501788E+06  .505639E+06  .509502E+06  .513376E+06  .517262E+06
  .521156E+06  .525066E+06  .528988E+06  .532922E+06  .536866E+06
  .540832E+06  .544804E+06  .548802E+06  .552804E+06  .556834E+06
  .560878E+06  .564933E+06  .569011E+06  .573112E+06  .577225E+06
  .581375E+06  .585526E+06  .589715E+06  .593917E+06  .598132E+06
  .602373E+06  .606642E+06  .610939E+06  .615232E+06  .619570E+06
  .623920E+06  .628282E+06  .632655E+06  .637057E+06  .641471E+06
  .645895E+06  .650330E+06  .654795E+06  .659230E+06  .663694E+06
  .668148E+06  .672610E+06  .677060E+06  .681518E+06  .685940E+06
  .690375E+06  .694777E+06  .699175E+06  .703544E+06  .707883E+06
  .712203E+06
  .102987E+04  .102264E+04  .101527E+04  .100788E+04  .100047E+04
  .992919E+03  .985347E+03  .977751E+03  .970019E+03  .962264E+03
  .954372E+03  .946457E+03  .938405E+03  .930330E+03  .922117E+03
  .913882E+03  .905507E+03  .896993E+03  .888457E+03  .879781E+03
  .871082E+03  .862243E+03  .853263E+03  .844260E+03  .835116E+03
  .825950E+03  .816642E+03  .807191E+03  .797718E+03  .788224E+03
  .778586E+03  .768928E+03  .759248E+03  .749425E+03  .739581E+03
  .729716E+03  .719831E+03  .709927E+03  .700003E+03  .690060E+03
  .680222E+03  .670366E+03  .660618E+03  .650853E+03  .641322E+03
  .631775E+03  .622309E+03  .612985E+03  .603774E+03  .594677E+03
  .585758E+03
  .134443E-03  .131373E-03  .128364E-03  .125457E-03  .122645E-03
  .119887E-03  .117218E-03  .114634E-03  .112096E-03  .109638E-03
  .107222E-03  .104881E-03  .102579E-03  .100346E-03  .981508E-04
  .960208E-04  .939249E-04  .918629E-04  .898618E-04  .878924E-04
  .859804E-04  .840985E-04  .822463E-04  .804477E-04  .786774E-04
  .769578E-04  .752652E-04  .735993E-04  .719812E-04  .704091E-04
  .688616E-04  .673581E-04  .658970E-04  .644587E-04  .630611E-04
  .617029E-04  .603828E-04  .590998E-04  .578527E-04  .566404E-04
  .554772E-04  .543462E-04  .532610E-04  .522055E-04  .512066E-04
  .502345E-04  .492984E-04  .484036E-04  .475450E-04  .467213E-04
  .459371E-04
  .501797E+06  .505641E+06  .509495E+06  .513359E+06  .517234E+06
  .521121E+06  .525019E+06  .528927E+06  .532850E+06  .536783E+06
  .540732E+06  .544693E+06  .548672E+06  .552662E+06  .556671E+06
  .560692E+06  .564734E+06  .568798E+06  .572875E+06  .576974E+06
  .581086E+06  .585222E+06  .589382E+06  .593555E+06  .597754E+06
  .601965E+06  .606203E+06  .610467E+06  .614744E+06  .619032E+06
  .623348E+06  .627675E+06  .632013E+06  .636379E+06  .640756E+06
  .645144E+06  .649541E+06  .653948E+06  .658365E+06  .662791E+06
  .667206E+06  .671629E+06  .676039E+06  .680458E+06  .684840E+06
  .689230E+06  .693609E+06  .697966E+06  .702307E+06  .706629E+06
  .710922E+06
  .103123E+04  .102402E+04  .101678E+04  .100941E+04  .100202E+04
  .994600E+03  .987047E+03  .979472E+03  .971873E+03  .964139E+03
  .956268E+03  .948489E+03  .940459E+03  .932405E+03  .924330E+03
  .916117E+03  .907882E+03  .899508E+03  .890995E+03  .882461E+03
  .873786E+03  .865090E+03  .856254E+03  .847396E+03  .838397E+03
  .829257E+03  .820096E+03  .810913E+03  .801468E+03  .792122E+03
  .782634E+03  .773124E+03  .763473E+03  .753922E+03  .744229E+03
  .734515E+03  .724782E+03  .715029E+03  .705257E+03  .695466E+03
  .685780E+03  .676076E+03  .666479E+03  .656865E+03  .647360E+03
  .637964E+03  .628678E+03  .619410E+03  .610285E+03  .601336E+03
  .592501E+03
  .135002E-03  .131920E-03  .128943E-03  .126024E-03  .123201E-03
  .120471E-03  .117790E-03  .115195E-03  .112682E-03  .110212E-03
  .107784E-03  .105465E-03  .103151E-03  .100907E-03  .987309E-04
  .965894E-04  .945111E-04  .924655E-04  .904521E-04  .884975E-04
  .865733E-04  .847046E-04  .828647E-04  .810774E-04  .793173E-04
  .775845E-04  .759010E-04  .742650E-04  .726328E-04  .710674E-04
  .695259E-04  .680276E-04  .665522E-04  .651368E-04  .637425E-04
  .623870E-04  .610692E-04  .597879E-04  .585420E-04  .573305E-04
  .561679E-04  .550369E-04  .539515E-04  .528953E-04  .518817E-04
  .509089E-04  .499752E-04  .490693E-04  .482032E-04  .473784E-04
  .465869E-04
  .501810E+06  .505645E+06  .509491E+06  .513346E+06  .517212E+06
  .521087E+06  .524975E+06  .528873E+06  .532781E+06  .536703E+06
  .540642E+06  .544585E+06  .548552E+06  .552530E+06  .556520E+06
  .560529E+06  .564549E+06  .568590E+06  .572652E+06  .576727E+06
  .580825E+06  .584935E+06  .589068E+06  .593213E+06  .597383E+06
  .601578E+06  .605786E+06  .610004E+06  .614264E+06  .618520E+06
  .622803E+06  .627096E+06  .631417E+06  .635731E+06  .640072E+06
  .644424E+06  .648785E+06  .653155E+06  .657534E+06  .661922E+06
  .666299E+06  .670684E+06  .675056E+06  .679436E+06  .683801E+06
  .688152E+06  .692487E+06  .696822E+06  .701135E+06  .705419E+06
  .709685E+06
  .103262E+04  .102542E+04  .101821E+04  .101097E+04  .100359E+04
  .996194E+03  .988773E+03  .981217E+03  .973638E+03  .965924E+03
  .958187E+03  .950428E+03  .942533E+03  .934501E+03  .926562E+03
  .918371E+03  .910157E+03  .901922E+03  .893549E+03  .885037E+03
  .876504E+03  .867949E+03  .859137E+03  .850422E+03  .841566E+03
  .832571E+03  .823555E+03  .814398E+03  .805219E+03  .795900E+03
  .786559E+03  .777197E+03  .767694E+03  .758292E+03  .748748E+03
  .739184E+03  .729601E+03  .719998E+03  .710376E+03  .700735E+03
  .691199E+03  .681646E+03  .672198E+03  .662734E+03  .653254E+03
  .644007E+03  .634745E+03  .625718E+03  .616647E+03  .607782E+03
  .598968E+03
  .135576E-03  .132483E-03  .129494E-03  .126605E-03  .123771E-03
  .121028E-03  .118374E-03  .115767E-03  .113243E-03  .110761E-03
  .108357E-03  .106026E-03  .103733E-03  .101478E-03  .993207E-04
  .971673E-04  .950775E-04  .930487E-04  .910510E-04  .890843E-04
  .871743E-04  .853188E-04  .834664E-04  .816909E-04  .799417E-04
  .782188E-04  .765444E-04  .748950E-04  .732919E-04  .717127E-04
  .701776E-04  .686852E-04  .672149E-04  .658040E-04  .644135E-04
  .630614E-04  .617463E-04  .604673E-04  .592232E-04  .580129E-04
  .568512E-04  .557208E-04  .546356E-04  .535793E-04  .525511E-04
  .515781E-04  .506304E-04  .497340E-04  .488573E-04  .480254E-04
  .472208E-04
  .501825E+06  .505653E+06  .509490E+06  .513336E+06  .517192E+06
  .521058E+06  .524934E+06  .528822E+06  .532720E+06  .536632E+06
  .540554E+06  .544487E+06  .548435E+06  .552402E+06  .556372E+06
  .560368E+06  .564376E+06  .568395E+06  .572435E+06  .576496E+06
  .580569E+06  .584653E+06  .588772E+06  .592890E+06  .597032E+06
  .601198E+06  .605376E+06  .609579E+06  .613792E+06  .618032E+06
  .622282E+06  .626543E+06  .630830E+06  .635110E+06  .639417E+06
  .643734E+06  .648059E+06  .652393E+06  .656736E+06  .661088E+06
  .665428E+06  .669775E+06  .674110E+06  .678452E+06  .682800E+06
  .687113E+06  .691432E+06  .695713E+06  .700005E+06  .704263E+06
  .708514E+06
  .103404E+04  .102686E+04  .101966E+04  .101244E+04  .100520E+04
  .997816E+03  .990413E+03  .982876E+03  .975316E+03  .967734E+03
  .960129E+03  .952389E+03  .944514E+03  .936617E+03  .928698E+03
  .920643E+03  .912451E+03  .904237E+03  .896002E+03  .887629E+03
  .879234E+03  .870702E+03  .862032E+03  .853340E+03  .844626E+03
  .835774E+03  .826782E+03  .817769E+03  .808734E+03  .799560E+03
  .790365E+03  .781149E+03  .771793E+03  .762537E+03  .753141E+03
  .743725E+03  .734168E+03  .724713E+03  .715361E+03  .705869E+03
  .696359E+03  .686954E+03  .677654E+03  .668339E+03  .659007E+03
  .649907E+03  .640792E+03  .631788E+03  .622770E+03  .614019E+03
  .605350E+03
  .136166E-03  .133061E-03  .130060E-03  .127159E-03  .124354E-03
  .121599E-03  .118934E-03  .116315E-03  .113780E-03  .111323E-03
  .108941E-03  .106598E-03  .104294E-03  .102059E-03  .998897E-04
  .977546E-04  .956530E-04  .936127E-04  .916313E-04  .896797E-04
  .877837E-04  .859158E-04  .840760E-04  .822882E-04  .805504E-04
  .788380E-04  .771509E-04  .755109E-04  .739163E-04  .723448E-04
  .708168E-04  .693307E-04  .678659E-04  .664601E-04  .650740E-04
  .637257E-04  .623966E-04  .611207E-04  .598957E-04  .586873E-04
  .575113E-04  .563822E-04  .552982E-04  .542425E-04  .532146E-04
  .522418E-04  .512939E-04  .503839E-04  .494971E-04  .486619E-04
  .478570E-04
  .501844E+06  .505663E+06  .509491E+06  .513329E+06  .517176E+06
  .521032E+06  .524898E+06  .528776E+06  .532665E+06  .536562E+06
  .540470E+06  .544391E+06  .548329E+06  .552277E+06  .556235E+06
  .560212E+06  .564207E+06  .568214E+06  .572231E+06  .576269E+06
  .580318E+06  .584388E+06  .588481E+06  .592585E+06  .596700E+06
  .600838E+06  .605001E+06  .609174E+06  .613358E+06  .617567E+06
  .621786E+06  .626015E+06  .630270E+06  .634517E+06  .638791E+06
  .643073E+06  .647381E+06  .651681E+06  .655970E+06  .660286E+06
  .664609E+06  .668921E+06  .673220E+06  .677525E+06  .681836E+06
  .686113E+06  .690394E+06  .694660E+06  .698931E+06  .703158E+06
  .707372E+06
  .103538E+04  .102822E+04  .102115E+04  .101394E+04  .100672E+04
  .999355E+03  .991970E+03  .984562E+03  .977131E+03  .969568E+03
  .961981E+03  .954261E+03  .946519E+03  .938641E+03  .930742E+03
  .922820E+03  .914764E+03  .906685E+03  .898471E+03  .890120E+03
  .881863E+03  .873353E+03  .864822E+03  .856269E+03  .847579E+03
  .838867E+03  .830017E+03  .821146E+03  .812254E+03  .803224E+03
  .794173E+03  .784982E+03  .775771E+03  .766660E+03  .757289E+03
  .748019E+03  .738729E+03  .729421E+03  .720094E+03  .710749E+03
  .701508E+03  .692249E+03  .682974E+03  .673805E+03  .664620E+03
  .655542E+03  .646573E+03  .637590E+03  .628841E+03  .620080E+03
  .611461E+03
  .136728E-03  .133611E-03  .130641E-03  .127728E-03  .124910E-03
  .122145E-03  .119468E-03  .116876E-03  .114365E-03  .111896E-03
  .109502E-03  .107148E-03  .104865E-03  .102618E-03  .100438E-03
  .983218E-04  .962378E-04  .942139E-04  .922203E-04  .902569E-04
  .883755E-04  .864957E-04  .846690E-04  .828934E-04  .811434E-04
  .794420E-04  .777650E-04  .761342E-04  .745481E-04  .729844E-04
  .714633E-04  .699638E-04  .685052E-04  .671050E-04  .657054E-04
  .643618E-04  .630543E-04  .617816E-04  .605429E-04  .593371E-04
  .581791E-04  .570515E-04  .559535E-04  .548990E-04  .538719E-04
  .528855E-04  .519383E-04  .510151E-04  .501419E-04  .492905E-04
  .484762E-04
  .501865E+06  .505676E+06  .509497E+06  .513325E+06  .517163E+06
  .521011E+06  .524868E+06  .528734E+06  .532609E+06  .536496E+06
  .540393E+06  .544304E+06  .548225E+06  .552162E+06  .556109E+06
  .560067E+06  .564042E+06  .568027E+06  .572032E+06  .576056E+06
  .580082E+06  .584139E+06  .588207E+06  .592285E+06  .596386E+06
  .600498E+06  .604632E+06  .608777E+06  .612932E+06  .617110E+06
  .621299E+06  .625512E+06  .629735E+06  .633951E+06  .638208E+06
  .642457E+06  .646715E+06  .650980E+06  .655254E+06  .659535E+06
  .663804E+06  .668080E+06  .672363E+06  .676633E+06  .680908E+06
  .685169E+06  .689415E+06  .693666E+06  .697879E+06  .702097E+06
  .706291E+06
  .103665E+04  .102961E+04  .102256E+04  .101537E+04  .100816E+04
  .100092E+04  .993556E+03  .986275E+03  .978752E+03  .971316E+03
  .963748E+03  .956157E+03  .948433E+03  .940687E+03  .932807E+03
  .924905E+03  .916982E+03  .908923E+03  .900843E+03  .892628E+03
  .884391E+03  .876019E+03  .867625E+03  .859094E+03  .850543E+03
  .841970E+03  .833260E+03  .824413E+03  .815662E+03  .806656E+03
  .797746E+03  .788699E+03  .779750E+03  .770662E+03  .761436E+03
  .752310E+03  .743165E+03  .734002E+03  .724820E+03  .715620E+03
  .706403E+03  .697289E+03  .688159E+03  .679013E+03  .669973E+03
  .661040E+03  .652093E+03  .643377E+03  .634648E+03  .626029E+03
  .617430E+03
  .137261E-03  .134177E-03  .131195E-03  .128271E-03  .125442E-03
  .122704E-03  .120016E-03  .117449E-03  .114890E-03  .112445E-03
  .110041E-03  .107709E-03  .105414E-03  .103188E-03  .100997E-03
  .988691E-04  .968031E-04  .947680E-04  .927909E-04  .908428E-04
  .889496E-04  .870839E-04  .852702E-04  .834824E-04  .817442E-04
  .800537E-04  .783867E-04  .767433E-04  .751662E-04  .735898E-04
  .720768E-04  .705845E-04  .691519E-04  .677383E-04  .663441E-04
  .650053E-04  .637019E-04  .624330E-04  .611975E-04  .599944E-04
  .588228E-04  .576976E-04  .566014E-04  .555336E-04  .545080E-04
  .535229E-04  .525627E-04  .516541E-04  .507681E-04  .499172E-04
  .490905E-04
  .501887E+06  .505692E+06  .509504E+06  .513325E+06  .517154E+06
  .520992E+06  .524840E+06  .528695E+06  .532563E+06  .536437E+06
  .540324E+06  .544220E+06  .548130E+06  .552050E+06  .555986E+06
  .559932E+06  .563888E+06  .567862E+06  .571845E+06  .575848E+06
  .579861E+06  .583894E+06  .587938E+06  .592003E+06  .596078E+06
  .600163E+06  .604270E+06  .608400E+06  .612526E+06  .616690E+06
  .620849E+06  .625032E+06  .629209E+06  .633409E+06  .637634E+06
  .641851E+06  .646076E+06  .650309E+06  .654549E+06  .658796E+06
  .663049E+06  .667291E+06  .671540E+06  .675794E+06  .680035E+06
  .684261E+06  .688492E+06  .692687E+06  .696886E+06  .701069E+06
  .705250E+06
  .103805E+04  .103104E+04  .102389E+04  .101683E+04  .100963E+04
  .100241E+04  .995170E+03  .987905E+03  .980509E+03  .973091E+03
  .965540E+03  .957968E+03  .950373E+03  .942645E+03  .934895E+03
  .927124E+03  .919220E+03  .911181E+03  .903121E+03  .895039E+03
  .886936E+03  .878585E+03  .870326E+03  .861932E+03  .853402E+03
  .844851E+03  .836280E+03  .827688E+03  .818959E+03  .810093E+03
  .801324E+03  .792418E+03  .783492E+03  .774547E+03  .765464E+03
  .756480E+03  .747478E+03  .738338E+03  .729299E+03  .720243E+03
  .711169E+03  .702199E+03  .693092E+03  .684210E+03  .675314E+03
  .666402E+03  .657598E+03  .648902E+03  .640315E+03  .631716E+03
  .623227E+03
  .137857E-03  .134759E-03  .131723E-03  .128828E-03  .125988E-03
  .123239E-03  .120577E-03  .117999E-03  .115464E-03  .113008E-03
  .110591E-03  .108248E-03  .105975E-03  .103737E-03  .101565E-03
  .994559E-04  .973781E-04  .953314E-04  .933430E-04  .914108E-04
  .895325E-04  .876550E-04  .858548E-04  .840796E-04  .823293E-04
  .806271E-04  .789712E-04  .773599E-04  .757704E-04  .742026E-04
  .726976E-04  .712126E-04  .697672E-04  .683600E-04  .669715E-04
  .656380E-04  .643394E-04  .630574E-04  .618259E-04  .606264E-04
  .594579E-04  .583354E-04  .572262E-04  .561757E-04  .551517E-04
  .541535E-04  .531947E-04  .522735E-04  .513887E-04  .505255E-04
  .496965E-04
  .501915E+06  .505711E+06  .509514E+06  .513327E+06  .517148E+06
  .520978E+06  .524815E+06  .528661E+06  .532516E+06  .536381E+06
  .540257E+06  .544143E+06  .548038E+06  .551947E+06  .555866E+06
  .559794E+06  .563738E+06  .567699E+06  .571671E+06  .575653E+06
  .579644E+06  .583664E+06  .587685E+06  .591725E+06  .595786E+06
  .599858E+06  .603939E+06  .608029E+06  .612142E+06  .616277E+06
  .620407E+06  .624560E+06  .628722E+06  .632892E+06  .637086E+06
  .641272E+06  .645465E+06  .649683E+06  .653890E+06  .658104E+06
  .662325E+06  .666534E+06  .670767E+06  .674968E+06  .679175E+06
  .683386E+06  .687583E+06  .691764E+06  .695929E+06  .700098E+06
  .704250E+06
  .103928E+04  .103239E+04  .102536E+04  .101821E+04  .101113E+04
  .100393E+04  .996706E+03  .989457E+03  .982185E+03  .974784E+03
  .967359E+03  .959804E+03  .952226E+03  .944626E+03  .936895E+03
  .929141E+03  .921366E+03  .913459E+03  .905530E+03  .897468E+03
  .889385E+03  .881167E+03  .872929E+03  .864669E+03  .856275E+03
  .847860E+03  .839310E+03  .830739E+03  .822148E+03  .813537E+03
  .804791E+03  .796024E+03  .787121E+03  .778315E+03  .769491E+03
  .760530E+03  .751551E+03  .742671E+03  .733655E+03  .724741E+03
  .715809E+03  .706861E+03  .698016E+03  .689156E+03  .680401E+03
  .671631E+03  .662968E+03  .654292E+03  .645724E+03  .637265E+03
  .628917E+03
  .138381E-03  .135315E-03  .132309E-03  .129361E-03  .126549E-03
  .123788E-03  .121115E-03  .118525E-03  .116015E-03  .113547E-03
  .111154E-03  .108799E-03  .106515E-03  .104297E-03  .102114E-03
  .999935E-04  .979339E-04  .959043E-04  .939319E-04  .919878E-04
  .900979E-04  .882346E-04  .864228E-04  .846606E-04  .829224E-04
  .812314E-04  .795633E-04  .779402E-04  .763606E-04  .748229E-04
  .733054E-04  .718281E-04  .703702E-04  .689700E-04  .676063E-04
  .662598E-04  .649486E-04  .636889E-04  .624446E-04  .612491E-04
  .600842E-04  .589490E-04  .578583E-04  .567951E-04  .557735E-04
  .547773E-04  .538201E-04  .528866E-04  .519897E-04  .511280E-04
  .503003E-04
  .501941E+06  .505732E+06  .509528E+06  .513332E+06  .517145E+06
  .520966E+06  .524795E+06  .528631E+06  .532476E+06  .536331E+06
  .540194E+06  .544070E+06  .547954E+06  .551848E+06  .555755E+06
  .559673E+06  .563599E+06  .567541E+06  .571493E+06  .575462E+06
  .579441E+06  .583439E+06  .587446E+06  .591463E+06  .595500E+06
  .599547E+06  .603614E+06  .607691E+06  .611776E+06  .615870E+06
  .619986E+06  .624111E+06  .628258E+06  .632399E+06  .636547E+06
  .640718E+06  .644897E+06  .649066E+06  .653259E+06  .657441E+06
  .661630E+06  .665824E+06  .670006E+06  .674193E+06  .678367E+06
  .682545E+06  .686708E+06  .690876E+06  .695028E+06  .699163E+06
  .703281E+06
  .104070E+04  .103367E+04  .102666E+04  .101962E+04  .101256E+04
  .100548E+04  .998272E+03  .991039E+03  .983783E+03  .976504E+03
  .969096E+03  .961666E+03  .954105E+03  .946522E+03  .938918E+03
  .931182E+03  .923425E+03  .915646E+03  .907735E+03  .899804E+03
  .891739E+03  .883653E+03  .875547E+03  .867307E+03  .859047E+03
  .850652E+03  .842352E+03  .833802E+03  .825347E+03  .816757E+03
  .808148E+03  .799519E+03  .790754E+03  .782087E+03  .773285E+03
  .764463E+03  .755624E+03  .746884E+03  .738008E+03  .729234E+03
  .720324E+03  .711517E+03  .702812E+03  .694092E+03  .685358E+03
  .676728E+03  .668085E+03  .659549E+03  .651120E+03  .642680E+03
  .634470E+03
  .138989E-03  .135845E-03  .132827E-03  .129909E-03  .127085E-03
  .124351E-03  .121666E-03  .119065E-03  .116544E-03  .114100E-03
  .111695E-03  .109362E-03  .107066E-03  .104837E-03  .102673E-03
  .100541E-03  .984708E-04  .964586E-04  .944751E-04  .925470E-04
  .906460E-04  .887974E-04  .869993E-04  .852256E-04  .834999E-04
  .817974E-04  .801633E-04  .785281E-04  .769583E-04  .754087E-04
  .739000E-04  .724309E-04  .709804E-04  .695871E-04  .682110E-04
  .668706E-04  .655649E-04  .643103E-04  .630704E-04  .618790E-04
  .607014E-04  .595697E-04  .584822E-04  .574217E-04  .563876E-04
  .553938E-04  .544245E-04  .534930E-04  .525979E-04  .517245E-04
  .508984E-04
  .501974E+06  .505754E+06  .509543E+06  .513340E+06  .517145E+06
  .520957E+06  .524777E+06  .528605E+06  .532440E+06  .536283E+06
  .540137E+06  .543999E+06  .547873E+06  .551756E+06  .555648E+06
  .559554E+06  .563469E+06  .567394E+06  .571334E+06  .575283E+06
  .579250E+06  .583227E+06  .587212E+06  .591217E+06  .595230E+06
  .599264E+06  .603294E+06  .607357E+06  .611417E+06  .615497E+06
  .619586E+06  .623683E+06  .627802E+06  .631914E+06  .636047E+06
  .640189E+06  .644337E+06  .648476E+06  .652638E+06  .656789E+06
  .660963E+06  .665125E+06  .669275E+06  .673430E+06  .677590E+06
  .681736E+06  .685886E+06  .690020E+06  .694139E+06  .698262E+06
  .702348E+06
  .104190E+04  .103503E+04  .102809E+04  .102107E+04  .101403E+04
  .100696E+04  .999869E+03  .992651E+03  .985410E+03  .978146E+03
  .970754E+03  .963447E+03  .955902E+03  .948444E+03  .940856E+03
  .933246E+03  .925506E+03  .917745E+03  .909962E+03  .902048E+03
  .894113E+03  .886157E+03  .878070E+03  .869962E+03  .861720E+03
  .853459E+03  .845177E+03  .836876E+03  .828441E+03  .819986E+03
  .811398E+03  .802904E+03  .794277E+03  .785630E+03  .776965E+03
  .768281E+03  .759580E+03  .750861E+03  .742241E+03  .733488E+03
  .724717E+03  .716048E+03  .707364E+03  .698783E+03  .690187E+03
  .681577E+03  .673072E+03  .664674E+03  .656264E+03  .648082E+03
  .639768E+03
  .139505E-03  .136414E-03  .133405E-03  .130474E-03  .127637E-03
  .124892E-03  .122232E-03  .119619E-03  .117086E-03  .114630E-03
  .112214E-03  .109904E-03  .107596E-03  .105388E-03  .103213E-03
  .101100E-03  .990177E-04  .969946E-04  .950279E-04  .930887E-04
  .912031E-04  .893690E-04  .875595E-04  .857989E-04  .840618E-04
  .823713E-04  .807258E-04  .791238E-04  .775421E-04  .760020E-04
  .744814E-04  .730208E-04  .715782E-04  .701730E-04  .688040E-04
  .674702E-04  .661704E-04  .649037E-04  .636863E-04  .624826E-04
  .613093E-04  .601816E-04  .590819E-04  .580249E-04  .569939E-04
  .559882E-04  .550216E-04  .540926E-04  .531859E-04  .523281E-04
  .514772E-04
  .502005E+06  .505781E+06  .509563E+06  .513352E+06  .517148E+06
  .520952E+06  .524762E+06  .528581E+06  .532408E+06  .536242E+06
  .540086E+06  .543935E+06  .547799E+06  .551668E+06  .555549E+06
  .559439E+06  .563343E+06  .567257E+06  .571178E+06  .575116E+06
  .579064E+06  .583019E+06  .586992E+06  .590974E+06  .594975E+06
  .598985E+06  .603003E+06  .607030E+06  .611076E+06  .615130E+06
  .619206E+06  .623276E+06  .627367E+06  .631465E+06  .635571E+06
  .639683E+06  .643802E+06  .647928E+06  .652043E+06  .656180E+06
  .660323E+06  .664455E+06  .668592E+06  .672715E+06  .676843E+06
  .680976E+06  .685094E+06  .689197E+06  .693304E+06  .697375E+06
  .701468E+06
  .104314E+04  .103628E+04  .102940E+04  .102245E+04  .101542E+04
  .100847E+04  .100129E+04  .994188E+03  .987067E+03  .979818E+03
  .972548E+03  .965148E+03  .957727E+03  .950284E+03  .942820E+03
  .935226E+03  .927611E+03  .919976E+03  .912210E+03  .904314E+03
  .896507E+03  .888569E+03  .880610E+03  .872520E+03  .864410E+03
  .856280E+03  .848017E+03  .839735E+03  .831432E+03  .823111E+03
  .814657E+03  .806183E+03  .797691E+03  .789179E+03  .780650E+03
  .772103E+03  .763538E+03  .754839E+03  .746239E+03  .737623E+03
  .729107E+03  .720459E+03  .711912E+03  .703350E+03  .694891E+03
  .686419E+03  .678051E+03  .669671E+03  .661397E+03  .653232E+03
  .645054E+03
  .140040E-03  .136937E-03  .133937E-03  .131014E-03  .128166E-03
  .125447E-03  .122738E-03  .120150E-03  .117642E-03  .115174E-03
  .112780E-03  .110425E-03  .108139E-03  .105919E-03  .103763E-03
  .101639E-03  .995750E-04  .975687E-04  .955904E-04  .936398E-04
  .917693E-04  .899238E-04  .881282E-04  .863563E-04  .846320E-04
  .829534E-04  .812963E-04  .796829E-04  .781118E-04  .765816E-04
  .750702E-04  .735980E-04  .721637E-04  .707661E-04  .694042E-04
  .680769E-04  .667830E-04  .655041E-04  .642749E-04  .630764E-04
  .619243E-04  .607844E-04  .596886E-04  .586197E-04  .575922E-04
  .565895E-04  .556257E-04  .546850E-04  .537808E-04  .529117E-04
  .520630E-04
  .502039E+06  .505807E+06  .509583E+06  .513365E+06  .517154E+06
  .520949E+06  .524752E+06  .528562E+06  .532378E+06  .536203E+06
  .540035E+06  .543877E+06  .547728E+06  .551587E+06  .555453E+06
  .559333E+06  .563220E+06  .567116E+06  .571026E+06  .574953E+06
  .578880E+06  .582824E+06  .586776E+06  .590746E+06  .594725E+06
  .598712E+06  .602717E+06  .606731E+06  .610753E+06  .614782E+06
  .618831E+06  .622888E+06  .626953E+06  .631024E+06  .635101E+06
  .639185E+06  .643276E+06  .647387E+06  .651489E+06  .655597E+06
  .659694E+06  .663812E+06  .667918E+06  .672029E+06  .676126E+06
  .680228E+06  .684315E+06  .688405E+06  .692480E+06  .696539E+06
  .700601E+06
  .104441E+04  .103757E+04  .103070E+04  .102381E+04  .101684E+04
  .100991E+04  .100284E+04  .995758E+03  .988650E+03  .981415E+03
  .974158E+03  .966879E+03  .959579E+03  .952151E+03  .944701E+03
  .937231E+03  .929632E+03  .922012E+03  .914371E+03  .906601E+03
  .898810E+03  .890999E+03  .883058E+03  .875097E+03  .867004E+03
  .859003E+03  .850871E+03  .842607E+03  .834436E+03  .826134E+03
  .817812E+03  .809471E+03  .801112E+03  .792620E+03  .784225E+03
  .775697E+03  .767267E+03  .758704E+03  .750239E+03  .741758E+03
  .733262E+03  .724749E+03  .716338E+03  .707912E+03  .699472E+03
  .691135E+03  .682785E+03  .674541E+03  .666284E+03  .658253E+03
  .650211E+03
  .140594E-03  .137478E-03  .134466E-03  .131551E-03  .128711E-03
  .125980E-03  .123296E-03  .120696E-03  .118176E-03  .115697E-03
  .113292E-03  .110958E-03  .108693E-03  .106462E-03  .104295E-03
  .102189E-03  .100114E-03  .980966E-04  .961352E-04  .942005E-04
  .923187E-04  .904878E-04  .886809E-04  .869223E-04  .851866E-04
  .835204E-04  .818747E-04  .802499E-04  .786893E-04  .771476E-04
  .756458E-04  .741824E-04  .727564E-04  .713471E-04  .699926E-04
  .686537E-04  .673666E-04  .660938E-04  .648703E-04  .636770E-04
  .625132E-04  .613779E-04  .602864E-04  .592214E-04  .581821E-04
  .571829E-04  .562077E-04  .552701E-04  .543547E-04  .534884E-04
  .526423E-04
  .502076E+06  .505838E+06  .509606E+06  .513381E+06  .517162E+06
  .520950E+06  .524744E+06  .528545E+06  .532353E+06  .536169E+06
  .539992E+06  .543823E+06  .547660E+06  .551509E+06  .555365E+06
  .559229E+06  .563106E+06  .566992E+06  .570885E+06  .574793E+06
  .578709E+06  .582633E+06  .586574E+06  .590522E+06  .594489E+06
  .598453E+06  .602436E+06  .606437E+06  .610435E+06  .614452E+06
  .618476E+06  .622507E+06  .626545E+06  .630603E+06  .634654E+06
  .638725E+06  .642787E+06  .646871E+06  .650944E+06  .655023E+06
  .659107E+06  .663195E+06  .667272E+06  .671353E+06  .675437E+06
  .679509E+06  .683583E+06  .687643E+06  .691707E+06  .695735E+06
  .699766E+06
  .104572E+04  .103889E+04  .103203E+04  .102515E+04  .101825E+04
  .101128E+04  .100433E+04  .997256E+03  .990161E+03  .983044E+03
  .975800E+03  .968640E+03  .961353E+03  .953940E+03  .946611E+03
  .939154E+03  .931678E+03  .924073E+03  .916447E+03  .908801E+03
  .901026E+03  .893340E+03  .885416E+03  .877581E+03  .869616E+03
  .861632E+03  .853628E+03  .845494E+03  .837341E+03  .829169E+03
  .820978E+03  .812656E+03  .804428E+03  .796069E+03  .787692E+03
  .779297E+03  .770885E+03  .762571E+03  .754125E+03  .745778E+03
  .737300E+03  .728922E+03  .720528E+03  .712237E+03  .703931E+03
  .695612E+03  .687396E+03  .679286E+03  .671163E+03  .663147E+03
  .655120E+03
  .141168E-03  .138039E-03  .135013E-03  .132086E-03  .129253E-03
  .126490E-03  .123833E-03  .121221E-03  .118689E-03  .116233E-03
  .113817E-03  .111505E-03  .109228E-03  .106985E-03  .104838E-03
  .102721E-03  .100664E-03  .986349E-04  .966625E-04  .947440E-04
  .928512E-04  .910353E-04  .892174E-04  .874726E-04  .857498E-04
  .840723E-04  .824386E-04  .808248E-04  .792528E-04  .777213E-04
  .762289E-04  .747540E-04  .733366E-04  .719352E-04  .705692E-04
  .692375E-04  .679390E-04  .666906E-04  .654553E-04  .642677E-04
  .630922E-04  .619620E-04  .608592E-04  .597987E-04  .587636E-04
  .577532E-04  .567817E-04  .558476E-04  .549353E-04  .540581E-04
  .532013E-04
  .502117E+06  .505871E+06  .509632E+06  .513400E+06  .517173E+06
  .520953E+06  .524740E+06  .528532E+06  .532331E+06  .536137E+06
  .539952E+06  .543770E+06  .547599E+06  .551438E+06  .555280E+06
  .559134E+06  .562996E+06  .566870E+06  .570753E+06  .574643E+06
  .578549E+06  .582454E+06  .586383E+06  .590312E+06  .594257E+06
  .598210E+06  .602170E+06  .606148E+06  .610134E+06  .614126E+06
  .618126E+06  .622144E+06  .626157E+06  .630189E+06  .634227E+06
  .638271E+06  .642321E+06  .646362E+06  .650423E+06  .654473E+06
  .658545E+06  .662605E+06  .666669E+06  .670721E+06  .674776E+06
  .678835E+06  .682881E+06  .686911E+06  .690944E+06  .694962E+06
  .698982E+06
  .104687E+04  .104025E+04  .103340E+04  .102654E+04  .101965E+04
  .101278E+04  .100575E+04  .998789E+03  .991706E+03  .984601E+03
  .977474E+03  .970326E+03  .963052E+03  .955757E+03  .948441E+03
  .940999E+03  .933642E+03  .926159E+03  .918548E+03  .910917E+03
  .903265E+03  .895594E+03  .887794E+03  .879975E+03  .872136E+03
  .864278E+03  .856291E+03  .848285E+03  .840149E+03  .832105E+03
  .823931E+03  .815739E+03  .807641E+03  .799300E+03  .791054E+03
  .782790E+03  .774510E+03  .766213E+03  .757900E+03  .749570E+03
  .741340E+03  .732979E+03  .724719E+03  .716560E+03  .708272E+03
  .700085E+03  .692003E+03  .683908E+03  .675801E+03  .667917E+03
  .660023E+03
  .141675E-03  .138618E-03  .135579E-03  .132638E-03  .129792E-03
  .127056E-03  .124348E-03  .121761E-03  .119217E-03  .116749E-03
  .114355E-03  .112032E-03  .109743E-03  .107521E-03  .105362E-03
  .103234E-03  .101195E-03  .991838E-04  .972000E-04  .952706E-04
  .933934E-04  .915665E-04  .897630E-04  .880073E-04  .862978E-04
  .846327E-04  .829878E-04  .813855E-04  .798024E-04  .782813E-04
  .767779E-04  .753126E-04  .739042E-04  .724917E-04  .711339E-04
  .698098E-04  .685183E-04  .672587E-04  .660298E-04  .648310E-04
  .636781E-04  .625365E-04  .614386E-04  .603828E-04  .593364E-04
  .583302E-04  .573624E-04  .564173E-04  .554942E-04  .546206E-04
  .537669E-04
  .502156E+06  .505909E+06  .509662E+06  .513421E+06  .517188E+06
  .520960E+06  .524738E+06  .528522E+06  .532313E+06  .536110E+06
  .539914E+06  .543724E+06  .547543E+06  .551369E+06  .555202E+06
  .559047E+06  .562893E+06  .566752E+06  .570624E+06  .574504E+06
  .578392E+06  .582286E+06  .586196E+06  .590114E+06  .594039E+06
  .597971E+06  .601919E+06  .605875E+06  .609849E+06  .613818E+06
  .617806E+06  .621800E+06  .625788E+06  .629807E+06  .633820E+06
  .637838E+06  .641862E+06  .645891E+06  .649924E+06  .653963E+06
  .657991E+06  .662038E+06  .666075E+06  .670098E+06  .674142E+06
  .678172E+06  .682188E+06  .686207E+06  .690229E+06  .694218E+06
  .698208E+06
  .104806E+04  .104145E+04  .103461E+04  .102796E+04  .102108E+04
  .101418E+04  .100720E+04  .100025E+04  .993284E+03  .986191E+03
  .979076E+03  .971940E+03  .964782E+03  .957604E+03  .950301E+03
  .942977E+03  .935528E+03  .928164E+03  .920674E+03  .913057E+03
  .905527E+03  .897870E+03  .890194E+03  .882390E+03  .874675E+03
  .866833E+03  .858862E+03  .850981E+03  .842972E+03  .834944E+03
  .826898E+03  .818834E+03  .810752E+03  .802541E+03  .794424E+03
  .786291E+03  .778028E+03  .769861E+03  .761679E+03  .753367E+03
  .745153E+03  .737038E+03  .728795E+03  .720652E+03  .712495E+03
  .704440E+03  .696373E+03  .688410E+03  .680435E+03  .672565E+03
  .664684E+03
  .142202E-03  .139133E-03  .136081E-03  .133209E-03  .130349E-03
  .127580E-03  .124879E-03  .122280E-03  .119759E-03  .117280E-03
  .114874E-03  .112539E-03  .110272E-03  .108069E-03  .105898E-03
  .103789E-03  .101709E-03  .997152E-04  .977480E-04  .958073E-04
  .939454E-04  .921072E-04  .903178E-04  .885509E-04  .868544E-04
  .851783E-04  .835225E-04  .819319E-04  .803599E-04  .788279E-04
  .773346E-04  .758788E-04  .744593E-04  .730555E-04  .717058E-04
  .703892E-04  .690864E-04  .678337E-04  .666112E-04  .654011E-04
  .642372E-04  .631178E-04  .620087E-04  .609420E-04  .599004E-04
  .588986E-04  .579201E-04  .569791E-04  .560597E-04  .551755E-04
  .543115E-04
  .502198E+06  .505944E+06  .509690E+06  .513447E+06  .517205E+06
  .520969E+06  .524739E+06  .528516E+06  .532298E+06  .536086E+06
  .539881E+06  .543683E+06  .547490E+06  .551304E+06  .555127E+06
  .558957E+06  .562799E+06  .566643E+06  .570499E+06  .574368E+06
  .578238E+06  .582122E+06  .586013E+06  .589920E+06  .593824E+06
  .597745E+06  .601682E+06  .605617E+06  .609568E+06  .613526E+06
  .617490E+06  .621461E+06  .625437E+06  .629432E+06  .633419E+06
  .637412E+06  .641423E+06  .645426E+06  .649433E+06  .653460E+06
  .657476E+06  .661481E+06  .665505E+06  .669517E+06  .673533E+06
  .677535E+06  .681540E+06  .685531E+06  .689524E+06  .693502E+06
  .697482E+06
  .104929E+04  .104269E+04  .103586E+04  .102922E+04  .102235E+04
  .101546E+04  .100874E+04  .100175E+04  .994795E+03  .987815E+03
  .980711E+03  .973586E+03  .966543E+03  .959273E+03  .952086E+03
  .944774E+03  .937443E+03  .930091E+03  .922613E+03  .915222E+03
  .907706E+03  .900063E+03  .892508E+03  .884826E+03  .877018E+03
  .869298E+03  .861451E+03  .853585E+03  .845701E+03  .837799E+03
  .829879E+03  .821831E+03  .813765E+03  .805793E+03  .797692E+03
  .789575E+03  .781441E+03  .773403E+03  .765236E+03  .757168E+03
  .748970E+03  .740871E+03  .732758E+03  .724745E+03  .716718E+03
  .708679E+03  .700742E+03  .692793E+03  .684948E+03  .677092E+03
  .669341E+03
  .142751E-03  .139667E-03  .136603E-03  .133718E-03  .130846E-03
  .128066E-03  .125446E-03  .122815E-03  .120282E-03  .117825E-03
  .115407E-03  .113060E-03  .110813E-03  .108568E-03  .106417E-03
  .104296E-03  .102234E-03  .100230E-03  .982516E-04  .963543E-04
  .944811E-04  .926320E-04  .908570E-04  .891037E-04  .873721E-04
  .857091E-04  .840656E-04  .824642E-04  .809036E-04  .793822E-04
  .778990E-04  .764321E-04  .750018E-04  .736266E-04  .722657E-04
  .709383E-04  .696432E-04  .683977E-04  .671643E-04  .659780E-04
  .648030E-04  .636728E-04  .625693E-04  .615077E-04  .604710E-04
  .594584E-04  .584843E-04  .575327E-04  .566174E-04  .557228E-04
  .548626E-04
  .502244E+06  .505983E+06  .509722E+06  .513472E+06  .517223E+06
  .520980E+06  .524744E+06  .528512E+06  .532286E+06  .536065E+06
  .539851E+06  .543644E+06  .547440E+06  .551248E+06  .555059E+06
  .558880E+06  .562708E+06  .566542E+06  .570388E+06  .574235E+06
  .578095E+06  .581968E+06  .585841E+06  .589729E+06  .593631E+06
  .597532E+06  .601449E+06  .605372E+06  .609302E+06  .613238E+06
  .617180E+06  .621139E+06  .625104E+06  .629062E+06  .633038E+06
  .637019E+06  .641005E+06  .644983E+06  .648978E+06  .652964E+06
  .656968E+06  .660962E+06  .664959E+06  .668944E+06  .672932E+06
  .676924E+06  .680901E+06  .684881E+06  .688847E+06  .692814E+06
  .696767E+06
  .105056E+04  .104397E+04  .103716E+04  .103051E+04  .102366E+04
  .101697E+04  .101007E+04  .100314E+04  .996241E+03  .989270E+03
  .982279E+03  .975266E+03  .968131E+03  .961077E+03  .953901E+03
  .946602E+03  .939386E+03  .932046E+03  .924686E+03  .917202E+03
  .909803E+03  .902280E+03  .894737E+03  .887069E+03  .879489E+03
  .871784E+03  .864059E+03  .856209E+03  .848448E+03  .840560E+03
  .832655E+03  .824842E+03  .816792E+03  .808834E+03  .800860E+03
  .792869E+03  .784863E+03  .776840E+03  .768801E+03  .760748E+03
  .752679E+03  .744708E+03  .736724E+03  .728725E+03  .720714E+03
  .712803E+03  .704995E+03  .697060E+03  .689343E+03  .681616E+03
  .673878E+03
  .143321E-03  .140223E-03  .137144E-03  .134246E-03  .131362E-03
  .128644E-03  .125937E-03  .123312E-03  .120786E-03  .118317E-03
  .115921E-03  .113595E-03  .111304E-03  .109110E-03  .106947E-03
  .104815E-03  .102771E-03  .100755E-03  .987936E-04  .968580E-04
  .950007E-04  .931666E-04  .913807E-04  .896168E-04  .879228E-04
  .862486E-04  .846173E-04  .830049E-04  .814554E-04  .799231E-04
  .784292E-04  .769930E-04  .755517E-04  .741658E-04  .728137E-04
  .714944E-04  .702070E-04  .689506E-04  .677243E-04  .665272E-04
  .653586E-04  .642344E-04  .631365E-04  .620642E-04  .610169E-04
  .600094E-04  .590401E-04  .580780E-04  .571670E-04  .562765E-04
  .554061E-04
  .502293E+06  .506026E+06  .509757E+06  .513500E+06  .517244E+06
  .520996E+06  .524751E+06  .528511E+06  .532277E+06  .536049E+06
  .539826E+06  .543608E+06  .547398E+06  .551191E+06  .554993E+06
  .558805E+06  .562619E+06  .566443E+06  .570274E+06  .574117E+06
  .577961E+06  .581817E+06  .585680E+06  .589558E+06  .593433E+06
  .597323E+06  .601220E+06  .605132E+06  .609041E+06  .612966E+06
  .616896E+06  .620821E+06  .624775E+06  .628722E+06  .632674E+06
  .636631E+06  .640593E+06  .644559E+06  .648530E+06  .652504E+06
  .656483E+06  .660450E+06  .664421E+06  .668395E+06  .672373E+06
  .676337E+06  .680288E+06  .684257E+06  .688196E+06  .692136E+06
  .696078E+06
  .105168E+04  .104510E+04  .103849E+04  .103185E+04  .102501E+04
  .101833E+04  .101143E+04  .100471E+04  .997774E+03  .990863E+03
  .983881E+03  .976878E+03  .969854E+03  .962709E+03  .955645E+03
  .948460E+03  .941254E+03  .933926E+03  .926681E+03  .919313E+03
  .911927E+03  .904416E+03  .896886E+03  .889443E+03  .881769E+03
  .874183E+03  .866579E+03  .858851E+03  .851104E+03  .843339E+03
  .835557E+03  .827648E+03  .819832E+03  .811889E+03  .804040E+03
  .796064E+03  .788182E+03  .780175E+03  .772262E+03  .764335E+03
  .756393E+03  .748437E+03  .740467E+03  .732596E+03  .724712E+03
  .716928E+03  .709133E+03  .701326E+03  .693622E+03  .685908E+03
  .678297E+03
  .143827E-03  .140716E-03  .137707E-03  .134794E-03  .131896E-03
  .129165E-03  .126445E-03  .123880E-03  .121322E-03  .118858E-03
  .116450E-03  .114112E-03  .111841E-03  .109604E-03  .107460E-03
  .105347E-03  .103291E-03  .101264E-03  .993191E-04  .973993E-04
  .955306E-04  .936855E-04  .918890E-04  .901638E-04  .884347E-04
  .867737E-04  .851547E-04  .835540E-04  .819936E-04  .804721E-04
  .789884E-04  .775206E-04  .761092E-04  .747124E-04  .733690E-04
  .720389E-04  .707595E-04  .694924E-04  .682735E-04  .670833E-04
  .659210E-04  .647861E-04  .636777E-04  .626112E-04  .615693E-04
  .605668E-04  .595872E-04  .586297E-04  .577086E-04  .568081E-04
  .559419E-04
  .502340E+06  .506066E+06  .509796E+06  .513532E+06  .517268E+06
  .521013E+06  .524760E+06  .528514E+06  .532272E+06  .536035E+06
  .539803E+06  .543577E+06  .547356E+06  .551144E+06  .554934E+06
  .558732E+06  .562537E+06  .566352E+06  .570169E+06  .573996E+06
  .577830E+06  .581677E+06  .585530E+06  .589382E+06  .593255E+06
  .597126E+06  .601004E+06  .604896E+06  .608794E+06  .612697E+06
  .616606E+06  .620532E+06  .624451E+06  .628387E+06  .632316E+06
  .636262E+06  .640200E+06  .644155E+06  .648101E+06  .652051E+06
  .656004E+06  .659961E+06  .663921E+06  .667870E+06  .671821E+06
  .675759E+06  .679699E+06  .683642E+06  .687571E+06  .691501E+06
  .695416E+06
  .105304E+04  .104627E+04  .103967E+04  .103304E+04  .102639E+04
  .101972E+04  .101284E+04  .100613E+04  .999196E+03  .992441E+03
  .985419E+03  .978525E+03  .971510E+03  .964476E+03  .957320E+03
  .950246E+03  .943051E+03  .935836E+03  .928601E+03  .921245E+03
  .913973E+03  .906578E+03  .899165E+03  .891628E+03  .884179E+03
  .876605E+03  .869014E+03  .861405E+03  .853671E+03  .846027E+03
  .838258E+03  .830472E+03  .822669E+03  .814958E+03  .807122E+03
  .799270E+03  .791403E+03  .783520E+03  .775621E+03  .767819E+03
  .759891E+03  .752060E+03  .744216E+03  .736358E+03  .728600E+03
  .720829E+03  .713160E+03  .705479E+03  .697788E+03  .690199E+03
  .682600E+03
  .144442E-03  .141231E-03  .138208E-03  .135282E-03  .132449E-03
  .129704E-03  .126971E-03  .124393E-03  .121823E-03  .119398E-03
  .116961E-03  .114643E-03  .112360E-03  .110142E-03  .107956E-03
  .105861E-03  .103795E-03  .101784E-03  .998284E-04  .978979E-04
  .960449E-04  .942148E-04  .924323E-04  .906714E-04  .889799E-04
  .873078E-04  .856781E-04  .840893E-04  .825182E-04  .810079E-04
  .795135E-04  .780560E-04  .766341E-04  .752665E-04  .739123E-04
  .725907E-04  .713006E-04  .700413E-04  .688117E-04  .676287E-04
  .664561E-04  .653277E-04  .642255E-04  .631487E-04  .621125E-04
  .610999E-04  .601255E-04  .591730E-04  .582418E-04  .573459E-04
  .564698E-04
  .502398E+06  .506109E+06  .509833E+06  .513562E+06  .517296E+06
  .521033E+06  .524773E+06  .528519E+06  .532269E+06  .536024E+06
  .539784E+06  .543549E+06  .547319E+06  .551095E+06  .554880E+06
  .558666E+06  .562462E+06  .566264E+06  .570071E+06  .573890E+06
  .577708E+06  .581539E+06  .585375E+06  .589224E+06  .593072E+06
  .596933E+06  .600800E+06  .604673E+06  .608560E+06  .612443E+06
  .616342E+06  .620246E+06  .624155E+06  .628057E+06  .631976E+06
  .635899E+06  .639826E+06  .643757E+06  .647692E+06  .651618E+06
  .655561E+06  .659493E+06  .663428E+06  .667366E+06  .671292E+06
  .675220E+06  .679135E+06  .683052E+06  .686971E+06  .690875E+06
  .694781E+06
  .105407E+04  .104749E+04  .104089E+04  .103428E+04  .102763E+04
  .102097E+04  .101428E+04  .100758E+04  .100066E+04  .993908E+03
  .986944E+03  .980107E+03  .973101E+03  .966075E+03  .959029E+03
  .951964E+03  .944879E+03  .937674E+03  .930551E+03  .923308E+03
  .915943E+03  .908663E+03  .901260E+03  .893840E+03  .886401E+03
  .878944E+03  .871365E+03  .863873E+03  .856258E+03  .848626E+03
  .840978E+03  .833312E+03  .825522E+03  .817824E+03  .810110E+03
  .802271E+03  .794526E+03  .786765E+03  .778990E+03  .771201E+03
  .763397E+03  .755690E+03  .747859E+03  .740126E+03  .732380E+03
  .724734E+03  .717077E+03  .709408E+03  .701841E+03  .694377E+03
  .686903E+03
  .144909E-03  .141769E-03  .138731E-03  .135792E-03  .132945E-03
  .130188E-03  .127515E-03  .124924E-03  .122341E-03  .119903E-03
  .117470E-03  .115157E-03  .112862E-03  .110633E-03  .108466E-03
  .106359E-03  .104310E-03  .102289E-03  .100349E-03  .984343E-04
  .965438E-04  .947288E-04  .929356E-04  .911888E-04  .894866E-04
  .878277E-04  .861874E-04  .846109E-04  .830513E-04  .815303E-04
  .800467E-04  .785993E-04  .771667E-04  .757888E-04  .744438E-04
  .731118E-04  .718303E-04  .705790E-04  .693570E-04  .681636E-04
  .669979E-04  .658761E-04  .647635E-04  .636927E-04  .626463E-04
  .616393E-04  .606549E-04  .596926E-04  .587666E-04  .578755E-04
  .570040E-04
  .502445E+06  .506157E+06  .509874E+06  .513596E+06  .517323E+06
  .521054E+06  .524789E+06  .528527E+06  .532269E+06  .536016E+06
  .539769E+06  .543525E+06  .547287E+06  .551055E+06  .554828E+06
  .558606E+06  .562390E+06  .566183E+06  .569976E+06  .573780E+06
  .577595E+06  .581410E+06  .585237E+06  .589069E+06  .592907E+06
  .596751E+06  .600608E+06  .604462E+06  .608330E+06  .612203E+06
  .616081E+06  .619964E+06  .623863E+06  .627755E+06  .631652E+06
  .635564E+06  .639469E+06  .643377E+06  .647289E+06  .651205E+06
  .655123E+06  .659031E+06  .662956E+06  .666869E+06  .670785E+06
  .674688E+06  .678594E+06  .682501E+06  .686395E+06  .690273E+06
  .694153E+06
  .105532E+04  .104876E+04  .104217E+04  .103555E+04  .102892E+04
  .102226E+04  .101558E+04  .100888E+04  .100216E+04  .995414E+03
  .988458E+03  .981677E+03  .974728E+03  .967810E+03  .960772E+03
  .953715E+03  .946639E+03  .939544E+03  .932430E+03  .925196E+03
  .917943E+03  .910672E+03  .903383E+03  .896077E+03  .888649E+03
  .881203E+03  .873739E+03  .866258E+03  .858761E+03  .851246E+03
  .843609E+03  .835956E+03  .828392E+03  .820706E+03  .813004E+03
  .805395E+03  .797662E+03  .789914E+03  .782261E+03  .774484E+03
  .766802E+03  .759107E+03  .751399E+03  .743789E+03  .736166E+03
  .728532E+03  .720886E+03  .713341E+03  .705897E+03  .698443E+03
  .690980E+03
  .145486E-03  .142329E-03  .139277E-03  .136322E-03  .133462E-03
  .130691E-03  .128005E-03  .125401E-03  .122876E-03  .120425E-03
  .117979E-03  .115670E-03  .113379E-03  .111168E-03  .108989E-03
  .106870E-03  .104810E-03  .102805E-03  .100854E-03  .989286E-04
  .970537E-04  .952278E-04  .934492E-04  .917161E-04  .900031E-04
  .883335E-04  .867059E-04  .851189E-04  .835711E-04  .820612E-04
  .805671E-04  .791093E-04  .777072E-04  .763186E-04  .749633E-04
  .736593E-04  .723672E-04  .711055E-04  .698914E-04  .686877E-04
  .675293E-04  .663975E-04  .652915E-04  .642271E-04  .631866E-04
  .621696E-04  .611753E-04  .602184E-04  .592976E-04  .583969E-04
  .575159E-04
  .502504E+06  .506209E+06  .509919E+06  .513634E+06  .517354E+06
  .521077E+06  .524805E+06  .528537E+06  .532273E+06  .536012E+06
  .539756E+06  .543504E+06  .547257E+06  .551015E+06  .554779E+06
  .558549E+06  .562324E+06  .566104E+06  .569889E+06  .573684E+06
  .577484E+06  .581290E+06  .585101E+06  .588917E+06  .592746E+06
  .596580E+06  .600419E+06  .604263E+06  .608113E+06  .611967E+06
  .615835E+06  .619708E+06  .623575E+06  .627457E+06  .631344E+06
  .635223E+06  .639117E+06  .643015E+06  .646905E+06  .650810E+06
  .654705E+06  .658603E+06  .662504E+06  .666394E+06  .670285E+06
  .674179E+06  .678075E+06  .681957E+06  .685826E+06  .689696E+06
  .693567E+06
  .105644E+04  .104988E+04  .104348E+04  .103687E+04  .103024E+04
  .102359E+04  .101691E+04  .101022E+04  .100350E+04  .996766E+03
  .990010E+03  .983235E+03  .976294E+03  .969382E+03  .962451E+03
  .955501E+03  .948432E+03  .941345E+03  .934239E+03  .927115E+03
  .919973E+03  .912711E+03  .905534E+03  .898237E+03  .890922E+03
  .883486E+03  .876137E+03  .868667E+03  .861180E+03  .853781E+03
  .846261E+03  .838725E+03  .831067E+03  .823499E+03  .815915E+03
  .808317E+03  .800704E+03  .793076E+03  .785434E+03  .777778E+03
  .770217E+03  .762534E+03  .754947E+03  .747348E+03  .739737E+03
  .732224E+03  .724701E+03  .717277E+03  .709844E+03  .702401E+03
  .695060E+03
  .146002E-03  .142831E-03  .139844E-03  .136874E-03  .133999E-03
  .131213E-03  .128514E-03  .125897E-03  .123359E-03  .120896E-03
  .118504E-03  .116182E-03  .113879E-03  .111656E-03  .109495E-03
  .107395E-03  .105322E-03  .103306E-03  .101344E-03  .994345E-04
  .975747E-04  .957377E-04  .939732E-04  .922291E-04  .905293E-04
  .888488E-04  .872336E-04  .856358E-04  .840776E-04  .825791E-04
  .810957E-04  .796482E-04  .782151E-04  .768364E-04  .754904E-04
  .741762E-04  .728928E-04  .716393E-04  .704149E-04  .692188E-04
  .680676E-04  .669255E-04  .658263E-04  .647518E-04  .637015E-04
  .626906E-04  .617021E-04  .607506E-04  .598200E-04  .589098E-04
  .580338E-04
  .502559E+06  .506257E+06  .509968E+06  .513676E+06  .517388E+06
  .521104E+06  .524825E+06  .528550E+06  .532278E+06  .536011E+06
  .539747E+06  .543486E+06  .547232E+06  .550981E+06  .554736E+06
  .558494E+06  .562260E+06  .566032E+06  .569808E+06  .573589E+06
  .577376E+06  .581172E+06  .584968E+06  .588775E+06  .592587E+06
  .596411E+06  .600233E+06  .604068E+06  .607908E+06  .611743E+06
  .615592E+06  .619445E+06  .623313E+06  .627174E+06  .631040E+06
  .634909E+06  .638782E+06  .642658E+06  .646538E+06  .650420E+06
  .654293E+06  .658181E+06  .662059E+06  .665939E+06  .669821E+06
  .673691E+06  .677563E+06  .681421E+06  .685281E+06  .689142E+06
  .692989E+06
  .105761E+04  .105106E+04  .104466E+04  .103805E+04  .103161E+04
  .102496E+04  .101829E+04  .101160E+04  .100489E+04  .998161E+03
  .991409E+03  .984639E+03  .977849E+03  .970992E+03  .964067E+03
  .957123E+03  .950161E+03  .943180E+03  .936182E+03  .929066E+03
  .921931E+03  .914779E+03  .907610E+03  .900322E+03  .893016E+03
  .885795E+03  .878456E+03  .871099E+03  .863623E+03  .856233E+03
  .848828E+03  .841302E+03  .833866E+03  .826309E+03  .818737E+03
  .811256E+03  .803653E+03  .796144E+03  .788513E+03  .780976E+03
  .773426E+03  .765862E+03  .758395E+03  .750807E+03  .743316E+03
  .735924E+03  .728411E+03  .720997E+03  .713684E+03  .706362E+03
  .699030E+03
  .146543E-03  .143357E-03  .140354E-03  .137370E-03  .134557E-03
  .131756E-03  .129043E-03  .126412E-03  .123860E-03  .121384E-03
  .118980E-03  .116646E-03  .114378E-03  .112159E-03  .109987E-03
  .107874E-03  .105819E-03  .103820E-03  .101874E-03  .999522E-04
  .980811E-04  .962586E-04  .944829E-04  .927280E-04  .910177E-04
  .893739E-04  .877478E-04  .861620E-04  .845930E-04  .830841E-04
  .816117E-04  .801539E-04  .787513E-04  .773621E-04  .760058E-04
  .747006E-04  .734070E-04  .721619E-04  .709275E-04  .697393E-04
  .685781E-04  .674434E-04  .663510E-04  .652667E-04  .642229E-04
  .632180E-04  .622198E-04  .612588E-04  .603339E-04  .594289E-04
  .585435E-04
  .502618E+06  .506310E+06  .510014E+06  .513715E+06  .517426E+06
  .521135E+06  .524848E+06  .528566E+06  .532287E+06  .536012E+06
  .539741E+06  .543473E+06  .547210E+06  .550951E+06  .554697E+06
  .558447E+06  .562202E+06  .565962E+06  .569725E+06  .573498E+06
  .577275E+06  .581057E+06  .584844E+06  .588642E+06  .592445E+06
  .596246E+06  .600058E+06  .603876E+06  .607706E+06  .611532E+06
  .615362E+06  .619205E+06  .623043E+06  .626895E+06  .630751E+06
  .634600E+06  .638463E+06  .642318E+06  .646188E+06  .650049E+06
  .653912E+06  .657778E+06  .661633E+06  .665504E+06  .669363E+06
  .673210E+06  .677072E+06  .680922E+06  .684758E+06  .688595E+06
  .692433E+06
  .105865E+04  .105228E+04  .104588E+04  .103928E+04  .103284E+04
  .102620E+04  .101972E+04  .101303E+04  .100632E+04  .999597E+03
  .993040E+03  .986275E+03  .979491E+03  .972688E+03  .965721E+03
  .958880E+03  .951924E+03  .944950E+03  .937958E+03  .930948E+03
  .923821E+03  .916777E+03  .909615E+03  .902436E+03  .895240E+03
  .887926E+03  .880697E+03  .873349E+03  .866088E+03  .858709E+03
  .851313E+03  .843901E+03  .836475E+03  .829033E+03  .821576E+03
  .814105E+03  .806619E+03  .799120E+03  .791606E+03  .784187E+03
  .776647E+03  .769202E+03  .761745E+03  .754276E+03  .746795E+03
  .739412E+03  .732018E+03  .724723E+03  .717419E+03  .710106E+03
  .702893E+03
  .147027E-03  .143907E-03  .140889E-03  .137889E-03  .135061E-03
  .132246E-03  .129591E-03  .126945E-03  .124380E-03  .121890E-03
  .119539E-03  .117191E-03  .114909E-03  .112692E-03  .110492E-03
  .108397E-03  .106330E-03  .104319E-03  .102361E-03  .100455E-03
  .985730E-04  .967652E-04  .949785E-04  .932374E-04  .915402E-04
  .898620E-04  .882487E-04  .866525E-04  .851175E-04  .835980E-04
  .821152E-04  .806679E-04  .792552E-04  .778758E-04  .765289E-04
  .752135E-04  .739286E-04  .726735E-04  .714472E-04  .702668E-04
  .690956E-04  .679681E-04  .668659E-04  .657883E-04  .647347E-04
  .637203E-04  .627283E-04  .617733E-04  .608389E-04  .599248E-04
  .590449E-04
  .502673E+06  .506367E+06  .510064E+06  .513758E+06  .517463E+06
  .521165E+06  .524875E+06  .528585E+06  .532298E+06  .536016E+06
  .539737E+06  .543462E+06  .547190E+06  .550922E+06  .554660E+06
  .558400E+06  .562147E+06  .565898E+06  .569654E+06  .573413E+06
  .577182E+06  .580951E+06  .584729E+06  .588512E+06  .592299E+06
  .596098E+06  .599894E+06  .603702E+06  .607507E+06  .611323E+06
  .615144E+06  .618969E+06  .622798E+06  .626631E+06  .630467E+06
  .634306E+06  .638148E+06  .641994E+06  .645843E+06  .649682E+06
  .653536E+06  .657380E+06  .661226E+06  .665074E+06  .668924E+06
  .672762E+06  .676602E+06  .680429E+06  .684256E+06  .688085E+06
  .691900E+06
  .105992E+04  .105337E+04  .104697E+04  .104055E+04  .103412E+04
  .102748E+04  .102100E+04  .101432E+04  .100780E+04  .100108E+04
  .994333E+03  .987760E+03  .980980E+03  .974181E+03  .967363E+03
  .960479E+03  .953626E+03  .946755E+03  .939768E+03  .932765E+03
  .925743E+03  .918705E+03  .911650E+03  .904479E+03  .897290E+03
  .890186E+03  .882965E+03  .875728E+03  .868373E+03  .861104E+03
  .853820E+03  .846418E+03  .839104E+03  .831671E+03  .824329E+03
  .816867E+03  .809496E+03  .802112E+03  .794608E+03  .787198E+03
  .779774E+03  .772446E+03  .764998E+03  .757646E+03  .750283E+03
  .742909E+03  .735633E+03  .728347E+03  .721052E+03  .713856E+03
  .706762E+03
  .147621E-03  .144402E-03  .141368E-03  .138431E-03  .135587E-03
  .132758E-03  .130088E-03  .127429E-03  .124918E-03  .122414E-03
  .119984E-03  .117688E-03  .115394E-03  .113165E-03  .110998E-03
  .108876E-03  .106826E-03  .104831E-03  .102861E-03  .100944E-03
  .990768E-04  .972578E-04  .954853E-04  .937332E-04  .920253E-04
  .903836E-04  .887594E-04  .871750E-04  .856072E-04  .840992E-04
  .826273E-04  .811697E-04  .797672E-04  .783777E-04  .770404E-04
  .757149E-04  .744391E-04  .731925E-04  .719562E-04  .707660E-04
  .696026E-04  .684826E-04  .673707E-04  .663000E-04  .652530E-04
  .642291E-04  .632432E-04  .622787E-04  .613351E-04  .604267E-04
  .595523E-04
  .502742E+06  .506420E+06  .510111E+06  .513806E+06  .517503E+06
  .521199E+06  .524902E+06  .528605E+06  .532313E+06  .536023E+06
  .539737E+06  .543454E+06  .547175E+06  .550899E+06  .554627E+06
  .558361E+06  .562097E+06  .565837E+06  .569584E+06  .573335E+06
  .577091E+06  .580851E+06  .584616E+06  .588390E+06  .592169E+06
  .595945E+06  .599732E+06  .603524E+06  .607327E+06  .611127E+06
  .614930E+06  .618746E+06  .622556E+06  .626379E+06  .630196E+06
  .634026E+06  .637849E+06  .641674E+06  .645514E+06  .649344E+06
  .653177E+06  .657000E+06  .660837E+06  .664663E+06  .668491E+06
  .672321E+06  .676138E+06  .679956E+06  .683776E+06  .687582E+06
  .691374E+06
  .106106E+04  .105451E+04  .104812E+04  .104170E+04  .103526E+04
  .102880E+04  .102233E+04  .101565E+04  .100913E+04  .100241E+04
  .995858E+03  .989100E+03  .982511E+03  .975716E+03  .968902E+03
  .962070E+03  .955364E+03  .948498E+03  .941517E+03  .934616E+03
  .927600E+03  .920666E+03  .913617E+03  .906552E+03  .899371E+03
  .892273E+03  .885159E+03  .877930E+03  .870684E+03  .863525E+03
  .856249E+03  .848957E+03  .841652E+03  .834331E+03  .826997E+03
  .819648E+03  .812286E+03  .805015E+03  .797626E+03  .790225E+03
  .782916E+03  .775596E+03  .768264E+03  .760921E+03  .753674E+03
  .746308E+03  .739149E+03  .731871E+03  .724692E+03  .717614E+03
  .710417E+03
  .148158E-03  .144922E-03  .141872E-03  .138920E-03  .136061E-03
  .133291E-03  .130605E-03  .127932E-03  .125407E-03  .122890E-03
  .120512E-03  .118139E-03  .115895E-03  .113653E-03  .111474E-03
  .109355E-03  .107336E-03  .105328E-03  .103347E-03  .101445E-03
  .995668E-04  .977621E-04  .959784E-04  .942399E-04  .925210E-04
  .908687E-04  .892570E-04  .876622E-04  .861062E-04  .846095E-04
  .831272E-04  .816802E-04  .802674E-04  .788878E-04  .775404E-04
  .762242E-04  .749384E-04  .737005E-04  .724725E-04  .712723E-04
  .701167E-04  .689870E-04  .678823E-04  .668020E-04  .657618E-04
  .647284E-04  .637489E-04  .627751E-04  .618375E-04  .609349E-04
  .600367E-04
  .502807E+06  .506478E+06  .510163E+06  .513851E+06  .517542E+06
  .521236E+06  .524932E+06  .528628E+06  .532330E+06  .536032E+06
  .539740E+06  .543449E+06  .547162E+06  .550879E+06  .554600E+06
  .558324E+06  .562049E+06  .565781E+06  .569520E+06  .573260E+06
  .577007E+06  .580755E+06  .584510E+06  .588270E+06  .592040E+06
  .595809E+06  .599580E+06  .603363E+06  .607150E+06  .610933E+06
  .614727E+06  .618525E+06  .622327E+06  .626131E+06  .629939E+06
  .633750E+06  .637564E+06  .641370E+06  .645189E+06  .649011E+06
  .652823E+06  .656637E+06  .660453E+06  .664271E+06  .668077E+06
  .671898E+06  .675694E+06  .679504E+06  .683301E+06  .687085E+06
  .690884E+06
  .106208E+04  .105571E+04  .104931E+04  .104289E+04  .103646E+04
  .103000E+04  .102352E+04  .101702E+04  .101051E+04  .100398E+04
  .997240E+03  .990670E+03  .983896E+03  .977291E+03  .970481E+03
  .963842E+03  .956997E+03  .950182E+03  .943302E+03  .936405E+03
  .929492E+03  .922562E+03  .915519E+03  .908557E+03  .901481E+03
  .894389E+03  .887282E+03  .880159E+03  .873021E+03  .865869E+03
  .858600E+03  .851418E+03  .844222E+03  .836909E+03  .829686E+03
  .822345E+03  .815095E+03  .807832E+03  .800556E+03  .793268E+03
  .785967E+03  .778655E+03  .771437E+03  .764208E+03  .756969E+03
  .749719E+03  .742566E+03  .735404E+03  .728233E+03  .721161E+03
  .714080E+03
  .148641E-03  .145470E-03  .142402E-03  .139433E-03  .136558E-03
  .133773E-03  .131074E-03  .128456E-03  .125916E-03  .123451E-03
  .120994E-03  .118670E-03  .116351E-03  .114158E-03  .111966E-03
  .109892E-03  .107817E-03  .105812E-03  .103847E-03  .101933E-03
  .100069E-03  .982530E-04  .964583E-04  .947334E-04  .930276E-04
  .913643E-04  .897419E-04  .881592E-04  .866148E-04  .851075E-04
  .836149E-04  .821786E-04  .807761E-04  .793862E-04  .780484E-04
  .767222E-04  .754454E-04  .741976E-04  .729780E-04  .717859E-04
  .706205E-04  .694811E-04  .683839E-04  .673107E-04  .662610E-04
  .652342E-04  .642454E-04  .632779E-04  .623311E-04  .614194E-04
  .605271E-04
  .502866E+06  .506541E+06  .510219E+06  .513900E+06  .517584E+06
  .521272E+06  .524962E+06  .528654E+06  .532349E+06  .536046E+06
  .539745E+06  .543447E+06  .547153E+06  .550861E+06  .554574E+06
  .558288E+06  .562008E+06  .565731E+06  .569459E+06  .573190E+06
  .576926E+06  .580665E+06  .584412E+06  .588159E+06  .591914E+06
  .595674E+06  .599438E+06  .603205E+06  .606976E+06  .610750E+06
  .614536E+06  .618316E+06  .622100E+06  .625896E+06  .629686E+06
  .633488E+06  .637283E+06  .641080E+06  .644880E+06  .648681E+06
  .652485E+06  .656291E+06  .660086E+06  .663883E+06  .667681E+06
  .671481E+06  .675268E+06  .679057E+06  .682846E+06  .686622E+06
  .690399E+06
  .106316E+04  .105678E+04  .105056E+04  .104414E+04  .103770E+04
  .103124E+04  .102477E+04  .101827E+04  .101175E+04  .100522E+04
  .998667E+03  .992098E+03  .985511E+03  .978722E+03  .972101E+03
  .965463E+03  .958621E+03  .951951E+03  .945027E+03  .938230E+03
  .931321E+03  .924395E+03  .917454E+03  .910496E+03  .903524E+03
  .896437E+03  .889434E+03  .882317E+03  .875285E+03  .868138E+03
  .860977E+03  .853801E+03  .846611E+03  .839510E+03  .832293E+03
  .825063E+03  .817820E+03  .810563E+03  .803399E+03  .796118E+03
  .788929E+03  .781729E+03  .774519E+03  .767297E+03  .760170E+03
  .753034E+03  .745888E+03  .738840E+03  .731783E+03  .724717E+03
  .717752E+03
  .149153E-03  .145965E-03  .142958E-03  .139972E-03  .137080E-03
  .134279E-03  .131564E-03  .128932E-03  .126378E-03  .123900E-03
  .121494E-03  .119157E-03  .116886E-03  .114619E-03  .112473E-03
  .110387E-03  .108300E-03  .106324E-03  .104333E-03  .102434E-03
  .100558E-03  .987308E-04  .969499E-04  .952140E-04  .935213E-04
  .918471E-04  .902372E-04  .886438E-04  .871111E-04  .855934E-04
  .841118E-04  .826653E-04  .812528E-04  .798932E-04  .785452E-04
  .772282E-04  .759414E-04  .746838E-04  .734730E-04  .722712E-04
  .711140E-04  .699823E-04  .688755E-04  .677931E-04  .667506E-04
  .657307E-04  .647327E-04  .637716E-04  .628309E-04  .619102E-04
  .610236E-04
  .502931E+06  .506599E+06  .510279E+06  .513954E+06  .517631E+06
  .521311E+06  .524995E+06  .528680E+06  .532369E+06  .536059E+06
  .539753E+06  .543448E+06  .547146E+06  .550848E+06  .554552E+06
  .558257E+06  .561970E+06  .565681E+06  .569403E+06  .573123E+06
  .576850E+06  .580582E+06  .584316E+06  .588055E+06  .591797E+06
  .595548E+06  .599297E+06  .603056E+06  .606812E+06  .610577E+06
  .614347E+06  .618119E+06  .621895E+06  .625664E+06  .629445E+06
  .633229E+06  .637016E+06  .640805E+06  .644585E+06  .648379E+06
  .652163E+06  .655949E+06  .659736E+06  .663525E+06  .667303E+06
  .671082E+06  .674861E+06  .678629E+06  .682397E+06  .686166E+06
  .689921E+06
  .106429E+04  .105791E+04  .105169E+04  .104527E+04  .103900E+04
  .103254E+04  .102606E+04  .101956E+04  .101323E+04  .100669E+04
  .100014E+04  .993571E+03  .986984E+03  .980381E+03  .973761E+03
  .966939E+03  .960286E+03  .953617E+03  .946791E+03  .939996E+03
  .933090E+03  .926264E+03  .919422E+03  .912469E+03  .905501E+03
  .898517E+03  .891518E+03  .884505E+03  .877477E+03  .870436E+03
  .863280E+03  .856211E+03  .849128E+03  .841931E+03  .834821E+03
  .827700E+03  .820463E+03  .813316E+03  .806157E+03  .798987E+03
  .791909E+03  .784715E+03  .777616E+03  .770401E+03  .763386E+03
  .756256E+03  .749223E+03  .742180E+03  .735129E+03  .728176E+03
  .721216E+03
  .149694E-03  .146488E-03  .143464E-03  .140460E-03  .137626E-03
  .134808E-03  .132077E-03  .129429E-03  .126928E-03  .124434E-03
  .122013E-03  .119662E-03  .117377E-03  .115156E-03  .112997E-03
  .110840E-03  .108797E-03  .106809E-03  .104833E-03  .102922E-03
  .101034E-03  .992211E-04  .974537E-04  .957063E-04  .940025E-04
  .923409E-04  .907201E-04  .891387E-04  .875954E-04  .860889E-04
  .845969E-04  .831610E-04  .817586E-04  .803687E-04  .790306E-04
  .777232E-04  .764265E-04  .751778E-04  .739572E-04  .727639E-04
  .716147E-04  .704734E-04  .693742E-04  .682823E-04  .672469E-04
  .662177E-04  .652264E-04  .642562E-04  .633066E-04  .623922E-04
  .614969E-04
  .503002E+06  .506663E+06  .510337E+06  .514004E+06  .517682E+06
  .521355E+06  .525031E+06  .528710E+06  .532395E+06  .536078E+06
  .539764E+06  .543452E+06  .547143E+06  .550836E+06  .554532E+06
  .558233E+06  .561934E+06  .565638E+06  .569349E+06  .573062E+06
  .576781E+06  .580500E+06  .584223E+06  .587953E+06  .591687E+06
  .595425E+06  .599165E+06  .602910E+06  .606657E+06  .610407E+06
  .614168E+06  .617924E+06  .621683E+06  .625453E+06  .629217E+06
  .632984E+06  .636762E+06  .640532E+06  .644305E+06  .648079E+06
  .651845E+06  .655622E+06  .659390E+06  .663171E+06  .666929E+06
  .670700E+06  .674459E+06  .678219E+06  .681980E+06  .685728E+06
  .689476E+06
  .106532E+04  .105910E+04  .105287E+04  .104645E+04  .104017E+04
  .103371E+04  .102741E+04  .102091E+04  .101439E+04  .100803E+04
  .100148E+04  .994908E+03  .988321E+03  .981899E+03  .975279E+03
  .968643E+03  .961805E+03  .955136E+03  .948452E+03  .941706E+03
  .934897E+03  .928073E+03  .921234E+03  .914380E+03  .907511E+03
  .900531E+03  .893634E+03  .886624E+03  .879699E+03  .872662E+03
  .865611E+03  .858546E+03  .851468E+03  .844478E+03  .837374E+03
  .830257E+03  .823128E+03  .816089E+03  .808936E+03  .801875E+03
  .794699E+03  .787615E+03  .780625E+03  .773521E+03  .766511E+03
  .759387E+03  .752464E+03  .745427E+03  .738487E+03  .731647E+03
  .724691E+03
  .150185E-03  .147040E-03  .143996E-03  .140975E-03  .138124E-03
  .135290E-03  .132613E-03  .129949E-03  .127365E-03  .124923E-03
  .122488E-03  .120122E-03  .117825E-03  .115651E-03  .113479E-03
  .111366E-03  .109254E-03  .107254E-03  .105307E-03  .103397E-03
  .101524E-03  .996989E-04  .979202E-04  .961861E-04  .944952E-04
  .928225E-04  .912139E-04  .896216E-04  .880897E-04  .865726E-04
  .850915E-04  .836452E-04  .822327E-04  .808730E-04  .795246E-04
  .782072E-04  .769196E-04  .756797E-04  .744492E-04  .732642E-04
  .720876E-04  .709544E-04  .698630E-04  .687784E-04  .677337E-04
  .666953E-04  .657109E-04  .647317E-04  .637886E-04  .628804E-04
  .619763E-04
  .503067E+06  .506732E+06  .510399E+06  .514059E+06  .517731E+06
  .521397E+06  .525072E+06  .528744E+06  .532418E+06  .536098E+06
  .539777E+06  .543458E+06  .547142E+06  .550828E+06  .554517E+06
  .558208E+06  .561905E+06  .565602E+06  .569302E+06  .573005E+06
  .576714E+06  .580426E+06  .584140E+06  .587858E+06  .591579E+06
  .595309E+06  .599036E+06  .602772E+06  .606505E+06  .610247E+06
  .613992E+06  .617740E+06  .621491E+06  .625236E+06  .628992E+06
  .632750E+06  .636511E+06  .640263E+06  .644028E+06  .647784E+06
  .651552E+06  .655311E+06  .659060E+06  .662821E+06  .666572E+06
  .670335E+06  .674075E+06  .677827E+06  .681568E+06  .685295E+06
  .689036E+06
  .106640E+04  .106018E+04  .105394E+04  .104768E+04  .104123E+04
  .103494E+04  .102863E+04  .102213E+04  .101578E+04  .100924E+04
  .100287E+04  .996294E+03  .989885E+03  .983280E+03  .976659E+03
  .970204E+03  .963552E+03  .956884E+03  .950200E+03  .943502E+03
  .936648E+03  .929919E+03  .923082E+03  .916325E+03  .909459E+03
  .902578E+03  .895684E+03  .888775E+03  .881853E+03  .874820E+03
  .867871E+03  .860909E+03  .853836E+03  .846849E+03  .839850E+03
  .832839E+03  .825715E+03  .818680E+03  .811634E+03  .804577E+03
  .797612E+03  .790533E+03  .783547E+03  .776552E+03  .769547E+03
  .762533E+03  .755615E+03  .748688E+03  .741753E+03  .734916E+03
  .728071E+03
  .150707E-03  .147542E-03  .144481E-03  .141517E-03  .138575E-03
  .135796E-03  .133103E-03  .130423E-03  .127891E-03  .125368E-03
  .122982E-03  .120603E-03  .118352E-03  .116104E-03  .113919E-03
  .111851E-03  .109782E-03  .107769E-03  .105809E-03  .103900E-03
  .102001E-03  .100190E-03  .983994E-04  .966782E-04  .949759E-04
  .933155E-04  .916957E-04  .901151E-04  .885724E-04  .870448E-04
  .855746E-04  .841388E-04  .827160E-04  .813462E-04  .800077E-04
  .786996E-04  .774021E-04  .761525E-04  .749308E-04  .737362E-04
  .725856E-04  .714428E-04  .703419E-04  .692648E-04  .682109E-04
  .671796E-04  .661862E-04  .652137E-04  .642617E-04  .633448E-04
  .624470E-04
  .503139E+06  .506796E+06  .510457E+06  .514120E+06  .517777E+06
  .521444E+06  .525112E+06  .528777E+06  .532448E+06  .536118E+06
  .539793E+06  .543467E+06  .547145E+06  .550824E+06  .554505E+06
  .558188E+06  .561874E+06  .565564E+06  .569255E+06  .572950E+06
  .576652E+06  .580353E+06  .584060E+06  .587766E+06  .591479E+06
  .595195E+06  .598915E+06  .602637E+06  .606362E+06  .610096E+06
  .613826E+06  .617559E+06  .621302E+06  .625039E+06  .628778E+06
  .632520E+06  .636272E+06  .640017E+06  .643764E+06  .647513E+06
  .651252E+06  .655003E+06  .658745E+06  .662487E+06  .666230E+06
  .669974E+06  .673707E+06  .677440E+06  .681173E+06  .684894E+06
  .688615E+06
  .106754E+04  .106131E+04  .105507E+04  .104880E+04  .104252E+04
  .103622E+04  .102991E+04  .102340E+04  .101705E+04  .101068E+04
  .100430E+04  .997729E+03  .991316E+03  .984709E+03  .978266E+03
  .971628E+03  .964974E+03  .958488E+03  .951804E+03  .945105E+03
  .938391E+03  .931710E+03  .924967E+03  .918212E+03  .911347E+03
  .904563E+03  .897671E+03  .890861E+03  .883941E+03  .877008E+03
  .870062E+03  .863202E+03  .856231E+03  .849247E+03  .842252E+03
  .835344E+03  .828325E+03  .821295E+03  .814354E+03  .807301E+03
  .800340E+03  .793368E+03  .786386E+03  .779498E+03  .772497E+03
  .765591E+03  .758781E+03  .751858E+03  .745032E+03  .738199E+03
  .731464E+03
  .151261E-03  .148076E-03  .144994E-03  .142012E-03  .139125E-03
  .136328E-03  .133617E-03  .130921E-03  .128372E-03  .125899E-03
  .123497E-03  .121103E-03  .118837E-03  .116576E-03  .114435E-03
  .112296E-03  .110215E-03  .108244E-03  .106272E-03  .104351E-03
  .102480E-03  .100669E-03  .988914E-04  .971585E-04  .954448E-04
  .937968E-04  .921660E-04  .905971E-04  .890436E-04  .875271E-04
  .860465E-04  .846213E-04  .832085E-04  .818284E-04  .804798E-04
  .791813E-04  .778929E-04  .766334E-04  .754203E-04  .742160E-04
  .730559E-04  .719212E-04  .708110E-04  .697417E-04  .686786E-04
  .676545E-04  .666681E-04  .656866E-04  .647412E-04  .638155E-04
  .629240E-04
  .503216E+06  .506867E+06  .510520E+06  .514176E+06  .517834E+06
  .521494E+06  .525156E+06  .528813E+06  .532478E+06  .536145E+06
  .539812E+06  .543479E+06  .547150E+06  .550822E+06  .554496E+06
  .558172E+06  .561852E+06  .565531E+06  .569216E+06  .572904E+06
  .576594E+06  .580286E+06  .583982E+06  .587680E+06  .591385E+06
  .595089E+06  .598801E+06  .602510E+06  .606227E+06  .609947E+06
  .613669E+06  .617387E+06  .621115E+06  .624844E+06  .628576E+06
  .632301E+06  .636037E+06  .639774E+06  .643504E+06  .647244E+06
  .650977E+06  .654710E+06  .658444E+06  .662168E+06  .665904E+06
  .669629E+06  .673343E+06  .677069E+06  .680783E+06  .684497E+06
  .688199E+06
  .106858E+04  .106234E+04  .105609E+04  .104998E+04  .104369E+04
  .103739E+04  .103107E+04  .102473E+04  .101837E+04  .101200E+04
  .100561E+04  .999212E+03  .992619E+03  .986186E+03  .979740E+03
  .973099E+03  .966624E+03  .959953E+03  .953450E+03  .946750E+03
  .940220E+03  .933492E+03  .926797E+03  .920041E+03  .913271E+03
  .906488E+03  .899692E+03  .892883E+03  .886062E+03  .879131E+03
  .872284E+03  .865426E+03  .858555E+03  .851575E+03  .844681E+03
  .837776E+03  .830860E+03  .823933E+03  .816995E+03  .810047E+03
  .803089E+03  .796223E+03  .789245E+03  .782360E+03  .775466E+03
  .768666E+03  .761859E+03  .755044E+03  .748221E+03  .741496E+03
  .734763E+03
  .151768E-03  .148562E-03  .145462E-03  .142536E-03  .139630E-03
  .136815E-03  .134087E-03  .131442E-03  .128877E-03  .126387E-03
  .123970E-03  .121623E-03  .119282E-03  .117066E-03  .114911E-03
  .112759E-03  .110720E-03  .108681E-03  .106750E-03  .104817E-03
  .102985E-03  .101149E-03  .993719E-04  .976273E-04  .959261E-04
  .942667E-04  .926477E-04  .910677E-04  .895256E-04  .879984E-04
  .865284E-04  .850927E-04  .836902E-04  .822998E-04  .809610E-04
  .796524E-04  .783732E-04  .771225E-04  .758996E-04  .747036E-04
  .735339E-04  .724071E-04  .712875E-04  .702089E-04  .691533E-04
  .681364E-04  .671409E-04  .661662E-04  .652119E-04  .642927E-04
  .633923E-04
  .503288E+06  .506933E+06  .510580E+06  .514238E+06  .517890E+06
  .521543E+06  .525198E+06  .528854E+06  .532512E+06  .536172E+06
  .539832E+06  .543494E+06  .547157E+06  .550822E+06  .554489E+06
  .558159E+06  .561830E+06  .565505E+06  .569179E+06  .572860E+06
  .576537E+06  .580223E+06  .583909E+06  .587600E+06  .591294E+06
  .594990E+06  .598689E+06  .602390E+06  .606094E+06  .609806E+06
  .613515E+06  .617225E+06  .620938E+06  .624660E+06  .628376E+06
  .632094E+06  .635813E+06  .639534E+06  .643256E+06  .646979E+06
  .650704E+06  .654420E+06  .658147E+06  .661864E+06  .665582E+06
  .669288E+06  .672995E+06  .676703E+06  .680410E+06  .684105E+06
  .687800E+06
  .106968E+04  .106344E+04  .105734E+04  .105106E+04  .104476E+04
  .103861E+04  .103228E+04  .102594E+04  .101958E+04  .101320E+04
  .100698E+04  .100057E+04  .994148E+03  .987711E+03  .981261E+03
  .974618E+03  .968138E+03  .961645E+03  .955139E+03  .948438E+03
  .941906E+03  .935177E+03  .928618E+03  .921816E+03  .915139E+03
  .908450E+03  .901654E+03  .894846E+03  .888120E+03  .881286E+03
  .874441E+03  .867583E+03  .860811E+03  .853931E+03  .847039E+03
  .840136E+03  .833320E+03  .826396E+03  .819561E+03  .812715E+03
  .805760E+03  .798896E+03  .792124E+03  .785242E+03  .778453E+03
  .771656E+03  .764851E+03  .758038E+03  .751322E+03  .744598E+03
  .737973E+03
  .152309E-03  .149082E-03  .146036E-03  .143015E-03  .140091E-03
  .137329E-03  .134583E-03  .131921E-03  .129339E-03  .126834E-03
  .124465E-03  .122102E-03  .119806E-03  .117575E-03  .115405E-03
  .113239E-03  .111187E-03  .109189E-03  .107244E-03  .105298E-03
  .103453E-03  .101605E-03  .998536E-04  .980850E-04  .963962E-04
  .947487E-04  .931184E-04  .915274E-04  .899965E-04  .884802E-04
  .869995E-04  .855534E-04  .841612E-04  .827807E-04  .814316E-04
  .801131E-04  .788432E-04  .775828E-04  .763688E-04  .751813E-04
  .740020E-04  .728659E-04  .717714E-04  .706834E-04  .696351E-04
  .686090E-04  .676045E-04  .666211E-04  .656736E-04  .647458E-04
  .638521E-04
  .503367E+06  .507004E+06  .510655E+06  .514297E+06  .517942E+06
  .521596E+06  .525244E+06  .528894E+06  .532545E+06  .536198E+06
  .539856E+06  .543511E+06  .547168E+06  .550826E+06  .554486E+06
  .558149E+06  .561812E+06  .565478E+06  .569145E+06  .572817E+06
  .576488E+06  .580166E+06  .583841E+06  .587526E+06  .591209E+06
  .594893E+06  .598585E+06  .602279E+06  .605969E+06  .609668E+06
  .613369E+06  .617072E+06  .620770E+06  .624477E+06  .628186E+06
  .631897E+06  .635601E+06  .639314E+06  .643020E+06  .646727E+06
  .650445E+06  .654154E+06  .657853E+06  .661563E+06  .665263E+06
  .668963E+06  .672663E+06  .676364E+06  .680053E+06  .683742E+06
  .687418E+06
  .107069E+04  .106459E+04  .105832E+04  .105219E+04  .104589E+04
  .103973E+04  .103339E+04  .102721E+04  .102084E+04  .101462E+04
  .100822E+04  .100181E+04  .995552E+03  .989110E+03  .982654E+03
  .976184E+03  .969700E+03  .963203E+03  .956692E+03  .950169E+03
  .943452E+03  .936903E+03  .930342E+03  .923584E+03  .917045E+03
  .910355E+03  .903652E+03  .896844E+03  .890117E+03  .883379E+03
  .876630E+03  .869773E+03  .863001E+03  .856219E+03  .849425E+03
  .842524E+03  .835710E+03  .828886E+03  .822052E+03  .815307E+03
  .808454E+03  .801592E+03  .794822E+03  .788042E+03  .781255E+03
  .774562E+03  .767759E+03  .761051E+03  .754439E+03  .747718E+03
  .741093E+03
  .152805E-03  .149634E-03  .146492E-03  .143525E-03  .140581E-03
  .137800E-03  .135037E-03  .132424E-03  .129825E-03  .127367E-03
  .124919E-03  .122541E-03  .120290E-03  .118044E-03  .115860E-03
  .113737E-03  .111670E-03  .109659E-03  .107701E-03  .105794E-03
  .103886E-03  .102076E-03  .100312E-03  .985441E-04  .968791E-04
  .952199E-04  .936010E-04  .919987E-04  .904568E-04  .889514E-04
  .874811E-04  .860243E-04  .846217E-04  .832511E-04  .819115E-04
  .805828E-04  .793030E-04  .780517E-04  .768280E-04  .756491E-04
  .744780E-04  .733324E-04  .722286E-04  .711484E-04  .700911E-04
  .690724E-04  .680590E-04  .670826E-04  .661420E-04  .652054E-04
  .643032E-04
  .503442E+06  .507083E+06  .510716E+06  .514361E+06  .517999E+06
  .521647E+06  .525288E+06  .528938E+06  .532582E+06  .536233E+06
  .539880E+06  .543529E+06  .547181E+06  .550833E+06  .554486E+06
  .558141E+06  .561797E+06  .565456E+06  .569116E+06  .572778E+06
  .576446E+06  .580112E+06  .583780E+06  .587456E+06  .591126E+06
  .594803E+06  .598482E+06  .602169E+06  .605852E+06  .609538E+06
  .613226E+06  .616921E+06  .620612E+06  .624305E+06  .627999E+06
  .631702E+06  .635399E+06  .639097E+06  .642796E+06  .646487E+06
  .650188E+06  .653890E+06  .657583E+06  .661276E+06  .664969E+06
  .668652E+06  .672346E+06  .676028E+06  .679700E+06  .683382E+06
  .687052E+06
  .107177E+04  .106566E+04  .105937E+04  .105323E+04  .104708E+04
  .104091E+04  .103473E+04  .102836E+04  .102215E+04  .101593E+04
  .100952E+04  .100327E+04  .996837E+03  .990560E+03  .984098E+03
  .977622E+03  .971133E+03  .964807E+03  .958292E+03  .951764E+03
  .945224E+03  .938672E+03  .932107E+03  .925531E+03  .918805E+03
  .912205E+03  .905501E+03  .898878E+03  .892151E+03  .885412E+03
  .878756E+03  .871995E+03  .865223E+03  .858441E+03  .851744E+03
  .844941E+03  .838127E+03  .831402E+03  .824569E+03  .817825E+03
  .811073E+03  .804312E+03  .797542E+03  .790865E+03  .784079E+03
  .777387E+03  .770687E+03  .764082E+03  .757471E+03  .750854E+03
  .744231E+03
  .153338E-03  .150144E-03  .146980E-03  .143993E-03  .141101E-03
  .138300E-03  .135585E-03  .132888E-03  .130336E-03  .127861E-03
  .125395E-03  .123062E-03  .120736E-03  .118534E-03  .116335E-03
  .114197E-03  .112117E-03  .110146E-03  .108175E-03  .106255E-03
  .104384E-03  .102561E-03  .100785E-03  .990527E-04  .973281E-04
  .956806E-04  .940504E-04  .924818E-04  .909286E-04  .894121E-04
  .879523E-04  .865056E-04  .850922E-04  .837112E-04  .823812E-04
  .810618E-04  .797718E-04  .785292E-04  .772956E-04  .761071E-04
  .749444E-04  .738067E-04  .726935E-04  .716209E-04  .705543E-04
  .695267E-04  .685205E-04  .675511E-04  .666016E-04  .656717E-04
  .647607E-04
  .503523E+06  .507157E+06  .510783E+06  .514421E+06  .518061E+06
  .521702E+06  .525344E+06  .528980E+06  .532623E+06  .536267E+06
  .539907E+06  .543552E+06  .547196E+06  .550842E+06  .554488E+06
  .558136E+06  .561786E+06  .565436E+06  .569089E+06  .572744E+06
  .576401E+06  .580060E+06  .583720E+06  .587382E+06  .591052E+06
  .594718E+06  .598391E+06  .602061E+06  .605737E+06  .609416E+06
  .613090E+06  .616772E+06  .620456E+06  .624142E+06  .627822E+06
  .631510E+06  .635200E+06  .638883E+06  .642575E+06  .646259E+06
  .649944E+06  .653629E+06  .657315E+06  .660992E+06  .664678E+06
  .668355E+06  .672031E+06  .675697E+06  .679362E+06  .683026E+06
  .686690E+06
  .107275E+04  .106663E+04  .106049E+04  .105434E+04  .104817E+04
  .104199E+04  .103579E+04  .102959E+04  .102336E+04  .101713E+04
  .101088E+04  .100462E+04  .998177E+03  .991891E+03  .985593E+03
  .979111E+03  .972790E+03  .966282E+03  .959761E+03  .953405E+03
  .946861E+03  .940304E+03  .933735E+03  .927154E+03  .920561E+03
  .914003E+03  .907389E+03  .900763E+03  .894127E+03  .887480E+03
  .880822E+03  .874060E+03  .867382E+03  .860694E+03  .853997E+03
  .847290E+03  .840477E+03  .833751E+03  .827113E+03  .820370E+03
  .813618E+03  .806956E+03  .800187E+03  .793509E+03  .786825E+03
  .780233E+03  .773534E+03  .766929E+03  .760419E+03  .753803E+03
  .747282E+03
  .153830E-03  .150613E-03  .147502E-03  .144493E-03  .141580E-03
  .138760E-03  .136027E-03  .133377E-03  .130808E-03  .128315E-03
  .125895E-03  .123546E-03  .121203E-03  .118985E-03  .116829E-03
  .114676E-03  .112636E-03  .110597E-03  .108612E-03  .106731E-03
  .104847E-03  .103012E-03  .101223E-03  .994794E-04  .977787E-04
  .961313E-04  .945124E-04  .929324E-04  .913901E-04  .898841E-04
  .884134E-04  .869560E-04  .855527E-04  .841813E-04  .828410E-04
  .815307E-04  .802307E-04  .789784E-04  .777719E-04  .765735E-04
  .754012E-04  .742716E-04  .731490E-04  .720673E-04  .710084E-04
  .699882E-04  .689730E-04  .679949E-04  .670525E-04  .661139E-04
  .652097E-04
  .503599E+06  .507226E+06  .510856E+06  .514487E+06  .518121E+06
  .521755E+06  .525390E+06  .529027E+06  .532663E+06  .536301E+06
  .539938E+06  .543577E+06  .547213E+06  .550853E+06  .554494E+06
  .558134E+06  .561777E+06  .565421E+06  .569067E+06  .572713E+06
  .576363E+06  .580015E+06  .583669E+06  .587324E+06  .590982E+06
  .594640E+06  .598301E+06  .601964E+06  .605629E+06  .609295E+06
  .612963E+06  .616638E+06  .620309E+06  .623981E+06  .627654E+06
  .631328E+06  .635010E+06  .638687E+06  .642355E+06  .646033E+06
  .649711E+06  .653381E+06  .657060E+06  .660730E+06  .664401E+06
  .668061E+06  .671731E+06  .675390E+06  .679039E+06  .682697E+06
  .686344E+06
  .107381E+04  .106767E+04  .106168E+04  .105551E+04  .104933E+04
  .104313E+04  .103709E+04  .103087E+04  .102463E+04  .101839E+04
  .101213E+04  .100585E+04  .999571E+03  .993276E+03  .986969E+03
  .980651E+03  .974149E+03  .967807E+03  .961455E+03  .954917E+03
  .948543E+03  .941981E+03  .935407E+03  .929001E+03  .922405E+03
  .915797E+03  .909316E+03  .902687E+03  .896140E+03  .889490E+03
  .882830E+03  .876160E+03  .869574E+03  .862885E+03  .856186E+03
  .849573E+03  .842855E+03  .836129E+03  .829490E+03  .822843E+03
  .816188E+03  .809526E+03  .802856E+03  .796178E+03  .789593E+03
  .783000E+03  .776402E+03  .769897E+03  .763287E+03  .756771E+03
  .750352E+03
  .154360E-03  .151118E-03  .148058E-03  .145026E-03  .142091E-03
  .139250E-03  .136564E-03  .133894E-03  .131306E-03  .128795E-03
  .126358E-03  .123991E-03  .121692E-03  .119458E-03  .117287E-03
  .115174E-03  .113065E-03  .111066E-03  .109119E-03  .107172E-03
  .105326E-03  .103478E-03  .101677E-03  .999681E-04  .982548E-04
  .965837E-04  .949871E-04  .933955E-04  .918636E-04  .903463E-04
  .888645E-04  .874172E-04  .860236E-04  .846416E-04  .832910E-04
  .819900E-04  .806989E-04  .794365E-04  .782202E-04  .770304E-04
  .758663E-04  .747272E-04  .736124E-04  .725214E-04  .714700E-04
  .704407E-04  .694327E-04  .684615E-04  .674946E-04  .665629E-04
  .656654E-04
  .503682E+06  .507302E+06  .510936E+06  .514560E+06  .518186E+06
  .521813E+06  .525449E+06  .529078E+06  .532708E+06  .536338E+06
  .539970E+06  .543601E+06  .547234E+06  .550867E+06  .554501E+06
  .558136E+06  .561772E+06  .565408E+06  .569046E+06  .572687E+06
  .576327E+06  .579972E+06  .583619E+06  .587262E+06  .590912E+06
  .594565E+06  .598214E+06  .601870E+06  .605523E+06  .609182E+06
  .612843E+06  .616505E+06  .620163E+06  .623828E+06  .627495E+06
  .631155E+06  .634823E+06  .638493E+06  .642155E+06  .645818E+06
  .649481E+06  .653144E+06  .656808E+06  .660472E+06  .664126E+06
  .667780E+06  .671434E+06  .675077E+06  .678730E+06  .682372E+06
  .686002E+06
  .107479E+04  .106879E+04  .106262E+04  .105659E+04  .105040E+04
  .104434E+04  .103812E+04  .103205E+04  .102580E+04  .101970E+04
  .101343E+04  .100715E+04  .100086E+04  .994549E+03  .988400E+03
  .982072E+03  .975733E+03  .969383E+03  .962850E+03  .956478E+03
  .950096E+03  .943704E+03  .937125E+03  .930712E+03  .924111E+03
  .917679E+03  .911056E+03  .904559E+03  .898008E+03  .891446E+03
  .884876E+03  .878296E+03  .871613E+03  .865015E+03  .858408E+03
  .851793E+03  .845169E+03  .838537E+03  .831896E+03  .825248E+03
  .818689E+03  .812025E+03  .805452E+03  .798871E+03  .792285E+03
  .785692E+03  .779191E+03  .772686E+03  .766175E+03  .759759E+03
  .753238E+03
  .154852E-03  .151661E-03  .148503E-03  .145521E-03  .142564E-03
  .139770E-03  .136997E-03  .134374E-03  .131767E-03  .129300E-03
  .126844E-03  .124460E-03  .122145E-03  .119895E-03  .117765E-03
  .115637E-03  .113567E-03  .111553E-03  .109539E-03  .107631E-03
  .105771E-03  .103959E-03  .102145E-03  .100424E-03  .986981E-04
  .970611E-04  .954185E-04  .938489E-04  .923057E-04  .907988E-04
  .893271E-04  .878895E-04  .864646E-04  .850923E-04  .837510E-04
  .824397E-04  .811576E-04  .799038E-04  .786775E-04  .774780E-04
  .763221E-04  .751735E-04  .740667E-04  .729833E-04  .719226E-04
  .708842E-04  .698836E-04  .689035E-04  .679436E-04  .670187E-04
  .660974E-04
  .503762E+06  .507386E+06  .511001E+06  .514629E+06  .518248E+06
  .521877E+06  .525498E+06  .529128E+06  .532751E+06  .536380E+06
  .540004E+06  .543630E+06  .547256E+06  .550883E+06  .554512E+06
  .558140E+06  .561769E+06  .565398E+06  .569031E+06  .572663E+06
  .576296E+06  .579931E+06  .583571E+06  .587207E+06  .590851E+06
  .594490E+06  .598138E+06  .601781E+06  .605428E+06  .609076E+06
  .612725E+06  .616375E+06  .620032E+06  .623684E+06  .627337E+06
  .630991E+06  .634646E+06  .638301E+06  .641957E+06  .645614E+06
  .649262E+06  .652919E+06  .656568E+06  .660216E+06  .663864E+06
  .667512E+06  .671150E+06  .674787E+06  .678424E+06  .682049E+06
  .685685E+06
  .107585E+04  .106982E+04  .106379E+04  .105759E+04  .105153E+04
  .104546E+04  .103938E+04  .103313E+04  .102703E+04  .102092E+04
  .101464E+04  .100850E+04  .100220E+04  .996046E+03  .989718E+03
  .983379E+03  .977198E+03  .970838E+03  .964468E+03  .958088E+03
  .951698E+03  .945297E+03  .938887E+03  .932468E+03  .925861E+03
  .919422E+03  .912974E+03  .906517E+03  .899916E+03  .893441E+03
  .886866E+03  .880282E+03  .873782E+03  .867180E+03  .860570E+03
  .854046E+03  .847419E+03  .840879E+03  .834237E+03  .827682E+03
  .821120E+03  .814551E+03  .807976E+03  .801491E+03  .794903E+03
  .788407E+03  .781905E+03  .775497E+03  .768984E+03  .762566E+03
  .756244E+03
  .155385E-03  .152167E-03  .149058E-03  .145980E-03  .143071E-03
  .140254E-03  .137526E-03  .134817E-03  .132255E-03  .129769E-03
  .127295E-03  .124954E-03  .122621E-03  .120412E-03  .118208E-03
  .116065E-03  .114034E-03  .112005E-03  .110030E-03  .108106E-03
  .106233E-03  .104408E-03  .102629E-03  .100894E-03  .991558E-04
  .975065E-04  .958971E-04  .943263E-04  .927602E-04  .912633E-04
  .897803E-04  .883318E-04  .869368E-04  .855536E-04  .842017E-04
  .828994E-04  .816070E-04  .803619E-04  .791256E-04  .779344E-04
  .767688E-04  .756282E-04  .745119E-04  .734362E-04  .723664E-04
  .713354E-04  .703257E-04  .693528E-04  .683841E-04  .674507E-04
  .665513E-04
  .503849E+06  .507466E+06  .511084E+06  .514694E+06  .518316E+06
  .521938E+06  .525560E+06  .529176E+06  .532799E+06  .536421E+06
  .540039E+06  .543662E+06  .547281E+06  .550903E+06  .554524E+06
  .558146E+06  .561769E+06  .565392E+06  .569016E+06  .572642E+06
  .576268E+06  .579896E+06  .583525E+06  .587155E+06  .590792E+06
  .594424E+06  .598058E+06  .601693E+06  .605335E+06  .608971E+06
  .612614E+06  .616257E+06  .619896E+06  .623542E+06  .627189E+06
  .630830E+06  .634478E+06  .638120E+06  .641769E+06  .645411E+06
  .649054E+06  .652696E+06  .656339E+06  .659972E+06  .663614E+06
  .667247E+06  .670879E+06  .674501E+06  .678131E+06  .681752E+06
  .685360E+06
  .107683E+04  .107079E+04  .106473E+04  .105866E+04  .105274E+04
  .104665E+04  .104055E+04  .103445E+04  .102833E+04  .102204E+04
  .101590E+04  .100976E+04  .100360E+04  .997269E+03  .991093E+03
  .984909E+03  .978549E+03  .972178E+03  .965967E+03  .959577E+03
  .953177E+03  .946940E+03  .940521E+03  .934094E+03  .927657E+03
  .921210E+03  .914755E+03  .908292E+03  .901819E+03  .895384E+03
  .888804E+03  .882306E+03  .875801E+03  .869288E+03  .862767E+03
  .856238E+03  .849702E+03  .843158E+03  .836608E+03  .830050E+03
  .823581E+03  .817010E+03  .810528E+03  .804041E+03  .797547E+03
  .791049E+03  .784642E+03  .778231E+03  .771816E+03  .765396E+03
  .759071E+03
  .155883E-03  .152640E-03  .149505E-03  .146475E-03  .143611E-03
  .140771E-03  .138020E-03  .135355E-03  .132771E-03  .130203E-03
  .127772E-03  .125412E-03  .123120E-03  .120836E-03  .118673E-03
  .116568E-03  .114468E-03  .112424E-03  .110487E-03  .108549E-03
  .106662E-03  .104872E-03  .103080E-03  .101332E-03  .996282E-04
  .979661E-04  .963444E-04  .947617E-04  .932167E-04  .917189E-04
  .902245E-04  .887856E-04  .873796E-04  .860057E-04  .846628E-04
  .833499E-04  .820662E-04  .808108E-04  .795829E-04  .783817E-04
  .772242E-04  .760740E-04  .749655E-04  .738803E-04  .728180E-04
  .717778E-04  .707754E-04  .697935E-04  .688318E-04  .678896E-04
  .669817E-04
  .503932E+06  .507541E+06  .511153E+06  .514766E+06  .518390E+06
  .522005E+06  .525620E+06  .529236E+06  .532851E+06  .536461E+06
  .540078E+06  .543694E+06  .547310E+06  .550923E+06  .554539E+06
  .558156E+06  .561771E+06  .565388E+06  .569006E+06  .572625E+06
  .576245E+06  .579863E+06  .583486E+06  .587109E+06  .590734E+06
  .594360E+06  .597987E+06  .601616E+06  .605245E+06  .608873E+06
  .612509E+06  .616141E+06  .619774E+06  .623408E+06  .627042E+06
  .630676E+06  .634312E+06  .637947E+06  .641583E+06  .645219E+06
  .648847E+06  .652484E+06  .656112E+06  .659739E+06  .663367E+06
  .666994E+06  .670611E+06  .674227E+06  .677842E+06  .681457E+06
  .685060E+06
  .107775E+04  .107182E+04  .106575E+04  .105981E+04  .105371E+04
  .104775E+04  .104164E+04  .103551E+04  .102937E+04  .102339E+04
  .101723E+04  .101107E+04  .100490E+04  .998716E+03  .992527E+03
  .986165E+03  .979957E+03  .973742E+03  .967519E+03  .961118E+03
  .954878E+03  .948460E+03  .942204E+03  .935768E+03  .929322E+03
  .923043E+03  .916581E+03  .910110E+03  .903630E+03  .897322E+03
  .890782E+03  .884278E+03  .877858E+03  .871340E+03  .864905E+03
  .858372E+03  .851831E+03  .845377E+03  .838916E+03  .832449E+03
  .825881E+03  .819496E+03  .813011E+03  .806521E+03  .800121E+03
  .793716E+03  .787307E+03  .780892E+03  .774572E+03  .768248E+03
  .761920E+03
  .156350E-03  .153153E-03  .149992E-03  .147006E-03  .144049E-03
  .141253E-03  .138480E-03  .135794E-03  .133190E-03  .130727E-03
  .128275E-03  .125896E-03  .123586E-03  .121341E-03  .119160E-03
  .116984E-03  .114922E-03  .112915E-03  .110962E-03  .109010E-03
  .107158E-03  .105305E-03  .103547E-03  .101786E-03  .100069E-03
  .984401E-04  .968056E-04  .952106E-04  .936538E-04  .921763E-04
  .906809E-04  .892305E-04  .878338E-04  .864489E-04  .851149E-04
  .837915E-04  .824976E-04  .812509E-04  .800313E-04  .788382E-04
  .776531E-04  .765284E-04  .754103E-04  .743158E-04  .732609E-04
  .722280E-04  .712165E-04  .702258E-04  .692710E-04  .683356E-04
  .674190E-04
  .504011E+06  .507625E+06  .511229E+06  .514845E+06  .518452E+06
  .522069E+06  .525678E+06  .529286E+06  .532896E+06  .536511E+06
  .540121E+06  .543730E+06  .547339E+06  .550949E+06  .554558E+06
  .558166E+06  .561777E+06  .565387E+06  .568998E+06  .572610E+06
  .576222E+06  .579836E+06  .583449E+06  .587066E+06  .590684E+06
  .594298E+06  .597919E+06  .601540E+06  .605163E+06  .608779E+06
  .612406E+06  .616032E+06  .619653E+06  .623281E+06  .626903E+06
  .630531E+06  .634160E+06  .637783E+06  .641406E+06  .645029E+06
  .648659E+06  .652274E+06  .655896E+06  .659518E+06  .663131E+06
  .666743E+06  .670354E+06  .673965E+06  .677565E+06  .681165E+06
  .684763E+06
  .107874E+04  .107280E+04  .106684E+04  .106088E+04  .105491E+04
  .104878E+04  .104279E+04  .103665E+04  .103065E+04  .102448E+04
  .101847E+04  .101229E+04  .100610E+04  .100006E+04  .993857E+03
  .987644E+03  .981423E+03  .975194E+03  .968957E+03  .962713E+03
  .956292E+03  .950032E+03  .943764E+03  .937490E+03  .931035E+03
  .924746E+03  .918275E+03  .911972E+03  .905485E+03  .899168E+03
  .892710E+03  .886290E+03  .879863E+03  .873429E+03  .866989E+03
  .860542E+03  .854089E+03  .847629E+03  .841163E+03  .834691E+03
  .828307E+03  .821823E+03  .815429E+03  .809030E+03  .802625E+03
  .796216E+03  .789899E+03  .783579E+03  .777254E+03  .770926E+03
  .764692E+03
  .156861E-03  .153635E-03  .150519E-03  .147506E-03  .144591E-03
  .141704E-03  .138974E-03  .136265E-03  .133702E-03  .131156E-03
  .128746E-03  .126347E-03  .124019E-03  .121813E-03  .119614E-03
  .117476E-03  .115397E-03  .113374E-03  .111406E-03  .109489E-03
  .107573E-03  .105755E-03  .103983E-03  .102256E-03  .100526E-03
  .988834E-04  .972364E-04  .956733E-04  .941042E-04  .926147E-04
  .911287E-04  .896875E-04  .882794E-04  .869034E-04  .855585E-04
  .842437E-04  .829581E-04  .817008E-04  .804711E-04  .792681E-04
  .781088E-04  .769568E-04  .758465E-04  .747595E-04  .736954E-04
  .726534E-04  .716492E-04  .706655E-04  .697019E-04  .687579E-04
  .678482E-04
  .504099E+06  .507705E+06  .511312E+06  .514921E+06  .518531E+06
  .522131E+06  .525741E+06  .529343E+06  .532952E+06  .536555E+06
  .540163E+06  .543766E+06  .547369E+06  .550975E+06  .554578E+06
  .558181E+06  .561785E+06  .565389E+06  .568993E+06  .572598E+06
  .576205E+06  .579811E+06  .583417E+06  .587024E+06  .590636E+06
  .594244E+06  .597858E+06  .601467E+06  .605083E+06  .608693E+06
  .612309E+06  .615924E+06  .619539E+06  .623155E+06  .626771E+06
  .630388E+06  .634004E+06  .637621E+06  .641238E+06  .644855E+06
  .648465E+06  .652081E+06  .655690E+06  .659298E+06  .662906E+06
  .666512E+06  .670110E+06  .673706E+06  .677301E+06  .680895E+06
  .684478E+06
  .107982E+04  .107385E+04  .106787E+04  .106188E+04  .105589E+04
  .104988E+04  .104387E+04  .103786E+04  .103183E+04  .102580E+04
  .101961E+04  .101357E+04  .100737E+04  .100131E+04  .995088E+03
  .989019E+03  .982783E+03  .976539E+03  .970452E+03  .964194E+03
  .957928E+03  .951656E+03  .945376E+03  .939090E+03  .932797E+03
  .926497E+03  .920017E+03  .913703E+03  .907383E+03  .901057E+03
  .894547E+03  .888253E+03  .881818E+03  .875467E+03  .869020E+03
  .862566E+03  .856197E+03  .849823E+03  .843352E+03  .836967E+03
  .830577E+03  .824182E+03  .817876E+03  .811472E+03  .805158E+03
  .798745E+03  .792519E+03  .786194E+03  .779865E+03  .773629E+03
  .767391E+03
  .157417E-03  .154161E-03  .151015E-03  .147975E-03  .145035E-03
  .142190E-03  .139436E-03  .136768E-03  .134183E-03  .131676E-03
  .129184E-03  .126825E-03  .124477E-03  .122253E-03  .120037E-03
  .117937E-03  .115841E-03  .113802E-03  .111869E-03  .109937E-03
  .108055E-03  .106222E-03  .104436E-03  .102695E-03  .100998E-03
  .993419E-04  .976820E-04  .961063E-04  .945682E-04  .930664E-04
  .915581E-04  .901363E-04  .887168E-04  .873496E-04  .859937E-04
  .846682E-04  .833912E-04  .821423E-04  .809024E-04  .797075E-04
  .785383E-04  .773941E-04  .762914E-04  .751949E-04  .741381E-04
  .730868E-04  .720897E-04  .710970E-04  .701246E-04  .691875E-04
  .682692E-04
  .504196E+06  .507793E+06  .511393E+06  .514994E+06  .518596E+06
  .522199E+06  .525802E+06  .529405E+06  .533007E+06  .536609E+06
  .540204E+06  .543806E+06  .547402E+06  .551002E+06  .554599E+06
  .558198E+06  .561795E+06  .565393E+06  .568991E+06  .572590E+06
  .576188E+06  .579788E+06  .583388E+06  .586988E+06  .590589E+06
  .594191E+06  .597799E+06  .601402E+06  .605005E+06  .608608E+06
  .612221E+06  .615823E+06  .619432E+06  .623037E+06  .626647E+06
  .630258E+06  .633863E+06  .637467E+06  .641079E+06  .644683E+06
  .648287E+06  .651891E+06  .655486E+06  .659089E+06  .662682E+06
  .666284E+06  .669867E+06  .673458E+06  .677048E+06  .680628E+06
  .684207E+06
  .108071E+04  .107485E+04  .106884E+04  .106296E+04  .105694E+04
  .105106E+04  .104503E+04  .103899E+04  .103294E+04  .102689E+04
  .102083E+04  .101477E+04  .100870E+04  .100262E+04  .996542E+03
  .990296E+03  .984203E+03  .977944E+03  .971840E+03  .965567E+03
  .959452E+03  .953165E+03  .946873E+03  .940741E+03  .934436E+03
  .928124E+03  .921806E+03  .915482E+03  .909151E+03  .902815E+03
  .896472E+03  .890124E+03  .883814E+03  .877454E+03  .871089E+03
  .864719E+03  .858343E+03  .851962E+03  .845576E+03  .839276E+03
  .832880E+03  .826573E+03  .820167E+03  .813851E+03  .807625E+03
  .801302E+03  .794975E+03  .788740E+03  .782502E+03  .776357E+03
  .770114E+03
  .157874E-03  .154659E-03  .151485E-03  .148485E-03  .145518E-03
  .142713E-03  .139933E-03  .137241E-03  .134633E-03  .132104E-03
  .129652E-03  .127273E-03  .124962E-03  .122719E-03  .120539E-03
  .118366E-03  .116307E-03  .114251E-03  .112302E-03  .110355E-03
  .108507E-03  .106660E-03  .104859E-03  .103151E-03  .101440E-03
  .997707E-04  .981425E-04  .965537E-04  .950031E-04  .934892E-04
  .920109E-04  .905669E-04  .891663E-04  .877876E-04  .864402E-04
  .851230E-04  .838351E-04  .825756E-04  .813437E-04  .801566E-04
  .789772E-04  .778406E-04  .767109E-04  .756220E-04  .745726E-04
  .735285E-04  .725059E-04  .715204E-04  .705549E-04  .696245E-04
  .686975E-04
  .504277E+06  .507879E+06  .511470E+06  .515075E+06  .518669E+06
  .522274E+06  .525869E+06  .529465E+06  .533060E+06  .536656E+06
  .540251E+06  .543845E+06  .547439E+06  .551033E+06  .554626E+06
  .558216E+06  .561809E+06  .565400E+06  .568992E+06  .572584E+06
  .576176E+06  .579769E+06  .583363E+06  .586955E+06  .590550E+06
  .594145E+06  .597741E+06  .601338E+06  .604935E+06  .608533E+06
  .612131E+06  .615730E+06  .619326E+06  .622925E+06  .626524E+06
  .630123E+06  .633723E+06  .637322E+06  .640921E+06  .644513E+06
  .648111E+06  .651702E+06  .655300E+06  .658889E+06  .662470E+06
  .666058E+06  .669644E+06  .673222E+06  .676798E+06  .680364E+06
  .683937E+06
  .108168E+04  .107579E+04  .106989E+04  .106398E+04  .105808E+04
  .105202E+04  .104611E+04  .104004E+04  .103412E+04  .102805E+04
  .102212E+04  .101603E+04  .100994E+04  .100384E+04  .997743E+03
  .991637E+03  .985525E+03  .979409E+03  .973287E+03  .967161E+03
  .960867E+03  .954730E+03  .948424E+03  .942277E+03  .935959E+03
  .929803E+03  .923472E+03  .917307E+03  .910966E+03  .904619E+03
  .898266E+03  .892082E+03  .885719E+03  .879394E+03  .873109E+03
  .866730E+03  .860436E+03  .854137E+03  .847744E+03  .841437E+03
  .835125E+03  .828810E+03  .822584E+03  .816262E+03  .810029E+03
  .803793E+03  .797555E+03  .791314E+03  .785165E+03  .778919E+03
  .772767E+03
  .158380E-03  .155133E-03  .151998E-03  .148969E-03  .146040E-03
  .143142E-03  .140402E-03  .137686E-03  .135116E-03  .132565E-03
  .130149E-03  .127748E-03  .125418E-03  .123155E-03  .120956E-03
  .118820E-03  .116742E-03  .114722E-03  .112756E-03  .110842E-03
  .108930E-03  .107115E-03  .105300E-03  .103578E-03  .101853E-03
  .100215E-03  .985740E-04  .970159E-04  .954522E-04  .939258E-04
  .924354E-04  .910206E-04  .895980E-04  .882180E-04  .868789E-04
  .855506E-04  .842709E-04  .830194E-04  .817770E-04  .805796E-04
  .794081E-04  .782616E-04  .771566E-04  .760580E-04  .749990E-04
  .739620E-04  .729464E-04  .719517E-04  .709930E-04  .700381E-04
  .691179E-04
  .504368E+06  .507961E+06  .511557E+06  .515153E+06  .518750E+06
  .522337E+06  .525935E+06  .529523E+06  .533119E+06  .536707E+06
  .540302E+06  .543889E+06  .547477E+06  .551064E+06  .554651E+06
  .558237E+06  .561824E+06  .565410E+06  .568996E+06  .572581E+06
  .576168E+06  .579753E+06  .583341E+06  .586927E+06  .590515E+06
  .594101E+06  .597691E+06  .601276E+06  .604867E+06  .608459E+06
  .612052E+06  .615636E+06  .619229E+06  .622820E+06  .626408E+06
  .630002E+06  .633590E+06  .637177E+06  .640771E+06  .644357E+06
  .647944E+06  .651529E+06  .655107E+06  .658691E+06  .662267E+06
  .665842E+06  .669415E+06  .672987E+06  .676550E+06  .680120E+06
  .683679E+06
  .108274E+04  .107682E+04  .107088E+04  .106495E+04  .105915E+04
  .105321E+04  .104727E+04  .104118E+04  .103523E+04  .102928E+04
  .102332E+04  .101721E+04  .101125E+04  .100514E+04  .999168E+03
  .993042E+03  .986911E+03  .980775E+03  .974635E+03  .968490E+03
  .962341E+03  .956188E+03  .950030E+03  .943868E+03  .937702E+03
  .931364E+03  .925189E+03  .919010E+03  .912657E+03  .906469E+03
  .900105E+03  .893910E+03  .887710E+03  .881332E+03  .875081E+03
  .868782E+03  .862478E+03  .856170E+03  .849949E+03  .843633E+03
  .837405E+03  .831083E+03  .824848E+03  .818611E+03  .812371E+03
  .806221E+03  .799976E+03  .793822E+03  .787666E+03  .781509E+03
  .775445E+03
  .158935E-03  .155654E-03  .152487E-03  .149428E-03  .146536E-03
  .143676E-03  .140907E-03  .138166E-03  .135571E-03  .133056E-03
  .130618E-03  .128195E-03  .125901E-03  .123617E-03  .121454E-03
  .119298E-03  .117202E-03  .115164E-03  .113181E-03  .111251E-03
  .109372E-03  .107542E-03  .105760E-03  .104022E-03  .102328E-03
  .100632E-03  .990212E-04  .974497E-04  .958733E-04  .943765E-04
  .928737E-04  .914466E-04  .900525E-04  .886507E-04  .873100E-04
  .859898E-04  .846991E-04  .834369E-04  .822206E-04  .810128E-04
  .798487E-04  .786921E-04  .775773E-04  .764860E-04  .754175E-04
  .743877E-04  .733629E-04  .723751E-04  .714074E-04  .704594E-04
  .695457E-04
  .504469E+06  .508054E+06  .511640E+06  .515229E+06  .518828E+06
  .522418E+06  .526007E+06  .529587E+06  .533176E+06  .536765E+06
  .540352E+06  .543933E+06  .547518E+06  .551099E+06  .554683E+06
  .558262E+06  .561842E+06  .565422E+06  .569002E+06  .572581E+06
  .576161E+06  .579741E+06  .583321E+06  .586900E+06  .590480E+06
  .594063E+06  .597643E+06  .601222E+06  .604807E+06  .608387E+06
  .611973E+06  .615552E+06  .619131E+06  .622718E+06  .626299E+06
  .629881E+06  .633464E+06  .637046E+06  .640622E+06  .644204E+06
  .647778E+06  .651358E+06  .654931E+06  .658503E+06  .662074E+06
  .665636E+06  .669204E+06  .672764E+06  .676321E+06  .679878E+06
  .683424E+06
  .108363E+04  .107780E+04  .107197E+04  .106600E+04  .106017E+04
  .105420E+04  .104823E+04  .104239E+04  .103642E+04  .103044E+04
  .102446E+04  .101847E+04  .101248E+04  .100650E+04  .100035E+04
  .994357E+03  .988205E+03  .982205E+03  .976046E+03  .970041E+03
  .963874E+03  .957703E+03  .951528E+03  .945349E+03  .939331E+03
  .933145E+03  .926956E+03  .920595E+03  .914397E+03  .908196E+03
  .901991E+03  .895783E+03  .889572E+03  .883357E+03  .876964E+03
  .870785E+03  .864560E+03  .858243E+03  .852012E+03  .845777E+03
  .839539E+03  .833390E+03  .827147E+03  .820901E+03  .814745E+03
  .808587E+03  .802427E+03  .796266E+03  .790196E+03  .784126E+03
  .778055E+03
  .159399E-03  .156154E-03  .153022E-03  .149931E-03  .147009E-03
  .144120E-03  .141325E-03  .138682E-03  .136061E-03  .133522E-03
  .131060E-03  .128673E-03  .126356E-03  .124107E-03  .121869E-03
  .119747E-03  .117633E-03  .115628E-03  .113628E-03  .111730E-03
  .109835E-03  .107989E-03  .106190E-03  .104438E-03  .102776E-03
  .101109E-03  .994845E-04  .978559E-04  .963094E-04  .947997E-04
  .933257E-04  .918861E-04  .904799E-04  .891058E-04  .877242E-04
  .864216E-04  .851385E-04  .838654E-04  .826385E-04  .814383E-04
  .802640E-04  .791323E-04  .780074E-04  .769062E-04  .758449E-04
  .748056E-04  .737877E-04  .727908E-04  .718299E-04  .708884E-04
  .699659E-04
  .504555E+06  .508143E+06  .511733E+06  .515313E+06  .518904E+06
  .522486E+06  .526068E+06  .529659E+06  .533240E+06  .536821E+06
  .540401E+06  .543981E+06  .547560E+06  .551138E+06  .554711E+06
  .558288E+06  .561862E+06  .565437E+06  .569010E+06  .572584E+06
  .576157E+06  .579731E+06  .583304E+06  .586878E+06  .590449E+06
  .594023E+06  .597596E+06  .601174E+06  .604749E+06  .608322E+06
  .611896E+06  .615470E+06  .619043E+06  .622616E+06  .626198E+06
  .629768E+06  .633340E+06  .636916E+06  .640487E+06  .644057E+06
  .647627E+06  .651189E+06  .654757E+06  .658323E+06  .661882E+06
  .665439E+06  .668995E+06  .672550E+06  .676095E+06  .679638E+06
  .683180E+06
  .108461E+04  .107874E+04  .107287E+04  .106701E+04  .106114E+04
  .105527E+04  .104941E+04  .104340E+04  .103754E+04  .103153E+04
  .102566E+04  .101965E+04  .101364E+04  .100762E+04  .100161E+04
  .995586E+03  .989566E+03  .983543E+03  .977519E+03  .971493E+03
  .965307E+03  .959277E+03  .953085E+03  .947050E+03  .940851E+03
  .934649E+03  .928608E+03  .922400E+03  .916188E+03  .909972E+03
  .903754E+03  .897532E+03  .891307E+03  .885251E+03  .879021E+03
  .872744E+03  .866507E+03  .860356E+03  .854114E+03  .847958E+03
  .841711E+03  .835551E+03  .829390E+03  .823226E+03  .817061E+03
  .810986E+03  .804818E+03  .798740E+03  .792662E+03  .786584E+03
  .780598E+03
  .159917E-03  .156636E-03  .153470E-03  .150413E-03  .147460E-03
  .144606E-03  .141845E-03  .139112E-03  .136526E-03  .133962E-03
  .131534E-03  .129124E-03  .126785E-03  .124515E-03  .122311E-03
  .120170E-03  .118089E-03  .116065E-03  .114097E-03  .112182E-03
  .110270E-03  .108455E-03  .106641E-03  .104919E-03  .103195E-03
  .101515E-03  .999202E-04  .983211E-04  .967607E-04  .952377E-04
  .937509E-04  .922989E-04  .908807E-04  .895343E-04  .881798E-04
  .868463E-04  .855522E-04  .843051E-04  .830673E-04  .818744E-04
  .806896E-04  .795476E-04  .784299E-04  .773358E-04  .762647E-04
  .752323E-04  .742050E-04  .732148E-04  .722448E-04  .712944E-04
  .703785E-04
  .504653E+06  .508231E+06  .511812E+06  .515395E+06  .518978E+06
  .522562E+06  .526146E+06  .529720E+06  .533302E+06  .536876E+06
  .540456E+06  .544029E+06  .547601E+06  .551173E+06  .554744E+06
  .558315E+06  .561884E+06  .565454E+06  .569022E+06  .572590E+06
  .576157E+06  .579723E+06  .583291E+06  .586856E+06  .590424E+06
  .593992E+06  .597556E+06  .601124E+06  .604692E+06  .608260E+06
  .611828E+06  .615396E+06  .618964E+06  .622524E+06  .626091E+06
  .629660E+06  .633227E+06  .636788E+06  .640353E+06  .643913E+06
  .647477E+06  .651034E+06  .654590E+06  .658145E+06  .661699E+06
  .665244E+06  .668796E+06  .672338E+06  .675879E+06  .679418E+06
  .682947E+06
  .108556E+04  .107978E+04  .107387E+04  .106810E+04  .106220E+04
  .105630E+04  .105040E+04  .104450E+04  .103860E+04  .103270E+04
  .102680E+04  .102091E+04  .101487E+04  .100897E+04  .100293E+04
  .996887E+03  .990994E+03  .984948E+03  .978901E+03  .972852E+03
  .966803E+03  .960751E+03  .954540E+03  .948485E+03  .942429E+03
  .936372E+03  .930150E+03  .924090E+03  .917862E+03  .911798E+03
  .905566E+03  .899330E+03  .893261E+03  .887020E+03  .880948E+03
  .874702E+03  .868584E+03  .862334E+03  .856168E+03  .850089E+03
  .843921E+03  .837750E+03  .831578E+03  .825495E+03  .819411E+03
  .813326E+03  .807240E+03  .801154E+03  .795067E+03  .789072E+03
  .783077E+03
  .160420E-03  .157169E-03  .153967E-03  .150942E-03  .147956E-03
  .145070E-03  .142280E-03  .139581E-03  .136968E-03  .134437E-03
  .131985E-03  .129607E-03  .127245E-03  .125007E-03  .122781E-03
  .120619E-03  .118570E-03  .116527E-03  .114540E-03  .112607E-03
  .110726E-03  .108894E-03  .107064E-03  .105327E-03  .103633E-03
  .101983E-03  .100329E-03  .987594E-04  .971853E-04  .956907E-04
  .941906E-04  .927258E-04  .913350E-04  .899369E-04  .886094E-04
  .872738E-04  .859963E-04  .847195E-04  .834890E-04  .823033E-04
  .811255E-04  .799730E-04  .788452E-04  .777581E-04  .766938E-04
  .756516E-04  .746310E-04  .736314E-04  .726522E-04  .717084E-04
  .707836E-04
  .504748E+06  .508330E+06  .511902E+06  .515487E+06  .519061E+06
  .522637E+06  .526212E+06  .529788E+06  .533363E+06  .536937E+06
  .540510E+06  .544082E+06  .547647E+06  .551217E+06  .554781E+06
  .558345E+06  .561911E+06  .565474E+06  .569036E+06  .572597E+06
  .576159E+06  .579719E+06  .583280E+06  .586841E+06  .590400E+06
  .593959E+06  .597521E+06  .601079E+06  .604641E+06  .608199E+06
  .611761E+06  .615323E+06  .618879E+06  .622441E+06  .625995E+06
  .629556E+06  .633110E+06  .636671E+06  .640227E+06  .643775E+06
  .647329E+06  .650881E+06  .654432E+06  .657976E+06  .661518E+06
  .665059E+06  .668598E+06  .672136E+06  .675672E+06  .679199E+06
  .682723E+06
  .108648E+04  .108066E+04  .107484E+04  .106902E+04  .106322E+04
  .105741E+04  .105147E+04  .104568E+04  .103974E+04  .103381E+04
  .102803E+04  .102210E+04  .101617E+04  .101010E+04  .100418E+04
  .998259E+03  .992188E+03  .986268E+03  .980196E+03  .974277E+03
  .968205E+03  .962131E+03  .956056E+03  .949981E+03  .943904E+03
  .937827E+03  .931749E+03  .925669E+03  .919589E+03  .913508E+03
  .907260E+03  .901176E+03  .895092E+03  .889006E+03  .882750E+03
  .876662E+03  .870573E+03  .864354E+03  .858263E+03  .852084E+03
  .845991E+03  .839898E+03  .833804E+03  .827710E+03  .821615E+03
  .815609E+03  .809513E+03  .803508E+03  .797503E+03  .791498E+03
  .785586E+03
  .160910E-03  .157621E-03  .154449E-03  .151389E-03  .148434E-03
  .145579E-03  .142758E-03  .140089E-03  .137448E-03  .134890E-03
  .132469E-03  .130066E-03  .127735E-03  .125420E-03  .123226E-03
  .121096E-03  .118974E-03  .116963E-03  .114957E-03  .113055E-03
  .111156E-03  .109308E-03  .107508E-03  .105754E-03  .104045E-03
  .102380E-03  .100756E-03  .991715E-04  .976259E-04  .961175E-04
  .946043E-04  .931671E-04  .917633E-04  .903920E-04  .890135E-04
  .877043E-04  .864245E-04  .851455E-04  .839220E-04  .827074E-04
  .815369E-04  .803914E-04  .792704E-04  .781732E-04  .770990E-04
  .760637E-04  .750336E-04  .740406E-04  .730680E-04  .721151E-04
  .711967E-04
  .504843E+06  .508415E+06  .511989E+06  .515566E+06  .519143E+06
  .522720E+06  .526287E+06  .529863E+06  .533430E+06  .536997E+06
  .540570E+06  .544135E+06  .547698E+06  .551256E+06  .554818E+06
  .558379E+06  .561936E+06  .565495E+06  .569051E+06  .572608E+06
  .576163E+06  .579718E+06  .583273E+06  .586827E+06  .590381E+06
  .593935E+06  .597488E+06  .601041E+06  .604593E+06  .608145E+06
  .611701E+06  .615252E+06  .618802E+06  .622352E+06  .625908E+06
  .629456E+06  .633003E+06  .636556E+06  .640101E+06  .643650E+06
  .647193E+06  .650735E+06  .654275E+06  .657814E+06  .661352E+06
  .664881E+06  .668416E+06  .671942E+06  .675467E+06  .678989E+06
  .682502E+06
  .108738E+04  .108164E+04  .107590E+04  .107005E+04  .106419E+04
  .105835E+04  .105264E+04  .104667E+04  .104083E+04  .103501E+04
  .102904E+04  .102323E+04  .101727E+04  .101146E+04  .100550E+04
  .999553E+03  .993604E+03  .987657E+03  .981560E+03  .975615E+03
  .969672E+03  .963576E+03  .957634E+03  .951538E+03  .945440E+03
  .939502E+03  .933404E+03  .927306E+03  .921207E+03  .915107E+03
  .909007E+03  .902906E+03  .896804E+03  .890702E+03  .884600E+03
  .878496E+03  .872392E+03  .866288E+03  .860226E+03  .854208E+03
  .848103E+03  .841997E+03  .835979E+03  .829962E+03  .823855E+03
  .817838E+03  .811821E+03  .805896E+03  .799880E+03  .793956E+03
  .788034E+03
  .161391E-03  .158129E-03  .154984E-03  .151886E-03  .148896E-03
  .146008E-03  .143278E-03  .140518E-03  .137907E-03  .135380E-03
  .132875E-03  .130503E-03  .128148E-03  .125918E-03  .123701E-03
  .121548E-03  .119457E-03  .117424E-03  .115399E-03  .113478E-03
  .111609E-03  .109743E-03  .107972E-03  .106201E-03  .104477E-03
  .102839E-03  .101200E-03  .996008E-04  .980410E-04  .965189E-04
  .950333E-04  .935829E-04  .921664E-04  .907828E-04  .894310E-04
  .881099E-04  .868185E-04  .855560E-04  .843305E-04  .831407E-04
  .819591E-04  .808030E-04  .796888E-04  .785982E-04  .775139E-04
  .764687E-04  .754452E-04  .744587E-04  .734767E-04  .725301E-04
  .716027E-04
  .504937E+06  .508511E+06  .512088E+06  .515655E+06  .519222E+06
  .522791E+06  .526370E+06  .529929E+06  .533496E+06  .537063E+06
  .540622E+06  .544186E+06  .547743E+06  .551305E+06  .554860E+06
  .558414E+06  .561968E+06  .565520E+06  .569070E+06  .572621E+06
  .576171E+06  .579719E+06  .583267E+06  .586816E+06  .590364E+06
  .593909E+06  .597457E+06  .601004E+06  .604551E+06  .608097E+06
  .611643E+06  .615189E+06  .618734E+06  .622278E+06  .625822E+06
  .629365E+06  .632908E+06  .636449E+06  .639987E+06  .643521E+06
  .647059E+06  .650596E+06  .654126E+06  .657654E+06  .661187E+06
  .664712E+06  .668236E+06  .671751E+06  .675271E+06  .678782E+06
  .682290E+06
  .108839E+04  .108260E+04  .107681E+04  .107104E+04  .106527E+04
  .105938E+04  .105363E+04  .104775E+04  .104201E+04  .103615E+04
  .103029E+04  .102444E+04  .101844E+04  .101260E+04  .100676E+04
  .100078E+04  .994797E+03  .988968E+03  .982994E+03  .977023E+03
  .971053E+03  .965085E+03  .959119E+03  .953000E+03  .947037E+03
  .941075E+03  .934957E+03  .928998E+03  .922880E+03  .916761E+03
  .910806E+03  .904687E+03  .898568E+03  .892616E+03  .886497E+03
  .880378E+03  .874429E+03  .868310E+03  .862191E+03  .856201E+03
  .850168E+03  .844137E+03  .838105E+03  .832075E+03  .826133E+03
  .820104E+03  .814165E+03  .808227E+03  .802290E+03  .796355E+03
  .790421E+03
  .161933E-03  .158627E-03  .155442E-03  .152370E-03  .149407E-03
  .146484E-03  .143720E-03  .140990E-03  .138407E-03  .135850E-03
  .133373E-03  .130974E-03  .128595E-03  .126340E-03  .124152E-03
  .121977E-03  .119865E-03  .117862E-03  .115866E-03  .113925E-03
  .112037E-03  .110200E-03  .108411E-03  .106624E-03  .104927E-03
  .103274E-03  .101619E-03  .100048E-03  .984729E-04  .969367E-04
  .954779E-04  .940138E-04  .925841E-04  .912266E-04  .898619E-04
  .885285E-04  .872624E-04  .859879E-04  .847418E-04  .835497E-04
  .823749E-04  .812254E-04  .801005E-04  .789996E-04  .779385E-04
  .768833E-04  .758661E-04  .748699E-04  .738941E-04  .729382E-04
  .720016E-04
  .505044E+06  .508608E+06  .512174E+06  .515743E+06  .519312E+06
  .522872E+06  .526442E+06  .530002E+06  .533570E+06  .537129E+06
  .540687E+06  .544244E+06  .547794E+06  .551349E+06  .554902E+06
  .558450E+06  .561997E+06  .565546E+06  .569092E+06  .572636E+06
  .576180E+06  .579723E+06  .583266E+06  .586808E+06  .590349E+06
  .593889E+06  .597430E+06  .600969E+06  .604510E+06  .608051E+06
  .611587E+06  .615127E+06  .618667E+06  .622199E+06  .625738E+06
  .629276E+06  .632805E+06  .636341E+06  .639876E+06  .643403E+06
  .646932E+06  .650458E+06  .653984E+06  .657508E+06  .661024E+06
  .664545E+06  .668057E+06  .671568E+06  .675076E+06  .678583E+06
  .682088E+06
  .108926E+04  .108354E+04  .107783E+04  .107200E+04  .106618E+04
  .106051E+04  .105471E+04  .104893E+04  .104301E+04  .103724E+04
  .103134E+04  .102559E+04  .101970E+04  .101382E+04  .100795E+04
  .100208E+04  .996067E+03  .990206E+03  .984350E+03  .978350E+03
  .972352E+03  .966508E+03  .960516E+03  .954526E+03  .948538E+03
  .942553E+03  .936570E+03  .930588E+03  .924449E+03  .918471E+03
  .912495E+03  .906521E+03  .900384E+03  .894413E+03  .888277E+03
  .882308E+03  .876341E+03  .870207E+03  .864243E+03  .858280E+03
  .852190E+03  .846230E+03  .840185E+03  .834227E+03  .828272E+03
  .822318E+03  .816365E+03  .810504E+03  .804555E+03  .798697E+03
  .792842E+03
  .162403E-03  .159119E-03  .155956E-03  .152845E-03  .149844E-03
  .147008E-03  .144209E-03  .141504E-03  .138832E-03  .136302E-03
  .133798E-03  .131427E-03  .129075E-03  .126795E-03  .124583E-03
  .122436E-03  .120301E-03  .118277E-03  .116310E-03  .114349E-03
  .112442E-03  .110633E-03  .108827E-03  .107067E-03  .105354E-03
  .103684E-03  .102057E-03  .100470E-03  .988804E-04  .973710E-04
  .958979E-04  .944600E-04  .930167E-04  .916459E-04  .902686E-04
  .889606E-04  .876821E-04  .863957E-04  .851741E-04  .839794E-04
  .827845E-04  .816414E-04  .805059E-04  .794114E-04  .783401E-04
  .772912E-04  .762642E-04  .752743E-04  .742891E-04  .733394E-04
  .724090E-04
  .505138E+06  .508704E+06  .512272E+06  .515831E+06  .519391E+06
  .522962E+06  .526523E+06  .530084E+06  .533635E+06  .537194E+06
  .540745E+06  .544301E+06  .547850E+06  .551398E+06  .554944E+06
  .558490E+06  .562030E+06  .565573E+06  .569115E+06  .572654E+06
  .576191E+06  .579730E+06  .583266E+06  .586802E+06  .590337E+06
  .593872E+06  .597406E+06  .600939E+06  .604474E+06  .608006E+06
  .611537E+06  .615066E+06  .618601E+06  .622128E+06  .625662E+06
  .629187E+06  .632712E+06  .636243E+06  .639764E+06  .643284E+06
  .646810E+06  .650328E+06  .653848E+06  .657362E+06  .660874E+06
  .664385E+06  .667893E+06  .671393E+06  .674898E+06  .678394E+06
  .681887E+06
  .109025E+04  .108447E+04  .107870E+04  .107295E+04  .106721E+04
  .106148E+04  .105576E+04  .104993E+04  .104411E+04  .103829E+04
  .103249E+04  .102669E+04  .102091E+04  .101499E+04  .100922E+04
  .100331E+04  .997414E+03  .991520E+03  .985632E+03  .979749E+03
  .973871E+03  .967849E+03  .961980E+03  .955964E+03  .950104E+03
  .944094E+03  .938086E+03  .932081E+03  .926078E+03  .920078E+03
  .914079E+03  .908083E+03  .902089E+03  .896098E+03  .890108E+03
  .884120E+03  .878135E+03  .872151E+03  .866170E+03  .860190E+03
  .854212E+03  .848279E+03  .842306E+03  .836334E+03  .830451E+03
  .824483E+03  .818604E+03  .812729E+03  .806855E+03  .800985E+03
  .795206E+03
  .162939E-03  .159608E-03  .156402E-03  .153312E-03  .150333E-03
  .147459E-03  .144685E-03  .141946E-03  .139299E-03  .136739E-03
  .134261E-03  .131861E-03  .129536E-03  .127230E-03  .125045E-03
  .122875E-03  .120767E-03  .118721E-03  .116732E-03  .114799E-03
  .112919E-03  .111044E-03  .109265E-03  .107488E-03  .105801E-03
  .104114E-03  .102471E-03  .100868E-03  .993057E-04  .977814E-04
  .962941E-04  .948425E-04  .934253E-04  .920414E-04  .906895E-04
  .893687E-04  .880780E-04  .868164E-04  .855829E-04  .843767E-04
  .831969E-04  .820514E-04  .809221E-04  .798170E-04  .787518E-04
  .776927E-04  .766719E-04  .756722E-04  .746931E-04  .737340E-04
  .728097E-04
  .505247E+06  .508801E+06  .512358E+06  .515918E+06  .519480E+06
  .523042E+06  .526604E+06  .530155E+06  .533707E+06  .537258E+06
  .540809E+06  .544358E+06  .547906E+06  .551446E+06  .554992E+06
  .558530E+06  .562068E+06  .565604E+06  .569140E+06  .572674E+06
  .576208E+06  .579738E+06  .583270E+06  .586800E+06  .590329E+06
  .593857E+06  .597386E+06  .600913E+06  .604441E+06  .607967E+06
  .611493E+06  .615018E+06  .618542E+06  .622065E+06  .625587E+06
  .629108E+06  .632628E+06  .636146E+06  .639663E+06  .643179E+06
  .646693E+06  .650203E+06  .653714E+06  .657224E+06  .660726E+06
  .664232E+06  .667730E+06  .671226E+06  .674720E+06  .678212E+06
  .681695E+06
  .109112E+04  .108540E+04  .107969E+04  .107400E+04  .106821E+04
  .106243E+04  .105679E+04  .105104E+04  .104517E+04  .103944E+04
  .103359E+04  .102789E+04  .102206E+04  .101624E+04  .101043E+04
  .100449E+04  .998696E+03  .992768E+03  .986990E+03  .981075E+03
  .975165E+03  .969261E+03  .963363E+03  .957469E+03  .951581E+03
  .945545E+03  .939666E+03  .933636E+03  .927766E+03  .921743E+03
  .915881E+03  .909864E+03  .903849E+03  .897999E+03  .891990E+03
  .885983E+03  .879979E+03  .874143E+03  .868144E+03  .862147E+03
  .856152E+03  .850330E+03  .844383E+03  .838481E+03  .832582E+03
  .826687E+03  .820794E+03  .814991E+03  .809104E+03  .803308E+03
  .797516E+03
  .163410E-03  .160096E-03  .156907E-03  .153836E-03  .150816E-03
  .147903E-03  .145150E-03  .142435E-03  .139754E-03  .137217E-03
  .134708E-03  .132334E-03  .129980E-03  .127700E-03  .125489E-03
  .123294E-03  .121213E-03  .119143E-03  .117181E-03  .115227E-03
  .113327E-03  .111479E-03  .109680E-03  .107930E-03  .106225E-03
  .104522E-03  .102904E-03  .101286E-03  .997490E-04  .982093E-04
  .967473E-04  .952810E-04  .938496E-04  .924904E-04  .911249E-04
  .897910E-04  .884876E-04  .872500E-04  .860043E-04  .847862E-04
  .835951E-04  .824643E-04  .813324E-04  .802332E-04  .791574E-04
  .781043E-04  .770733E-04  .760796E-04  .750907E-04  .741376E-04
  .732038E-04
  .505343E+06  .508898E+06  .512457E+06  .516018E+06  .519569E+06
  .523121E+06  .526684E+06  .530236E+06  .533779E+06  .537331E+06
  .540873E+06  .544422E+06  .547962E+06  .551501E+06  .555039E+06
  .558570E+06  .562106E+06  .565636E+06  .569168E+06  .572696E+06
  .576224E+06  .579750E+06  .583275E+06  .586800E+06  .590323E+06
  .593846E+06  .597367E+06  .600890E+06  .604409E+06  .607930E+06
  .611446E+06  .614966E+06  .618485E+06  .621997E+06  .625514E+06
  .629030E+06  .632544E+06  .636050E+06  .639563E+06  .643074E+06
  .646584E+06  .650082E+06  .653587E+06  .657086E+06  .660584E+06
  .664080E+06  .667575E+06  .671061E+06  .674551E+06  .678032E+06
  .681512E+06
  .115010E+04  .114183E+04  .113368E+04  .112565E+04  .111773E+04
  .110992E+04  .110222E+04  .109463E+04  .108714E+04  .107975E+04
  .107246E+04  .106527E+04  .105817E+04  .105117E+04  .104426E+04
  .103869E+04  .103342E+04  .102829E+04  .102312E+04  .101788E+04
  .101256E+04  .100736E+04  .100226E+04  .996914E+03  .991713E+03
  .986501E+03  .981271E+03  .976126E+03  .970847E+03  .965644E+03
  .960514E+03  .955232E+03  .950130E+03  .944866E+03  .939662E+03
  .934519E+03  .929316E+03  .924168E+03  .919075E+03  .913913E+03
  .908801E+03  .903613E+03  .898471E+03  .893375E+03  .888323E+03
  .883186E+03  .878089E+03  .873165E+03  .868016E+03  .863039E+03
  .858099E+03
  .201012E-03  .194648E-03  .188688E-03  .183097E-03  .177843E-03
  .172897E-03  .168235E-03  .163833E-03  .159672E-03  .155732E-03
  .151998E-03  .148453E-03  .145085E-03  .141881E-03  .138830E-03
  .136431E-03  .134229E-03  .132140E-03  .130088E-03  .128065E-03
  .126067E-03  .124161E-03  .122340E-03  .120478E-03  .118712E-03
  .116985E-03  .115294E-03  .113669E-03  .112040E-03  .110472E-03
  .108961E-03  .107440E-03  .106004E-03  .104554E-03  .103153E-03
  .101797E-03  .100455E-03  .991549E-04  .978957E-04  .966448E-04
  .954317E-04  .942245E-04  .930525E-04  .919141E-04  .908081E-04
  .897038E-04  .886299E-04  .876138E-04  .865682E-04  .855782E-04
  .846143E-04
  .515781E+06  .518296E+06  .520915E+06  .523626E+06  .526419E+06
  .529284E+06  .532214E+06  .535201E+06  .538240E+06  .541326E+06
  .544452E+06  .547616E+06  .550813E+06  .554039E+06  .557293E+06
  .560679E+06  .564091E+06  .567510E+06  .570920E+06  .574321E+06
  .577713E+06  .581109E+06  .584508E+06  .587888E+06  .591273E+06
  .594654E+06  .598031E+06  .601408E+06  .604776E+06  .608145E+06
  .611513E+06  .614874E+06  .618236E+06  .621592E+06  .624947E+06
  .628300E+06  .631649E+06  .634996E+06  .638341E+06  .641683E+06
  .645023E+06  .648359E+06  .651694E+06  .655025E+06  .658353E+06
  .661679E+06  .665002E+06  .668320E+06  .671639E+06  .674951E+06
  .678260E+06
   10   15  101
  .304000E+01  .504000E+01  .704000E+01  .904000E+01  .110400E+02
  .130400E+02  .150400E+02  .170400E+02  .190400E+02  .210400E+02
  .230400E+02  .250400E+02  .270400E+02  .290400E+02  .310400E+02
  .377691E+07  .397629E+07  .418340E+07  .439848E+07  .462179E+07
  .485364E+07  .509434E+07  .534425E+07  .560376E+07  .587331E+07
  .615337E+07  .644448E+07  .674724E+07  .706231E+07  .739045E+07
  .107737E+03  .114932E+03  .122686E+03  .131088E+03  .140254E+03
  .150297E+03  .161395E+03  .173781E+03  .187766E+03  .203817E+03
  .222757E+03  .245905E+03  .276089E+03  .321643E+03  .468000E+03
  .154114E-04  .156667E-04  .159412E-04  .162387E-04  .165640E-04
  .169227E-04  .173230E-04  .177760E-04  .182973E-04  .189109E-04
  .196589E-04  .206140E-04  .219362E-04  .241220E-04  .322000E-04
  .731935E+06  .730446E+06  .728768E+06  .726869E+06  .724710E+06
  .722258E+06  .719458E+06  .716235E+06  .712499E+06  .708111E+06
  .702820E+06  .696248E+06  .687597E+06  .674573E+06  .636640E+06
